customer_id,FN,Active,club_member_status,fashion_news_frequency,age,postal_code
0043d69dcca282763b8db18f967a2d301e69d5966bebd74291c49a0812663223,1.0,1.0,ACTIVE,Regularly,31,9f56191976e30eca2195152fcd057eb6c6bac204134099caed6cfe09132dc89b
008011b65328e91de7dca4172d414872040ca1efd18a713420f565e898276628,1.0,1.0,ACTIVE,Regularly,43,7dd4dd648b9eea286eb55609d46e8f9d04a3885fe0ebdc8a8ed9cc818832dec2
009d1f01410c945ed5f25c733f2c8261c5f17800fab8b4c8875efee404ca59fc,,,ACTIVE,NONE,51,193d006133fd3a00999562d5e4c7ca2ecdb23b7297e15b3ed8f150f5cf76783e
00fe8fb9b5a49ed8c38699c1860847c266f288da271b1c718f0179ac026080e4,1.0,1.0,ACTIVE,Regularly,39,0d5d9222f0869486c6cc8517f4fae5460c031cbd3a4117955c914508bec0bd49
010d830146f48546e81e5a98e65a304ffc30e8ddb82302ac1adb6ecbdf90b8bf,1.0,1.0,ACTIVE,Regularly,26,6eaca966485a5752130e8b16069d04e01508a749dec55222fbd54bf94c62f302
012a71bf4f614c1163c523885eba6f2f7992d8be928ec3b0f441c6d1004437c2,,,ACTIVE,NONE,25,fcf938872420434527eb752f103a78565ffdae2875bd0b359bb4a5c286483705
018226b16cdedadc1e73bad99ed0605bac5c8d7ffa57c9eb527b24301f2d036a,,,ACTIVE,NONE,52,3eba19130a20caa6cfaf4994a8c7c96f556b857f4ff5da1befa11e172540dc1d
0196e614bdffd9963ae9eed1e547c84233bb7bf6b6b7bbe4fe0f8b68662ff995,,,ACTIVE,NONE,51,d2ac913a89466217a034fea76f9d46ed1eacf6794db991e046759221319ba0a1
01bb2dbff001cf89f573edc97044fe95db2d50e88674fb8731e6906590d2bdde,,,ACTIVE,NONE,67,53ce4910476140861357cc2e4fabb71f1a1c19a0fdadb9add6aa63c77f5b9123
021a3378b79a02037826cfa0fc50697c38ebd58f5d3d3a8a4abdc8e6736c3fa0,,,ACTIVE,NONE,56,eac2528fb07029e42b6867c3a9a299ffcf821bb4272275d63c2432b0955f508c
022312161b080d3cdc45c97915a4f9d5490889fe2c0a7df7f8d9ff817227ff46,,,ACTIVE,NONE,30,389be36c23ee06f47333e8eb7108157b603947cedeb431c7ef93a4c14bdbb4b7
0272372803f9985397f43f74bbcd85716377407d527d91cbf7ee43c4f53bae50,1.0,1.0,ACTIVE,Regularly,40,934add3899db5855ee6a6438eccde3f69005cdb24e24f5e53ead5dfa3cae20c3
0272f36335c7010611d058825d7c46a65a9a83252c1735f0891505dd53a6c634,1.0,1.0,ACTIVE,Regularly,20,ad9bbabc1794382c9db3b5ccf61c89ad0583c000a50d5826efb5e5ab5ba9e682
027fc9967afc151b64c3c697c4b806cc20f82a94b9751eb5d19f4e6ac7a35115,1.0,1.0,ACTIVE,Regularly,46,05ac6aafcefa11e51c4a3055e33a36161957535d5800b1d1074ae0c86f992d32
0286813f82495eaa40c83b061cdd0bb67b27ca12ca2d140020783ece6563f873,1.0,1.0,ACTIVE,Regularly,19,b07eb7a7f8ac72d9dc86c58469b51ee112d970c9db55ca626df2943569ed6dba
029e6a5c61424bbbf653fdff661beb6a4f2dab12ceb2374c2f13e1800aa73628,1.0,1.0,ACTIVE,Regularly,45,2e5819401b4158bf55427588450d0223baf0928ab227f831c18c79533200a559
02acec8b45ec4fc2ce99508d286b7eab171338f17413f3276bdf6d1d6224125f,1.0,1.0,ACTIVE,Regularly,51,1988fbb19d172f11f8a910e084dc0ed58de83bb09db1d2144c58295318d34e7a
02ba264ea5c7130504924f49228bcbaaa9ee96b76a6b4b0a16e19e691cf59f7b,,,ACTIVE,NONE,27,e9cd3dcf1159bc919b7284ca5096f4853fe25a6d089e037c2e7b4d51ed214235
02f726450d7617bb0644d00ccabfdf85ac1fdf14b2aa21327c03bf2abc5bb8b2,1.0,1.0,ACTIVE,Regularly,48,72c8a296132d7d320eacd140af9a6135d56f6c048b05d0db5a38cb79b88b51c8
031f727fde00e9576147f18dddc9d3a6a5c6205992942f97c2be0ec89c74980c,,,ACTIVE,NONE,36,ed368dcaaca6a10952278692bcbea20373653dc766a56ceca5a8085064aae830
0329f6a6682ad231723108c556d0861d8ff8a2fc5d843e3cdda9af4541b3c45c,,,ACTIVE,NONE,28,c9135a82173aa260a4317ea7cb9231eb91410b7d1a4c383073401793bdaaf26f
03619a8b7c65a6f4d03161ed03fa3218e474f9d6b8474fe8405274fb71788391,,,ACTIVE,NONE,70,fe4dff952ae8d63505b707889daa8f9de8b88d5fa0c4dd7642638f0c826bf5cd
0361c2b7a5abdf54d05b12f6afa5177883886ea897db750a3719a6f620d7a7b6,,,ACTIVE,NONE,28,2ed0b24323eb7c9787ce06b287b92fc2a78a6dd27154bd76c12cf4ae2f2acacc
0380dac4030faf7453547d020f20d89be02cd87ab54864cd97d55d5160ffee29,,,ACTIVE,NONE,28,e0ea98a9bb9f6e705438c4d67bc599703a94003f5c82688c1dd7956d2b90b5fc
03d26a2ca2481badbfa05ba887d1a7293f11ed3ebc5082066ee0565e6a806644,1.0,1.0,ACTIVE,Regularly,57,ee73e0fce94f0708177e5c9bbd6fecc89d72b071c9f6e98e81c4ef5dff2bba90
03e243ef4f6917ae50fc1511455178a58942cd24eff55f4b9a5a6ce12de01afd,,,ACTIVE,NONE,21,9daa33edf1880c931054965ab050521fd7e8d8e97bd7d008513d0cd18db48f7d
0448970a557746722e64b782bf8c06c82ef81f1739d9f8e429f70af9a005aed5,1.0,1.0,ACTIVE,Regularly,45,70e22c5e2ea92c1574f6f113857f46ade9510ddc7520c0c0c5ba6e894812e48d
04a99fd1188b3732cd1a24eff64b5c7746c8453be33f4e9f64d7fd0c761586ec,,,ACTIVE,NONE,21,b47094bc08ad222806450ba7fad8e0151399551128c8ba77ae5037738c2e1cd9
0510081d8bbf3763a9c17a036c8399cbb46e5426d69278c4b71018bdd389c82d,,,ACTIVE,NONE,30,ca195eac2540cde8e3b4c47971dcfb9b6cf4ecee8c0a2a994f2b3df149ac2bfd
0548af1193ff05e1bf7e8afb4ba8e9a13d49ebc21b72e4d24c0768798eb1e258,,,ACTIVE,NONE,21,3ebabfb9a786f4c18c288db30bc3e3d8d3e278d405338f74daa4d20c79b6e906
055d51f2817330abf9c2cbd36536fb3bb8475e4240db23735cd38e0cb25d349a,,,ACTIVE,NONE,26,0c6b7680e4a4272de7a32b48fa04508fe9bb9718fc44c58f3fcd03d1fdb9436e
056c5e93bd38bb8969ef2452b9853c0d40e40caf0ab0231e62c598efb7eae0db,,,ACTIVE,NONE,34,645639f2b85d8e49ca7504d8d1f9ecebd77a88ff4e713195a65047d1919f7294
05713fc2a5697b32c1d28fa225804a6a4539cb7f076928ce6c362860f84c0434,1.0,1.0,ACTIVE,Regularly,58,61db03b67ec71653a9d4cbfff65ea908f661390c0151cc43e8b0fdd40e339d71
05d2db53d5d6d2330208ca3243acc0f47af1f9e25f8566f1f081e7dcaa1b3fac,1.0,1.0,ACTIVE,Regularly,27,b2f6902e23aa080f651470e48424adefcbbc05267c2ffbc04f4c5604ba95db6e
06308b6282b73106fc4468d1d0b3f6739e656a57c3635ed32e2782bb68dfcb89,,,ACTIVE,NONE,33,bf229c7c4b9d2cf0edd53722686c8fc14bcfb1088a16d59bb1a659bd4362c1b8
0640c78bc263b3e31c0d5e6e41082beb28ab86d481fcd7c7b32a9819dcb88d7a,,,ACTIVE,NONE,52,2cff7b9d55d7783ef6252076e2877e38ab170728a0331be6e595bc7d5c480bde
06645dcd5ba24c24f23c4773f14ba1869b1fa95cdfa4dba2ce1c8ce37f1d52e2,,,ACTIVE,NONE,35,aa17e87dcd945486d35aee0b010b27859752f298eb247ecdb0630d036c51cc42
06657572990e8934ca031addf79524ca1aae7c1c35e0b15a30433a5b71118579,1.0,1.0,ACTIVE,Regularly,19,9727f65901d1d1ec1ef0b28987a603bd5099fe168f0fd391406ab848f405974e
066b223b159e0d22966e838bcaba0f4152b788fdfa51d651067451141a3ca72f,1.0,1.0,ACTIVE,Regularly,42,2350fb3e35858e0ca8f46d844300602e41cbca7ba6eceefeeedce22a53f3b96c
067264a801da6d4d78cb386b8d6f0a4dbeeb46b8e56db16e8e0e21c42ac5f11c,,,ACTIVE,NONE,31,cd5ea8d63387bfe14da83caa3677f563e0600ec8d54f015f4eff92a3d0b427f5
0689c095203d37e702e809cb3cbabc49144aeb7729dd52c9555f02a7de5e7906,,,ACTIVE,NONE,22,710c1c340321c13dea6053bf404c31658ce6d3c5c3ece057d87d572ba19cd79b
06bd95a96229e5909b8840465304b401590021bf3e985a498a58f1116e04ca49,,,ACTIVE,NONE,22,4dbfccbbc30eebc46a7e17ccaa636822d107980fe5be711d02df3d6c97f03283
06cdea1dfa5654b05d646b59dff9ee55d7bac643745add709d94717f37bfe114,,,ACTIVE,NONE,45,c9328ec46466261fbaf762353363f7ed8fbc7535e957823e93a5496ca0750ecb
06ece326eb806f75bdefa8655e2ff0d3c2861c6675864fbf708d086a51f795f9,1.0,1.0,ACTIVE,Regularly,48,0bc236e16b4407492e96e3b1820ec85bb2ca39a1473e7d0dfb98f0cfa8808e2f
075083cf54e37abbfb4fc5be69b8556acc14008318f0537a26b0dca44439e238,1.0,1.0,ACTIVE,Regularly,34,8d20dc547deeee43db40c92b7f658f0671da0e75955e9d39beb52187b869f175
075e6e1edfc71fd110166f2ac72d9ea2614c3bd7b5b5ee50c41ce936a312d9be,1.0,1.0,ACTIVE,Regularly,20,72ea1c98c383cf8230902ec6694b1420e6a771225f46da9bd59b00943cc69943
07733b8d7c1025a1684b2b82ea52d53544e01a1517559beca542ef441da1d8ba,,,ACTIVE,NONE,57,957187c73822b538afd9a602baba5ca62e8a44f6b7d7984c54c6242319d7353c
078aa441fc04573d06f765562ec6260b9f0017fc6cc08ebbd93d3c9a7484bf38,,,ACTIVE,NONE,55,6f96f3b0bf9164a0031fc51370a38ef8f53d22db379f9702b57518e7cb705261
07dddd8766e24a16a71eb1fe51fe0c04cc4cb16fb168752442217b2462e8ea93,,,ACTIVE,NONE,31,a7a3fd51a11fa326a5e0f423b84fd9c9d6ae9be696c53a1ec600402357300f9b
07edcafa50f684edc2fc15a1bbf2f79973c896cad5b868b4e029be3732e0acc4,,,ACTIVE,NONE,31,2d691e59feaeb1bc924550735f2852278999db76231242624822f8daccf570ca
07f7ce70780f2b7944af286cb344235ad3217a6b4231538f14b45dd8bc862c8d,1.0,1.0,ACTIVE,Regularly,52,2c29ae653a9282cce4151bd87643c907644e09541abc28ae87dea0d1f6603b1c
0824ab25d3b054266a51dca288d04a923a7469426fe45e4f154fc5d5482a9c4b,1.0,1.0,ACTIVE,Regularly,43,74e1f6ad56b6abba7f545f4d95ed2e7435ff37da37e81c6021dead53555d6fff
0855c11ea121c14e527ed44488e29f9d874e13c5d3e9e326081ea46c16740c2b,,,ACTIVE,NONE,51,ef155da1acd427a603b73745f5d5a24416b8f8a0588828f783c6ac47a593ebf5
0891012c665959be87c45b9d1cf0ee9e90e8d21e8c4af74fb9a4f56dd77459e7,1.0,1.0,ACTIVE,Regularly,41,2c29ae653a9282cce4151bd87643c907644e09541abc28ae87dea0d1f6603b1c
08912e029dc780e47e8426cf1cdf9454a95a39a384941ae50b7ce725dd17fa9c,1.0,1.0,ACTIVE,Regularly,24,b7b4d14fb7482eb250f6284816b668ad9a460cd9fefaecb4421affc92b1f4014
08d6063d5fe7443743367f126673e50525c53673b1dd9cae6004f1b07f2a4479,1.0,1.0,ACTIVE,Regularly,52,95214ae389e236cc804683d8152758b4bb81365669f2a4061b5c60d83286d8c8
091bda2d3924e39ea10a079965e179dcfe1b782c3e8498e2a7325d07291419ce,1.0,1.0,ACTIVE,Regularly,49,45b98cff589e3b540181a185d49b8246f16170e1f8ab271e2f225d10b456452d
091dad0c60b964b402a93dc4af5295a130863e561e5a4ab04270b3549560c1af,1.0,1.0,ACTIVE,Regularly,44,2c29ae653a9282cce4151bd87643c907644e09541abc28ae87dea0d1f6603b1c
092a52a1a79d92e186667e3193ab5dd537384b13be4106bffc84df89ee6271b0,,,ACTIVE,NONE,19,6857ce727eb63aaed8973c9d9a12f67ae57fca2d9a15038721a5165b4e3a7228
093e981814cdd2cbcfe0b46f1dcfc167f9a429d00f96f64f46f6834222072c62,1.0,1.0,ACTIVE,Regularly,53,bdadd78f63eaee700e78230f05f5e462a1c8fb6786041ad072f519aac2bbe396
0974d0bebb275538e0bff0bbe3c1882358ccdd5f9a2320f13b20b584d22e223e,,,ACTIVE,NONE,30,4782dbce7b7a0737a7606db312254c7f7d13a9b41cacf9b30ce216aa8728bf70
09941f34675d187b9a321d5198f402581f9bc7b2d497b84ba7cb17c331132f0e,1.0,1.0,ACTIVE,Regularly,24,bd7dce04084a4e1cd927dbe680208340d5db3e6db93ec71e6d6a2286dff03fb6
09a73a3f105ced6d98a95fe97e7cb3c323bf75b37821fc3049d7b4aa6835254f,1.0,1.0,ACTIVE,Regularly,49,9a593bde92410b5db01a659989df9ab97589a281bb17b5bcf31b6432f5bfdc8f
09f37656f3eb751a72bffe3702a1f99810c175de963340f6f9366a60705446cf,,,ACTIVE,NONE,34,2b536be8403f361478cb4cf93e5eefd3680140eb4e9c2106669cd523ad393c7e
0a006002f60f72eca094295a413d69c061f2ed64cf7460df6ab2493978e55011,1.0,1.0,ACTIVE,Regularly,42,5266f9751ef45269d22726e65de7d7854b28fe2091a6f374e46ed5e738cee090
0a034c1d07778b5a7caa2a1dc884ef4eda38621b8dad835353914568b7f46e14,,,PRE-CREATE,NONE,49,fe4c2b8c44bd229927bb82f46fae664858e64ebe81c86b35327303831fe19a98
0a052fd5ce1c42bc1a882213a4f7f1e69d5404331271d781374506ec4abd0fef,1.0,1.0,ACTIVE,Regularly,19,172d937dffadf47f33ea28bdbd7bcb46e0d4f0f21d1fca6ecd9d30629c2917ec
0a566bb8f82aed3af4484fe9cea31692e123c4c97181423d38610fd3837c1df5,,,ACTIVE,NONE,28,9fe4a670289e6ee4aeacb57ca7ce04cbb7915411e93ec413628e4dab922b8a95
0aa0fb09eeffe0e342f54ff7d6cf328ee585dba7da6ecd921b254587b05d13ad,,,PRE-CREATE,NONE,49,3385a45b23e8039dd6983b45b57d05c1109cf54aeae19aa1ce6e835614a1a580
0abd1d7cda5c61e378dc4313d615b567ba4e629353ba5b37cca40de0ad8b462a,,,ACTIVE,NONE,45,629275cd8cc7a5d576375db844d44c34c72d5ea254f92b5d598cbf59659d7699
0aeda2862497a705128b5fc675789635156e9bc15e846737ac4a624c2a4e2357,,,ACTIVE,NONE,33,16255c660cc674a1b517b39401d4c6b5cf92c6c5d0812189864d50482406c584
0af78753c56d0fff29bb52ac49b6c5295a880b8fb0850cfe7ccc79be9534206e,,,ACTIVE,NONE,21,5d06bad42b7b3d3762a9d5d4e18690396d5d3482b9a65295bc00a12c3ac7cd1c
0b1d098c6faa269adda14bccd25e98aeacd9cd6cfacf2c503572c42d89d6e149,1.0,1.0,ACTIVE,Monthly,45,549649c3782500a197e07e8e707d476e0de6192419bf5d1d3508de9a64abcd31
0b215cde7e881e92465119da5192ef35b94659ac7d88f181f719fb98edb9ad73,,,ACTIVE,NONE,23,002a094fbc6c59234d1bef889f2bd69a5f1a94f4570521913f9e99e6c70d5709
0b841ead0a35b29f29999001165606da0022773dd906f1dfcbe4e0873ad706b2,1.0,1.0,ACTIVE,Regularly,30,81ce5e062da7b6ed0d6c039fdd921235cf2ad8edfe50c523d97988ef60a622f3
0bc2ff05205767864f6950a6b823634b60b5af6c9c58dc2b6be44bec368bb4b4,1.0,1.0,ACTIVE,Regularly,24,5fdad97e6cc07fcaaf3a57cf3867209d146a854f430a1bd89a0ac337150f43af
0bc994e3aa3207f71efb2a960226247334f1665888a454523dad5815f8a74bb2,,,ACTIVE,NONE,57,c467695195081d489d46c39f69cd4dd7fc70d56dec23806f61d18023506222e3
0bfc425b05d6faae7f19bf16731331646354158427a3954575470c32d406d859,,,PRE-CREATE,NONE,26,ac2f6cbd0f587ff85cc75b4febc9457b1f1e8ce1ae9b11193fe3f094abe0e5e2
0c202f903ef5807e668eac668375b3427e2cdf29337c38a7fe3b1e0e2a92aeae,1.0,1.0,ACTIVE,Regularly,57,d714564d1adde10c081285dd86c37a42d05846ceeeb0c5a39c774dbd34bf878b
0c68ed871d2e2eda1e5ea517d9d308eae2f38a2c228118c8796b3a76d167e407,1.0,1.0,ACTIVE,Regularly,35,cb7c595b59ef0dc9fa9951d2b9962a52b2224a2c9b28b59a9cfb01569cb9d95e
0c6962830047b308084f9f2c27af280f1a3840fcaf2482db51b81c58a005b864,,,ACTIVE,NONE,54,e657a54a98aff80e0c3322b9560cbd5a9ded859ca2b347d6ad42c9b2c87f62af
0c9b8cd3aeb39085f3937b54f23e335322dedeb1a6e1977ef389109efd6eca51,1.0,1.0,ACTIVE,Regularly,78,35558441edc47e0e2c60627d185c8c332988da66e5ae74a0716d8613e930abe7
0ca1604c80cda350cdeedcc2cbc9f9825dc33b778b4caf434741bb07991d75d8,,,ACTIVE,NONE,18,9abd80f287ab65670f0475c3fe19c6e965f0ef78c53cd94b835a53d7ca7c4ff8
0ca84ba2cd82b68ee50c0b5ae1494ee7e5fddeb3e260d7ee0ec758c3b0f760d5,,,ACTIVE,NONE,28,e7b725d74165f44732ef8e330e4379801ac63814e0ce826834cfb6bb756aad1c
0cb2d162cb9d088a650303e2639c8a47db4d1c207578abd8f0bc28cc56f2c6c9,,,ACTIVE,NONE,29,aa444aae142b618d1d033f60aaee54fa803b3abeb405a67547f49d05f0d3a386
0cc419e102766c5aa2ffb7c883ff2ffbecd10cfd892e6ecdd1252e6148b6e7a2,1.0,,ACTIVE,Regularly,43,b7a11eea3268a19611e74c00e916bbfb801ed08bd2f90da7d975b653c8d4bf0b
0cc6859faa28c8bb74a9265e9eab5b29b53a6a1f57a59b163d7852f3e94bb895,1.0,1.0,ACTIVE,Regularly,36,0c9ad171040a6e3729a632d2072da2daa17d24f9608954849eb7d73eeda31416
0cc7c9da53e6aaab9759027d7ffc9b4d22c2a7e1cc650638d8c31de7f630a184,,,PRE-CREATE,NONE,,c08261831feb6c926506cc6f79aa1a8b04eeb79d565876ea69c65b9fcf4ed4a4
0cc831abcb8824ecf0e577723e1347c4341ed968d3840cd63f366f0a978b07f8,,,ACTIVE,NONE,46,77560aeaa3093adcbba26ce1ba54037161117ea1d81a18dd891a02ed22a150ce
0ce5e840ef2929a257583fa0ffab3ac2cbe50207dcb6838ed3b2b477fa3f4e58,1.0,1.0,ACTIVE,Regularly,24,4519b28770d5dca9e99914660caa5f200ebe83a44884308131ad1ac0e21d7210
0ce71502dff9ace78dab5e5b02cfd1f592f2b89d713823c01a2c875f5c20ad43,1.0,1.0,ACTIVE,Regularly,62,586b0ed44b99ea397670c6d48bc5854e555fa9e282ebc039f0641ab9c7e6a21a
0d3065f916c2abac9a168fdb46d7421ff1002f387a020f2e55999610c887bddd,,,ACTIVE,NONE,53,5be8932a4c7f27f702f78e9960719a01fa948edba0881be9e3779bf977ccb62d
0d602de7c0af22a2c27007fc790d3d01452c8a4a15ff4d380b2046d0d291af4c,,,ACTIVE,NONE,22,4ffa71cb4a50dcb31a7d757716be26072a19e54a7b129ba54cba48c370cec1cd
0d8e311ea85282806c8601fb29c3abf57bcce3e23f7a1f76effe495bd884bf4a,,,ACTIVE,NONE,24,2c29ae653a9282cce4151bd87643c907644e09541abc28ae87dea0d1f6603b1c
0ded45c66e08371ba218d70362e8eca68b040b88a49b1b1724350019eb2c694d,,,ACTIVE,NONE,20,f77e3acbb83b2b4de53efd1a30c4d79d517f8015163e89509e5ad2389b5a7e32
0dfbe8513c84406814488493c20a51c7635af0d89b37f96f77b207d64bab665e,,,ACTIVE,NONE,28,3d9c214ca6aef46fcdb1e35909d46e31839ec93c83e0da186c746182d74c7a93
0dfd3e31e6ab82e771ef2be1aea95f27d6a7af097ea68907d3171bec585a91ae,1.0,1.0,ACTIVE,Regularly,21,65785d88d9293bc70829c581d1153c6cb2c68f69536c2e3ecd5ad910c8f4bff4
0e01ed92d2dabb00ca278d4a7a0aab37a4d8c1fd0db41ea8b09be53f8fa190ef,,,ACTIVE,NONE,26,8d7ce90d7fed2b9cf7af40cbb9ec6fbad1d2b513414efc7c37c5dbcf6890f5b6
0e5ae8c81e53e6e82ce8ae751f1af37cdfa0a043b8ee3cfdc62a4016146f8efc,1.0,1.0,ACTIVE,Regularly,26,3680ba88e8cdb6eeb58dc357ef90d2b57b8250c0846e8fe8d0ab36e054cdd7ea
0e5faf5fb76e67a9d0f8920f7b6448ccc962ed801d0c264ef8edcc93739c7eab,,,ACTIVE,NONE,21,58111955c0c8dc41c66b3c8db402d8384c303b46d325c8ca602009dfb56f59ec
0e8737019972ae41d72a868e228a1a70d4816bb16fee428a6d3f10dc326d359a,,,ACTIVE,NONE,57,7677674c829a47bae427333606234c0aca738d54dae6bfb73ae2e2368bb00b4e
0eb837d98896dc9b8fd57ef7ad8691b4103c72a9e2044b28d31053bb87c63f17,,,ACTIVE,NONE,27,4bea6cabbbd93a4ef413cf20dbc684a651f6e7f0113c5cfbe93bf9ae63ca6b73
0ec6aa6e9a879e0b230c809cf3447f2bb14b2f10a99e20938d78522a3e09529f,,,ACTIVE,NONE,23,8dd7cdbeab57a8704be0387069bc48079d9454af85e0b7d72b998664d5bc00ac
0ecc6006cd35b79feeaf9fb186c907f5586e302d240924e1e3fb6e76f11a617e,,,PRE-CREATE,NONE,,78a64abc3b52f6ecebb68b30b15ce5d93c3c733cb0853dbf3900b696a06ca979
0ed0a0727fdc8112c1486512a2080117e0a1c6676a6fdb0ed97a922afb3a9059,,,ACTIVE,NONE,45,f00f1e237b4ac89960cb3e76e70472821921bd83e74ad85fd7ec1cd2194d0bc9
0eede8492257c5d672af1c0ccfaf3c76cc1fbf0b872f85be11766eaa4157e24e,,,ACTIVE,NONE,53,f1ec2a5c97f9949c9adbaa4a64b9c6769a97d91f61481b1227040528e0dc6f8e
0f0bdf1abc90a4ff9960633908179ac0efd16b40f80a119807e5c09cb0062735,1.0,1.0,ACTIVE,Regularly,38,9e8c9be7649538688f8445b8b0bc6d5b3d17ed5c1888712c5821cda6346b79df
0f1614d8fcce5f170a292a1ef8f5cb9e8a2202154b0cedd42c1f861d471cbc7e,1.0,1.0,ACTIVE,Regularly,53,fa2977f5d64e6658e12bc7931f440266cf5a982f0422d9491426ecfb774862d6
0f2e72a9dff681c2efb94ba007a165086e3b5ee51ba312a894a7dd56625684a8,,,ACTIVE,NONE,63,90577496f72554666a14a4c9c51fa60895e8af593fc39f9e0cf1384ce4fbe5f8
0f3f889be68d78e5376b2e588ff2ce9e82e5f3634517c6f0c4ad959af07ff113,,,ACTIVE,NONE,30,1c025562714cd154ab187b282b0a4c9eb57a30add2af95748671d4650c1b6ce7
0f6c2b0859db288e05de3e01fd208ff513364af7c8cec04fb38d4e6d96b72af2,1.0,1.0,ACTIVE,Regularly,66,c3a31962d4930fb96752a029e483479637e64c8adc39e690f234a488aa1e9190
0f6d39e44b2892ba1076eb67601e5a2225b8958ec88c7c93877873779292ad5f,,,ACTIVE,NONE,54,ee387888d9ad4d0815b7f0697b2567ff32b91fd0c7467f3205dbb8ab3d37b0d2
0f6f181b3039d6c5ff6afdf92261c8dd84a68d044bb226f7196be5f68b4950ab,,,ACTIVE,NONE,55,af05f1b7fc2fa99736ede38ce16ccb983f858e08e323ab96229981ddea44c42c
0fcc55264d0e486467f9a3697750ce6551c7f77f577aa4cc6ddbad7ac3436d66,,,ACTIVE,NONE,50,c88ca2679d13341357a3faa224fbd2b8da78c7d520b1376e9854a011f30d4eeb
1015a2af9000487f0a9aac21eb17df299aa231f4f7889c8928cbad4551290842,,,ACTIVE,NONE,29,9ffb019a79d75c45b69be01acef1705fe9db78e7487f2cbc85cd5c236d66bccd
1070c1c8ee300afb0a54c2563ebd7639c0e24f35c565f5769cbd324de17e7c47,1.0,1.0,ACTIVE,Regularly,24,790322093ab77aefc6f259c86670b01284946789d37e7c0373121eb96b7b1972
107b56951213116fb7da3b6fe95290abb05fc24cb38267db5cf3c96286306d02,,,ACTIVE,NONE,25,9cbc6cc277a0b8a5eec80aad7f20c87d95a9d441ff7d687081a61e36ace9a2bb
108d5023e912532d1c85da61bb2e1775c1dda887626102077590e2e75e39e793,,,ACTIVE,NONE,22,e7ba0f5d2a5179529125420fe98de7c2539f9afad402639469474812e0ca2b76
109ea00afe48d5522cbbca24853d9869a49d2f94cc945f86c93ee856d02212dd,1.0,1.0,ACTIVE,Regularly,56,9bde3ab9231462f6de13e421cd9cb2e75411f8907bf2690cecce62ae5b957a31
10b045b0f503b86cdbc8e4f48493a025fe2cdad077ca008b195e44fa10213675,1.0,1.0,ACTIVE,Regularly,25,88f6afadcf8989e1781b30409c6e58bf4c6c85441772848961b3c0a4f263cb16
10b2ef05cb2240b2e4a8a4899bebcf2cdf81c797b8fd80ab3e10bbbb9a06e4ab,1.0,1.0,ACTIVE,Regularly,24,911e30d21e1989927b8e8058c0a8973565246b951d1a4276bd3daea66a1bacda
10d27bdcc12be20c047921df0566860c9c5e74608da7d78e022c6b9e72f12e45,,,ACTIVE,,65,2c29ae653a9282cce4151bd87643c907644e09541abc28ae87dea0d1f6603b1c
11549f02e32e419b905c3289df226c26274631ad1a2079cb435df4a12059cb43,,,ACTIVE,NONE,23,03e850cfd5bdaf2e62d76bcbd46879810e64bbd3a4d46a8b03bc27fdfc915170
116188f49cd07b712694f8c327f5549a3bd4e0240952a134fe500d0bfc6c33dc,1.0,1.0,ACTIVE,Regularly,18,95bb65974ff92d44058825f68ca1d08493fc34c3f05cd81383531307a3b63a54
117b80b9b4c334d2a8bf67a29e7216ed1943b714c6d6919c681df77b73f4b3c1,,,ACTIVE,NONE,25,7250a8aa789e1daa5cb5cd70f154209622f7c6fa06db8c6097a4be1d4c871057
11a56a0f06012d515ba192c6ea5239a40477a41d69bec8a037a6bd1584a141a5,,,ACTIVE,NONE,21,87a1aff93145e5cefe03fb87fed71784c13b2ad4e963d0a601fcf08100fc3794
11cee236ca0aafef0507b6983b0d6fc0299bf8367cd8e13e606b3047cbbc5697,,,ACTIVE,NONE,21,d8fb8acb72ffb40d18bb14a81057a2f0cf540e5d68dbacd17e39c64da7030975
11dba79122988639688bccf2d41c6d36453f42aea9ddfe7799531ff02c266688,1.0,1.0,ACTIVE,Regularly,28,8acb4fac2a7a12469b0a1cdd394c6e1702b8ef5b812c8c67c4066c0af9345bf2
11e5bc63dddb628426f8c482c18a70da1011f1c75ce40cbcc9864af1e650ee82,,,ACTIVE,NONE,20,ed3ac954854d7a09863b3d8b686a3ca798c61e7199225804fd3c4af096cf2dd4
11e6084bb7269422967ca8db1323d73e0074b6c303c9982b5d2f972af3a1e623,1.0,,ACTIVE,Regularly,21,6f422960bc474cd54fdf662d88f5931970286d243090adc9aa87c6e541fee067
122bb5e35b56c8016c2450c55aa8d698e062919ba040adb81c03dbf9a54bbe91,,,ACTIVE,NONE,48,482eac2f9177c8aa7a9eab1a70f2c96328636214d5c35e035b936bdf474075bb
12466ec028e13c331dbe9e98b5a076a32c19df54068155d684097423c491de2b,,,ACTIVE,NONE,35,a53c0386208a50549031ff6ab34e894adcfde5164874efb45649fe438e222661
126f75d19719f1a816aa32ca836385fa6613d7f73dce1bfe60c7daf15d5d900e,1.0,1.0,ACTIVE,Regularly,64,e9fa5834dc8e756ce6456060a537be47a9f8b6aac50c0054677d7770960ecdb0
12784a9b78f34078e4b2da0ee47aa88341fd98f16d04b9ebd80d5c9461114e74,,,ACTIVE,NONE,20,764cd370c83131afb0bee2ef74b62bac1abcd37ef5d552507cca9947feb6aa61
127e6a717a032d8647f5d06bc705c3327b0ea2412a14a29b0b49a907ef66e4c5,1.0,1.0,ACTIVE,Regularly,48,181b5850deabb2c82829da327c8f74a099c9eddd413de9191dbe081cb266b53b
12866b8615cda98b1221fb60f917dedda9f8b6ff90bd6ad0675f4f1b28f3948f,,,ACTIVE,NONE,50,ab6d79f5d19660f885f31852ff5e36113c3af00ba5853aca8f677da022ba1edb
12aaa0c7b8ad4e2b2c41c2b586cc6865502aa377781c9d2acfefdd1f06e109c3,1.0,1.0,ACTIVE,Regularly,18,aa2c8c2a1cf2bfbe0b7e7533023472d39d3ecbd15799428cd32a7ff71ca45a66
12ad37d8450ff1e1a81a7f17f3aa95a7ddd084e801c28e73441e18a6799fad47,,,ACTIVE,NONE,59,e347af0f39c69498ddfe28a9ac3b7b79de0c65ad26e1d55abeda38b278f903f5
12cd761353634a453711b0de9b5949c04d4281a3562494817adad02e12c7e243,,,ACTIVE,NONE,24,082b8344bf594e4f1d53298bbd9c0fe3e808ce3113ca6d5f9610a2ff59b1c2ed
12d9d31bbe74a4d2d48f1716c2a950e43067d8c9c62f2f377ac4e5bd3f83f7af,1.0,1.0,ACTIVE,Regularly,28,2c29ae653a9282cce4151bd87643c907644e09541abc28ae87dea0d1f6603b1c
12f9bc7b7a7fd2dc53f43da3e71b97d7eea887d2d0c0efedd9640207d009d443,,,ACTIVE,NONE,26,99ec748c148686361b2ba1f35c2c559168a844d54d71594b8c2c7738281399bc
132135899e497c6b72787c986f2a9b49ad2e7cda78afa5c4e2eca6bc8a0206a9,1.0,1.0,ACTIVE,Regularly,26,f41793b14e9abb65938869e19cfcb280d55bc328f0617c2f83778ff0dbc1b1af
1344c9216ab07e526016616e787d16a2b0c3014cef334f558c81cbebce063a1e,1.0,1.0,ACTIVE,Regularly,25,aada0985ccda4bf4df54ce621418740fe70dbb0310132327fb2bd46ae1b84208
135371be9c58c90de31ac8a480c2cf851eaadd919316f3755a59a10b4428b192,,,ACTIVE,NONE,63,6159545af0b72012366e696dc42e0dcf6c59414fa0815f8bd2cc537863d8c1e3
1369dcb7397219b68cabc3c75710cb38228a3636a0045fdf6109bd765d15c5c4,1.0,1.0,ACTIVE,Regularly,24,afb46c0c99c211cc6868a2b4a7af72274495096c6712486fd0eec870d3f455d7
1371f1e54a47a578584c65d0ccc42a071bf33942b2e11e122e31bfcca071ad7e,1.0,1.0,ACTIVE,Regularly,23,1d00a8f6a445fb8298bf5371e86af257fedf88eac1d3c635fb7eb21790c3060e
1393ff881c6e5019f054f52c3a19c7f7e44a44654cda17e5ec8d06716da0f0e6,,,ACTIVE,NONE,31,2c29ae653a9282cce4151bd87643c907644e09541abc28ae87dea0d1f6603b1c
1398d146d3e903efeca5f8f4bf49758fad9f68e306c76a378645f56bbd6d3c1c,,,ACTIVE,NONE,28,f56f0742ce293e1d320b2b09ba37034baae3d3cce9b22add91f5b02d38de16af
13cc46e0fc39f142a013b4b7e1ed67cbfffd9a0b41f3b2c9abd70a38c385070e,1.0,1.0,ACTIVE,Regularly,26,53ab924315d60f551b7772c7f6a7cc17e6f76ecc11de39c219823224b82be155
13cf94687ca2aab634b38b5bdad6abef1f14603b1933c8b58c98dbe62ded90c9,,,ACTIVE,NONE,28,2322d3f7d4f3ca27a77f6bf25066ec4066aa1e3bd9e3b39ce0ac804991ae0703
13d06f508cddb82c70746515dee9162b559812ed83b822b65567ef927a363817,1.0,1.0,ACTIVE,Regularly,30,9c8feac121c388f8dcd40e4144fc57d6dbd317b953cb021d8450db9168a8af2f
13f212f2c8399f5cef28792d066fbb67e6fdd51fe57474b860dc3627b2d28fa2,1.0,1.0,ACTIVE,Regularly,50,08b12188acb122acdce4a3d6d874524fabf1ecb5f25c1c91442fda45b52488af
14284891cf7737b79b7c9c49566b9c0c9f58856d94137f3aee6ebc7b52804972,,,ACTIVE,NONE,26,9ab1633a91af36c7a94753d9c2b36f2f785529594ae8a3e46ce0c2cb7fb3eb4f
144781cb72f33841363b6c5ea478a907afed243f5d899e96dbba762a36030123,,,ACTIVE,NONE,47,1b6a06602b3c9dfe2988f93606a3b250f00a11570b87b3acfffef5b6a90e5c40
147a8beca6db139b49f5bb9d294410e4dfba200d2c8f89b0fcbd57bed34279be,,,ACTIVE,NONE,34,f53171c3345ccb4da0a0bbdab77b7b3907452dd48f1d366774b03bf7d08838ef
14977fc5fdaa37dba19c1ada183173eb45b2eb3f9eda1661ec9a8921819f4ea9,,,ACTIVE,NONE,29,5249ccead7c64c4bd87298bae468171b82f0a208ac6c4489d36506b60eb245e7
14b9cf890d834638eab85b1339b8a5aff8248e1ea162d294a7b5133ee85c4b5a,,,ACTIVE,NONE,24,ebe285769f8a5e3922f0285eb260486805659e710b09ecd61b08cce85d809ba0
14d01998764e3d089f9c6d8ec513f30bb81e96de44b50141f8b8dd91801424d4,,,ACTIVE,NONE,28,b4c208f53694f6972fff84abca241e867c1328481d3f9d56b81b83dd01e74fc0
150de2decec9433a0b54135c70c04e7f93674d37308e08c3c86fb4fde670e177,1.0,1.0,ACTIVE,Regularly,21,a8558ec4b411119a98b9f18f85b502d6349dd2fcfb3914f44b56ae3114ec31ec
151618ac2e67d2db7cba1b89373f7074f262ea75d5d94c4a66fa5cf1428d898b,1.0,1.0,ACTIVE,Regularly,58,8b10590fe7aab8c946ca266bbe63a3f76f8a415ef94b8192b98384d99f6e64ef
1524fd350890ff3b30414504e7259d3748dee8f400d218798c6adac3a4eb3cda,,,ACTIVE,NONE,20,b62d11ed5866c58e1e3234186a11d6e4f3e5e89c0c06fd81ad3416d00e81a3ad
1541bd029ca20216654183b832e4c22240de6b468c2e653303cb2aaab5a18605,,,ACTIVE,NONE,30,d033eb716b3a063fc67d5da2b31dc1022517d95100da8c25a3db217c11d5b435
15466c14fffeb5b79d5f41635e158697be088fa247f43b5a179ce3cc39688722,1.0,1.0,ACTIVE,Regularly,32,67ac963a90bbb2fdc8dd1d8759306e72551876a7e3a369f798125b9562e3b166
156a4f8daa96a2213b6dc312f1228c4d188b55770cb28924d0e2ed9e11d71ace,1.0,1.0,ACTIVE,Regularly,48,a33ed05a2f9855fab474f161c43c602585b73c79e22f66ca27294533a0e5349d
15ac48418d6bf0e8080a58ddd3980fc71eb50ace10a1fcdc8fbecc46943c476b,1.0,1.0,ACTIVE,Regularly,25,dcd84a44cc406a1576c02b329c0b5c343f007ec3f06a88fb48f32a512b6b7364
15ce41bb861f82c108f9bf72419d8cb318bfd1fd78ac1f6796334125d4688dd9,1.0,1.0,ACTIVE,Regularly,31,f57be600b85579cbaacd598065306e653aa977bcc8f0156a5a7a57a76bada677
15cec0ef11a3614f9c6fc97c8b988b788bb539efc94d88c2fa914feb861e401e,,,ACTIVE,NONE,36,6ea89b422bffeb695227ab1cea6ee22c29e24920dd88a79d3880eb4734728eec
15d4901883ccd81bba9216f073ab17c12725527612321cddca36613c8d97d255,,,ACTIVE,NONE,55,428f6628afa4f96883f2211f46f1124d7a282473c0132b8ff1d14514a09854dc
15dc7028bc7d0a185fb556ae152cad088036f7b4426c4aca3d3404a7faee6b7b,,,ACTIVE,NONE,50,fd9dd7ef3b678e7103ec058e6fbbb02271da372a68696c0de7610645f23065ef
160aa699c7d5bd94a6c2d1c4f9584fd010b6a6cf5471ea69f03e9d523fc475ef,,,ACTIVE,NONE,25,800a349602f32428d6da4aa3d24ccae40a3b1961e2e5eff98e369c4fc2fd83c5
160f4d02edabf84c1141a0e05e1914b1031d062a93e2f91d8e151397013776e8,,,ACTIVE,NONE,24,c1aebf65252c3a740cd4251c3b5837cb83390fb7021909f4f64c0d892c573306
16374c39934a652a684349c94d737f770702e50a0f1970b6d2e51cdbc3733b5f,,,ACTIVE,NONE,55,62647f7389adc39db7d64fdf4c4ed5d679694c6005146dcd55f24c22cf362a92
166f49c3db0685f4bad071250d4e391b16c3ef54cee7ba55ac7dbdaa0e767167,,,ACTIVE,NONE,26,3a1ca3f7d7a56ecc2691197d624ff369f5a26b05390483ca6a5bf86077ff4b3e
1681f59cb8b1925f037e5e494279068fed4289e88b9e226973eb9e9977a8dabe,,,ACTIVE,NONE,27,df1d2dff0ba591bab68ce83276fd2e844e8816e9951530e573c64de9915029ec
168bbdfeb59793079e74b86988a1c7eb6c606c22bf42a902f913fd679df765ef,1.0,1.0,ACTIVE,Regularly,34,3fd30799e7b0fabe3b91bcc06647b35879983ed192cabaf1347736a810c8d8fe
16df419ba3c943905c35ca3d332fd765f210e41af6e380442801e95ed27ecc43,1.0,1.0,ACTIVE,Regularly,60,166ae127b353575385524c779c8bb8d9b94310df4718fae7f18a08d79f7eb0df
16fb6485272d40ff84c62f1d6eeff37c81cf9a98c43d55365de69df12ca3dce8,1.0,1.0,ACTIVE,Regularly,35,1a9abffa23ef6d0e8d7a94d84c67d74a0d2fb0cd2ff5d78e027790627a7e59db
170c99281ee6495545a629b5b4880c9aa090a10765aae9c00c28550d617f051c,,,ACTIVE,Regularly,26,7d2ad5a0e57f064e67fd33ccd2c0ba0e54adeb77704ef4494e219d0973d7b989
1783290127d32b90aa63a5bf8fd67b18a0415550f1433244faac7a88956f92c3,1.0,1.0,ACTIVE,Regularly,47,d83c02f4272242ea669f0dd1b2f544f98f8b062c982b1f10b9a1ddd38a8fc1ea
17962253b750117eebe8bc69b3e4691fb952afa4be9ffd99e9467ce9a6d0ff0f,,,ACTIVE,NONE,21,2c29ae653a9282cce4151bd87643c907644e09541abc28ae87dea0d1f6603b1c
17c81d8a08e453b478d1d704f1872e1d1d304a54362f0d59da7de7e6c740c04e,1.0,1.0,ACTIVE,Regularly,62,a2cbae835ea9f7bf245bda8108b3d855f35c5eb5131454de820a7d653d2021f1
17c83ff1fa2873167a1627bd5384ccd0a29db78aeff444867d3666ed73a52f7a,1.0,1.0,ACTIVE,Regularly,26,2199e3016ba3f01560a0cd34a776ad75722e0fc968c60c7b1994b3d9bcd4808c
17dca5477865218df7b63bdc2ef2d98aec411e1b011ed8e784799c07642ed95e,,,ACTIVE,NONE,50,0bf4c69c46bb6a8306e0d7231e4bb40a7918b40e02255c2f807279aedabd4880
17e05f2812258654952e34caf50acd2b43479d35dfb146ede2ef66661f68e898,,,ACTIVE,NONE,23,3feabf3b467ca41e826416fbbb9274f8ecff9bc1eaaf5e09e84cd6d2e28e0206
1809a05c81a79e781356a934f3740f71344fec1e9533aeb9ca86c5bdc1237d8f,,,ACTIVE,NONE,53,dd14298bacf8cc30de05d99d17db7be691c534b459d1793d3b766b9087ae3ff4
180bfbd29c3837914f3aebc4ad890b9b176917f4a95957dae9448aaf244f0067,1.0,1.0,ACTIVE,Regularly,52,2c29ae653a9282cce4151bd87643c907644e09541abc28ae87dea0d1f6603b1c
183148552b4b43f09e99d52f45244730d1cfff6a7821f2853899a65f4dc3c176,1.0,1.0,ACTIVE,Regularly,50,7fc2885bf085c62ab4a3dc8dcca4f0e832f13016a50835d38df9c7aac6f6d6a8
18391142e198d9455fdb4567da5f96aad52bc6081da2c5b41a7b53632e51bff5,,,ACTIVE,NONE,53,0f901f527e403e8e3748107e804273ec4b6a87bc1daecb52152e73e6b1880a7d
18515d86c0d0e779fe04dc60e40ba594b45c970f4f14d42d77969d23b47c4e0a,,,ACTIVE,NONE,18,dfc4bbe0c6c3fd96294b27bf2e88351837d83c3c1b0fb48b4146e86eab71e5a4
18824073a113399925128ffd412519282cbb941ea065b1d7af87e99bf8e79705,1.0,1.0,ACTIVE,Regularly,37,61580ae3d429a5cadf499d2d5bb8bc43811222884e3b4de63079f5adaf698d50
1883a9c266b3f64fb263210b80b686a1bb212817795a1b66be0e85326582f12c,1.0,1.0,ACTIVE,Regularly,53,267fa72f9a075d256c1b2a43dfa0418203ff97edf2310877880a5d9afbdb29c0
189553f818d9e8a13a70764c6770fdf6c6bc875915c20d4b4cb97766d653a09a,1.0,1.0,ACTIVE,Regularly,26,e6efdb46d702a059cfae5dfa09b594645e9b385333137fe744e5c3682f5930e7
18b04d6fad7b313c0e70100ba9fe08fad5c6c2449d792d6a5865e121507513eb,1.0,1.0,ACTIVE,Regularly,38,ea9e691324584e8331bb778b8c8f16b27346d20aaa85a6745e48e1ebdc8c4477
18bdbbe095bd7d51a2e6c126e2d6685dcc2186450a068e025f1a36911efeb117,1.0,1.0,ACTIVE,Regularly,29,274a427b82355e7a8d418809c6e30351899998bc2ab4ba0fd93f77b97d26b3fa
18bea8574260b1c55a4f954136eac39d11a882a099609389498b3cb31ff16913,,,ACTIVE,NONE,31,88e50bf6d6f52066fbedfd90023f576da74ede781a5e553f4c9f5b6c93ca76f6
18bfc0b62dfa6faf1ee8138e59f6d4a90c3a7b4ac70a72bfd7b54400538a6e9d,,,ACTIVE,NONE,60,dada34afdaacb2f4aca4bf32aee18bd4bb1ae58617cb7882863e209b90afa786
18ccca3914ffec438510f77b801aedfe072118d91e7c6870505e25d7174e447b,1.0,1.0,ACTIVE,Regularly,28,fa2fa1182af5ad52133c81370d9c55cccce9777f747c3836fdef6e882b6c43ee
18e234ccbe67b37f4c6eb8d74928741417f19493c504da8334c70b3055d7ff06,1.0,1.0,ACTIVE,Regularly,52,bb3d5ebfd886071d9f13111cdb9da63d027a2e5055aadd895e4984471b94bc40
190e9e7bcfdf11db52924ba3d686fa8c5e504786c0f02cf6b17dbcc6cb810ee8,1.0,1.0,ACTIVE,Regularly,26,04cdf5c03cc7354c8f988024d719fe19fdee8495d29911211c13625a25f9b441
1914b23f69ff7479fe7b0b335c05ec1cc4d17dac5272b6ef83a0d1fe85d7a3eb,1.0,1.0,ACTIVE,Regularly,21,d2d778a018bc6a9044b79b8189a116a778006f84f92ef6380342221680253dd2
1915742dc6d383e1576ac433cc31d343c8d1deefa3c6f0b7570476e7584ef572,1.0,1.0,ACTIVE,Regularly,28,02dbf772e9665715c3f71a8d54a4435e715ceb0093457d8789a8e93f9e3c9ecb
194c874906eb00a0c83d73d116a861984353c9769af8cc4f417fe519a840018c,1.0,1.0,ACTIVE,Regularly,31,79b519300b17eacf94f128b2652f9a8118891d8011ea75df431e6fa68480a5d3
194ef3a4e70bf5f528f7f4d69ba95765327224871dd584d80d9020c4cadb3e16,,,ACTIVE,NONE,46,a1f26b5dd4a1bb16e040848fa6063479122e15fae5f6bb990c8b7edee8031513
195c7ef0cd3cf804e3ca6e58210a7a2db203ff46e6492f79aa9666d1eda894cb,1.0,1.0,ACTIVE,Regularly,30,2873f36a318d83c60ebeab483332d86b92b0146e56a26de5059ea4e7e528b49c
19891a187d644b0658a8da3c23c82f64ef868599fc8a488a87873e8713c24d86,,,ACTIVE,NONE,19,2f35b9a7789ccd597122584243766d1db8adae3ca192c18f024f2de789071330
19a98b439c84f43d1054d6c7533b3eeb6fbffe23e8c338a2a96075a19cf79add,,,ACTIVE,NONE,49,7d396583594e379117fb0e72100b8b95ecbf53f0efc4420be9a267c4291a552b
19af1001ed1b08b5a6fe29df91c078406572500ba94de93510c1e20d99cc9aa8,,,ACTIVE,NONE,56,5e49ba252c13d149aedfd48670d4c7057d12ca5ae66b2d89ad00367b2962c3d2
19dbafba727d145776a8adaf699587f2089a3ea9ae180d0ad661dfe53286870d,1.0,1.0,ACTIVE,Regularly,28,0cd44be95f830502f2ad43dd6c74b58efafe53e771d4889ae694996456f113c0
19e82dd29aa4a61a59ad15f839dfbd98839efae45ec88cb3f6a91911c2e3a231,1.0,1.0,ACTIVE,Regularly,35,386d29161b7d8e16a15bdddb8b42377a8667f8054c33391d1704242fb81afe40
19f7199572a29f603f225cf82183b71282e6bb28e874916619188a7e9c3b38be,,,ACTIVE,NONE,24,58c40baa4e4fad5646bd05da881b60a43572cdbac595be3785b526f5c60b1208
1a067dea5e4bb672f56c13d6d7e8c4f919f357cf02e7f64419d7797563ed7206,1.0,1.0,ACTIVE,Regularly,24,4b38722699264e8171da741781193d386e4588edf56fff0e7142e23969934b14
1a128669e4bf63a9c26e50673e7d299c63d46f164f1c4ca1ce73a15ffcd01b5b,1.0,1.0,ACTIVE,Regularly,17,0a8e0808d673b41a183bb22eeba49f14b3f1d3d588ca26f9b6b937b3e4aa4539
1a1e5fbe5c66d881ba09150983ae12dff0308498f21d73d341f1724b0b579fb3,1.0,1.0,ACTIVE,Regularly,24,8a40836e56128581399478f71e90e3f1393cf621ea39b5662e4ddbef3c0e7a25
1a4bad15a93b7bfafafe1d6fe95a585413410af06176c4675c9c415512b8b416,,,ACTIVE,,25,2c29ae653a9282cce4151bd87643c907644e09541abc28ae87dea0d1f6603b1c
1a50a7643e497983b2c2ee269a197a6057136256353414ed3bda32e8914120a8,,,ACTIVE,NONE,48,5020fa284ca02a5405fd8202bdc967deb6dffb847b8ddd7efbd6ed5eb69747d3
1a8c84a3c723d9261ba032c08e6e2fc71dcb2fc81f594992bd7da064f05e9604,1.0,1.0,ACTIVE,Regularly,22,3b2cc9dcb886dfbb70a16ba8f5a625ed26819a159f2ac26bd76f335405f0ce8c
1a8ce3280ec501e1eb116473a71a60e8f1b5331e0519cb83cecf7cd9400cfb23,,,ACTIVE,NONE,25,367999d27c221ff66d13ec240a212b5fa080607087f7ef8408d2f17815b50387
1ad11e995af0ab9659105b48aff4b110fee646e09604e5d2a714385c1a120c8d,,,ACTIVE,NONE,20,3136583a73b37b5c414982e9bb08a1c5ee2f54fa66e825bf7b62ff2f4a1f3d61
1ad94e3eddca289ea256a0e2d8c8fce85f7393412808b724304689f0bc789b45,1.0,1.0,ACTIVE,Regularly,21,6212188d4429123ea872d5b949410ced06463d784f78e0f1b17134d88d313237
1b3af50691f514d60bd88612b72280bbf5127fc4f04e89c7c081008e5fe89e80,,,ACTIVE,NONE,49,60b302be73eb2391fbd04f3cbcd13d51086769ac67bb1d0e142eb96da1796dd2
1b49cc1f8ee8d2fe1a61b5229b2cee506a016d6e14e750f6b0679987aa0c1672,,,ACTIVE,NONE,26,f50bc9290a221f386dc4adebc11cf2443e72e99ce7744c2289904da09865034d
1b65d5996ec52f9069958d567118f9fe45ed508f339010bf65a9eada00032768,1.0,1.0,ACTIVE,Regularly,64,582c2382a1438c3a0afd99afa6977e61ba74b0dc98f5ba7f517b3026b56860d6
1b89ff39d3f2e835534fa66a84b491acbe0e0e2693d2948fcf749026d158361d,,,ACTIVE,NONE,41,279bb05d7e25ccc5ddfdbef8976c788b4627974cce90c755b6c270bd96a042ea
1bbd0b38a543b34be05ceac6b603232d35e3e63c92da980782fcc22ae1dfc0f6,,,ACTIVE,NONE,21,8411b96c8f87fcc831367c1e232fbe6552bc0b66e018df08382032d013c2e1e2
1bbedea325d737ab8d9c67576ed3d7b8474aa58a50f2d03b68d20ca0bc05f9fe,,,ACTIVE,NONE,30,f3a587c9c566285e92c66567cc40502937b504dc8431e2128d815d818f14a648
1bf16775ac0e99e1224548ef6036f115ddf07c6406683161808561d69cd81af3,1.0,1.0,ACTIVE,Regularly,37,2399fe6b1d59ffdf61d7ec0367909787643d211d4899f28cf374eef026835817
1bf9179b1c11d7e02a27488e9e7e76b0f27599d6865381a2c030e3440cfe4c96,,,ACTIVE,NONE,25,d3f1a100d48ecf7600121d409a9e8e1d2c528c0d9e715fd2908db615ca011869
1c0ad361b9ebc5810231ee9219d95d6d862ccb03bd1d641a93dbeb22fbec994e,,,ACTIVE,NONE,25,2c29ae653a9282cce4151bd87643c907644e09541abc28ae87dea0d1f6603b1c
1c4e8b8b41056e5ac91c4818029ccd1700c36a0c3124c0849c31b7e0ca99f7b8,,,ACTIVE,NONE,22,d68221e6bdd698c25778cdadf96162f1c255bfd8e6dc87ff4ce76410557dda93
1cecb6006578432cfa5c19cdf0345d3550b64dd92c4764011b7b5bdcd00abdea,,,ACTIVE,NONE,31,2636fd165231631d4a35b6378eda729719ece2c049cc2982b2317cda1adfabb7
1d2276a3c23e5bda926cc5bc2c7a2947273db993a7b3651f9dfb33574fb21533,1.0,1.0,ACTIVE,Regularly,22,85e978e32669cbd1eaa27b514ae18f14ee60faa430f849ab9cbc1706c3e7f8dd
1d4148d2c977b469ffdb718cfd8cc7a934613dd62291b0a0894d85b187623fcc,,,ACTIVE,NONE,35,fffcefb93813998e943ef4bfd971313c0e8e8784804630f0478e09be0128f3ea
1d5ccf180072990c49b61159272cb8c690279e0ddf385f35455822cf0857ad9a,,,ACTIVE,NONE,60,54e55fceb845983ee31d94a2dee231f3e5bfc519525b1cdd2526a15e30815739
1d6e5fc6e1e5421506dbd26eac9e2905fc9d5e595246fc387bc67e8b1847058e,1.0,1.0,ACTIVE,Regularly,26,56caf8e38dfa7f47e618fab56ac976715218346a00d1a4c7e387a7bcd86e8fd5
1dd53297139d294e66ff3fc9cd13ac9f0e3a6ec333edd82afb77743761215eb8,1.0,1.0,ACTIVE,Regularly,20,807eb13d8dc369b09dd6c57c563fc4b93fb5ff13781b848af2ab1185101aece0
1e15b28075a5c979480ab690478dd8112499ffcfd249f74f97f1ff1ad3eca763,,,ACTIVE,NONE,25,eec71cc81208f5a48015abd92ae1b72193f70faf181eefef04bd9aa19095489c
1e15eef82f867c7ab9dfeb9bfbe7c549432a32ad33fd37320761c571941edb8a,,,ACTIVE,NONE,30,2f1c44eaad4804ae3e37aff52a0fb17900b8930ba9c69bbbc7a8b1e7d8aa4d69
1e454941c5b16c46a0394775b78aeb4a2f3f3e268c1e0973d6ced1468e7a12f8,,,ACTIVE,NONE,46,4a59a0db447b6c66f4490fa2fb14011277ed7e02b8a489295b1e0ec2382cbdd7
1e9a6ffda86add706d238a0f1a39c23c40b9d80c301279c64ed2a8c5473e4b9a,1.0,1.0,ACTIVE,Regularly,32,293f71b5fe58eeb295acbcae3411fe60be231ed74989b04b172ed9f8985e9a5e
1ea987871cb5ddbdbf3793fbfb6b7b5f31c6fe77d58229c073cda68e80bcaba3,1.0,1.0,ACTIVE,Regularly,54,440e232b4c81b2faa3e669dcba6a5ad457ed2e326adfedf99f9c6110a5926431
1eac023013c52e55c9df7978f1bd7f970f64c9bf49887ab7a5d13353fb0f591e,,,ACTIVE,NONE,45,745f02f78618a72d7bbf4aa7c12e8978c87499ccd9f43c1d729d6317a6eb543c
1ec5d58bfde26c8dbfe8f15b30deb0f0e4bc29c7b010955ce09285183ebf1426,,,ACTIVE,NONE,25,29ac12592b5ca47de5eb1488ef951ec8b8adac180fe3f10800d9a8c74e3ea8b4
1eea3aa7bb7d76c66656e7f734a4047ac59eba075526ac4c501992b87c2f8a2c,1.0,1.0,ACTIVE,Regularly,42,18b99a65cdd80b774134044cfe88c4a95da4f663cbacdb4c123ba4e2cc11a44b
1eec0a382a01f812aa9d2b135d53298af1c8dee2bfae8c1cdcbe4b82411a206a,,,ACTIVE,NONE,30,024635b2d4fb9ef73212399d85fc104f78defa0ded9c243bd3ff4cd4170d50ab
1efa293ba2a3e14578c40dc5e10d4e2a2f230550bc6ae3de15f9edbea26a3f5d,,,ACTIVE,NONE,21,c64c57d685fc8f596e3ccd78e6bcfc1d1f481c67376e05444aab4bd2830c5174
1f011bc67a31a99effca840d3eee9b35178afaea7e42e641537cc18c8812f2b7,1.0,1.0,ACTIVE,Regularly,29,e04d5e96cb1de323bf2ffa021633d8fda951438dc23eeec8c5437189f5d2dbc1
1f4aae22ab7c9f44d969b8a5fb31308de9af2925f500579bf184113407504ffa,,,ACTIVE,NONE,31,25ec87473b3686d41b3abdc9daf34608870305aea75045389412605822b558a8
1f5b1fdbdd0e9414119ae36531953f0c1a318e8473fbdcf90e1af9746279fe8f,,,ACTIVE,NONE,44,c64137fac2b06b6ac7e6046ca7161246d24f457ee78258948bebce0afadb43d6
1f7b680d10cb19ad5811db367146af9b7a08af5ca0a39b592477b9f079f7c8d4,,,ACTIVE,NONE,26,e0086f4fbebded269e3f443c090dd962e859fad32ce16dda372f66969bac0d3e
1f8261101623653a208345e05cb69c17cb41cc6b956a1d20acdbbe92ac41d507,1.0,1.0,ACTIVE,Regularly,27,ad5b00a058e29b34cd65d43384b75f9f9189d0ef5cd186293a32dcd6b0cd26df
1fa02c797a03d243668497e66b7ab5792703a894391927233ec462f09df62865,1.0,1.0,ACTIVE,Regularly,54,a82448122a7e4d7e538c3fbaa30231eceef48a96082bb9829a6aed03f79219a4
1fa3dc78cc88f6ac32e23067fecbe1073ed62a1748b5f34955cf594c763526ae,,,ACTIVE,NONE,25,aa39af947b47852f369084e733064a9da566e60d718b2a1cbf00f29f88096372
1fe60f6bdbfb4a1355b394dcc4da7630bd22f17ad70b0b63fd9017fe3dc90fdf,1.0,1.0,ACTIVE,Regularly,23,6164b1ee6d004860a1b9ebfa01b247a5ac0718fe3aa8f28caa03f06cae40e5d6
200c5d71788217f4f4ba0d3af1716a2767a39d8ba146a04fce729794065ff9b1,,,ACTIVE,NONE,26,fa1f6f575d0fbe69711f1871de8c87fe103ab667f0030a71ba9819e1a8c75b4e
20355b33b4f4de5a504cfa35b425b4044762a5c79ed370592614797b2c709ef0,,,ACTIVE,NONE,24,e7718b94eade8b289e02a5a2cd4dbf78582e6b9f2b7d5b8e36e80b9fae7140dc
203589faff688c82f153a5f6be49eab81ff38354e95f874af34ff7e1ee8a8236,1.0,1.0,ACTIVE,Regularly,35,dba5a26812e170e2cee4030fbe2a8dc201e1196ad60ef98ae5b0a7d8623284c0
2056d178431aa427f7d9ab912da0e24de9f1f149dc0715c77dabea70e9265049,1.0,1.0,ACTIVE,Regularly,20,26441a7348d048db8095bd29e65f6928d52d17b710d1d49f679efc148e469c97
205758af9aa7eaa5b56e746a65158026c337aca21ac4fb9c015b551a0a37c74e,1.0,1.0,ACTIVE,Regularly,48,fd638dcb56e71cf31ff89c1eb95df7611393549af38c8a763fb88e284ce752b9
205d77acab6bcfaa3cc81b09e78c5cc9a1e60dde229355a77c7cc01c840c8239,1.0,1.0,ACTIVE,Regularly,66,ae6d0ffa1524cb4144a0755ad370966595da3bfebb2bdf80fc4ff011fc8453e6
2062bbfb8a8c443edf4b34a4154aff62f9487629f9ba8b2fa256212aa70e3367,,,ACTIVE,NONE,22,a3f58cccd5eb9cedb5c1d1e66918ff86535959705958485b7fdbd5982d878e47
2063c742e3f06055270e17ec7ca662c1d21f97584160e5640b0442d06c917199,1.0,1.0,ACTIVE,Regularly,28,eb297d362ccdd23172d595f82ac3054af2789939fd974af7ff92c180369d4ded
20965b31a183bbcbe7311eab35687647312beb0789760877d27ed283d7741ceb,,,ACTIVE,NONE,40,5ba37477d8e5c3af86682c81f0018ac6bb85966a2fc7572af5d52a9c950a8892
20cf3cac6d136df47ac586b832c68501a9d6a0d54f21a1954a1482a80ec117f5,,,ACTIVE,NONE,27,91d6547312bb9166a1a72a009c557f0bb9dd4febaa16e8cbc1149cf76bd9bbe8
20cfb8e23b63061c6e047dcddfaea3b5ca52088cd87f55fc947545367fc5ae46,1.0,1.0,ACTIVE,Regularly,49,041713d78f0e9f527e3de5b09afc12c399783d1361983781e3d80c05ba69a1b6
212926acb31fe2d0ed09e770fb0f06a28d0b2e4e6dfcdca3601208748ba76dc0,,,ACTIVE,NONE,64,9e3b1bfae651b169b35e4951897bbcdf04919d3519cd970465b8e2dfecfe5667
214fc5f7e34d291e635d437c4a4511c7c108202001167ae742fc17cf2a635461,,,ACTIVE,NONE,53,5c5bc249f7419ab1502bcfc3f4e89cddb805fb5343b0cdb033c4e73b553212b1
21528bbb8d03bd4318de4c2730fa41204e212069c833681b3e2428fb13295419,1.0,,ACTIVE,Regularly,25,efb46863b8769e210fb4b0c91c8eca28cffa1f8deb639a9d91a3b31b7c29ff35
21a45ad122a9fab765a9b28a8173efe88f818e4ccc615f965867d56a828dfa58,,,ACTIVE,NONE,28,94e54d3fd477048b375eeab6493a4c4cf59a89481c45eaa70084e959041c24be
21b7a8b178f25ba2bd27fd649201391c419c3fc5176f1ff188de713dd6d008c0,1.0,1.0,ACTIVE,Regularly,24,043d470de92effa63bb8d761d896a63622af5c2f3451b3100e1084d2114b74d5
21dd704ee4bb40c33c500870535c4cef8d18cd275e171115f38930f974debcca,1.0,1.0,ACTIVE,Regularly,30,875375d3fd63cf19aaa506566969935fd31280f86bd3a36c6fe4a0bab305e174
2216bde15226cdcb7cf3dec709bdf94da9ad0384df001f3ecc25b1d4ff382266,,,ACTIVE,NONE,31,44e0c3a7b840f81203fb2b17a78f0d4afce022f65a8f370f2d637fc9d4616374
224a5b103ed5ffed7b016467f12df43c5a8a99c1ee63840606582683af5ea688,,,ACTIVE,NONE,30,6dbb0b5aab849754067dfcab30ce058a84d09587a58c15ba626f57c56b68caaf
22600d507df219fd6e4f8014e3013f6b404ab9d204100ede181d5b914e999e9b,1.0,1.0,ACTIVE,Regularly,57,c45aa324db226a7acf301260a360c3a1dfa160f44226899dc4e6ba40c356a00e
228b6bd527e3ca0e024c21c3a76a13ff01cb5bb7e378919bca39f9c9a1ee63b2,,,ACTIVE,NONE,50,e68bad1d00f5dc55385c48680d60b115cdd71ae6114c1d99480d29dac6da7416
22a0acfef198cf9692019caf59c25ad0d75c0e5a98f7f72b0fcc82da36a68cad,,,ACTIVE,NONE,18,cf39e2925de0e3e8eb633ad8c85d3fca20b2d704d77816fb3a3c1bcc76274528
22d2fce9f1d0d22409507a230749a10c30465bc077fd62ab05512dfde4629508,1.0,1.0,ACTIVE,Regularly,23,3eecd62ce4022b08a9aeee358958ba964de7253a32a6b88f849f2be97d387c16
2317635e0544be4edcaddbf185efeb19d078f22a7992eb7448cbb72b6f727df1,1.0,1.0,ACTIVE,Regularly,23,01ec4feedbde6fe45e6f0545363e72c57ec8d23a6e504f4b157ce30096864ea8
2319fdc6f74659e8886a8c91504b77926dcc5959918cbe7b679cbe2aaea566b1,1.0,1.0,ACTIVE,Regularly,19,61012a0fa7a6fe6b9a8e3cdb42a6212353038f60227f6279fb65bac08f570a79
233b16b926f37cec5bde0bfee6d49c9c5445e927e516a25d0562f8faa26beaa0,,,ACTIVE,NONE,53,251c6c1497191c3f54cd5532f00ca512e9ec2285de7f82366e45c2552bb964c0
2345ca1c01627305e15afbabba28d99f525e6fe140db054c1674d580a2699139,,,ACTIVE,NONE,17,796cac3972694644f2f8ac847e4ff0680c7b9f834c1b10795e0d7599df994bde
23854346d12243ac7c0c182ddae62db9ccf2778fd91eb4c7a4b6fe8037367562,1.0,1.0,ACTIVE,Regularly,20,2c29ae653a9282cce4151bd87643c907644e09541abc28ae87dea0d1f6603b1c
239da594a55350c6bd74494e675f736d99372ca68c420fd5301b85aa920b6425,,,ACTIVE,NONE,17,517f22b38f99fad3876acd1122d585f74dc54f4da1695b6ba0fb1c139f3cb98f
23aae347b55077295ba9d20412f37906dea5da401b360777fea32559e3041f83,1.0,1.0,ACTIVE,Regularly,48,2f048356b1a6befbbee6d28fba51e4495bcea430fe76fd3dba44cccf8c5b5a32
23dca1ff330291c748a104b217a901cbc3913cfcbcd2ea6d43da6db0ecc13714,1.0,1.0,ACTIVE,Regularly,43,6dea1ff58cfa582f9dc351d652236f7db52e35876bcdc16875205fb12944c871
23fa759cbf248d5fcd0d55f6f46122cffdb4785408cf8584c20c428178d167cc,,,ACTIVE,NONE,24,728e8f113db50967a7355e14ce8cb9d65e759568ede2a712eecef07f51df1258
241dbfc6214b3b258d99de55bd209ebf5da96719e652c2325d140c5d6ae01aae,,,ACTIVE,NONE,55,11b9d7dff96b15b125bcd074228865b5b0fc3a10a2342cdcd13d873262a5c926
24649e2360ebf67e7134aaa79672861c47e9a3a5fea1c01f661a9f25d7c03e9d,,,ACTIVE,NONE,30,156e09bad64c12fa6946e12d7c8662f3d59b0a2f292a3dfbf24c15b16bf41835
24cce8419e700780c2ebf43f4137f9ad27ca9be048e1c21d670848bfadd12a5d,,,ACTIVE,NONE,23,165014923b4de6a801057e52687ec984aa87ff7105353bac4d4f6c12e2180c7d
24f1f31a5777f8789b2f616aa9b14d191db7e1cab17fd0e8d275947b00fed67a,1.0,1.0,ACTIVE,Regularly,45,433697005aad6ff6028e510e8fbe5c991f70ba57bb63c904f3d924938fd945b0
252f1410ecfb7181ad84d9f522d2abbec636fa59d6a7d14f6a0f53a82dd087c7,1.0,1.0,ACTIVE,Regularly,48,9aeaef14e7c95f9577ba9849b6f5f32fd22def670823596f25da46c5f77420bd
254bacfb54aece1eef25e83134817e0a242c97f17f8b84f8fbb4dd0ae3586047,,,ACTIVE,NONE,54,41aeed6dabcf4af171ade0f50e51cb9b64c5e6672a6fae904c4932786724abff
254c62b3bc12f8b3ccb9985c64fcd27cd095ade352e5b82026dda68d4bbc485d,1.0,1.0,ACTIVE,Regularly,18,2c29ae653a9282cce4151bd87643c907644e09541abc28ae87dea0d1f6603b1c
257f1dd897f764444f4501f84141aff5bc76ff58a5ce10108266f66ec1b5ba59,,,ACTIVE,NONE,33,c867b74582aa063872353f3696b273c06faac9e621a04064da0d9533db7f6c75
25b251faddff3b47a7dbd3939abdd3b5bbb9a465e5bca5bee53e32752689cd9f,,,ACTIVE,NONE,53,569ab906fd214e3bb64e24c2473ad6641a2a9df7411ef65fc2bbc2a058fba862
25c55cd7e104694bf2f743b51ea7aee20cf0c07fdca6a9577214f99bcb314bcc,,,ACTIVE,NONE,,037a4d1e3cd1ffdef7def661be01518d2d1800f8b488cab8fed30467a726f80c
25e0c6ac6ccb89c75d6e3be8c5fe9a10683afd50d7290d37984c6e97040cbdce,1.0,1.0,ACTIVE,Regularly,20,0f29cb8046053c686490121a05ad708590734ad5f22f43cbe0b16b858c743f09
25ebefe6b7dcbd7383c7c7b5c672522f45fc9264f5a795608c41f1402b987f8b,,,ACTIVE,NONE,23,c820e3ccdc05c7e9dc1bf4e2806493d300c43f52562d8df5dd003a00f78f919d
25fac6cba6e8393c51bc7e768e31a69ecbe8b662b913b2f6091e8adcbc74b3d8,1.0,1.0,ACTIVE,Regularly,51,d7e6325cd5c3f477c4825c415c2cca72df38e52e8e455cbb42803b6848e2dec5
2601b300a4195c807b11db070198ae51da410a2da61d4756ab1713a34c23f716,1.0,1.0,ACTIVE,Regularly,24,987b282da2f3dcb043a7424ae0687521aa2aa13ece977721adc5dd68a2ca3452
2619d31ec36484b254523cf0ee7a47213dbe1b1d8b4decf8fba6985b27fd2904,,,ACTIVE,NONE,56,2c29ae653a9282cce4151bd87643c907644e09541abc28ae87dea0d1f6603b1c
261ecde8917d349d1f9f1c374912c12ce2218bdfae4dcc15e383d1f27551e2d3,1.0,1.0,ACTIVE,Regularly,19,1459f71626e644570290021820fd4df778dfeadf5c6aa86fdac369a72e010fa0
2623e8061ca5ded5fe3df38453e71550da0d8f34bc4c7deab02b1831f22bd0a2,1.0,1.0,ACTIVE,Regularly,22,f98339c1923e2104284f256d59c0c42b57e6309bbbdbf4545c4c71a76ec4d850
264afbf64f04479703b4433a8bc6534f8c1696beaa2a24c80bc5e1f8f8cb118b,1.0,1.0,ACTIVE,Regularly,19,cb90e7f4ae0a8ae195173d023cc2762a6c30fdde072d202d2a160dfe08bf5d23
265aba8a39c99cf54c231b8bfece7a0d96e7d80793723ce1dbfe3a037f5d3d23,1.0,1.0,ACTIVE,Regularly,26,d6b33cece044068dbf5159d34fd5954c55d62ac61b51c7d751deab9f44140ef1
265b4c7179a7ce14e730dcbf26d199b9d84b52ac35d83b611b35b582b548d43f,1.0,1.0,ACTIVE,Regularly,55,99d284ac28780e0ef2e7a1900f92e80edef35f0ec727df05df522facc2ffe5bb
265fee170a8b82e39b2998587e354dcac6b30769feb39c6a1ff8d8660f3bba4d,,,ACTIVE,NONE,50,ede5d05a857247d9e6bdd1829bb98f467e19267b0a2852a1064aadf06e924d21
26652037e9885313aa0f4f00a5038bff307059e0a9e512992e5fae7eba41130b,1.0,1.0,ACTIVE,Regularly,26,53e757842ae3550b70ac1f4bcfc9ee3251dc4b6036c0a664cd0d22cf291c2724
2673ac2bb9a9c6a3c176ba838c2b27741997bbc0ea4592390c5f5330d4f6e8d2,1.0,1.0,ACTIVE,Regularly,48,4915bcf9bf3177b2cafc480f56058a5a9ee93db95cc6f68511eaff85f95bcd58
2688c0c43c8ac74356212ed06e0eb30f9d6f78872de1721496e3fa397c2cb367,1.0,1.0,ACTIVE,Regularly,25,b5737d2b33f8dd8b7f57b0260390d606d9970c38858f38b408e06be11811ba3d
26d8ae581cada93e0d3a6279e01a7c2c4056397a28927de47a875a0ea2ecaf1e,,,ACTIVE,NONE,20,2bec64e029dfa1f3e701d638cf6c4be43dadc58ed4f3ea522e30fb1549fe92a2
2767b3ef1d9c0ddb978eef77334cb1966c837d265c3c8f13f5e7346cff272d1a,1.0,1.0,ACTIVE,Regularly,31,04c4965b356cda58eb1decb8acf100a417a6d50161846733bb2683a29e8fa94e
27c1db523798bb83beb57408590bab5ba74145bd0af9f0a964f21290c99db637,1.0,1.0,ACTIVE,Regularly,25,d84f45eca1a076a4f8f96d19cc0a94ccfb6d444bb92be989290da76448392584
27f0773ec86c7f3faec6c6f6a8cd358c84210f4522fc3b623f66c8eb48923f91,1.0,1.0,ACTIVE,Regularly,70,78793340d1fc126a1ac551ec840bfa29815c5b51bfbac248e6c1a2cd754cb315
27f3e54bd0ddf111d335f137e11ad321b72db2b8f58fa7d0c86ea6baad6dac72,1.0,1.0,ACTIVE,Regularly,40,10fa69df6a643e7ef6977e22ab84d0bafcc9345f9beed444ebbd400ec9a46b29
2860d9887f80d55b9eb1c16823749fae9b01356cc537e105dddc173e67276a18,,,ACTIVE,NONE,30,d353c0ead94bc4ac5c893f0a0601e1d7b362e012c73f17e486fc3db9a066424a
289835c4387f57d6bbbf487086ea28111797074c316ac2c856facd4c745271b3,,,PRE-CREATE,NONE,29,d3094cc25c863eec3b93558bafe9dce419c5556b5c1402ebf42fbe9001c2e1fd
28a006e9f0c8fa1edc8e6565e25603819abd010825e0148bb69adb8a3fe99fab,1.0,1.0,ACTIVE,Regularly,47,aea9ae39d09471de6c47cd288a0e445cd3b24fd7e2f9c1c746bf17e43265a88f
28a228adc9572f6bf91691f14e05bf63b054f0ea5f75208bc424211941ff1c7c,1.0,1.0,ACTIVE,Regularly,20,2832f20793475c9932092a6a634ad5342f0cea707aa633aa3effabd2faaebd90
28a559d9d3273d8f4672e896b30d08b5b6a87cd3c7710f817cd1e8bbd32051c7,1.0,1.0,ACTIVE,Regularly,34,77abff59e63024ea3328dde3d03552c4ddab8f8ce44655bb42aa37330c54e953
28aa20ee7d0758ec41130e6361bbea54e9e867c673ce095b9a9a990310195e72,,,ACTIVE,NONE,25,48e9bf5b322bfc50b5c427c0b78ec95cb14b717c4d2578893483da500ad971ed
28ac56055621889c2628b2786fb27302cb4dedd5d0be578e6b63fe397f14b816,1.0,1.0,ACTIVE,Regularly,20,80a853bdc4ef288addd5647ce942e3bfa122587e5dcbf23229f5cfba822eebca
28bd960690c5d96e63aa07a49269d3d54b1379cb84703645bfadaed32e3cdbbb,1.0,1.0,ACTIVE,Regularly,57,36b29831cd8f6c719514c0b4968f93fdf60bea9037a3a9342051d84de92f60f2
28d657ab7d11b7c53579f9e87018acbbf90a7f82b363c0f590a2a624b1ca348f,1.0,1.0,ACTIVE,Regularly,27,f1f248937252edd136bbf566db3895ab8b7dc97093f93cd64903675888752190
2906a996bde9dfb053362e64e67c9e5152e5d62987b1e972965be3e1e793887e,,,ACTIVE,NONE,32,5b7eb31eabebd3277de632b82267286d847fd5d44287ee150bb4206b48439145
29ac4afda880b47e78da2d17fa0b61d89beb67a3b9d0c29586d24fe79c612a79,,,ACTIVE,NONE,51,a6322c031b8c8bc61d01356a5d7d0cebd628feae391e2c88dab4affde28fc02d
29b0dce3a8b673cfc558861d539a792c29beedad9f2f8630811450e5c66bd924,1.0,1.0,ACTIVE,Regularly,24,1200d953edda611802636510bfb2703b9fd541eb3c7538e78c9c7a2d66770fc2
29ca68ee720a962fa9340fd20fc8cd97a7c8890b0d4d26445254848ccd0f7b34,,,ACTIVE,NONE,24,3f1e0365ae1e63fb0b6f10a08d246649e5d09b7b9a1bdc5b137a1cc2abcfc58d
29cdc5aacbece5f39e1dc17ecd4e1a9ed04dfcc09a89e8922be2fe92068a33be,,,ACTIVE,NONE,29,f4f510cec6f3447970ef9533f51540d44d04c801c46ff736e7ee511ee99a5591
2a014de780d435ba6aea8c9518dc05d96f68d803ee2d6f78807ad58a24ee4334,1.0,1.0,ACTIVE,Regularly,59,7130b9d0caf511a7f590755e662772c157d64dd9b893c16bdd6a56d169d72cd3
2a9a673132be0cd904d19d18f5d37b8616d92c668cffc7d096d1d4f59df9b099,,,ACTIVE,NONE,71,d4be3a4b92f2e4a6bc1f8ce623d741f0ae7e62881fefdc36c0098d6498fbc331
2ab322ac5d887c588296857f49f32a466cedacd2f2f99f4fdb8bb141d58723f7,1.0,1.0,ACTIVE,Regularly,31,0e2631af6cbb878d2c9ba48244ccaa8ffdf3be3241d77f355a825cd83cde33c5
2abd7ae48cc5a4852f52ad4e7f1593784bf26823e7b43d499763fc12c135c58e,1.0,1.0,ACTIVE,Regularly,31,3e36c337ad6f7cd9cfe5aa3b1093e6eeb7b2fd9929306b8b7233a08ce6066413
2ad4d34fc2bd0338fed2c15997ba7ddb8f133ed3bd28aaba3116fbfec6030c2f,,,ACTIVE,NONE,29,54260e3652025332a22619b2bdd944d4b583de96fb65261eaa59b9370c6a4118
2aecabcda96fa02f4aa0496aee911d0afcef55318efe06c8bcf3d78e35515df5,,,ACTIVE,NONE,64,a956dadc8877f71a5cb7f7787e61f7bc324050ffb8fc8b23017d1c0061498850
2afd4682a343220fbe8ce4356e5376a297844bc22a24d28bbc6a4eec40a2c3af,,,ACTIVE,NONE,64,642edd3b81b2091edae89ff84fce3b9cee6e1d63becc93a81a304b77db9a6a73
2b3c54cb115b432459f869bcc194f017fe3019a88f177b29d526501246eecdb7,,,ACTIVE,NONE,19,e8a1de22a0ed940467d8d61f25e92462b2c02c3c7cc4f22c3b5d46e72b5f7d75
2b609b2c3f38a6e4db9c52958b25b7d83d8942b54e1aad34f7a7672b81e70abf,,,ACTIVE,NONE,29,a3629d69e41b02da7f242e83f64f71db66fb4f689eeec447784dfed6a761bd14
2b65f5197cdca46acaab283dac74de5c0f2168068f8c3f3b4f3b9b4c42d7b113,1.0,,ACTIVE,Regularly,21,9f553943b388fbfb58d787b1e02a6f61f564ea205a90ea9798edcabce6a6fe79
2b81dfa44c106618ec9fd27915c885b7a8d207c0c2df5918c21c43e84c9a8044,,,ACTIVE,NONE,60,a29d47893916da0f26c47f42fb73004153bab801a11d9472c58a141473257d77
2b8abb9aac5c57957c63d4ee4fbfdaeb8612073e30551db17e72ec84f9928d78,,,ACTIVE,NONE,28,974f85b9276e4533a23977b89705739a708bd16d765f7d43294241ebdcde774d
2b933ca07e10f6623550b7b972668e38a0ca46a58ddd3b63ac8775efa2530d43,,,ACTIVE,NONE,32,0d584dae1ebca0236c420069c8945a0f5277b20dcea8490f04604896173f838f
2ba92e06972f109cf6644d9fb63fa5ea8df9b2d9acdcab84d932ccdbfe9def59,1.0,1.0,ACTIVE,Regularly,21,a23b34a688114dbac5f243080a8abcf30ec7962e7fa2b3c0176608b4d42c7fa9
2bc8e668641d7e542ed748da72a245f8a97469f8d56e1a2e91a85f4f67f627e2,1.0,1.0,ACTIVE,Regularly,24,dad79f14979e57697369fae6cd11840d1c4a80612739fbb1da706bfb7c883f2e
2c14eb24625e8b1c04447adbf19ec671a45a7ea0196b029457285b82c6241f64,1.0,1.0,ACTIVE,Regularly,54,7e0ef7ec40d7daab0abb844723187edfcea9ae4e3f2afbbc87a32fa88bbde23f
2c3434f9d7339bc1927b1095bf2535ca74ab2686629e3e147d1cab4858fc18b9,1.0,1.0,ACTIVE,Regularly,23,21bac55ef10c5a46f288a085fdfb09c417aa8b62e24c05ae6001d9d5d742bed6
2c3688d4bc94eb4e3c35ccd777481a145752713d6b90ec276099000383466ea5,1.0,1.0,ACTIVE,Regularly,21,429b170a562ec33800e4cde9b65d31f05b27e235951b5f21b01a0fbb12dd48bb
2c463dc19dcaa503dac5a4161fe19f46efadfe6c4b58225208c1a73440a8fd07,,,ACTIVE,NONE,24,21df3cac4a3fe73a88b9b92047773a98b22fd9eef639d9b02230e5102f8dace9
2c53ebc305df4c5dc00ac464b2215d24bb85ffc6c91d2def567a5300815fac79,1.0,1.0,ACTIVE,Regularly,31,338104beada1372167fea242b59f679b32446a39892388bcdfed551c3bcf5123
2cce4d933a03e6bd78375efa5367163396dca2c9d3084e9e26cfca2438f8b981,,,ACTIVE,NONE,30,403a08356214b35f518ba1d9bfa1f5d78846e9005c6693d54040141cf96a36cf
2cd8c49e45ac21a706986d98b8c837a08872b699f3297e72c1e19314d3b8f879,1.0,1.0,ACTIVE,Regularly,21,2db1f0c47102d5e7258397a13f2d665d25040946f44d93f86b63a88c0367f83a
2d1740350e01919c7dc7e0930d39601a38d2df71cfbc9f53a1b7a89f2e61f953,,,ACTIVE,NONE,27,5100729e078266bfc1466aeba22f120eca4f9237032d1771f54a9f55386f7500
2d34604b85203590e7631cb60d75944f16cc8b0f78bc236acd9039672e7344bd,1.0,1.0,ACTIVE,Regularly,52,68b7dedb8b1298843d902558840419ee85ff096c919f2c15eb653e0ee8694364
2d5690e7230386a0e8e157a2885727318240a887632ea3bcd8f17d106398df45,,,PRE-CREATE,NONE,39,67a97581dc445b440bef734550dbce9e656e0260be00436d7db9910908829c66
2d7042dd90f5a004b09a5a99a1010550b316b5e2fcc11b4db181f208320a2427,1.0,1.0,ACTIVE,Regularly,18,67bde5071d73bd00bfd023bec60f801051336226ea910ecfe8ae61737a6a16d0
2d7a855d55286e87fbab82c2353000c2d6eead591a6c5f47a2b756e9d9e47ee0,,,ACTIVE,NONE,24,5fea065070227d6f9f7f1cc9c98e79bd76b11b7cde6c60d99509e27e67b9e3b8
2d8bcd0d9b4b8f424499b98e8b92b8b42cf4ae6448197fc585a54f224d841b2d,,,ACTIVE,NONE,23,173b0d3953fedd6c3d794421b9e6aeb166a4e83eaaeb06a4ababd28ea7dff580
2d9a2799c53722b65fd1ac995562742851937cf952cf61cea0fcd989c6e4cc55,,,ACTIVE,NONE,50,077d2a6a601a6689308f7844e4e95fd05b824a43831fc702ee4ef6df759381a2
2ded5f8323e21658cc98bfbb1315d3ea0165759d917b0cde5efd6dc173e65566,,,ACTIVE,NONE,21,8e0d657d3cf8d60e5f95363c429400ecc7d241c90fded162b0ebf6faaee8a703
2dfc6e84f65851b2fda043bc3856e66443743642b2d0f49fe9031ead93320c96,1.0,1.0,ACTIVE,Regularly,23,bc0b41acd82ab9da5bb9cf19fb36fd690104a4a7e94e1cf5efac6338022e7ebd
2e0dc55ce7b495280a1d1a5eb6e539bc16ce6a9f4163fe6a1864cd726f2c619d,1.0,1.0,ACTIVE,Regularly,43,03528ba0485d48687ddbeb1bf486538aa74ab9212bf987316dab0e67fa3a61b1
2eeac4e41dddf1da2b1ae62944287ddf07c3b2868793aa6ace7deb84a6ea0601,,,ACTIVE,NONE,20,086acd2083fa61f355ca7d030944a74729c7fdd6dca52e3d3c78c7c95d8b6c26
2efc8c456700601152d383c75db4334f726eb9d500c52f8491c27fe4a0e6e85b,1.0,1.0,ACTIVE,Regularly,26,86c44ed0a2b484e70577ec75491634846f8d9241ce9bca8618f8509c9d956c4a
2f08545d219d3710c20fb6882a20324743817f78a85577e6e2d9f692b31a3a32,,,ACTIVE,NONE,21,0a00cde1cdf7eeab1265e9e40e2ca4d34920dccd3a3e5d607672e433544aab30
2f08bf8a20ee8dcb9de8b6e9c24841d7968720f77c74fb1b2a9bbceea8300b12,,,ACTIVE,NONE,35,f60338de4a9acff91cfef612d8c025e5196f4c17f304d00b61423902b61697cc
2f0c3b0fa13563bb6820aeaba6bcacbcafb5b8ca9c96c2087976bf500c35ba3d,,,ACTIVE,NONE,27,113e0dcb263cd722acd491d8a185a8fa6f325e8a4817568d85898e543a5e1786
2f20819194aea9f67cb19974cb7a7b1b161ec0fb4c00dde8d64b4e303b6cf958,,,ACTIVE,NONE,32,2659448f35e703f28a3dac667b909b39886d47e4747e6876727c400002d32416
2f9c2b3cc9981cb19b9683d3d4db7e5f0ec405d977d52b5b1f50632cfe3ff024,,,ACTIVE,NONE,34,d00363b9d3f33deb774c4d312ddf853b7c91ce12758ab30071075c836b9fdf59
2fb56eb21d0a0dbc6e6ad65a6f1fc17bddebed368682d6f7300b82fba905a881,1.0,1.0,ACTIVE,Regularly,40,47bb6e1383824f7b8614997bbe86c9819245ed416d0678e854073daed2ffd30c
2fb94d3e7b3b925a9ae3e50553810f8d65225c507bf3d849af5489a0f45b7cfb,1.0,1.0,ACTIVE,Regularly,19,f5d9596147761bea8843af1f365e8a62299709780c87c781119e8afb091a1fa0
301055fa47760c1e05038cfacc0899addcc70a7b5b6672cec0ca5f3ce3d84e52,,,ACTIVE,NONE,69,8f33efddda9c291b6be4ff7be14b9d1372ab999e7b69a9b4b37f92c61aa5161f
308a07114024f2c7c273d78fcc2a111287396e8e9df7dfe21a2a76dc48b64fcb,1.0,1.0,ACTIVE,Regularly,21,2c29ae653a9282cce4151bd87643c907644e09541abc28ae87dea0d1f6603b1c
30a155e660af9fc1338a91ef376f784dbc3899fe6e487d7eb8ad00106bd174bb,,,ACTIVE,NONE,22,a0bcd3d6ae02a75dde7ee162fef61e84fc34e5229d9db76176ebf097b48fa72b
30b5f1dcbc29d4aebd55ddde9e4d7dfbb782e3ef6701e168ac08a756c91b1317,1.0,1.0,ACTIVE,Regularly,26,08c51f0ada94c50805c246377e4cd1a4c1dc832bfb07ee023f7ea6014f2b0929
30b73635d2c07e42bd7bf2141156dc3260bceb4e61c956653dc13d05de0f8b5e,,,ACTIVE,NONE,25,b941ff3456559be91a744de1293693cc76d999c830f99f78cce78f5f9a87bebb
3165555fb2f81090e102b4051e2e7e5c1b4b67736561065a4712c9ce332a9e8e,,,ACTIVE,NONE,22,ded16e09d8cf46b6bf212ee6b4790f46def0cb770497b63fd2340d00e0926154
317dac55e072b9d7bbf46afb0415a914527df9136fbfcafe84dffed29b35ec00,,,ACTIVE,NONE,25,2c29ae653a9282cce4151bd87643c907644e09541abc28ae87dea0d1f6603b1c
329ed90d235ebadfd7a4819bd44b6b807700f75e56d84a4921cc952d0d9c5795,1.0,1.0,ACTIVE,Regularly,42,228b805c89eaf06190dc606513856654ff159437b4b65f7ee4f7993bf213e827
32b35992cd8719f0e2434c21f55e110c101730c8c4fb9d390af31b2eca13cbcf,1.0,1.0,ACTIVE,Regularly,19,cd4d768fda640718fb494ed48f599f257f8bb7820b8066baba85eed8705c961b
32c092a0482297e897e96986d41fd19d0650e4c0ab0469bea2f4762d0062b9d0,,,ACTIVE,NONE,74,89faaa2047346f18c2fc57d7b2c5871cf002d7625a7232bc7adbe57fcd23e808
32d6de7dac8f8c53750a1ef0495d1a2b39eb0a4a1b8279c55989efd7b31c78e1,,,ACTIVE,NONE,21,1c52b1ccfe54f9509f9a38dcfa51023a76c22231faa168fe559ab3b269430a25
3321e0fd70ea66fceeb4a4986d5beaf9bac2d1d2cb92b5abea06ea493ca771d2,1.0,1.0,ACTIVE,Regularly,19,19858b49c0f2b7761aa4dccc0853ff27b19d88a66b9e396541e1476320d9e553
332b9294b33785824b3495b88cd2f0c48efb5380eba52bfbc410cb3462390a91,,,ACTIVE,NONE,20,54861e5f6c0763c4a712581e8523a551ab46a32542806e2abdf5c03cfd95068f
33694412e2e5b9f3494490c5558a9a43b6a663107b8641f72fc645cef35002ff,,,ACTIVE,NONE,46,4b68cdf5c7cf90c4662231e7011f9e3d47066d1bc9cf2bfc17315904dd39b295
336d9c8cc5f96d53cfaa5f937b0fe1e2a2e19158db450141706a9bfe9668457c,1.0,1.0,ACTIVE,Regularly,25,2c29ae653a9282cce4151bd87643c907644e09541abc28ae87dea0d1f6603b1c
336ec0c621b6115d47693f72bb0c5b4ba22bc445d0ba130c1276ab26401056d0,1.0,1.0,ACTIVE,Regularly,51,c99dff2cdac19ba6b2107dc15ed0639084a1b62468901f713a70c07b39fa86e1
337f52615c2e67e3e58df0b5ae1623a2b698d67bb472ab43ba0dac3b4c3398c5,1.0,1.0,ACTIVE,Regularly,25,6de441c565a0972c20668c0e1bbe90df51f0df0a2f43a3f942b3ca5bbc75abf2
3382005420551bc1fd0ad84e9e243d8082df116b1b7a51b0877e3a7d3367b60c,1.0,1.0,ACTIVE,Regularly,31,dc0b7201186102ba6f935dad5a10d3a3f8fe7216e50700699d2620ba023e00cf
33cc99d912437678f2d699c139ac2bb5a5c1cba67081a7a8817c9c31a1dcb903,,,ACTIVE,NONE,26,8f19d2d71eebbcba6aaa14cab4b945d53df12de16ce2b5dcbc2852aeb8163651
33d2051874d5dfc312ea92e6d7e9430fd7db6e7281826f263809a41f9bbda9f4,1.0,1.0,ACTIVE,Regularly,23,72d01d90afd0c226d32ca53e764d544b0238563941cef7e5bc79e2595834845e
33e90e58fb890732e2fbf4b4472beb73d54a0a7a8cc61d8846ad500ec6bc9a93,,,ACTIVE,NONE,26,911849a7ee7bb676a4f2f5236dcf95b44ecbe016cbd001a5dc430897824a54e2
344c8a17bb2587f8e63886ed10c763ad90293840f3fb93c448ab6493af40c03c,,,ACTIVE,NONE,25,0c522fa7f2e52e88e4325cb43268727a36b88ca89e4c0f11b98197531cd0d914
3466b0da1cf93281ad7b442727050a4c0bc709531a84ea73c2bd7e6af3caeb84,,,ACTIVE,NONE,39,a3704a3e5349dcc1fb919b0a58c3f16dad3829cfb710ef75ec7c66563db02a14
3471d1990807bf046693eecfb40e6f062c8fd95f535c85993f73bbc53b23db70,,,ACTIVE,NONE,55,ae9e8e397fc8daecd928260637640599707f0512736dfeee907df41fc6ecd669
347dccf398c245352c821697c6b4e6b3e513faae138b2fc75a1fcc1f67e44db8,,,ACTIVE,NONE,26,537d48ef3377573b834cb8fa22673b836579404525722b276e1cecc304ad53b2
34d4bb9711948ea4cd919545c01ac04a744967861aefb2b85cfc93b39efcbb9b,,,ACTIVE,NONE,49,c93e06c657945001f9b1646eda1adceb3112e278d206244042a628ecfb7a8183
34d834be1b9cf00a8a3c294b8fdf8eba80f4a2dad817f722c87445b4becc8a40,,,ACTIVE,NONE,46,168ba994b1d5c756add634bddcf08298949af55e0b34fdb0faafa4821dcb3ec9
34ebf3f8b92760f9bfa563d22a686a4599a3bb66d2829d58e84536e6db950ce0,1.0,1.0,ACTIVE,Regularly,34,a9e0013ab876ab074ca8c07fd23c626e475843acfbf5fae7293e75468492fbdd
352e0b66c6e3af64c20bd42a0fa80a3886b8810911c6e0c1320edcfb688e4084,,,ACTIVE,NONE,53,f885170768aebe0615303affcae3afe950a7b973b794fe443371d84350d40e63
352ef6221bdfcd282934a13762f0e48f896c13366bcf61c622e65c77b3fe0f30,1.0,1.0,ACTIVE,Regularly,21,a115d831eb8b58d4b75a82a777f268771e41fba60a14cad1e4017d2d4fc68d04
3537e266b9c97f662f37cf76cdb99dd8783bc1a27e80c7877a3d50ef60ee82a8,1.0,1.0,ACTIVE,Regularly,22,dcc82bbb5902814b5e10563620bcb3a50e3603826a0687279a07c0c425310e25
353ef942dd7ad3be3e1ea71debf0bf167c9d78b28302082682b020eb0a87d4c6,,,ACTIVE,NONE,27,77b8663534fe67d9611e7c761030e382d764b123407e174ec0828101472daab7
3575ef3bfc40636469525dfdfe6e244931bae1a43ce53e02cb48e61b3976bc86,1.0,1.0,ACTIVE,Regularly,57,de0e74d71442c1614ac29d435e1f216a2af006a87d2ff6281331f0d0621943f5
358406c7c3f73047d5f44ca20858814ec34bc7a94a5dc9e6dbed5848795425f2,,,PRE-CREATE,NONE,30,ff95afa8fa49cfa4b85a09e2ca3caf8cbda3fa92421efd7dc9a9ddc333691ffd
359296b49ce6743b171f1c2c0becb5d45822ffb2adc5dbf3d68f48f71d827499,1.0,1.0,ACTIVE,Regularly,40,c25e2c7032167a0b6c327c8b0dac6c0cd14fdcb4a644f891a6609edb1300ba22
35940be5a417658c64596bc0fc5667f06f4fba0325430639ec8f5d7c07c8737b,,,,NONE,23,a663e6e5fccaa07359665e90e73f90f6d0112df5442d05320af07188dba9dc32
35ce9e98b090835bfb629d97b25f4a90234d7d748fb821b9d64268d4baa2974d,,,ACTIVE,NONE,51,e7294a5bf8e24191273a6c96f64aceae079111a0c6f73def9c6c874f33b3135d
35fb7993d38c43d7372815b8b03f384fe808fd307f6eb5d7f9d55af005758132,,,ACTIVE,NONE,26,82c55eb4fb115c654e12589af0efdb3d8dc4b6ec098ed85b16e6e1431c017db1
3606b5fd8551b4ba162bd5ce71517c5b490baaed9ac624090102fba7cd5d2204,,,ACTIVE,NONE,57,dcd6bda0b6a7fccff2705e3e24ff49c62baae3d5274413f311c47746a2c2b55e
36549f78d10ff84057ac35f3b76406bc18c4599c5a970c50fe4c3fd3f428419f,,,ACTIVE,NONE,51,0f43ede714347e10e350218de1c535635b889d1c673ce8e3202eca815d8f474e
366dd6a028fe8837c5508c5d0499b6321cbcb6ae5047ef87913119558cd9866c,1.0,1.0,ACTIVE,Regularly,23,1e5d10d20b31d02f0e14b0491d0ebc316b3356537ef4a52aad36c47f71f5c4bf
36704d7ed2743c92f27e3e87d863a28b264483e080a292c90216c72b9207b660,,,ACTIVE,NONE,40,826d9d7eae7112f772a0ad38a1e0e4a51f58646daf96f1d65837a1fce7aa0044
36d5f77564ebafe9c1b15e7374b28e78b5fcaabe8f2b72453917b9ce6a4f32d0,1.0,1.0,ACTIVE,Regularly,25,4495c6a67df33b096bc3572593de50c26a00e65b3c6bcec6cd14d2c1d37b4c71
36f6b38d4e4168a39840896f6c782b72fa93b075835edbd537a9da6f130f4999,1.0,1.0,ACTIVE,Regularly,26,283cb4b59f350b91d3d3670eebc812966876d4f842479cb0c8fa666d2f7671ce
36fc30cb36f890a676e03da5b72fe90008df40d4fca3cadff7decbb2bf188e9f,,,ACTIVE,NONE,60,22642ff6b40a3da914d8137a863ab8125cebedf63a09aab4b2733bfede7be4e3
36fd6183ccef91942dc0562c112092a876271da9a29d10f2f95d958c9bbe35da,,,ACTIVE,NONE,51,2ab39623ab6b839a78704705c8fdb94a7827b26a5195ef8a1beeb45f1cf0801e
36ffddd022ce2f6a14f6f04210f3a9eb3ac1fe97ba35c524bcddab9c36d46220,1.0,,ACTIVE,Regularly,24,f057ba3868e1d03161ed5f4a05365fa36735817bbfc1b1fff58ef2fa411fad9d
373064343fdcd872ef064c140b55a214f17b442b5ce48f8df6ed0c4dac7abb1d,,,ACTIVE,NONE,29,3a4f1ef563a4971b27e07a33227ab73dcb301a80d0c1b3a1b2ab525e7ffa78ca
3751de757925eaf41b26c941e059b0e8e7d2b76efe1d482a0bcbe83a8e9ccb17,,,ACTIVE,,39,ea026963f29c0cb94902c18ac6c17e49cd09b89794e80df9fe95e1c550cfefdb
37745b88df7984374f7e905f952aaed8093f285af3daf9200e35839c7fbbfb0a,,,ACTIVE,NONE,42,2a4df0f1bb399591cbbc4e6efcf2fbd758750e48d1858789b43b30719b052a27
377a9c798818cc0f77542d1f91d57704d2bef84c946c80d9516f3665eac2cf12,,,PRE-CREATE,NONE,28,0f93242a70ebda6b0558a091f3f5099be86b0adbf8282c149e1eacffe7a5ef3d
377e976bf6a8db2c43cf432b2fb76cc04a38df5abdf5abaedbfb4ce51b57365f,1.0,1.0,ACTIVE,Regularly,28,c57b8de809ba2395d2e4f7143b66697b499cd0adeff1d6423b6470bf6e20d4c7
378c72a31666003322facdc0141751119e155676b2919d35e5b0f8619845642e,,,ACTIVE,NONE,30,fc4cf48c82be662a23988272f5bdadc8650d812326e0c2ef9177fbea2f10d499
3790d1d08d704165641ef6d3e6e9e1160970e42b38d047234c8205692fe3d55e,1.0,1.0,ACTIVE,Regularly,23,aacd8ea7f4550ac89570072b0921b95b168cf738dd447f882070a8fc806240ca
37c3579410d0d866beb493e402c0e4ea8c7134698f1534f61851704410f65d98,1.0,1.0,ACTIVE,Regularly,21,be23d851339582d9ef22a0271c1cbb6d20ae922f89587bd6289fe427e1a471dd
37cf7a4fe536ab640c02952651ab0c25f4389bb155a01a7e2144da3df6d8e218,,,ACTIVE,NONE,61,49d22913bae63836fd0034f15eb6650bd84d9b660af7322877463f8f3113227d
37d7d1f485f4b73f714b91029327a554e8ac066f68d868a38ac451b8930ef6ec,,,PRE-CREATE,NONE,36,18b8da8bc219c3b368d34963852c0574f25fbf43e39e144ddd635df4e95139e0
381a11b2b4133acf5321a97fefd8294c95566d0d17297e3b4b4f0204bc4cdd61,1.0,1.0,ACTIVE,Regularly,19,1ac85a6190985a3a7ea37f1889d26154a4825db01d7cbd7b4e24cd0f70d42f4a
383cf8272dd87fa9baada4b2a0f6727680d22cf95cd1244775616076f75dc860,1.0,1.0,ACTIVE,Regularly,52,34e3432a5b9426e17044711c4bb79594e302f3b4dbe9a685c9871755ff96cebc
384cca9b740b9b7d7b1fb67afddcb0010327f620127fc38ae22baf988e0d5ae9,,,ACTIVE,NONE,24,d34f9ca14a53cff2bec280b72a1660e57060e89555466d2eae80a30465bcbd68
386e33e36a377561444c0d90e05ba5e387371f38a44a7c74b268fbaaf448dd9e,,,ACTIVE,NONE,41,951078631dfd6cdcc00f0b1704b9984914900a3958fad77683ebe9280016eacc
3874541d12de24ece502a71d0584b80bdae93f4029a1d0abfdad4509db006b0e,,,ACTIVE,NONE,41,10456900f1d0971088af117e6e388779067d1cae30c3b0615d1e55e627667b57
38853b20bfce5f9669449b439f79e177a834ef5512c4065eaa8142549d19f288,1.0,1.0,ACTIVE,Regularly,51,d8f597638800953d19700376dad341564e69274f005c859980169fc5f06445f8
388867e4d2ffe1ce5e76df85327d02d8b68711686a6d1603d45030357bc1b191,1.0,1.0,ACTIVE,Regularly,18,d864717a8936c59281203705caa510e1022a78ad3056c7f6b1a1b7db7b600b3f
38a9ab9cf8499e13574b9a5e58c767901897a7d3ec886f3ce42ff130fa50e606,,,ACTIVE,NONE,55,3ca6dd18302c09f56a32ab83e1743b86dc65bb2e67e445a3e1ff9ee7500acc62
38b1c9ee5e9a7f9af76d49a5f116520601e21430a32087b27a417b34f328186a,1.0,1.0,ACTIVE,Regularly,20,1ffe423b588ded62a6f6ab972369816bc0f823960cda0159bcde34745d77872f
3902fbf1a05fe4501b2a9d6ab373ca5919ae971f9589c11c2eab8bae04ee91f2,1.0,1.0,ACTIVE,Regularly,77,ef5949dd07fa2741404b3d7a3c849ebe92f69e6847075b18921869f844e1d605
390e255dc16b15c7eb01bed19e30564f337a5d051d931d7425b003a1430c205b,,,ACTIVE,NONE,24,849e48e038175b698138ec1e088c3218fb0169a368a0470cca9e5e2fd2adaab1
391aa83dfd9c672da8908c3671de121f29b02f7c0e3852024181f11398dda0f0,,,ACTIVE,NONE,61,437020de4a93a3b87d3a62ec811d771076ffd93fe9b4b0cf95cdacdd1840a8c0
393e1eddc113967328021b61602d1fe943d42515011029cd56b9e4c15efd5f5d,,,ACTIVE,NONE,24,34d7dbaed415ceca7b301982649752a58614ee1b9177bc38e992a02afb29d1eb
3998b9290bf83d4c7e52b2418b0b4fbb73fe48a46c5d08553b85434945a204f3,,,ACTIVE,NONE,26,fc43a7106b79428f0b37f1c0c5044255e57729f2f16690c25b06c29058ad05a8
39fea1c920d6c1219fe3ca67c9851c4b3763aab290067b35c2762c151583776e,,,ACTIVE,NONE,33,a02b0e88bd137014d40b29733dd4c07799396f2f738ac009141b94417cb164bd
3a0cde8563bfbcb220518c722e6788211d02f813d6ef40d5b3e556dd159a0811,1.0,1.0,ACTIVE,Regularly,30,90d328df07ecdc04313d2f926d80280661d85d876520ef9db8cab9b9b7013a9d
3a0fd90fe9be2e53290fd66856bab226c5f0022f0a7723244024b9aacc7483e5,1.0,1.0,ACTIVE,Regularly,26,183fb48cdeb5d0d8001a92ae624a11d5e7f991e2b86c757fcf98a6a12a1158fa
3a3520c931abee33224e10ea47bcc54315c7a6c2ff93f3e5368bd4447ae26262,,,ACTIVE,NONE,29,f1afa76bde117a82e0d4f505d564691b4731b79ccec1192f942699c7d3f376a3
3a446a3f94ae96cfb8012422c64aca59d296f00fc6e5c8d0c4dab00a911fa9d7,,,ACTIVE,NONE,17,2c29ae653a9282cce4151bd87643c907644e09541abc28ae87dea0d1f6603b1c
3a76c2852b0c16beb15bbaba6cee77d661f8130a548f600d0427706170c54c1f,1.0,1.0,ACTIVE,Regularly,21,399afc73990b4ce60ad356431853510e64e2e4098cee7375afccde3887c9c368
3a96b01f92ab80845ea0259c4d094a745e2454d8486144526ad5867a4f6666a1,,,ACTIVE,NONE,29,a69351455ff7608023a94747f70579ade2a7da4e20aa9f65d11484f16a14cc41
3aa2aefab6152c901068a5ac3bdb31c17ddb76bd69eb4800174e1d64aed3fe2f,1.0,1.0,ACTIVE,Regularly,25,d17273fcf2efaf81884cf12faf73a2960da0cbd558692b35e96105b9d8138ffe
3adc77ff2e7dfb36111f1a7459b489b5e68bedf0664076b49610215f96803136,1.0,1.0,ACTIVE,Regularly,70,9255cdf675f34afc8c930dacb51696463d0734d64f9c82f7df830dc246ab01ba
3b022e11f37f48dd8d105f87fa801f96a5d40438561dea8db67f0520516cd9f1,1.0,1.0,ACTIVE,Regularly,45,d04424fd8ed77d25d38eb61e02c52128b80663588987fa3b0eeca5a1147ad02a
3b1d07141cd49e434d09d8613cf018c9477c92bd76fcc0afa8cf24017c0f63b1,,,ACTIVE,NONE,26,b3410e9ef90322816afaaed817dfa305c7630643afd7ff95417e52990b28ddab
3b279f394383564d6ff08343f50e93e5a92a255534050b7525a5f852e9aa88fe,,,ACTIVE,NONE,58,3f4a2c42ac2a459fb2a4196168e6190ca6a54ad1e7b0c38f07e639b7eab34529
3b53ff8d0e3bd90158ae0db31a12d131f4a0a7f4136ac13514d440c2802f5740,1.0,1.0,ACTIVE,Regularly,22,844e8c084306bc5a4da99cc14c45b92c3c39abec69ca62b4ec9988186bf70a40
3b56f358e3be152d0451dcbca42db4c114f1c51958ef78b71634c69e7721a987,,,ACTIVE,NONE,20,3e578d7cdfd85915525b7a82cdddc6f21f6da023566cf47380781fc5f036b74c
3b5badffd330df8591ee720ead8ca459bb4aa0135c5e2e0f97b71a3177d77b86,1.0,1.0,ACTIVE,Regularly,48,3cad1c8fba959832370464d94450ce8627a30a22566603531b25efb5cec77337
3b6999315f44bd6caa310fba4d3a7803e863b05b21bffa580692d319bae7eb29,1.0,1.0,ACTIVE,Regularly,62,c3028b24dc814d806421766f52d50580b60a86f175ddaaae4592e967704716b0
3b6f4003c8fe60cac8f9fa85ee6a2dab46982c55f780a8ac498735df9dd0a2fe,,,ACTIVE,NONE,26,a06115f8da878dba2a9d59d59bd17873e100a43c7e6788abec2b46ced2b0d62d
3b8274209bc622dda504d456afe0659993b3b24933507b2868ae3817762287ad,,,ACTIVE,NONE,37,47972409bc0a8e65f84ebd47f392bcd8d86d2e74d2e6bb34159d45303293485b
3b84a6c32a459ed059833cc05b060bc56a110a7f4510e4f381c0b93262e68860,1.0,1.0,ACTIVE,Regularly,22,5f5bfb3bc536831006d91719f83fade8be90088acbfccd43d01181f9663cd3bf
3b953d2d9e76a4ab468400cef85aa4baf3a6b1f00e9686757f37bc5c1901a95a,,,ACTIVE,NONE,40,509ad4f2b54eef93e8dfd2cfb95066ce88f79e255004fc26758b228fc600b356
3bf79971ab704689ae6106455b30d9e4097b068edf3e293618f54b2b5e4fa458,,,ACTIVE,NONE,19,70798026a5dcaf2d0b26d8ce0497ca9194ada71fc40436ef4104c4c97ef057af
3c18421d1814df14b96a9d797c7d2e4d324d8e815cf0ba12cd0aed79d3e1fd01,,,ACTIVE,NONE,64,1524466742c3c105fe36dac73075cc0784e9844313f10fc61d55f1e72dd47370
3c3251e852f34ee4bba598c9c8fcc1acd5cb814d9e1318dbf7181ddad75ef3c7,,,ACTIVE,NONE,36,d8c6d978befaee08a2979c28cb3422e19dbfe3443ef0d552b315ea9ebcb16e72
3c33c7192b16b27d050bb426528bee36eefe42dc0e1e2248e3c12b4f481f911b,,,ACTIVE,NONE,30,84ae8ef782be1ea2f23a6ee2af03320fe406fb4f7185b3badccabb229fdc33f0
3c3a079f36f3f9d3ddec741bdc128e7e00dc9b4699d8a5724f68f42861caeedb,1.0,1.0,ACTIVE,Regularly,38,8974aba1aea41a9ece9b610d36cd7962052f11288ee6e0f2d91f60f3bcdd7353
3c60fdeb03e9f6ddda97d8a7f1250cd6b63c9f976be1031df3d0304d8483362f,1.0,1.0,ACTIVE,Regularly,22,ecaefcbd654d79453f6a47612d398d1171acd7b92199f8ded2c4b08af6b1de36
3c61dac11f8b80aaa41bda8b8817659160b6f719c2472361e4b3616386926202,,,ACTIVE,NONE,21,edc95886520aa805ca6142e660ccbe9713a40ba7b2567f69161677ac61ec2503
3c9287fa3ec0714e07b1499db26896a7430bccb765b992d216fed82a77668c7d,,,ACTIVE,NONE,28,ab26b26f05a67a30b13eae50e5f027f6a97c75164d70d3e8f3fa8230b1b34db0
3c92d8fbf87aecf9b3fc359d316acc2d37da8ca056cfaf356ae3e9566f4eb4b7,,,ACTIVE,NONE,55,ee840163bdee9826a776cb537e8fbdca20b2909244a436ccd3353e1de2a79fa6
3ccfb584111622715f1696a4049378741ef481c78df8f6d2f1fa30833e702e0e,1.0,1.0,ACTIVE,Regularly,20,f8dcec9af10005ad48fa7a1698fddbc7903f40b4ee27795cc0c44e98b074eff6
3cd8c616a753c858878100f59bc7b6d22232a5f38d1416fe98245f6d8d60c1c3,,,ACTIVE,NONE,46,8b49a36ad92b49c103b9bb71df23421cb50e324e31c44d098286943fc0bb4a5f
3cdc284032a02d459be3a2c7615583193f07c0c602a734ff01276edbccef0fd9,,,ACTIVE,NONE,20,e88a07e194af35d134ca640b51b4f51fcb49d7e0ede468c1a5dd9bfe6ff1329c
3cdfe0b40000ba4997cbaebb8895e116e15eb6b9e998221284097f82f58e9075,,,ACTIVE,NONE,23,176db87bd3652674c87a0bcc05e7b83170f1806994d556574e1796d0e4c87ec5
3ce0562355edc565a56ea1f6ce62d2a0e00ab6539f453709d40c112c68613f30,,,ACTIVE,NONE,34,f127e2f18b170a9b84d4fc7a01e5547238f9e4d963c766f3e29062010e98be19
3d08888d0803081c3288b9ee4a651d7eddd483bee8ef7f597dd5ea0114f6696f,1.0,1.0,ACTIVE,Regularly,30,46318fffd5c5076d8c7671823bbebe311e5783bfc14c90e25c9b541ecbfcd5c2
3d10bc52bd1f1a06d14159c37bc01b018ad439de9744f730f1b3cbf5eae51446,1.0,1.0,ACTIVE,Regularly,21,f1ec1b35d869ea15427bf974c7ca4e58b11f574bce57cd09ad76d24a1b013e20
3d58f7cf6b4eec10e55a9c887ecc2e7d9226fad0a1eb3cb318b72b6db1a43279,1.0,1.0,ACTIVE,Regularly,54,93319d8da5531adb21ab76e2275411c5dd1bd22219fa39f621d59832bb48b45b
3dab1841831c24692b794d341bd3118949f094e544e92cdf91486d668acfe496,1.0,1.0,ACTIVE,Regularly,30,3f0459823e3480d88f08e1d576668042f026846408a07ca08b0ee2f4c5db25b6
3dac5db38b6243892384ad3698a2acd534f6b462a83031c23d719b3588a72471,1.0,1.0,ACTIVE,Regularly,53,bc5e105610dbfb11f78da16c0b11890c81e658228662c403f2d22797d65bd8cd
3db94b63388222357eec7561f44395d084aa48bd7fa7ce52f7e9d1540ba49cd9,,,ACTIVE,NONE,17,5c1115c6d61d99808b2d01e76f1d8328740342ff61508a6528a622189843b792
3dea728466b2c188a6ab2750d35bec45cc8e5e861dad3463f959709499ca4e8f,1.0,1.0,ACTIVE,Regularly,23,bb1bff34f953d7e8084b03ef2cae4307d5847f14303c9f96c8e818b376fb56b7
3df8c7ad8628ff02b1b06a9919d41b88c50da4f156706c6a7ae283f0e97c7d1f,1.0,1.0,ACTIVE,Regularly,20,2c29ae653a9282cce4151bd87643c907644e09541abc28ae87dea0d1f6603b1c
3dfcc263fcaff877565c73972c2f3d0d2673cb15a4e883dd98904ffc9e4a938a,,,ACTIVE,NONE,34,742116cd6abc657660d42d76846ead5c90865b7ea429c0de0afc5d93d6d8b1b6
3e217c344d681452d746aa9997882ebd9838f02302ed2bae201e7d1357c8905b,,,ACTIVE,NONE,49,448a29a73fe6c4300a661549d5d85840886cf1a667b0243a5cc47c63e4f191d7
3e8300c60516a0f39fd1511bd141fd9bf41bb9f120ba647105e5d26de98a14e9,1.0,1.0,ACTIVE,Regularly,53,5ec6dd1cdc5fce3f463692176e91d5feead825d10ec5a509ff578764cc023eda
3f11f4ee03c41969174e9b377dccff24286ed3ac37053439b0f5e047a39ed125,,,ACTIVE,NONE,17,ff6335fbffa84c6186163101898c934101da8e16a87d3bd89fd1391967fdac4d
3f2a1a835630dbec2d5adc4679a171ee384ee87b8c4623213ea407b557022370,,,ACTIVE,NONE,30,779cb309c616a6bc134543617bd320f2dd1344cedee3fe66a8082eb8056e5f80
3f368c6eccc8b908a0da517b134c79eb7feb70e356885e4a39be444cf0ed56f6,,,ACTIVE,NONE,25,3f0db8e92d6961f7b8afb27b60bc88ac6a1c06cf3f1dca536793a2ed652d5ebd
3f445ed7f6d844648ee7310a59dc2e73602f75413156a200042397db59f067e3,1.0,1.0,ACTIVE,Regularly,23,dcc82bbb5902814b5e10563620bcb3a50e3603826a0687279a07c0c425310e25
3f52b27ba6ccf8cac75427f1ecf54b948e52c4814b49ab6488388c7f5a0318d9,,,ACTIVE,NONE,52,51599e04bdc1777cf1311c0c46eb8c0eaf94743e234b551a8c5b38e7dd1bc6bc
3f7a03326ac385b3689bd7a9da253f1d22cb875c06cae4523217a97629c39d6f,,,ACTIVE,NONE,27,af2448e4a2af9581000533f152d04d0be118db42b9525581d4eb9216122d21a0
3f82a90f4bd44f146f2a0b06c507e62f49be3fc6437912fc5a03910a2f4fa5aa,1.0,1.0,ACTIVE,Regularly,26,bc26c6a86c13f2c6c0deb91290edcf0422bec8af022db2847cef475e0b160956
3f9f601bd49a3ff2050a8c9563751aa491c01dd90f846651c2db14ac9b095e4b,,,ACTIVE,NONE,31,a064fc8adf7af87118362705a2e9367a02729ce7d99820cadb15ea36910ca0c0
3ffb740431a3d13ad7a38f6e793c09c7dc43de0d50718525803758127139d135,,,ACTIVE,NONE,31,a6615a32c8be003b8ec35c997f2f38b93c6ba7f1f73efe39a98b84e1d914c670
403edf496683b1be5c338b11644d0e18b8a02430395e8f956236190ccdd6f9c8,,,ACTIVE,NONE,53,7f69cd05995b281ff45881cbd8c90f13d3936dfb75aa56b6b46d53de0c913fc1
4072d89747005afe9336e9c30ab927d41eccf1476d89738da558b9bf23b8e6f0,1.0,1.0,ACTIVE,Regularly,69,bd4126cacfdb1684d6e07430138cb59c7e230f5c6ddd9e1362f0cb4b9588ab2e
408268183c327b7f203dca723b05db8897b89d08bdaddc2cfb31134a77dd6944,,,ACTIVE,NONE,50,0bb2683a9fcf5bc9a60748ebe8d9c875206fc12dbb9e65fe5c5c46e0916ed8a6
409b95dd4d1304024678c702dd15e9abe2feddf40d8415511cd057603d41ba57,1.0,1.0,ACTIVE,Regularly,27,38d917e4d7eb782b4ae377771fd812a95d92166da6a37f77669582e781ff76c2
409eb6dfdeff4bde9de48cdbfa525c4872df3a3b329de9141c39660babf60454,,,ACTIVE,NONE,33,f9944e15e44882fc2edc667498be59908314b636571a0435f68ced8c0c03fef7
40c20a4143eacc56c19a0a974a6e9dcc6ec8660a7b0ec8e196a3fe9cd663de88,,,ACTIVE,NONE,35,83fd6b46cd62f40e2ee175f907579ce4ee9a593647cba131afeb8d4221099bc9
40c53e31948a0e8c75f2292d2e0aad61e560e1a7307ae8cdcfa3a6cac106a9e6,1.0,1.0,ACTIVE,Regularly,54,25a809295ece328850cc3bf3c2ca0c9ce7ce8c318f709f40a1469133439472b1
40ed2146288c0f24522ad8b760e60a7756f8f6da079838af6a24129aa408d071,,,ACTIVE,NONE,23,93f9d80a6ee2f47ce44d2d8724c1c8d87d3921e441b4eec06c260901bbd9922e
40f394c99f80481cd85005f74cce018ff32ebe39b06307f1521888f4b6883e43,,,ACTIVE,NONE,30,782b47f14be48530449d8b57057eb4e664e4871eb1166d84d61c00e73233a3dc
40fcdff9785fd6dd1001e7a053b29417099e20696839b4cebbd7cf267e0aece9,1.0,1.0,ACTIVE,Regularly,27,4a4112caa79a3f0a639027d1fb2e8fa9048880e48a6be16d32bb1e97f2357e66
4109762f45e492fc6de0b25f368a3e5c48c33bfd3c3a180f08b29ac64c3ca7ac,,,ACTIVE,NONE,55,91684a034ee72a6796a0cf80bd3024bc2bac5af4be430eae4c03b523c57da0d9
4192fb73156130453bf6e481e3d39d1494b04d28680e9c7b98dcab3c6daa3f37,1.0,1.0,ACTIVE,Regularly,71,d1e7a537fc824c9df0f2e74b84166ab4f49527e870b2d453b6c9c785ec63c552
419d23baad1bce2c92c964a28f71012423904382110271c9e4a35fe7b2a744fb,1.0,1.0,ACTIVE,Regularly,31,f1b5e5b9a34083bfa6c6e28dbc4e04bbe106a41a236a242d318d7efe82d4fc5a
41a45190e672662229c75216c6642ca168116149cc866ac740192ef54124c41a,,,ACTIVE,NONE,22,2c29ae653a9282cce4151bd87643c907644e09541abc28ae87dea0d1f6603b1c
41b5c457a5ccc189deb5d9b7420d3e1125e304fe8d5ea13bc496b9c19decf751,,,ACTIVE,NONE,59,bb21f8316f0d6f1a3922a7e4c8a277f72b3739e1d80eedb7d4dbd9c6efa32351
41f40ccab92fe8550d3d8769a83fde709bde4a710e7ad7231b0aac8991d63a6b,,,ACTIVE,NONE,28,7d2ad5a0e57f064e67fd33ccd2c0ba0e54adeb77704ef4494e219d0973d7b989
420d33d2df4a02ef4beff7c5fa980d9a0e6998981f2bd36787a091dfefac960b,,,ACTIVE,NONE,57,506f21cc47707cce44f98240139a994ed812714e3113c8320bb886c798300b3b
42601f637b8b06154a21b9717843620dad76cc20845422bdf06f50c88ef277c1,,,ACTIVE,NONE,32,92c62838be970fbb64ce79592b98fc3b531c11773d0d75b9ad3838fe6fe85974
42abb6bad8e7f3113ea0ba86d0c18655865f9e32e4b8af43d12c1c7c21916d9e,,,PRE-CREATE,NONE,25,185935968bb2e0b93097c9ffdbee753a1ceec88abe5a9c159aa7622c22903d78
42ba36c9ec77cbbec23262c22ddc0ccc0c9c327cecd9fdcfe6c1d4f143c4737e,1.0,1.0,ACTIVE,Regularly,49,9fef63edf4bd703c876153e8e2671a8049117dca0ba3bdbffd382ae9e66a6d56
42bfb3b66eb7350de9a266c2da620fb33563d78e6cf241c3bb82f749850007fe,1.0,1.0,ACTIVE,Regularly,73,da98b1d72db7b41307e0561dd42e5ed391bb11921c6096689d2a7f5030ae998c
42d28c13776b342ffc13d27460087121144c8ea85967b04f855f49fbf201f848,1.0,1.0,ACTIVE,Regularly,51,c534202c655c87b4691da7a795b8c39f409869f56a1a6bcff5b8ce12d81241ce
42e8031d7dd60b5e798e962188d43a821a7c59e003e38685f530630bdec22ba1,,,ACTIVE,NONE,17,2c29ae653a9282cce4151bd87643c907644e09541abc28ae87dea0d1f6603b1c
430a5f1fb3a3eadd14ad5e6e08ececa0486a3224cb9a16542b93194d9e70f459,1.0,1.0,ACTIVE,Regularly,19,98508224e3e01fbf30af732fc852827ef7e260ab8407cd8fd990c1e8dbcc283f
430e2c9a4229bb161dfc31bc3483d6e1209bea0520b6e45b9275bb88bcc27043,,,ACTIVE,NONE,56,f443fa615ac250f2ad597c269ba0e12b52a4e90c5c42a93deb1ae53475e4a44e
43205e3aa14f60506c0695a332a92c94238bbbf167d691baacff4287c431bc2b,1.0,1.0,ACTIVE,Regularly,23,8dda5c6440deaa5b15412cac15ed8f6e925121d704bd44e8e701205294cd249b
433954134e8874fd470a8070df5a4b93818ebd42243a111a945be3f73dd23a23,,,ACTIVE,NONE,47,87a9735527dd55ef302db381f6747ec2ee4e2875c119bb3590823140e37439df
4353e15bb3b73030614afd6552361dbb6922bab3e419f6dd6c0ab31abd2245d7,,,ACTIVE,NONE,29,963ffa5ec475da0384b272db13f8a1e2881fea27e544b8d39c50cfb67f93af0b
436d49d0d3ac3b20d38a0c2dc9fd48714dfc37920a9daebde7c4526cb12bd89b,1.0,1.0,ACTIVE,Regularly,62,7ef8cf4b35f8810952fbc137a3e8a77faaea920cfad3f4b33a98266e11982ec1
437a8d46e23e7e700501c714fb6916916601534a8e23d9e9c503865a4c9ca9d8,,,ACTIVE,NONE,31,141171d66ddc9c931bf9b58154fe26532be7b681f4bfd13477a0bb84f5513a30
437cb017c782d27299043b8ded9fe3dde7df9a63524f659ff68b5260058faab0,1.0,1.0,ACTIVE,Regularly,21,40a8d37a5f2e7cac938e18e310c9620c93853f8b738a1aeef5c35978382377cc
43d2f9a7b4535cbd3b21843f3af8a7f41b7a24461ac25f2897e9b4b36d35c3b8,,,ACTIVE,NONE,18,febc4ca23c25dc198786bdd040db752ca4d63b1a3a162711b00fbe53b365cea6
4438361bf2f6a0d6fd7f02904a3608112b1cb3f9c4ae30b59e2f159fe20e5fcd,1.0,1.0,ACTIVE,Regularly,20,7d6678e66f3b701f98412a933da2c072140fccd77b235870ee10f6f1781a31b0
444a6766d83a74eed4d72885fa26956c943987697984fa3afcec0130e6e42cf9,,,ACTIVE,NONE,25,84169024db9b1c1e7c93929bf133bdc20feff6bad153c41645636e75e0cd41b2
445d138d47c0de161ce983379cc00e13b8d452c1b193c5f568009d046f790326,1.0,1.0,ACTIVE,Regularly,49,4689cf42edeb0e0c1d92ff91706b0d840d3705705d52917b5f7677b0dc77cec4
4468a56ebf21cfa0160044f1b68a39ad75bee9b2935313c83f307750a9f2df9d,1.0,1.0,ACTIVE,Regularly,29,b0f8cede489845d84759191ad363f0c0747a05c5c37616322eefb0b03258fcd7
4468d70aa177ea5327a884d8a547ea78b4b2a757509ee10f21acd459106b4f97,,,ACTIVE,NONE,39,312e16070e65637a10a5d20ae2ee4edcbb227e2b881c8b5080c042e6c30ab3df
448ac40d7cb954df91394b00a893c000d3d6686c4fba75765cb39d9be520beb4,,,ACTIVE,NONE,25,c8039821d6d532eebd72eb97de9c9c894af9852a9a1a7cb5ae013defb3c1f435
4490f08b6bfa616520d26fa90e8a5a887120411ffe1bbe4c48c787100abaa6bb,,,ACTIVE,NONE,58,517004bdb15579adf6396f64daf5128a9428c3141f552cdd76d3bbff80c30f0f
449cffc00fd644ad90a27735c703b4c960f2183757c1a0ac0c187ef4e2b2f792,,,ACTIVE,NONE,26,86769763f6ab1693edd1027b3dbebfc69277bc5f826d5f489a00cd89d27e1b34
44c0de1ecd771067a6eced881dc17e752ffe1c6f2fa3c922ac483d8cac4101de,,,ACTIVE,NONE,40,218125bf63fb0951d0697e5bcb061fb27330b587c780c165402663beba53d78f
45868cfe66cf348a359895145095a275095c53ac02b7ba8d606bfd8cd87c0050,,,ACTIVE,NONE,24,5505d3ad738481b0395b1f6a3d42df515ebb164419a56b61e366b1716a8b8c9c
458899e9ee9c6afee6ecdda86b789bc7f1de0961ace76d8955a8dc023986ce88,1.0,1.0,ACTIVE,Regularly,70,561df4c903e9ea0e95b82bbe2e57b7198d6f600648169ab31df9184a99d6bc4d
45a8d9cf504a3193286ba7fd122ac7b03ce3423d9590e81174f6886765729ce9,1.0,1.0,ACTIVE,Regularly,20,470d583da4f4cdca0c84e3e37702a62ba8aef33a5a7604f1c0d408eef0d32935
45bb06f4d5d852c45cc75fb02f6869ed9ff69e3eb8f4b3f0b06a60a3ae4fa8b3,1.0,1.0,ACTIVE,Regularly,54,9d80dfd7464cda8685cd434d07d788e84b4b42ab4ccaa686a393f10933f0dd28
45c8861ad1b45ede66e7e1ee58bec4ed90392e369283cec197e077ea9c5cacbc,,,ACTIVE,NONE,32,4de2bc00846ec2b8a257705acda6cf448c558b556bd6812d41ee05880fa92ae1
45dd19494fac04ddeba16767ab3cc9b6e173fb192028a17d03b57cae28bc6e60,,,ACTIVE,NONE,49,6cb24692f90a928fda40d9e80e7359037e032205a04d9fda62320eba2ac294c4
45fb960912d6238db5538813c972e6cd2355dc9739536bd9d771247db8c9b7c6,1.0,1.0,ACTIVE,Regularly,31,a25cc81515af4651b6f6c9b1bc74d26c3dfed07ecae432f72de9c22ab0571481
462ec189ba8d7eac4cacb44739f04f527de5a6b7c4753280e01d3e02ba81c194,,,ACTIVE,NONE,32,0bb132d0050c36a23d4801adacd05a877a25267ec7786e97e6658d636f3115f3
464e7c8e2cc328c1d5a098525c2a4971a4a4b389b691b0fd114a03f2cc46fecf,1.0,1.0,ACTIVE,Regularly,26,d6c7ab4171dc87fe2713086697ab51f9ae07ece059d7d82629d0dd357a24da53
4677595b38ebae06ec0021ed224517d4de8e1e9e715c3343b6865c3823c2a160,,,PRE-CREATE,NONE,23,91106b8c00423c7e9f22ebf9784e35f3758ed78e5b3b59bc9c88ac9805194bfe
469dddbdc4f12ed5607d429e8d5ef1eea67921462dfb5fdc9d3ad2b225c13aad,1.0,1.0,ACTIVE,Regularly,29,de16248fdf6b11a3d60a603d98e6bee368772d131fbff174aa485edd85cde4e0
46af0528727dfbf5a6f665ba4f6a70a4db0878040937ed9180b8bb76e982dbb5,1.0,1.0,ACTIVE,Regularly,28,0a3d964df84c3379aee8d736afd281ee3270a437d14f34faeecbb5991c4a68ba
46b5ea38a49aac0dddb085ace95520c3380608ebfdefb6b1519ae69e6770b7ee,1.0,1.0,ACTIVE,Regularly,,b9cc67b33b6efe43628ed7b39fccb68ad01dbd5d7617650af456e3c808b115f0
46b996887ec69d9a6044aab5e4638855c57185cfda81abadce2a144cc7d963f2,,,ACTIVE,NONE,23,54ff1c12dc310956568aa18c6b0881c64281cd03a68ac53485ed806c73c55f23
46bcd801648a62f2048ec5e95b143929ba704be93bdd2c1aee4ea4826b884dfa,,,ACTIVE,NONE,28,a67319c9a12bfca7148ac90fab3db226d70663b7403b17f96820a269a2bfdb28
46d42cfb8199a59813067c4e8f2777e67b4eae1171fd6ef70d78d89d40f9c4bf,,,ACTIVE,NONE,34,35c55122cdd55535541a6fec35340ce64e99459c514f755c82d2c207af4e8c72
46e3dd40f2539fbc660531fae4cee012191a1d0439de29f0ecdcd876e013552a,,,ACTIVE,NONE,22,9bef3bb5455c39a0aba3c25a918364ed2e0acdbf5798f82c64f2cf903aa68085
47068209427c40397ee3d68300d8c15b68a709223b4bad1130966b045041e92c,,,ACTIVE,NONE,21,99b1d74d17a324fbc2e8be4d3a77790ab215630efccad8c1590c5f258a865d41
4715bfe4fe902998a45b102663516ac60e1639d759a7019366b54af8e421849b,,,ACTIVE,NONE,23,0f2a54789183a0b070d893214526acd407264652384b210d79f0edd302680372
474ea4789ea56f977021dd3d8cb63a5109e70b1695979ddc7f19872926913a81,1.0,1.0,ACTIVE,Regularly,23,a225779adf958221433555f6b07c8d2dedc14589f84a8ab3d250c9f3b9d4c6b6
47ae62fc6196437591d8a682e0d9a808ab8bfd0214280300fea5d4a0e03963a3,,,ACTIVE,NONE,48,2c29ae653a9282cce4151bd87643c907644e09541abc28ae87dea0d1f6603b1c
47d6dc09cb5df00e5c7109ff1864c470549f2963c6403b4519d00177214aa8f0,,,ACTIVE,NONE,29,35cb2caa8ead5753f1beae55875351f2a84f83369579d7e6f0014404e776f0d1
47f54db21d765c5bddd91e03e71aa69a8ac03bb4c44b85925808ab4d66e1ffab,1.0,1.0,ACTIVE,Regularly,21,5903e7d78d98e4fe644afa09de565d10cb6b7ae1433923709ee5512b54b4d20a
482e3a586dc7c36b82cdc458b5ac87b21b32a1f32b1ca65bb46a7092c5e6fc19,1.0,1.0,ACTIVE,Regularly,24,9a35adab1bf5276c78673591bbc426012f12e32a68d8023c4e72ead2c3e80027
4850dca99ecdc15b64d136de57042b4653c6ece3b81ed79a1d4bcbe7c9fdc576,,,ACTIVE,NONE,25,b69bc134179078cfff414257579fce833b838779308c57955ff4d84dcbc370a5
488a5091606978981b7f41ab23b3bb8d5f47a7be9ad65c804ae882217e41813d,1.0,1.0,ACTIVE,Regularly,46,e4fbba05e54391453d0490162a005ab9f62a72ee932ebf06e89e72e31c78dc8d
48bbd51165634f4f42074ca03c4804e2254fda0c07819b40d90e3dd2c082735a,,,ACTIVE,NONE,21,560fe8ffb3c6a45e4ffd71c9b55e073579a05f221957d65b33ae61f972844fdb
48cdcd7090ac62d48628a37e63ee9bcff836882c0a1b865af33c264b46883e7f,1.0,1.0,ACTIVE,Regularly,75,b05eeb3def41c5b095b166caace38960977fdb68a28a7e25cc435658ab3d1481
48d22fc368f8d73ef65d351f41e5ad84d223ec1ed787d23de3d4976989e6c628,1.0,1.0,ACTIVE,Regularly,31,4a7b66d711cbf3b452d2885dabacbc4e6614a48d49f659cc26a77603aa0aec96
48dd736b4dce7951cd90f124fcfafca2b16a38fb6ff97f300e509b94ca259bea,,,ACTIVE,NONE,20,7e7392742c01030de8c63ad63fdb9ce5bc3014188bc2232de1a3888152279d8b
48f1d5eaf970fc2977921c9724859d35d9fd4e86601dba6ca1c56596d4a4ef6b,,,ACTIVE,NONE,48,dfd95b38f3d8cab217621283a92ad3c7e88ee5634ab1e4fbced0181b831c4d79
49049778f56a8998858143a32effdf73f78384f353bd23ae91a776a3cfa66f62,,,ACTIVE,NONE,19,187edf61df3981f7d9abbfc051726541759830938978ea0ca4a3a7335318fe07
492096cac1439c3283d5b3a888d0f7087a377ac44df5779fd057ce4699aeb9ed,,,ACTIVE,NONE,26,c2c775e5f94d2eb84197e6bd95bde5b6177c0114a7afaf9aab677a5a130eb39f
4937e73ba380ed18501a3b344308794bbc1613f5d84ab7b99d8a8574d21d4a82,,,ACTIVE,NONE,24,ffc031be85ca88e240bb1a9026ab29b4af3957c087bca1c992a79441fdb95dde
4940937c1bb909894f7c3c22b4851b948ec199b6df3296e00c0bfebf17fde119,,,ACTIVE,NONE,38,c9e5db152aba77908004accb9b2429c7760738c4a74bf30fa37e765885e0d1bc
49cddab47c4543d3b465883a31b24b9cca1b5052f1cc361ff918fee99b3be9c7,1.0,1.0,ACTIVE,Regularly,19,8225b017f144f002e509ae3d018ba40f0e3fb4accf3eccaa317500f0d83b85b9
49ce25b69842c8a6bdd8dc7a94b668e2f785ed86daaa15b1527c87daf3fa7428,1.0,1.0,ACTIVE,Regularly,24,3a4762de1e0e4f77031daaddba36b49dce2ec4895eec2541935a6ba7a8cb32d3
49df8802d700186e4193d511f2f09fcea3035823e12aace02888e235b0098579,1.0,1.0,ACTIVE,Regularly,28,52b27f3ad0ff595821f1c6d0ff758cb1a7f98c5fde592357712abd5a5c5b07f5
49f942e1d7d143056f700b32d42ba1f2e58dcd6c1bda4511ee85c0c7fb2cc182,1.0,1.0,ACTIVE,Regularly,52,bce8e0807144c3fdd29a1660d115af366ed69c113cb85f636f8b7f78fdf6eda8
4a34b31209d89f9e4fde88e7b7225efb42a870c45801f0725aeaaa1c886eb751,,,ACTIVE,NONE,20,2c29ae653a9282cce4151bd87643c907644e09541abc28ae87dea0d1f6603b1c
4a7078731ea1b2f71bdf6daa40ed41d4bd11095cc6f643da1ace9faeaccd99e7,,,ACTIVE,NONE,23,1239c64f554e711e737025184aa233c1914f50061bd0074a8fa8c91fa3238b4e
4afde20157ce325a00e629baf83405d3328016837c5f58b9ae80034d4aeecc7c,,,ACTIVE,NONE,53,73b5dc305cc2a6ab63e09b07b25e393abfec28d325a696157984533b4fe714ae
4b0dd80725434bab165d4f7951e31de7d7be3a610ce0b4b10f94014b03e88d49,,,ACTIVE,NONE,23,55d0271e7a9c937399515b30122c60adf96d78714e4116850e80703e4a123958
4b25ef58909e15b6db973a5470c6aede5d45b2843f041ab2060e710e1d010a86,,,ACTIVE,NONE,40,dc06c10cd425a81c80dd212c3ddd00a42b16649acf7f49f04d2213fc4c4a2d08
4b35a712ac28a0ada06fd7ed4cb3900934098667ae9c96bee2526edaf250809a,1.0,1.0,ACTIVE,Regularly,23,cc67e1b9352183fb9ccf4e2e325d71f78a3d011a89fd9126255e0d24a97f1f49
4ba8446e62b9f075e6d4e19969c2012d29c7ef2ca706ad6e40db6645abb2c097,,,ACTIVE,NONE,57,2d0e31863a032ee073bc0b08d7ed058f078e848b4ed41e7fb320b10e9e9a2d98
4c05297990b7840c68b9d3dc386cb3e6c84d120c0ba750e8e6e71fa32ca003dd,1.0,1.0,ACTIVE,Regularly,55,1f24b9882d227f15d9689bc930164f30f0f4c7968365d4de6043a5580ab78c74
4c26714477541b1c159a74949fe4e79b7aa5d3a1f6c08100b86f63dc4c99dc7b,,,ACTIVE,NONE,28,b5f1508378ca0f5a4504a2b9c3603a9660a178992efce691ce27e891ce55feb0
4c279404bb0a76445e0b1124d86bb86650df56cfbc018ee58a62f48f02a82985,1.0,1.0,ACTIVE,Regularly,53,a7b0601a3ede6f109c799fde60db36dcc42b80c308a351eba4722d0880fe46b7
4c2ed49907f163a120f416fbb4cbe31efffaf13ccfa152d5d2a9247c56e36e2b,,,ACTIVE,NONE,55,b01d65abe19a25a5ec87d841c4bbe9562e4f7417d897846ff052cc1e9dd470da
4c4e798637af05990741f9f10d3b0fa8769547e75bd1c1dddbefd4219f151c17,,,ACTIVE,NONE,27,dbcffd1eec6e6ed94102dc297bacc7bc4c020a00d4c6f0b412874a9bf2062bb9
4c5b5ba61051b639966446cb2be5efdeed444bade2810e6457faa88577d90990,,,ACTIVE,NONE,28,e430ea440165e68fdc6d91727602e0a8f47876f23ca05bd384f795d979c32fe4
4c791c425f7c543e869ae8fc39cb7dc55b30f409c516bc6cd1e29947240b1ccd,,,ACTIVE,NONE,20,e7d3447594191daf4e651d7bbd63bb44669849c5fb91ad763204e2aaae7b3a87
4c7bf560447122f25d7a2737333f3cc4c63c460bd7834de0119fcbdb97701822,1.0,1.0,ACTIVE,Regularly,29,f4e76a87be908f357a12ca9ae52c8000c295f7fc86165d67469745e84c89e690
4c859be81050ddd3176a342f35061e713727c782f17b36978d606cef96436232,1.0,1.0,ACTIVE,Regularly,47,3f944a7d6da81864b4baa9dd1dc9f7bdec97047e02b2790df8bb7ff57acf3e93
4c9621a8f3c38da1a8953e8c88e6d19ca4a3ddba431a1db7803d45eef61d1433,,,ACTIVE,NONE,19,349df7eacf9dad03fbeb6118cc0a1805df96fe0bef734f807724bb1c30980df6
4ca56a76baa57388dfdd7ec2371f9ad4679f07c898fe02029ac034c0a77228ba,,,ACTIVE,NONE,29,25607a938985ba79a3a3f1748e24080fc16fc5e4e401b92ec94a455c42d6b36d
4ccbe79f2ee1de68b4ca84146adc6802bc3ba1ff4aa4bbb7910574b4e2a7782e,,,ACTIVE,NONE,26,13a5f53b8bc13dff6996ec0871e10603cb7fcd9f2779130d16af4ac5dfffc32a
4cd339950555cd54acd4904fce032fb3bc415df66aba50552454ed165aeef83f,,,ACTIVE,NONE,25,18a7c1a521010f819fa95e4037ee73a12aac624b5db0329638972d2f278d885d
4d3861f62bb0781683cfcb6dc2687312da4bec823f044ed0d23afafc37dff59e,1.0,1.0,ACTIVE,Regularly,30,3a3e7c9a8aeba5eb43bd3751384f6ff206984713be48bbc0b35048062cb6a814
4d66bd4e141584a9ffbd55d5d0ffdefa46461206c5b0c74566b3a751530df008,,,ACTIVE,NONE,29,3c63d9276469643d6447891ecf0781564858b9a63976351027c7b4d9bcc3ae9d
4d6faa79a218653afd3671cf24cf4cd50091b630a3c1788552030f8351736f63,,,ACTIVE,NONE,33,22e994abca74aee2a5d97fd1f7dec7c1b2d017dff736e0b51ed455dac447f39e
4d7332cb81aca6f526f2c671dea74ce3bd3c770e7ef560a6fb58e8b75c6cc01e,1.0,1.0,ACTIVE,Regularly,37,7f3fd10110928ee8457baa48844455a56a506ebf7bbc85f47c541b5026a8522b
4d741c6ae23120b1409466b1fe1a6116e12cb2f583a771c725fbe0883d16cbe3,,,ACTIVE,NONE,40,3bc8c323fbe7c559b449bcf15f9e81ce48bd77bda91e41858fd38d71593d9e36
4da683ce8ded712a4471ea9837c6f2bc08249c5d774e09f234816669d92a6f17,,,ACTIVE,NONE,23,5f3cf268c0bc99a36ed6a37d048febd619c0618a7d1ed1162ba133845fa5ef98
4db1f33dca72b9ce9332c4fdc3d014982c7e3265c9e0e92c5848d4bc74f9081d,1.0,1.0,ACTIVE,Regularly,21,5a3d749c78b84cfaccc93cb09649e08b1be33ee3bfe6f291b150b1b7d551b9ac
4dc52f077aa439ce6301436e2adbfc236bed383f55de13afe9df958a3365797c,1.0,1.0,ACTIVE,Regularly,30,55a9a0ffe29fd2976633ad61a0c29319c13f1c2b689d074df5a6edef61cd4245
4dd5a08c8d8e51aa0c0f875dfb1705a8b4c165946af29839bce2357387cbd8d8,,,ACTIVE,NONE,44,2c23363c0649ed4b583c0d928269261d082946a06cc526456500c341d2cd0a74
4de6cf3dec6b2c97225b6f52088b682fc4b19efca45f6fd6e666235f75f228a1,1.0,1.0,ACTIVE,Regularly,25,0cc8a973820b7347ac14e2698320617180ce904c0310e188683c9602725e5c98
4e0d0333d07ba867b12f9d9def4be7e0fac712cf6ff619cd4c769464b28fc5ec,,,ACTIVE,NONE,56,2c29ae653a9282cce4151bd87643c907644e09541abc28ae87dea0d1f6603b1c
4e10f5a2e7dcbc2dc01344255dea20476eb72970334c1d4f56dbe5581f7ceb34,,,ACTIVE,NONE,51,747ade2640809cae064986883e90433b5794f3854c94e32e174bb7551e21c098
4e2bfa3e8b3dbfae53ced05e94ea07f219169d58eccf0d08e5247cefee9ed339,1.0,1.0,ACTIVE,Regularly,28,8d23103452bb3f9b5b4b07e7c0e2d13b9f20da95d7c200cd1087552ae37f6eaf
4e5c6ea532d2f634d38a91dadedb75a121545a98fae2e599d2bb2ae5e10c2296,1.0,1.0,ACTIVE,Regularly,25,c0f6e644bd77f6e0e21da925b87443bd700cbbb43a061ed7366407de1029ec46
4e6537f7aea1205a48b0fcb132374955e61ebf163bd9c68a5628c8880e793f14,,,ACTIVE,NONE,18,e0f8301a3ecdd6b1437e6020786f972ce28f061c9261359d0fba24cc65d4b7d6
4e758dc36085f5cd5fe6f1096f63c045f8b7e8ba586dc937a0eb2382b20e421a,,,ACTIVE,NONE,28,3c5b40b4b046ede0e69c8f4e109d05db341a7a54caa65dea18743afc53ee0ad6
4e7dfd881d66db1a7b135afad5c8b94069533b25bad0a5d99161372081253403,,,ACTIVE,NONE,39,9224bce5352a7a2b9e947bf5e6a71ad271b312c5c1e98c26e81a41521c55f7f2
4e84089cf77999897433cc40bbf9e6bd54143daadb3a35b466b0bd65d7eadb82,1.0,1.0,ACTIVE,Regularly,21,08b77f59406afbdc28cba172dcaf3953144246432fb39a00b78a5a08e5dd7bab
4ec557e4274b15f8b709ca81814567b23a77d4e4a867682131fdb3e3cc31163c,,,ACTIVE,NONE,24,deab4abe826fb5a4d3561ec7615513dc4f7d0e722cc671d3f03c59f87c56647e
4f00a0713d5d7bca89c7ab95a3afaf2123a38eae40fd3a79406feb96c5b5fe3f,1.0,1.0,ACTIVE,Regularly,44,7c56164c2574bb8720a3aced0cc33112a738a2df24c5042a7dd25cde082c50c4
4f0bb7b247190222f60d907ca69938f743992a07ab281264a8ceedea71ff50ae,,,ACTIVE,NONE,32,ed8d49f9d1f40818c095d2188677311f89e66787bcc33058a960c5df9217e627
4f1d0263047522e32d31ce1abf4f112c33fb58da60de6979e909f5ef9e8e14f5,1.0,1.0,ACTIVE,Regularly,63,6e7d3870806e67be7315d37b23a13b99c6eb2d9235067e5be94da684ec87df78
4f468f76a568420291f283f4370d8807006ee658f17aeddaf8ffe381266a4248,,,ACTIVE,NONE,46,7d0bd7bdc06277f0950ac2cf070ad2c6377f180d6ae7d8fc174a3d118e1f7113
4f5be65c7d3a9e34e7f639f4e50cabcf1173b8686296e0dd6fc50eb3a63fe5e4,,,ACTIVE,NONE,24,10f65ee306fa5eb4964f7b215646dd12b2d5e1e1dd0c53df9d08f7128c5a14e7
4f8aaad94208ab6fb41a87f0542339b30fa8c372f79a2320bea9168576b12507,,,ACTIVE,NONE,23,6328eb9e51894dc3471c63fb65720d8410ad2a4ccd1f0c52ba71fbf93ac2ddfc
4fc5ac3990a8ba1619d93641877f6387628046732082349245aa171483d000e5,1.0,1.0,ACTIVE,Regularly,25,81f088d3bfc2cace3e3265940bfd75b8974a356051c735d8d3245e038eb46187
4fdc1bfcfbdf5436c79ca8f8be9da309a93542ab5b5f0903a50f0dbd62e89712,,,ACTIVE,NONE,24,ddfea996c9f333b8403608edeae3433557c85141c17eedf2829861baca7adc56
4fe67a65b8ceb5cc01a1e1c977bc2300b9ea839c753ff879b28963a3aa552693,,,ACTIVE,NONE,55,c5ae26caf7edd981ff0cd19b7edea5879e3efbb25880d8271545f50d8794e56d
4fe78050f79e5935e7354800d530f6280d0280c1ecad7436b766a37efa8a7522,,,ACTIVE,NONE,52,8a0f7f4a384cf2175dc2fd41badc1c1833535b9b73ddf212c842e2d1cdf502dd
5010ac2218023e2dfdb43e9abe37349895213ad53cee486e025083b5834027ee,1.0,1.0,ACTIVE,Regularly,31,1297eb3840a6a0b68c8a7df22ec9e24118eb090c086f5b13cb4049e567ce1270
502eb36b08f1b9a24c41462bac763da172dc6a0c032446177587bb446851a246,1.0,1.0,ACTIVE,Regularly,58,53a881ed9fba30bb595b37200deb4fdfecf90383c27a0b6300e07193f2b4e6a3
503341203dd88d74039a8b5aec516a44e03da287ef8a6f4b89155e0374dbc3a0,,,ACTIVE,NONE,19,aa53a34b9245d3961fa8f896be20cda8722a8131bbcfe22a515cb954a11704ff
5062058b6e49b824b91422b28608e708c9c3e64435851a61623018607205186d,1.0,1.0,ACTIVE,Regularly,23,3fa98ea7f7906204d95e93b47754c8f8ed85e65419b403b874c52105e99367c6
5075b8be21cd69d205e61a50f222fed61df7c9432e73dd7e9b1c0ce1df293854,1.0,1.0,ACTIVE,Regularly,26,b7e6fa8cfb01f30e129cc09348bb8c472c9b3d0e6c689fb083ed1084b147c49f
50b2529ca59e89b46c6fbb48755ab9d39b8a16db6198bca3c8e210628513d363,1.0,1.0,ACTIVE,Regularly,55,0b610cfd1581e4fc589d9baaa3009305edfbb1bccca3931c8897558b81dcb280
511cda7e980108cd4edb9ec42626647d43485df8d84418cddf7568676399e74b,1.0,1.0,ACTIVE,Regularly,38,6d4a295ecf2ee280d278498057361f084edf7c488dfb289e1624845d274c426f
51a4dad29dfe6b6ef6edb87b9bb15613bccc1511beef4ea3179f9083f82c0371,,,ACTIVE,NONE,18,fc50ae3f22e4c0681ba0ce17115e28757897fc5cbdf3e3038a21c9d90a9ab18f
5201b57f4b14528e31b86c4367ad3f2bbbf5486c0a1082b9ad8403684de84dd4,,,ACTIVE,NONE,23,c531ce8732dcacad6f08d994fc205b08e6ac2f97123de865905e6c24e4f25d7b
5220ac21754650a62dd07d2db1d38b088e2a045ecc16b97ea1ad0f16a8fc5668,1.0,1.0,ACTIVE,Regularly,46,a1bc77ad917f73b9ef0526d3c28d67777bd9919cb5d8709f88fb19cda4f0b718
5234897a5fa7f2c41c98f5f2f1ff6f20ff985c23749975d5f16757648fe78ec3,,,PRE-CREATE,NONE,31,b50cb8829f0247b7374371eb6805e0c55da8db81cf438424a75336f8e3bc857a
52407bd502c44c11edb870aacd4d6672b25f01ecf491a1933d3111702dbab193,1.0,1.0,ACTIVE,Regularly,20,c4837acbe96761cc2179b8c1f2b0604b2bc801819883f8581abe009ae29758c2
5293954fca530d80b0b43137d30a0aaa156fe144f0ca1185a0172c68a50859e2,1.0,1.0,ACTIVE,Regularly,51,04136174e77adebfad7af7fd466bdf4ab661e14c7d0353e10549b9881dc59bde
52ffe44588376e951ea73940c6b33d4ac33c051e74e40f3efa20afb74af5269b,,,ACTIVE,NONE,54,5dfe3c67d1cd7a975ba0c6d2bff9385cb5fc0a729935b0899a14479a3a3c0d93
535a177b6b6f87a573abef2edd87154ad36e1b14481dce52e3d6d61fd96acaf3,,,ACTIVE,NONE,52,6da215bb485a694ad36e9ff9907fb5fd597ab4d4cd88ab19e1c8229abb114f28
53982652c03bdb6f41255d45a87d8f8587047dfceedd95fa88188fe577915521,1.0,1.0,ACTIVE,Regularly,57,43c4083a4b27b8ab03c57a70795ef99431b70d7708135d9f2feec4d0ad153c92
53a632a5dc52920b326ed622f3d20faf132026ac3f6e9b1a58d8d90b47aafebd,,,ACTIVE,NONE,19,ad8154791455fac96768063e656f1b9ce5b2f3228f77d3b64b91b9d69253a0ee
53cd1e2a07ae651d9d4b3764bc014a5d0e567d6eca0b6848ec3048604dae136c,,,ACTIVE,NONE,55,cfd4407aaf91e2e76b6998ba680d3671358ddfcc22501d70089fb27125dba111
53cef962dfed11ca46e3899f01364c09b4c35eafb77ce6692376f43f3497e0e0,1.0,1.0,ACTIVE,Regularly,63,1262646fce7db57bfe4e3bd3b336c6d1c4ab0a7aa370363f6cb5684fcb2bba0a
54196fcbd3c3308834de74a1b08c3386eb5a4871fddada88f6af6b0757d86f26,,,ACTIVE,NONE,51,409fb1271ff1b9b8beb221f3c30f80eb3e170a93fb4dbf4567a34d055ca0347c
541cc987748427de74176de90683c2a6091dcfe5071e4e141302c528d29584f5,1.0,1.0,ACTIVE,Regularly,52,732305cd17f5557c769db2bf0d75db616fa2ad245cff5acf58197106751ff3e2
5430a8f36fc097000b8eac9d5eb89ff143a42e102ddf82f4916b9f63d30635bf,,,ACTIVE,NONE,51,500c4e893ca91f861a0176835cd0ef6e0c6ec71d6379a3524acbb7d145fda4e4
543defbf9f580745511800f4f6b81773c9a3063b76009b4a94825428d96c7392,,,ACTIVE,NONE,43,a0b535bd127747e5e0542b9b742237de89fb3478dd8a13a9cad99119edb5e36f
5445d4cfa313d5b2a767c9755496d09d29150a43f507e2fda3c5bf6228c99775,1.0,1.0,ACTIVE,Regularly,57,1271ebc9e7a56b32527b95acb2daed288cd04c0be7f13eaf10814180dc19c85e
5476ab9f363c0abdc0e84a0df696748959643434696b943535bd335112a93056,,,ACTIVE,NONE,20,b3f4058ac1d0ef8c46ad8455941bfdab40f4b9f663273edece430a0b82d8cb74
548f950b85b44362cb59caf78ea45e620d425bf9489f0a8373fdd66fca281777,,,ACTIVE,NONE,51,3d47cb46a0a89374522f059d84185af12ca6a76c66cdc25a2ec58e11c8276890
54a9bf87d10e83277cf61b569891126f40d6219d3e616fa1bf47c8d56c3841c1,,,ACTIVE,NONE,23,fce8c2a8028787ca3fbeb7a09f255c98e36e66abcfa10d87af6dcd9716c8c226
54cd1105dba15a1de25c69411784bbcb9a26eca5abcffba65c3a6141c290236c,,,ACTIVE,NONE,25,9ee62831bd565ff21586d9c1bfec4d225c8adc88d2c56bed86c427d3599a5962
54ef52a753db788231480ca6e2b748d6f0aed06db4b97d50923c068784990c93,1.0,1.0,ACTIVE,Regularly,22,788ba271f02a3096ec0f60711f8aa3110c74fff7ed7a1dd2a7edc0dcd29c0b0b
55056f9c45cd11229afd4031877d7120d4bed81c1cda2347d803ae4304dc68a3,,,ACTIVE,NONE,38,567e0a4845907543e15be5578920e8db561b85e2f0d1595bd7285ccc1a5bc00d
5537e3b4ed68388b4f08f824199cef3f16fa79f577acbe6224ec663e2fafdb0a,1.0,1.0,ACTIVE,Regularly,59,8b72c9288184a9826ab151d958d0ccc892583aa30e4622efb95175b3fc648049
55859ce9a7c9c357d4893c8f5d73a95f4274316eaa3a1fba0f5ba12e0ff346de,,,ACTIVE,NONE,46,2c29ae653a9282cce4151bd87643c907644e09541abc28ae87dea0d1f6603b1c
558e037ac26ec934e924001604931f3be5fc7adb0f5b2124ff32491c71a75b9b,,,ACTIVE,NONE,24,d8606e2481449d13fe71861a58fb5c58fffe3a2589ded69163a9cbc58e2e03a7
55d72220ecbbcc17c39c4309dd4c0c471c37bbe65f2dd90b0e1b1ea3a9880c5d,1.0,1.0,ACTIVE,Regularly,20,5a9729954c2cfd7ad395681b881a780db646fe8f9d43339253ce4d5ff31597c9
55dcbdd717a5b0e9be21b2254dad81c0826c08e170112182fce55738d8c5de99,1.0,1.0,ACTIVE,Regularly,26,3e9b71a3f50e4482757edb8ab6bda1751611f6d21e3eecece3a71a7caac5f9eb
55ed0071844c5507450114553dcf226b5d7e7ed9ef53357ed95ee814c5659200,1.0,1.0,ACTIVE,Regularly,37,0b1532db879047adefb0110472498a14a8c80d977f64a415e254b340d184bfce
55f7a75d96ed54cf16817b989ec6d178b3776b169305ccdcb5ae7257d2bd2092,1.0,1.0,ACTIVE,Regularly,29,23dbf3cdd36a120e6ab1ed25386fa0348d254b09d04c3aebeba2de20a635c3bb
5601aeb63bcc9e2e58a4e04e54156494838d0c466e00a3bf30619d3ed2f5fa4e,1.0,1.0,ACTIVE,Regularly,20,a64811b478c268af2ecc0e83484f3eec2e198bad416434eb90a9eadc8f9e3159
560ac85b0288f2ccec78bc3fde44c479f59a9f50e79c2db6518a9e55ce09496e,,,ACTIVE,NONE,50,7f587407a2f4fbf2d27558811103bca0808ec942c330f65fc5c0170b93d5c5ab
560b09162e9fc4acd61c53734c72af4378dbad37266851ca7c36b5106f8c9cd4,,,ACTIVE,NONE,24,f181eeeb97ef8bfbb22188a1900ece504ba7df84df0abd04a646f53a87f7e072
56426d3c1c54a12078a23b900e219eb5f725f29736cd6430c71d280cf98cf101,1.0,1.0,ACTIVE,Regularly,24,30bbb37000159e8ca1e702ceaf68b962b181782ce2fb29c477bf4b53a757e2df
5648111118bc0209c367f30e3731456bc1428b62021fd5e26ac38839eeac1a5c,,,ACTIVE,NONE,25,001fcec95a48e121a19c1eaf09ab817d9094deb84fb734042f36e47cef7e74e2
56792db44b26e8ff25b4eacbf4af18eed4316ca75486eb5eb80cbb7722f8901a,1.0,1.0,ACTIVE,Regularly,28,08d72334dcefa238bdbfb762827833036df80941fde151bccad4c3a498a35380
56b46811886837047d2de87c2fcdf71e3383da74c191bfc4e4655b60e7ce6bf7,,,ACTIVE,NONE,27,a5da0c0668bc765017640975c59967b02c765d327c58848f46674fd07e7bfc05
56ff119f2da82611e328d89daf64263f357acba3b796d92a9ba66f02b36b68a1,1.0,1.0,ACTIVE,Regularly,55,28e65b791265b1a61c933db2c75f844471e9dabe9a79d9f1a1337535570039d7
57163c157734fe185c1b025f6a782425d0493dc45f0b69ecdd2fbfb8f0c4e1d4,1.0,1.0,ACTIVE,Regularly,21,a90899de048ea779c4b33f1bdb2a91765fd0f478b0abc2c751ea5253807d5488
577b3922a8aa106a60d2b28547421e1c1c1e9d11e808f80180c2d4f83e01daab,,,ACTIVE,NONE,69,55d34f26c02a7cefcfbafd2123cce7435263c40e4091cb91f04766f85e4e1c20
5798d40271480091f0c5fe4eea97f713c3a731ff7dc85a1161a94aac475d0986,,,ACTIVE,NONE,27,535c1248a9c0625bc7a63f2eae3dd8b914bc0311750b41f7269088524374c7bd
57ad68ed7fb132b9c3e91d354238991eb5c9f94c569f4b995b99b6e643c8e1c2,1.0,1.0,ACTIVE,Regularly,41,048f1407060c866841bcc131eb7e08f8f4717edb208f8fe73d8607b3d83fb0c1
57e61273d1edb8ea7e0d79a7778a66b619b71870403c481d53eaf17de15cf2fe,1.0,1.0,ACTIVE,Regularly,36,9602b396a3304506f36023cd0fc02b5ae4837c98678314f0c6677f4058401851
581bc468946bcd5b617743dbc633e84ce5ca5ee4db6dd351ba56d69d8b5f875a,1.0,1.0,ACTIVE,Regularly,44,8daf2ed997b61d69fc069be9e812b5cd0cae96d4c9f9c1af35ddd738517d94c2
585825d31a32f467c4fc2809cf947a8f729ed8d38f0c125938da16716d695500,,,ACTIVE,NONE,41,061b9ade264cda465e92fdb2aef82f9ec415ee3314b2b63de6b74ecaa94100c6
5876abe9e694cf44c87a9a2e3fa869c41aafd5872f25519124d115700b60ce96,,,ACTIVE,NONE,32,27cbb59ec8262a87d4dedf9a593c016fb5d4fed02aef46f84345e5ab6563cca7
5887a8256c7f0fa71b9ac6a93c8e56160836c38742f89bc639c232b91dd263e6,1.0,1.0,ACTIVE,Regularly,57,c9aac994faa2432be657ca689028eeda97c37b28aa96a1331a0f42faef3461c7
58be376fd7eef1c5d27f77d34ccc0ac8862df9bb412d9fe8b07cbacb802dde0d,,,PRE-CREATE,NONE,50,ddb8120e64c478fce047ef6c8808f669a6c1ce0147e3a53e8abdbaaabef90e57
58fe9b878964bb7a2022afcca5cc2868958a129ecb8e7c308b5c3b76181e1cd6,,,ACTIVE,NONE,48,d012a93f875fad6babf9b74a35c585ee128916847c0883631447789c1d9e2bbc
592029b32191be22da272ce607504dba396f09ac00f7a9d55a8d795215d9f07b,1.0,1.0,ACTIVE,Regularly,21,5f4bcdd144b14e830d1a0b793261f6420bcc0733d192ac8ca3ea8917b8e88b80
592473c2d4d146c46ca93c511e57c3b8685b955a15e02b5c63b5436c339db599,,,ACTIVE,NONE,29,de82aef9ed6a5185a997585b2c3df706233015e3a04e62a46629ce97aafcd59d
595d10fa2fe28964502d82c26673cb4d2c5e66551171ac6a70fb308eca51a764,,,ACTIVE,NONE,29,a1959a16bf167858c93a66ec2a330644512b25fb10f97eee2058549885af4dbd
598e04a195add67e1d61eb80782ec2b82e76191307b31f79baeb2bc942a4d5e6,,,ACTIVE,NONE,58,1be7cef6c414f4404ef41408fd349478d2697c2777e65972339e61f4863340e4
59e2eaeb99445e4247102df5824da3c27f72d5f126ee4dc8bcf497124d25f7d1,1.0,1.0,ACTIVE,Regularly,59,71559540966906791e405784d4cb9dc4e7412c7d75752aaf07b604d923b5c2d6
5a2577815a0fe6675892a0e7b8faacab12ed58ef0e70a38b3702d253bdfdedef,1.0,1.0,ACTIVE,Regularly,62,947076048c1d5e165105c87ef57ef75306bb7ed1d030606a4a56abba54fa2b88
5a34c3c6447393470b43d65aae910e1ef86fd23ccc8be6bb3423d48a561eaf4e,,,ACTIVE,NONE,52,37cd936e0ba279c4d73056a215c2d6d10e3e4a484c250490e91256ffdd65a778
5a3aa81342c4b9d6ed9e2d7a78d1f6026957c020e882388294c52585dcc37e4d,1.0,1.0,ACTIVE,Regularly,63,6e2796108a14919652caada4568ddf7309b77a79a9797c20e94e57d97e554ad3
5a539950d6c15a4e859e5b744d499376712f33d684ae9df89e07ea7b6dab5dd3,1.0,1.0,ACTIVE,Regularly,20,c86af55fba7fd55b109746dfe94281100a26962ea803b1e8735a731a2ef24751
5a7e50f10bd4ef9c3a3711794f1bbf3b7171e23bea8d4ae43baafda0b0ee1c31,1.0,1.0,ACTIVE,Regularly,44,84b407229cdfe973be61c7b2802ee71ae64ac4501316ffbd5f12c0b2e12e605d
5a822feeddac0c5daf96d5fb9d87134ed95ff31a464a3d9e138f0d6dcf51e398,1.0,1.0,ACTIVE,Regularly,34,e761a5f24822fd592d3ac9962d893217b29d9ad3d4a9af2480946874985275ea
5a8c971ec2eee04a6af245d498ec040cc0052dc806f0d0bd126cdabbe9f9e1f1,,,ACTIVE,NONE,25,0f04dfed6501810631cccef7619ba235a9ed763295d798e0c17ea064871f9996
5a9981ec5ebfafb736b227aeb9b93ac08553c854b88af4b3a64d1012564c7484,,,ACTIVE,NONE,20,2a283d25c97d374943c2ebeacbdd206741bf91c08c3902d0d81950ff491dc765
5abd19a574a10287a737f4edbc7226262967ac44c0fca3ce7fa081dd9e1c4182,,,ACTIVE,NONE,47,04777b5bde8f31f48b8fdf34464bb7c54f3a819b9ad9c64dc524961129b49f7e
5ac14d97309c86c5e3d9833b82497e53bce19b09f2fb4c1447f83ae607fba1be,1.0,1.0,ACTIVE,Regularly,51,4b6e9441306e87ab0936c440bddc255a2659698d0c37ce37099d1181789f93df
5ac849edf5251fc33858d195fcaa07d2c390f6af12764b5ae6fcd5f6a50e69e6,1.0,1.0,ACTIVE,Regularly,32,82761cf7a377b2d3d54dabc712eda36f8ca360f51b8b49abede2a694c5761e48
5af952145005fb9a81c925e79c4611d0bbfa5158f040289750e90e9cdb0927d4,,,ACTIVE,NONE,23,757208d4a1fbe53ac58ad8630c78d9fe2fea3fce75da0f070053338dea565043
5b29e9738692006746839c16db1e96460d10e00f120550ec139f7e9ddf8715f8,,,ACTIVE,NONE,18,e5d9577bb4b6a20d98a317c1c85d0f9ab79f73375a8bf961d3d1723dd0801e3a
5b448e2171cb90152a24a703f354afb111b17662c8ba5617cfa946f9c66e0059,1.0,1.0,ACTIVE,Regularly,21,3271df8162fb841a87bd63d306ee998f692604887c5abec5bf6eb47035155778
5b75236afcc010d9b75c75559eb198e7960794211a91a85d2cd8a8fd47967f14,1.0,1.0,ACTIVE,Regularly,19,5edd6806a30024cf795d0a8781bfc036b3aeec42f9719c8f3f35c3237f9aa5c9
5bd9f4234e846e07dbe2f2c69c662756eefbf914cab4a0b776fbf20483a8d040,1.0,1.0,ACTIVE,Regularly,50,ac67736e20c0e7b8809d046c1d8fbbaab7939deaad97d7a5e42122ef33bfdc26
5bdb5437cab13828ad0d011a23a5e5bbcf8ebcf5bb589e3402ca11c313e24a90,,,ACTIVE,NONE,24,3ef4adec7fb6ea422cd1139e6ed641cdb7f80502b24501eb902b43054d4547e0
5be1ebef039a19b9a937d252f5d93c2f4ffa3bfc6df2a1cac3d20b49bf7f73ed,,,ACTIVE,NONE,48,cfcfb7217ebb68b4ef0bfe301e1e36127386484d8f7ae7851f0dff1bf446e875
5be6566b5e4931559f71f5e4bb32350ce13a6a3754517b1dd5485f9cd4595aba,1.0,1.0,ACTIVE,Regularly,47,2938cbc262731e7c3f287c0c159a365729d83065178c79abb16cab5938256f4b
5bea34c3a7f799da851d05c237c011cb38b1d030df2790001526e29cc1e91694,,,ACTIVE,NONE,50,20edb27b192d5ce785536245fc91e3e7b2e3843ab12c847c2972313cf1e0b31a
5c1d1438536edba9545b50033e0cc08203f27bdeab5701d2aee14ba4fdb3184e,1.0,1.0,ACTIVE,Regularly,26,7c961605a2be9e9526d0a0e0d80207a59f826edc5b95e6dd17a622d9d5f15d83
5c71c5fc464f00125cd97265cf287204ce30118e1b685c45b1f5ba7e29c139ad,1.0,1.0,ACTIVE,Regularly,60,8def0d0624dfb609799bf8e7f91a66703f3ccd182c0925d7ca4482daa5a1589c
5cc0494e04a9ad3724de07bee86f75bce8668cae3c2d0b34bebf8d692bbbaa1b,1.0,1.0,ACTIVE,Regularly,26,a0a7f8e28c585e08c0a8a4a2243d5ef16e4c98b24cb0360d7d5b8239ee10533e
5cc670d8508a3af80b4783af00efe064ae010fe5789bebb26ae45f3b60757571,1.0,1.0,ACTIVE,Regularly,36,63fd2be5d65df120bcced20354b2037af4f4de2f9a2cf36d6f96fc0ea14458ec
5cc9e1f1f8374f4c91071001548bbce7cb390ef703fc91029e9c4993e6a0435f,,,ACTIVE,NONE,20,b170ba33ec9470d19302e8edbd31d4369c43cf71eb9996dc14cd37bcae417918
5cd46eb4278ef60b4483b78df949f07f728c6b2b7bf65ab969c47ed147a7d5c2,1.0,1.0,ACTIVE,Regularly,61,13a5f53b8bc13dff6996ec0871e10603cb7fcd9f2779130d16af4ac5dfffc32a
5cff3d22a366f1626d54ab348573f45f99ef6da52d6d1767b8f67cb32f2793d2,,,ACTIVE,NONE,47,65d727ac130333c1a151f7153da0a7261076d9954b01f241c629e7d1078f5530
5d040700b0b1db95a4cf9029ff5fb247e8c0e02a738daee64a76214602396e14,,,PRE-CREATE,NONE,27,6d5d2fba86118417e7586e13521c5914ae9900933ab39d6bce7b5c4c3d687880
5d078925f673bdb0cdd07c1d54171e4be62093d88a4aa1f480a8e34076563f64,,,ACTIVE,NONE,27,abf4e9c79cf1369106198d675ac4f711cb85bf2283bc42d78a20fbafa1163bbb
5d100313822856898366b6a9b6a88e426c6f6345f2fa17ab95190b459bbb783f,,,ACTIVE,NONE,31,d1c8f4acf368bb55af1e8e91d1cc4f10ec0ffe0a8501175cdd2cbefd68fce6cf
5d8de215ad3b4cad58dbe7c753cfa10606098d3df12bebf6265129d47c2b4588,1.0,1.0,ACTIVE,Regularly,25,71a171b5e67370d85cf1352e249db673c7fc1766042d9dc56bae6c7c35ddfb78
5da7752288179bdfbbf016050310eb0f13fcd33226aa10d6c1c42dfd4947edbb,1.0,1.0,ACTIVE,Regularly,49,6fc22eabb75eb47574cac39347bc144c6dfd6008bd3af3fa1e178467a764f4ed
5de866dc3b689d312f0163c3b33a1d1698d2efc451a9956cb717440cff67873c,1.0,1.0,ACTIVE,Regularly,25,744ed48b39f0dbcbcf9c42335b8cab619c41c799fbf3bb9e0cff77a1b00cff64
5e88c33c68f52256e4b2cfe576b313e9522720106f449933e0a45409ce7dd2e6,,,ACTIVE,NONE,47,18acf8633c90cef5ff7fb4a98f405769e9c47cc8dce4da6cd78aa976703f0ea9
5ee0d0fa256ad6ee45ffa93f33e63d4269446d1661088128ef81353b6b0c109d,,,ACTIVE,NONE,53,1d6969ada534d4c21c45fd2cd995ac518deb51ab75f2b85567783dd7a16fec15
5eea1f4c438408590be478f1da4bf401024db06030b0550f55e8dff14d06a107,,,ACTIVE,NONE,24,d657b1ecd493dae6690d69ad1a66039cf37c814cda898bb49884edf1de3fb7ac
5ef0ae46bad3b6d2fc8b5e3ad89faa67c6f81a39dd9664441232bfeecd871a11,1.0,1.0,ACTIVE,Regularly,35,1d34ed3a61fe86684e2ad6ce4796f062ff887bcaf8562e6825783cc1c88eaccb
5efcb18472e0dc3e441a67e5a0fcb3a938a85e584d36d998e0784c9411b0e6b7,1.0,1.0,ACTIVE,Regularly,67,1d29086c9cb8c6efe3a172004dfa585f23d67a15930f9121c1acf0af029426ac
5f0049a9448692f2a7269707770028602054bc5bb325e07b1447bf9fd1fecbe0,1.0,1.0,ACTIVE,Regularly,20,591c1df1905e2ef9a327a30c3f180a0919eb77df25149d2163f8c90081ed0aeb
5f2d14e67ad5c8ec19a1bef1e1265497ae9407f02e5cb6fc0fba440c7375cce1,1.0,1.0,ACTIVE,Regularly,25,7988532dae55d425e7e2a5f9e5706f7f97bcd1fc8952f6242faf0235576bcd56
5f78f443227f8e953e349811a7a6b26e3c5e70c18588630f516d04bc9adce252,,,ACTIVE,NONE,24,309c146b565f4ee7976cc3f65710643486d1fc92fdc172a108cf48f93834ad8e
5f7ce6ba7bea3ad8edf17885a86f2b9069dd335357a6eae9f910e24d408ae696,1.0,1.0,ACTIVE,Regularly,59,494a3481bb714b205682aaa3a8aef63d5d28414dc275fe718302ade575764ea4
5f9b7c1ffbc1b9f9c170b5c6d883388d9e20d44c09f2fd8ddbff13eaeccec457,,,ACTIVE,NONE,30,b3c546abf2656aeca013602b9723cfea00c0b06a7fd402a6ee4aa0f4e8d1987c
5fb33f6b9cf7b8eee960e2caa7a5e31df9577a0527d79037651a945b856d53fc,1.0,1.0,ACTIVE,Regularly,27,b394bdb94f92e9644759af99aadef8d61f57b4218bdd1640297eec334aa84690
5feb16a17225ebd88d55ba3890d546608e1cab22534434ebbc553390ad5d602b,1.0,1.0,ACTIVE,Regularly,54,bf5d74a34678e2a17b7dc33080ec84f6957b0688d280905f1c9ed225df286a4b
5ff5ad6d96a9b20aa776b8ff852c581f147078dbb327596e57499b60ef81a085,1.0,1.0,ACTIVE,Regularly,23,28de944c3ba641012524c75e0425f45a163462f312c056f8f2e8e2de29351551
602e77d9be3011704f6995d8021551ca569bdc15770caff9122741f47b6b2382,,,ACTIVE,NONE,26,f00c3e3c45aa6ee01afbfbb1cb57becb596683a2ae143a50e709b38c628ab7e3
60afcc62945128bcfa7c5105b4d0757a614d270f7d857a1744b7f5eb4d9ab2c5,,,ACTIVE,NONE,28,a9631a55b67d971265ccf6f7bbfdfd2ecbef8f1b63299562fc114397ef8d6e19
60b70c8b080c35195ede92b77b097aa72bd2280024edff50d174a96d7c93dcd4,1.0,1.0,ACTIVE,Regularly,61,eec59bc2c0f82393ffb9c35d2854a196e8123ac575e2e6e4fd3b029b6db1daea
60bb604c153786cb366de1522a501c0af5bcddb980755af4511ff35ef6a70727,,,ACTIVE,NONE,28,af6eb935e30968e5267bb40fe72b8553159ad61c03b666c3a7e93297ddf707e2
60f9cba2c7e33fdf90af75cda67d37d15ed1cea3cc2c08c57063af2e455b14a3,,,ACTIVE,NONE,19,3367930be78e2c7187340e67c41652dae87694938ec348027210adc989013f38
612637291c0fe04a3dd662edab5de65bdc87721c6c72f592aa141196da23867f,1.0,1.0,ACTIVE,Regularly,30,8ce80a01b778d90861268d2270c9dbfa66225d1d49a293483bc1c863140bd03d
6152e806e2d743154760e98b5365810094d7fff9f873800e56ddc4f5af8d3d80,1.0,1.0,ACTIVE,Regularly,23,c583e8c522f2eb6d8db63d476ea415d41017d298fa7518e620f1f105c25b7fee
61845d2f8a7bd6a42a3c40126f0ad67a9c34358d2026f4dca89811e3afa329ea,1.0,1.0,ACTIVE,Regularly,20,9b34f6e3a13d6c446fea75f94163182e2e0d2e204c832c1b96c6eac5428ef8a7
619fc04623345755e9e0ffea01e03d2a1d64f4d7591a138ed367ff55068dd405,1.0,1.0,ACTIVE,Regularly,23,194209fc09cbe427cdcd27464c3800c94eae49007ae6301c2c944391d6d7f9fc
61b906e2a3153e43f323efe6dbeb3dd94ee8ac8a8f38709e38fbe0f3a8a41e84,,,ACTIVE,NONE,61,c5450bf091b95bb434758c1bf49b5900bbd1f70e6333ed1253a1364510dd1bc2
61ed09afefe82dc16d03e18e52e6f652a5356bb3dcf1b94032f6352f3a77dea9,1.0,1.0,ACTIVE,Regularly,34,3b7c21f0c1d237979ad3e949d60fa289ac9d6016e35a92884c1dd1e52bed6be7
623ffa36e72dde35eb577c5757e61780b75625e5de60aca69c145a8ba9321722,,,ACTIVE,NONE,41,0017b6ad8f65d2ad4783ed0a30773c2b3c870bdd439044906a01e55a1052cbbf
62a0562c6b0c230caa2705aeac805091b85df0a6e7caf065caa6a8d5f8bbd0b1,,,ACTIVE,NONE,57,d357d493b116b2755da23ddb24c8f223a3796aa1c3339e70c95123a1217e124b
62aeca6af2e0f49af15023933fda4b8f7b6b5b9b723f60c86b0dc2bbc0d2f15d,,,ACTIVE,NONE,57,7a27f294b02dd4c1884958ce3afc9bf670fe4a2deba1a9f118200efe77965940
62af43408d49af28247b12c293ce92149ddbed9f3ecda7f98da16fafe297b900,,,ACTIVE,NONE,30,87bf7bbed7560cac55f0d7f9bfd7dd1a7985f4425685c630034f81eaadd90d35
62b0a516f0b42cca224c6e68f1014a1b78c59088f1dd3d5d9e3de52433faf62b,1.0,1.0,ACTIVE,Regularly,25,f678617c6ed649116a6b62055fa224ad4e85ebcd1fd9c609444c6ff1353256e9
62c34cceeaea39d54223e4d444799eafff61ad081bccc06c025e7cfe4ea69f3b,1.0,1.0,ACTIVE,Regularly,57,baae4e085a4dfa4c228d84e8fd27896605d97a5ac2f4e742268d2a40d5d48dbc
62e452444309ff7c31407ef26e11c8b9b103e84f5783421c94e5be7f9f06ec16,1.0,1.0,ACTIVE,Regularly,24,15423e9c28c3b3a9f13b5e40f0b18ca7f367953b4c4a36a68594de73e1131c83
62e9302f0aae9ef4e8e7fc04b92ffc4ee64bc9c4b15e28922f3158422b498d4d,,,ACTIVE,NONE,58,1b3dd08e7061589bf3498fc38b19717c7b9b742d9e831f9d116d25e4e0e2abef
634b68576d108ea03d10ec16f59bec36af1bfae6cf9bb75174d6b445c6915090,,,ACTIVE,NONE,23,e1eed68165a4ce0258d3c84481b4dac2d752589c9268d52e034d48ad4d3ebef2
634f0f500da7d2158517b8648dbac67759bfc457a76e3a54a2a832e2733bbf80,1.0,1.0,ACTIVE,Regularly,20,8ce343f182fd34175c644dc92e6a4ce0bfc570d2d19e613d4725719e3f35dc36
634fd344d4b313250b8967e6c076b34c262cb2f77bd9d7df67f5778dc02b8b59,1.0,1.0,ACTIVE,Regularly,33,73f0e501b9e8d710d72b1ad9fb4c0359634a366d4ddba2237da2d5f97666da0d
63b28ef8a026cd996180f58834c3897e45ef9112b4652b06418b6576b661deac,1.0,1.0,ACTIVE,Regularly,28,636385d15020ae52d09a3770545d0d00287a132c62e59a1a5e7f34a21a0fe34f
63ed443061c73781158540f79ea351c7669ae469d720f1f278d3ae2ab4c83fb5,1.0,1.0,ACTIVE,Regularly,25,a117c0e7913d17c772b3dd6344c8098b5d50bf4ad01b179ecceb7b5a2a446661
6410394c55a8fa9bf37c9c01353a3431e68c464dd567acf826b8933fb97e9120,,,ACTIVE,NONE,25,91a3409767b51ac17099caedcddbbba30598ba72cfe531db6129581b7bb6a377
6419de6b6e866967c7087457268bd05abbc24dfa6b6ca709caf03902b0ee89fd,,,ACTIVE,NONE,22,a5ddd4078a76579098048374e6fa2bcdefa2f5d146b53e00b2e9f9f7f3f796df
643de10eec7300d10c82007d0b14d8dade0a18459434418c16f92b77cf154a08,1.0,1.0,ACTIVE,Regularly,22,fe4e82e655baa17f003146a21dcd6241686dc2f387c0787adec7779869a3a625
64910e40eff3175ca2abb32689891cba2dcfc4eaa1564e2351c62fb978bdb4fb,1.0,1.0,ACTIVE,Regularly,33,3d9c06a1ac1d4a271d13d5fd3ca85252f348672253a3c657fd6f59005f558c93
64a0f74c0694dbc4ef2de388606991eed1f65bad11340684594254639a9c4a4e,,,ACTIVE,NONE,24,1876c43224cac5e1cdd3f336d470beb8d6f138ce1f328fc7217b7851d41ee7c7
64b290c86380f703eb2dc8773489bafa004cabbce63292ff0c225a8eb620b06e,,,ACTIVE,NONE,17,dc736f46482dc28fd47862bb00a96f7a963dee1a2380e24ee4687a7df99c07e2
65281305d0c4803c7909ae16708fd7fc2c790887823ebca16c4979b5203455a8,,,ACTIVE,NONE,20,c075886b82da4ea455522891650f494bd2350062f1d0bf24f31df641b0ab6076
654c1c15a2d02b0ea11400383d9459b3ca5fdf4ac74274fc65078a7d6aedf6a1,1.0,1.0,ACTIVE,Regularly,51,0a0166afecabcb9fed245c25ff0c153ff4c3a432e25fc11c5cb8dc2547c36a8e
659f54156d632b72b1938603b06cae19149645095bb7bec5f1c2df94eee143e3,,,ACTIVE,NONE,26,8b2ccfd7eee7240833f3c27052f96ab2fd43b78181fb89e497eaace7db87984d
65adbdbbc51615a6977e6330c491fdad8dcb8409cc9a269382d2cdc4b8f22f5c,1.0,1.0,ACTIVE,Regularly,21,4db64eaa81315a6e60e396c74f10a4f146784f70b36ad2d48c2fbd09ad50e219
65bb2296597c805172476953a24f75b7d92647c715fe18d7b788dfa2b9668b66,,,ACTIVE,NONE,26,31deb24be2bc8163792ffb13a6e4eb1134c95078ff293fde90c5d2442568b4d6
65c21b91e51f9b5973f27edac0f033336c3067b88ae531fcf723f66984be8a70,1.0,1.0,ACTIVE,Regularly,22,dba7886fb052f0f641ea66ff68378efa5942aa2de9a04f6a9a24f4605f2eaaab
65cf6377d4c43657b8d8785c3df6ccdf2f586ece719223e89a299b67281376aa,1.0,1.0,ACTIVE,Regularly,60,cc7b8e6fab4fcf68a8b43b75844532fffe6e23ba8aa7a009c2dfe5f52abb6c63
65edb3e05df4977ce84c3c66ac1372db490bc0258ba556601fcb93ad6bd6a139,1.0,1.0,ACTIVE,Regularly,25,02389ff48bd082aa21d01f936c6f1adaf15515350b0d2e0ea169af6fb521cd98
65f1ff1e4b857eb19f52b62eca01852c53f6899f5d45a5700a988d44e0d1405b,1.0,1.0,ACTIVE,Regularly,28,0853f0d55fd5b63cb1e81e2d01b05415ee3549be911d86e261c08d9319e46483
66058da036bd8d0b69da8a4600b4a48fd829419b729873547945b3ee8394449b,,,ACTIVE,NONE,17,0a9af553be25fa1ba5eb5d7c49c41a42336d3c31fe3e475d7665a41eaca30ee2
663e218509510fa662f77481dd05f4782b660ced5678717cb571c92e2419f529,,,ACTIVE,NONE,61,78331658731f1337e1665f4262f944842f181aff4010a4c2aba8342d1a92dc68
66434191ea1209f09274b7c36d1edce79537a548f4c8e7030a8aada7659baaa3,,,ACTIVE,NONE,26,69ce5ef49712becead224e0b68e16e0d4172b72afa6721892d4bfa81e73e2932
6653d82fe13a9482fc0ef2fb6697ed3558463a059a5c122f24542e845ac14696,,,ACTIVE,NONE,23,af55d233d0de0a37ca7f76fa9efa41ed1d1268eee59491fb533624885cf45280
66ad627b61d2dbfdcf5b4abbe6b12f7c808c4d60e555f5bec28b789f25debd43,,,ACTIVE,NONE,32,371416098fa663d70a1fae92daa69ba7f44b5780d9f00ef096afec4e8937f5cc
66aed150aa83cfe4f0779e11a4b6f7923329fd4fba32eb38b2a8ec94cdd385bc,1.0,1.0,ACTIVE,Regularly,20,40ba78a21cc52fa9f8778b1944e2ed0330821e99521bf8f874a9faac52a9e7b9
66c8084b119065d9fd1d5a011d54e086e4b3c642791658913dc35fcd7a09496f,,,ACTIVE,NONE,49,012cec38d52bec68d7b512744b940d927a869865928a92080875599080d4f85c
66d9c99dbd10b54d79a008137bb0f5f4acebdaffee3889a90d80bebc1a87da3b,,,ACTIVE,NONE,27,b71e66a5ed14838c6b258ab32ce4ccaaad8c61612f9896cc288f5ecca5418095
66ddc767bc5d43d596b7972465fc6fe439bcb096f97288f937d8c8c64baae844,,,ACTIVE,NONE,58,48c7048c2a5db094d69c8faa1bbca6b3c9c1ab2095606f41fa6dd0ffd6af1056
66f5fb0e68e8019bf03c4d83aca24020bc196ab820307888d06fcb31a39f6dbd,,,ACTIVE,NONE,24,f71865bc588cbff765db142b339906b94a2a7ae1ffcfd46c80ead102083eb125
6701a5dbddd7b86271156a7bad0e571a354da7250bd4a0482e8aed1434ee06b4,1.0,1.0,ACTIVE,Regularly,28,319b01e4ad3d52de153b990b24ff9f56a3e0ef3ed4127bfc4fc8b08d21917ccc
6705c23f70657b4f24d6137cd45a8932929c4d07863723fd1ed922535fc81a21,,,ACTIVE,NONE,53,2c29ae653a9282cce4151bd87643c907644e09541abc28ae87dea0d1f6603b1c
6707a3cb80e09d9af2c6fff248f91dc1687b27579c034ac8249ff077153375a5,,,ACTIVE,NONE,25,e252f2e41d8c0f9e5440ee7bc0ef9109bb7bf0585ea90156148ca9c73cea2d5c
672132c034113dbd63a80219b8a46f9b4a3cd8932002f316f81f4ecb5dd286a9,,,ACTIVE,NONE,34,b7d97a08f2d0f7c0a903998b2c1e676dfe2e95559f7d8edeac645f3e34d7c6d0
672ca87c4e6dccfc48fe21091602df8e66d3663c5551971fa7e9b58703e831b3,1.0,1.0,ACTIVE,Regularly,23,cb6bf6f594443f0aaa50714a56ad746eb4807c9b51c6930834d8cc241d827a0c
67459057da408d6229f9c555bd9c04e4187b722e73d1f032f24a5c0fcbb50f00,,,PRE-CREATE,NONE,47,2fbe403d800d49f152cbc3b6e909ce861a8a884297d1555a2eba5b8b0fb5d457
677269b98a7a8912fd6aeca4171dd97ab8be5d320e5586f4eb360330f0a1c94e,1.0,1.0,ACTIVE,Regularly,31,f1428b9e9e26698756231871443987bee8fead815f17285d6bd918806a97bbba
677d9a29e480abf007f6c193efc7cc988cb8bdf259dc33053d38eca148558673,,,ACTIVE,NONE,25,2236fb0ed646034b32f4813a1f04eba2584a3fefcffd12e01f72d7a97a9a9fa0
678018a4b21a51500b3867328969125e516b2d36813a0dd1af65d948bff52bf4,1.0,1.0,ACTIVE,Regularly,28,133d2cf49b777d4ab9edb25c8c9284509bfab52cd7a4f2a81161110c92a7383e
67d5f10da129a910edf3641c1889c397d00b747c5bf6d32a911fb13f58453a3e,1.0,1.0,ACTIVE,Regularly,23,3411ddf717aa3bf7be57c4d24ca3bf8bdd279eb5352eac9ce3a64666a9273604
681a0497c9d231d1261ac17392beced28561d282109073c2a632c951bcefd177,,,ACTIVE,NONE,64,ed44befef369ab939fc92003768c797ae827a1b13847574e1993b544dfc0140c
6822e414bb9dc23f1adb362a29eca83382951baf6034767a3a9690d1af92c1e9,1.0,1.0,ACTIVE,Regularly,59,d99f1a2fbbd8c94f83919a88c7e41876b1da9865ee1d46ac8f2ef0e553e3742c
6827c59e304cc01dc36907b9ee5bcc845bacc2f908dabad3e8c529eddc2cdf0c,,,ACTIVE,NONE,31,e30f2e6ecec822cb518437cf976bae60004d243eeb7bb9b1c947e181aec4ea34
682f1131f5278b54bcd57350e56746436e23b698eef53071656949b28a1e0f5f,1.0,1.0,ACTIVE,Regularly,21,2c29ae653a9282cce4151bd87643c907644e09541abc28ae87dea0d1f6603b1c
6862fb635baed953694146e2e095c5ee68c9bcd59a5801297ef544c14fe55404,,,ACTIVE,NONE,46,b21f81364e4973a0b9731dbb9a8ab9b3a80f196a56b797bdb129a939957d1637
6867a36e3a6a9afc194c251efb25a932cfbce296ac60aabbf732acde8c286b2d,,,ACTIVE,NONE,28,f5b5fa5aab2b67188c5c45a0e5226cd385b2608ed062d6c83b846786c97ad010
687a64c1daeeadd50bc4971e79672300aa1c2b395c94532a22e9ce272765a77e,1.0,1.0,ACTIVE,Regularly,43,c565becd3e9b59da08a9fe6ac38df866d965a22a7941bd130cf1ce300d922ae9
687cf59d16b153b6c640074b7f1e55d0125f93c3f4596e49e848523e24ce4c3b,,,ACTIVE,NONE,29,6102e081f26d177d2a3e931c90ec70cf4123453056df25ffdc8f8555dd75d216
68a22ed6a82682c0c2b561837497e98aaefa3417623008df5cbbfc50de55af97,1.0,1.0,ACTIVE,Regularly,24,f6fd7c3bf48a9c602d7295f9f289718e95a3d760ba82c87bdb4fa93601de8df6
68ad29a0d58eaf1ece120a30147bc86e518fd40bb69a0bebcbe830968efc7075,,,ACTIVE,NONE,23,264d1bf9b6819190da16ab18e6dd26b0a229022e1f00470ccb854581b1730432
68c8a184daa7c4fb6dc39f966bbf2188dd4af0f7cb29aca0ce7880ba42f52f2d,,,ACTIVE,NONE,26,5f94272016c3d61adbef0f712b4dc7abec0f95a1de172c561c71c1068c055c98
68d571a00f8e5a5000cc874dc0fd366a74886847743ef876d29f9e9e9643fa85,,,ACTIVE,NONE,41,dbd85280e7f4b0b9db00733dfcd1af57d4da386421d707d115341e8e6098c3a1
68e85de5abac774cb6ffb7e734eef9731468a61dab5cfa84da40354ea28f4f8a,,,ACTIVE,NONE,30,7b652eabe6b679068c7fe762e4ead96a51182f685ac0b43708f3d933eedfba78
68f5bc52aa3a4e2202b24529188c463c0575a13fb536f3d5e213ee00991e2eaa,,,ACTIVE,NONE,44,e06ebb8709526757b4359f73c81c22f730f5d82fb6a7ffe2aafbfb2fbd4e2785
68fb25ce2e6ed8fb01e1e44444e738e175a0289bc2ff638c87da4d568b45fc11,1.0,1.0,ACTIVE,Regularly,27,25e88d549bc03934b8daca4167b2153bc7c26e2dbded332c81e22494ef658489
68fba24daa643d2b567e0cc942b2c9900e30ba5013ff35fab3c5f906c835a210,,,ACTIVE,NONE,56,cd313c7deb4b44c5ee753eb1b063e71fa17316b10da4bc2926b8e8f8d629d2c4
693db450338c9ee4505716b27115225540091c0181dbc97ed33eced266ae6e16,1.0,1.0,ACTIVE,Regularly,18,48782e003e551c0763ecc4da843c7d22821a6118b1333ec065e7d73406b874d9
699de7ed34091858ed13a0d33c1ca9e72e54bd562dd3a204a892039f23a2e317,,,ACTIVE,NONE,23,d57d6675970015898baa783167f956dea767e6c09a4576d4818c4976c902563f
69d1e65fe673ea68d04511bf52b66d2e30e560dd5e9742c0bb6d5fa0437c05e6,,,ACTIVE,NONE,49,f6ecc37ade63d2593f25df20d5f430b662f5e367ab2bc585192e652ea9198eed
69e14c384e02a5a920643445bac5c4c217f5e3ab569ea745281a1abc01088e68,,,ACTIVE,NONE,25,06d94367fb7bff0d84ee3d3bc7eb3d6a077d90cee75fae97abfab2f963ad758c
69eb84594a5233ffb0a23db5f42cbbcf3b1af5922f8f3fba3c1e87367147aab9,1.0,1.0,ACTIVE,Regularly,60,f24c52da3a9a29decad58616098e31587936ea70d309361131736fa4beb2307e
69fbecc08e284be34e5e28c560825d96770cade63d50aefc06e7fb2ff2c452e4,,,ACTIVE,NONE,33,f51e62ab58d07e71de930ddb8500e85b6b8267fa7a34452e6d2a016076229fcd
6a1f59eb1f11addfe9c1ec9ae72715346f2569bf78a93046f3fe545d5f2e44df,1.0,1.0,ACTIVE,Regularly,49,3caae446679ef6fe086e5cbfd5b992550741cd01485b6e5b6243940512639909
6a3eec1b72785d7ade19862ba1e1765062a29ea96b288d6ae1d9979171be34a4,,,ACTIVE,NONE,50,a2203991b59ed650c8123596e08403e32b303a87edd9c65cc0e1e0a53afb0f77
6a52960dadbea10e932a72b148769ad3a4254cf95bb8871cdcdb2d848d724ffa,,,ACTIVE,NONE,47,a4a7f29a768c2e1e2ae72d4572999d8c5b9a67441b02fed5f12d9e5b7313e31f
6a729a50c433b6a612beb5bde0b14dc357d269da85fbfb0f7dcb5c6d954a4480,1.0,1.0,ACTIVE,Regularly,31,20759ac4fad9df245421919e5ff28f061a42c2f1d99a8ea54615e213a3c1bf45
6a74502a1594fe831c1e3c2eb183af31ad21c55f0c55be2d82496e7071287de7,1.0,1.0,ACTIVE,Regularly,32,64f54d673b52115af85cf1be2e8d42fe3131ef1133be44f1dfd9006a30388267
6ac514448f517cc46580102da1a043b0b726070638276170ea14472a18ae893e,,,ACTIVE,NONE,33,9ce9bb5ace9af0666cc9bf99745c45438efae06197ead2b850cc0afcc03e5b64
6ad34b1bf7d68431c1aa2bf8671714ce77c115a6b204a4b754bd7145637682ad,,,ACTIVE,NONE,18,ca16280ab168f780c27210bdd3c987fc4718585d90addb84ee07f9da56236eed
6add0639c9b15244211244e99400ce0a30cfb2a529c8c6120d587c922a3f1f87,,,ACTIVE,NONE,53,a4f84b9695e68cce2f14807f59f2e5922a16d8ac4de088533524722af6916763
6ae348404ab58cf3534066a0c0d431343a2674a24cb54ed04c7be557979f704e,1.0,1.0,ACTIVE,Regularly,54,0c86b6309017af9425f13533c4b1d648ccfc9b9986434acfb4735510ec55d39a
6b0820b43cd7933ba8faae500cc3ff71286b5b75a0cee8cb4ac84f89beac6bc8,,,ACTIVE,NONE,55,9f80e2b63047e264a013a9e112fcf0d270728f999fe373c1bf03b42fab3e18d4
6b11601ef1622761207193d937d815838395562311a0873b2d6a5ff67e49c1c0,,,ACTIVE,NONE,17,7f53d5872cd42ba4f8ae3626ea3f445971f13257d59799250c2c5da037c8528a
6b6bafe3d023b47d5459b746adb0d7a1e23816a6436a08d82fa3bbe76df570d5,,,ACTIVE,NONE,27,4465d8161eef532f7415e7fdbf3f75080cb102fc61716d42b1d8989a6b55fe5d
6b83a20125e6d387ac5f905343dd5c6a3add532bf7f605ae542a72863551b1f0,,,ACTIVE,NONE,34,8ef326259b18eff2653da231f79b3768e26127bfa3ec515c70ad7330f048348e
6ba2dd2d3d80d899b2cab46a2990278847c40af54d25b255731c780a266b7da3,,,ACTIVE,NONE,29,dbb9615cf18ac63465b71ea20c1e8cf310816b02bff45865a6c10b21b84e627b
6ba862e0d461760147277f9c2c0b4abc1a77698be0e656a31ad1fa7946c8283f,,,ACTIVE,NONE,24,d8250d446a58f1cd69df115432aaa2957c8932a7f9140d0d88bf7f1a990e67bc
6bf186a7e5747991eebc7806880a9f80f0c205934b3245d32f86b06ec2455c1d,,,ACTIVE,NONE,40,d2ec0221599441065be9c6bc26f23cfb12ab16e44589f925f354e68aa493b1f7
6c1a3ea050750083abdfbfd1dbd2358ba7aecd14cda98f046bc305e730cdff6d,,,ACTIVE,NONE,20,d4d660d050ae4891cb09566ff1bfffad071918520083aabe132fd8bd3f737cea
6c280e3f711c33f842475dd256e37268b7e093b3f16eb76d0bbcd37bf5bfde37,,,ACTIVE,NONE,54,090c931831fa57a7638baf4e3a5ac8e3fab8dd2aa85b15f8771251717ef1927f
6c4b2ea7ff8c0648071277a53dbbe015bd1ab2fbd478fe079231950408397624,,,ACTIVE,NONE,55,5718f406a15914508c5096a685f8a71b09d100b68c6c56ccf198b30d6092cafe
6c4d9c66ef8a3bfdf76b337d65ad005512f1db3f7ec8f97039ce58dec2ecfcdd,1.0,1.0,ACTIVE,Regularly,27,be521f40704476192e6b9a495d72de38bcb0a712e648d3a0f0365b015e343816
6c5031555bf9d96703a13c38d061652cf996a77103eae3a2d41a7d5a5181ad75,,,ACTIVE,NONE,27,2ab0f5730bdd366a0d6de9c313387d109d1ee4748a20c26fb31703f6cf6f7041
6c8b612f3fde6051e9389a481968b447165d4b811127d12cc6a114a61f7304d3,,,ACTIVE,NONE,26,61b75354343aff851c92a22576f7113f40648c3ceb8a7b60d9ac812c77e12fc3
6c98861639f0e839263f59918d509864ea43049b02bc206d91bab8aed7e330ad,,,ACTIVE,NONE,24,33e518407068347a259427e25acb7784fe7f92d2ca387160a2c52a8013b46ec6
6cd9960e08d20cfa922164d6124f21b6c3c52c239acab6c9204e71fe418cc736,1.0,1.0,ACTIVE,Regularly,47,a7898d5d46e35a0f915a83bab4e4714dd6b80fd5ae0889f7fe31eb39a55fc5bc
6cf1b25200d37651226049bc47735352244ce0df61fec404075d6584228191e3,1.0,1.0,ACTIVE,Regularly,25,5327ebe3394e6cca59870c9f56fd85cbf7b12029d0b085cdae3e98b05149f688
6d342430875af8c3465d27645766989ca09a51b3dab96879b9ec1ce25d83b89e,,,ACTIVE,NONE,19,9b1678819b57ca042df8a38a6d2080ca9a2d7af9f9f87c8a76d51e55745c8984
6d6b2c488cec8a945d378efc53a59ae7524d2431d8e784831c3b47b55de93028,,,ACTIVE,NONE,29,71ea910229e8ade0eb2e72e7a40a00f218609b2b105cb88210ca3fa83ac98397
6d7151f5f0d2bb5269af82c1af682854a1120ccccafca992ceccd69b2051c9f5,,,ACTIVE,NONE,28,b43d56af669c4c1536968dd290ce762c3b40b788af6aa3dfab2860a731b7924d
6de13f55d60b04bc858a001db3a05ab816eecb74eec2c3a73abe7b58988b002c,,,ACTIVE,NONE,30,64ebcb15cf99574389a0a54af058fed92679da3dd319a3c79803b5d444ddcea6
6de234da70e420c599e1c28e0444cd655bd5ea5bc8dfcaf92f2c058e21593d2d,1.0,1.0,ACTIVE,Regularly,46,2c29ae653a9282cce4151bd87643c907644e09541abc28ae87dea0d1f6603b1c
6df2178bf913c0304e378f82b8b74b6cd7f4c0f3fc061169fbba1a1469560c05,,,ACTIVE,NONE,35,a2792ea54147389c26959226dcd462ad5f8227531fe5c87ed236a5ebdda6940e
6e29344ef22eee4663d7a817289878ca2b15295eb7d3f69b8514817bcd6aa1c9,1.0,1.0,ACTIVE,Regularly,22,67e495e98d83430d005de543fc7ecb0d4723ea7397b445f5a2bbbc604fd34da1
6e51bd5c5e37332cea1d39f24001169407b241c1d42dad2018e51735272371da,,,,,,2c29ae653a9282cce4151bd87643c907644e09541abc28ae87dea0d1f6603b1c
6ea97011eb7affb047ed874b14558cdca6a4132b05e1ea39fff695fbf3ae9e79,,,ACTIVE,NONE,40,68f25ef1e6fd2b9420710528feaf248859f65954d205e7e5f84f5cc7acda8c9c
6ec2a7d34d4ce3f9c1dbe21677329cadca702d049f4c137cf44a7cceefd00165,,,ACTIVE,NONE,60,2c29ae653a9282cce4151bd87643c907644e09541abc28ae87dea0d1f6603b1c
6f097fa8646c3880541e9ace3e4e342d7ac5499679d994292088d13703d4781b,1.0,1.0,ACTIVE,Regularly,21,51d16ccc0cc14507fcb3b27c38c580b0795aa80a2cd3fa866397660d1fc2c303
6f0cd16801b1415847853ea9719daaf8da11710b9eefc216998211545115ce62,1.0,1.0,ACTIVE,Regularly,22,785e8a1dc806288d9fb5d1f7be8ac3210e251ccc513aee7497c111a5274adaae
6f56291b459392ee00180b3ed91cc87e20a2823e7502f805c168f64bc2f2da8f,,,ACTIVE,NONE,23,10d589ab2a334f4490e73c80383f62cf4a7dff3b88bbb118b062b492cf18d5f1
6f63e39f2b8012bb2dce5ac6c8d9af79e8c6844a1908c28e376f11fa45960ae8,1.0,1.0,ACTIVE,Regularly,20,ea689ca2c8e0945c020bda00fe715d75b7c1df97c476e31970ecc58cc7e25bf3
6fe8d8ee596f9cd7906b6f8eaf7fddef3829a8afe9b4a680353ae52cb717fb9a,,,ACTIVE,NONE,50,a791ae3d6b71cb674cf1008c3feb284374a2063fe535a81a5d03df12cdcf3261
6ff89a1274ef8846ae29ddd38a7b15921dd9bde7fe4766474ab9403b3c2f7043,1.0,1.0,ACTIVE,Regularly,43,2c29ae653a9282cce4151bd87643c907644e09541abc28ae87dea0d1f6603b1c
7015dfcb5ee091a7b6d6012daba9eb1192361b6c8d34863afc2e6edbe20428c2,1.0,1.0,ACTIVE,Regularly,60,73137a62f29e4d7627cc3745a8f0e476a6ec6942fddf8b760665c13f5085e9db
703060c8b0186bafef658079a9f2a84c3b4a7c9846c5b322ea195d3c3f081bdc,,,ACTIVE,NONE,47,6a58d9c3beda0bb810f095bb122401793cff6d64c93e434213da059a64b308b9
704892ce549a6c3b4cf5836ca6a2e48e366690341750645a07001d55281c8cc3,1.0,1.0,ACTIVE,Regularly,31,08abfb113dc376078a5ae9833cb7f7bcef59fc6a7125d0331ff41ea376816896
7055f5cc8862d1f742470aed4e12538cb8b1595dd470dc33392531f6ef12a1f5,,,ACTIVE,NONE,30,5c99c93f5fee31465c3fede23b8a342974c549fa5c701ad78fda4ccf45abdcce
70706711e47512667153034eab6aad458f0ea6c69a473f4159369d1d46f8e326,,,ACTIVE,NONE,29,fa72f2f63fdc702b11e4825a1028880c325f7fc2242cb641a9fc70883d268de9
70946585a2a2669a7b28717295ad56791a85bd22c2d4c90b69c31614bed3cf04,1.0,1.0,ACTIVE,Regularly,25,0bc0f04018cbcb1826cbb85a7f068591e8aaf5f26ced5aa9d1c55de44cc4bd5e
70a99bc2bf173c906067a0ecfa6721a1473637b443d5718c5b2bfb46d9980135,1.0,1.0,ACTIVE,Regularly,22,f8f23c5ba4dd37c768d13b9632e9fe370b6b2af796c5f3b29f5da5a3fb2d4dac
70d1f75a1f8ea674f71186aad2a636fa507ad62533535d073e14f7fb082034c2,1.0,1.0,ACTIVE,Regularly,26,e314fae02f6c32329498cad7f8b68c3cb2fb8e208a203d11361ea74071aec3a7
711b51e17078d24f1e526192859d40ab6cc78c4e5ebfe69f1c9095b41eb87a1f,1.0,1.0,ACTIVE,Regularly,28,9c9692d0186ea1e817b0ce5bcf1db0c467c9f498e2c52d3e783dc1998a6f81d2
7141c3a3051b58eeb8bc9e0a45d2612434982d9e066db6c4305b84f37421406a,1.0,1.0,ACTIVE,Regularly,21,da8480140c32283a5ab37797f2e03ad5bd461c12c47f5a650da4b25034dd6f22
71490d5ad800537be50697669f89b1a2ce42e439f16983316f11f6dc42f01894,1.0,1.0,ACTIVE,Regularly,54,48dfbb0dd471f862aaad99bfbb91d8d6cca891561b1fc3bca5c6ece40fc9f57e
717a8359eb7d2f5fe65311251b5374d42d1fdcb398d988e8f8256a88850e7191,,,ACTIVE,NONE,27,2ef0241306dd6f34d649e4bd2a225b1f4d49532d7bc8363c9048b2103f30223c
7181e2e401679fd7872ed39c7f5c96a8a236776d5d0bd39b8144086490a7ccfa,,,ACTIVE,NONE,21,00b286b8dab9ebf89025244c1c8ebc81a02846ce0fb80eda6de36bc70134715f
7186d864a6b37a383ea981e0fbd78451c4941896ab92b93c3ddb08809d3a7b1f,,,ACTIVE,NONE,35,c533c779ae7beb78e2cefd22f61e1c09b160d4b4f8805d31a8aa7e38dd9f2435
719f3628d4b69f5e3a0d42f83d28a35db8260164b646c1f49dcae8e7cb8c82f8,,,ACTIVE,NONE,27,840744b95154a4bfb533dd59ca5267436bc911d04d73b1285ed56c10aa160b88
71b1da32fef5cd27534f0083a5272a1e0e3577ef32234f7377aa350012a73ad2,,,ACTIVE,NONE,23,6be71125d809811ae340b404c73a5203e70fe2535903f264608a9fd107f206b4
71cfd8bda66bf3588cc24389bae27f399a3fe8d915c9255f0099809d3f2c02be,,,ACTIVE,NONE,58,5a07153f15b6b50431f551e8592d90ea40e8bd4d81c3d2cea3bb1381cd05ec6c
71e1132a7fa5479907febbd32b93212acd911ddfb087cb45d7a8804c0a1b1985,,,ACTIVE,NONE,54,2b286d695d0acbb82a9f7d0333cc56d39e041ae0ffbcd84708c76c3b2ca5005a
71f25dc68c73630d9e7f8fdcfb1c8a431c31c735db28d454f9375facc08690be,,,ACTIVE,NONE,52,bb1ae5831d81ffc44fefe90bcd0399c86c42a044bf25b1961e8316269e55ac22
723ec322ed58ffa53971a153aff95e43487fb06856a31e8ed355a21c42c079cc,1.0,1.0,ACTIVE,Regularly,23,e7aa73e93b441f258385f40fa5bc8cb09857faeaf46f333827310be22d96b5a1
72485b4b8c1e3cb533549f4ad8bbd4a7d091d064eea82d9abe6f855182daa9f6,1.0,1.0,ACTIVE,Regularly,20,bd69ff2e3197cb1b7aedbeca01775276fff10446a9cab9efd12794496da41e5a
725a7eafa49921be132bf87492ef1adf16513fb8fe7cb8dff3dbc669ab7c666b,,,ACTIVE,NONE,17,9594756676be9f858709762111555981311e6e19349ebb17ae6fec0765a98e34
725ea5f303c15ff50f0b813404dab63349066889914778a899a6e6a982d6c51a,,,ACTIVE,NONE,26,ab5565b92dda3756bb176ca2b81ce4ee586dea14a7c95b6d89bbe580d57e293c
725f0159281473a681af34ec4c467cda2d44a58fd2f91f3c0d5213714d54f4a6,1.0,1.0,ACTIVE,Regularly,19,4d6f1979d766b27d0121a9d2cf2314b45f930affb8e7e73e444f3cddc8420619
725f015ffbcc950fb1268d38b48d4861b8a1980333a7c4029e7cdab8585a0574,1.0,1.0,ACTIVE,Regularly,46,f4561b1d1cab322fcc2548b230f013d215e5b53c0715dbf00d9216d116b6453a
728c75903c2a0c2a7d734fb167a56f2e3bf7b5a8a541cd5239f89eb4afd778c1,,,ACTIVE,NONE,23,3a3e49ea8fab406ddafcd70fa4c0ad4f874ffb399c374d3a1588bf314f0fc3f2
72b3255ee7639b0096f2c0966bae22b7b62edd51fe73a7d0488a4c12f4b79eab,1.0,1.0,ACTIVE,Regularly,45,dc5e22d40ad5682297d0874288b74925cc6a067cbdc44d527ec456a1e0534c95
72d5f11d26ddbbc6bf7eda636813367bb79cd1aff89affa2969e9a3d0e0d30a0,1.0,1.0,ACTIVE,Regularly,19,77b58c4df3df58df810c74016e259c0eca4cf2618bf0eb945ed4fabf8230868f
73017ed6fe0b5efccf0994d3c7d957d4fdc5550f9e58d49c522fcd94bdf8eded,,,ACTIVE,NONE,26,9b1c22c7cb9967f8433f842ea29017ce56605d4fe59d6390946b5fe221597449
732f66a4312031b67059f93bd0e312061b54ef2769d559d02230a24a32f32071,,,ACTIVE,NONE,21,2516c399bae64b546c6564774d30570c012a6f7a835bd8dcbaf127eaf025ea23
73341e30f8bd43daaa43e70b2d7c6f4c966e870ec3baefd2cae33857964ba58f,1.0,1.0,ACTIVE,Regularly,52,8da89da2bf2169b3526d0fb48865171f89ac55823e7a3b3ee225dcc4ef91523c
736641738086589101190b055c9179c7357262e8d48d9dc87bbf9a5dfd7bae75,,,ACTIVE,NONE,52,37625cf8efc99688008955c331da6dd2f8b45e9450dcfc0b00f5721c2f842230
739456f6bcf585965acf7c5751724db9c85e70a826c56b5a42e976fa48d23da0,1.0,1.0,ACTIVE,Regularly,41,39d5c891bf86be524218da1423c447f31c38ab6214e514467d8ca8dcc944074a
747c9635424368d0700edfda69a948e50e96260610f4a6b3e403927db2ad4edf,,,ACTIVE,NONE,38,cd12f26becf8c9a2e8b3be5f3d7e088ae601a72a373ea9f3cf751e98d125d89f
74c9ae5bdc4d8908304588aaedbc1a7a2abc744d9b67f4e87c900f1ca1fafee5,1.0,1.0,ACTIVE,Regularly,29,ce092af9c3d25e73b6023b6c1ce0367e9131aab167aec0aa829a44c87db73efe
74df85dff3f129d5c7a928eac766cbb5d1535a4d157fded759e20af5f49c54e6,,,ACTIVE,NONE,53,457ec6504afa56b30d29cd8938e4298035de5e924e7a319e3de2fea73c13702c
74f06eb79d9b96831e3c8ac66c438d6e543938a18748021d7fa7dd684c2282dc,,,ACTIVE,NONE,28,4cc204283fbdfbc1209285c9b7e37c81308eb2ea3217f3187bed632e3f1fd81a
74fd26490a3cd64b3789259d3e568eff5befa3487f6032a7a38634b964aa379e,,,ACTIVE,NONE,31,87821de014a9400697c7a5687b70ab7b4fa065fb74a2c6199b980859c053d6bd
7501263889087c3802d98146c1395b628e27dda426f0dc9c6b3bb91559552192,,,ACTIVE,NONE,52,6c261e2c2e0e557dc1f759f751510831cd234b05f2c51e0eac9e689f8b5ff055
7505a283c95875563c7a94d84d09560bd5d93ccb1f50daf98dca40e7331e9b10,,,ACTIVE,NONE,22,d20d78eb7cd09791c1d41ef870cd32ddfbcdebfbdae525500f2443a69ce2d012
7505c1e8209bfe13c15ed2c2f10b9711db3b6365a44a394cf9dc1e93ef6ff00c,,,ACTIVE,NONE,73,420e04f8db51f1e2326a0be416eab040c1819806be6a9949b2d0f2d6dca78f8a
7510bd95dac6c5e45a457871d7d730fd97eaba93d83e0bd090b79bda02697719,,,ACTIVE,NONE,24,872f9e4e8317cce778fd6412eca5e9a98c80c82f7f72673161ff7aeab2d0f738
7518c923459873988bb23ac5ca7fedb2dec9e61445867a4161c8411887de9a98,,,ACTIVE,NONE,47,a6dbeca84a1f31df5efd4540dc9a196629c51d80088568c92e69020e81a8c43e
7529cdbb52af61c386877690ba4238f8d2c851ba602fd06b9c3362fcdec35ea6,1.0,1.0,ACTIVE,Regularly,22,9c3723ce6e2e7d91da325093482c84e34d73d86bd3b374952e20ae402a54022f
7541811550ba609bb150abc882b9d2f58ca571be3278a00091cc6760b4d6b9ea,,,ACTIVE,NONE,26,9096a599436b9319ce52772ebe470416bb1724583884fb42dc0f7c0b68fb6c9b
754d5d7c17aca80b0435c26d9f97742bbad889241efd65fcef51c0157e023948,1.0,1.0,ACTIVE,Regularly,26,f371bb1b5c4c84ad8aaed6177f886c8722b6e6cd1157766bbe3eeaf9f727a4dd
755e84f95d2ff537d765c934d5249d0a2ae0fa8a6faeb52263c59a2e434a1942,1.0,1.0,ACTIVE,Regularly,23,258ca883452a73bc10943268033e86c87589014bd9b9eb71e358707e29736db4
755f3114147ff6b37cba95dfaf31f666be5aad2c6e48114503259349d22c08f7,1.0,1.0,ACTIVE,Regularly,20,c60d82b5c344f076a174bf605a7359899a7c3e2b950894f9c9b25021e0297f3b
7582db35fe2410960fc5b3c8fd59e61dc66779dd8d9226bc997ab63ae6f26390,,,ACTIVE,NONE,31,c8e13cac76d9e877402366e92d170d387a1697a3780b272fb82b7375d5344443
75f67fe3ec18dfab9b15f0561f295a20602d324c53418873f2cff3d627a892db,,,ACTIVE,NONE,52,9aa164296b770be6ccc7c472c30bab3a760234f4fa4957a3a16793c304774d12
76226a9fd72098bdce8cfcd3601f339f720df8f3ff581bd0c556763be11aef99,1.0,1.0,ACTIVE,Regularly,25,b1a96005ebc2a97b4221a8e3be3074f61d6f750553a2b4010d3cf5b268c79330
7626218084e4ffe88b98ce178f484136389e5d57b4fbf3cab2a86a86b9ab82c0,1.0,1.0,ACTIVE,Regularly,26,e97612ec15fdc5970bc69d82e07c201068f0945e1b443c64cae77ae8d486af0d
7671fc4620162c5a3295379260725514eaa9f204191816da5127af924f996ff9,,,ACTIVE,NONE,23,71836a81c9737115881fd594ff61ce198cb1898633b10c2a1b916b74a279bd65
76937ac635bc47afb4476c031c41ae417f044a35af76a4825684909a0f3e2add,,,ACTIVE,NONE,24,8d31e9dabf73bb793bfaba21bb828f7c9a8b9c7479cb6d7958e86fd3c8b628fa
7696cde211f347839f664126b9cc48ef390fcde083c776cc4689ec2f2f58cf4a,1.0,1.0,ACTIVE,Regularly,26,0fbe284150c4526838f0e71e913534985dd29ac5d217297916413c797c9d2b82
76bf8043bd6315c6f61cb23d70e2c56373996c72742b65f4fd980594d88a1af3,1.0,1.0,ACTIVE,Regularly,46,c6d5e6c0c9da3fd633dcfc31c1ef01caa43f4f09bbe1a086a63d2d135b6b9f30
76f21d29eef7a365fc5a9048712641705e26f04f867ebe07ec56cb549cb8130d,,,ACTIVE,NONE,27,3a3a638f05b2a8d47fb86aeeb3b0e53629fd13d57059d9f6292043cc475bc351
77126a3664ac4662f4234052a91f8e9cd8b05f9ff4492957f0769ca68b8800b0,1.0,1.0,ACTIVE,Regularly,23,454eedcfe918f24f833c4e6ca17cfc041a99b64004bbe6f2009f33971e5a7f2e
77294759bd698c64b0e73caffad60b97984658ea3104c2e7ebb377aee60f81d3,,,ACTIVE,NONE,27,3b6811df6064df33407657f58bca9f611151f0056ca4503b64ee028d42a62d79
7733ddc8bedbdfc9a80250adaab697e3d60abd9f9eff9d7a651b3a5493eac800,,,ACTIVE,NONE,21,061bc486afcfc5a17d897e9602ace3349d7d0760ec8fde60b278dc34fff12c88
773a830a65b54cff60d6f67de04fab6f781c142cbb623f6ed8671615e40b1d89,,,ACTIVE,NONE,21,bc1cae9ae9dda4ad6885702489caca970bf428268a1d0630e171bb11735a3cd5
7764fcfa4501fc8b9922486073d495b19ef82b702c88967742511972be4d614d,,,ACTIVE,NONE,26,fc077bd1cd6c3fe9e893e16f77e9dd342fbee867a992a4e7bcada40338f87e91
776b9d943ff6c1f01b10a2fb37c83f9a1ee27ee4992654f89c723b4fcd4f957b,1.0,1.0,ACTIVE,Regularly,19,dfbd2ec0fd5d641c624e99a6ba2ea786b50a3eef942cb1162c15b2bf6bf5fcbf
776ff681e86b6e6d547ba53e39941092c64d590d84d05c26ab15fe00f01daeb5,,,ACTIVE,NONE,24,c4172eef871787bfd10ef55edbb337ed7dd1a0be45f08bfa9bd17a14c920c805
777db33dd00098894807b4cc8bd66c854abcdef56c91d8fffc2b7e04510ed251,1.0,1.0,ACTIVE,Regularly,23,cb680562745b5905d75bc6ab76ad78bd2c0eaf242cd450c7fa7270ea9b429e95
777e83e451b221454cfe6d0fade7f2222d66678c857e68d37c58392f66654956,1.0,1.0,ACTIVE,Regularly,28,68e446a3a44e6f581f57bc36453326bd5fcac709165bc421fac48f1daa6bc489
7783143f15e39216f8fcc4083d5a6794534513db5fd318fd478f4906802f722e,1.0,1.0,ACTIVE,Regularly,21,cdd3749ca10a51f54e5c2ad13c54fa8f7c047008f28c7da5f04cad75ea6b2d98
77f9559e3de9715be3dd700d3565f91dcf33fb843ee0ce9baaad63f836811eb6,,,ACTIVE,NONE,18,46a831f645c9a54e79e9d83692b9dbab34e485fb066d64303edbde1d9e0da4d6
7839e09a85cdc41146a6312a6496fd8709a77db58f47cbe3c4d74cd8c43d8085,1.0,1.0,ACTIVE,Regularly,51,1ef9f903b8694dd3353f0a6d15ac409699f815aa393f0ec4a68da28884e8e4f1
787a9906f86f86f62b93750b51a0719da582fa9d30255433be56932afbdf222f,1.0,1.0,ACTIVE,Regularly,29,11a8a46ebd399570722772933f4ae07360ace3d6295ef06545539877432fa8af
78a0378c11b67a6e90fbfb364dda2ebfd7a466ef9ac1f7334e1630eba82c515b,1.0,1.0,ACTIVE,Regularly,24,a0aaac9e394dc07d55b261cd9e88fa6e799271a2994b2e99790ef32e34a88e5e
7919bb8ba262826a5637740a9869cb757a9fd0ed39b4e708fe492c29bf9e7a75,1.0,1.0,ACTIVE,Regularly,26,3e6c33f26fb375dd8e58f408ccca289124d11bb289a4835ea04530da54787c37
79457703ea425ee9f557f0623eafbaeeeadbf501418311b8c5b53576696e6fc5,,,ACTIVE,NONE,25,d5e389175e081f92097fe3f473ae3b853cf81be5867c5e5527bf2ff54e41122b
795c3c1ac440ccadaa81bd4489775bdd9b24ed9695e1fdb4da09129fed19784f,,,ACTIVE,NONE,24,565cfdfebbaf8062d75d2d1bc350aacd5d65e54ee9d6756fa6115562ad749058
797637d841a890f5b0cdaaaaac18e723b421e30ef91fa1e1ad9278c02d585f9a,1.0,1.0,ACTIVE,Regularly,29,0b7b26592b3a8c842434009585cc6e0614f64873571072b13cc9ac5fa2ad3646
79862833983638ee1908065dbcabc02d16001bcbc58c545b98a8788503538b1a,1.0,1.0,ACTIVE,Regularly,50,cabfeecc2ff779224f5247023472d59354421f9543af27c1f1a046e69f36aeb0
79988be47536c28c1eef949d5644d7350d8955f39bffa788a364d9e87c83effa,1.0,1.0,ACTIVE,Regularly,26,031fa6757611b244dc13b0c8d6a070518caf14f3a6a78e61cf6e106a9fb65291
79fe3ebddb5c582d947f7c927f2bd1e086e7630f2e7e73fc53b1c3bce1493716,1.0,1.0,ACTIVE,Regularly,25,ba6b73f81c3102334f2598ae27f2de36ce65436ba480edc96c3d047b9e659492
7a22317e161fa1da7882dd9c55fb6d783226dfc8156f524429d17c1fcdb977e4,1.0,1.0,ACTIVE,Regularly,33,b5d7780a907805745dd6cb75a6969c21f955e7cab28f8129b88ddae5cf7e2b9c
7a78fcb65a534d8d0ad5bf2303762129e09fcaa47fde86d6cc44f00b6e2e00f4,1.0,1.0,ACTIVE,Regularly,49,22deb65882302f9f994b5b3064d66927adb85a9a2961770293d95cc9a9c9a680
7a7ae17a22d1ed94df872c334733c0e339a6c24735bb43dca2b0aa107c20c824,,,ACTIVE,NONE,28,37cb1add3ac175e4244f8d4a108221534745d619e6aae231889b5e5abae63dfc
7a82adeeffe4fe03c54a1e562628331ff62a3edb5902e9a469a1c53e6368238f,,,ACTIVE,NONE,46,f761351621e8cec071befa2026fe2e7e9e25a53216b94bf72fbbd18e423699eb
7a972cda02dcbbc9ffb13f5b83239d0e832050339033adf2eca5e5fe6fe26f34,1.0,1.0,ACTIVE,Regularly,24,270a3b805844e673d95de5fb0ec52ed7db9792fd2681fa2a7ad6242ee704008c
7a9bbda83b42ecee5d13ca073d3d7ac0983cd5891c1f00f5dc12f378c88385f2,1.0,1.0,ACTIVE,Regularly,50,9694a22212917ba6d06a73457120288dfbf1799157ce7db4ffb5133d1b2ec4c3
7ae0921c5a23cdbc83233774ef4f00600d02653ad05ee5b8f019e44dcff6902f,,,ACTIVE,NONE,42,691c1d74b812f3b693d4ea7135c57995a075333fefe59bf348bbbc3927c1d839
7afcda42225485088c7c600886da4cb10228e7b199d66c810f674b6a5a8fcfd6,,,ACTIVE,NONE,50,e62d39dcdbac84f1a2974d00656117c1c74d04e52945cf267005b326936c02a1
7b0c3834a50cff545cbdf7f123b20dfaf5a09463b8f910b7979953001229f18b,1.0,1.0,ACTIVE,Regularly,60,c1f81df07cfcb4662f9e3cfe8d3a6ec8dac20a0d708cc98d8f70109117bbd981
7b0efaab947c4065ce77c373dfe1965388f36b9a0af80c8a2e3b8fdbb637c2f0,,,ACTIVE,NONE,23,f28f53a75f61223f39d00a44bb70cdd58d3f5283ed7bc7b4e0e839359ac3b5b7
7b19716528c955c28845efaeb1b40b1f253f5b0953a5781bac124e159115e41e,,,ACTIVE,NONE,33,7c987413d03fd6e0dde051a042e9e5b47f9fc6a010295044b29577bee81c0df6
7b28e85e353dde6db94f724fb85cd7da570664a2d8eb85d9a680b3858e9cba9c,1.0,1.0,ACTIVE,Regularly,61,34fe0453c8b1b2524cc3cddd0b3603bbdcc16643adc8814e56d33c014e5adcc0
7b3324ed2b894d6548d18c9b63a7bd9a3941bbeb4c9bfb180618f02487d53417,1.0,1.0,ACTIVE,Regularly,58,c004fa9cb42377239aae9adf63b5e0f50935833312272a1345dbcc95afd38677
7b48800f6872111d89ff7d886a7ebce7dbb89eec143be05f7ff1380704949828,1.0,1.0,ACTIVE,Regularly,28,48e419e42d0ec6cd97b99d18f6384183fd79e5293848e1446f88e558d17df397
7b763dfa2f6a4f7e8ee8909ccf41c161bc651299a4c5dbe3961231b5eaac2441,1.0,1.0,ACTIVE,Regularly,38,963b06f32e3c10febc777c378d84e8c6f4013fd47e1c15379baab547b993335d
7b85b7c0da4233581c46a909a190901c7657dadc5fd1206daebbeeb099717c50,,,ACTIVE,NONE,48,d70e4b056414d985dbf0b0984077e55a40560056039ab4d282759590c4de7e84
7b8a908906d0b054b083fc79716ad38036cb0ab96ee38ad5dc6573cefb18c62c,,,ACTIVE,NONE,61,3ab9f08992920d757e068055a6c3d701798c6388f7bc725c4e1990300951caba
7b93891ee69a9529a5aebadb6e385f5c41c9453afa16c4cc97a19d02cb3be65b,1.0,1.0,ACTIVE,Regularly,20,26b01cd8db8e60d54970ca53694bcd6a705cccc1c9bdf05629a475ffe07b9af7
7bcd9155c9b9f4e350d39e9f66bf0b635c8f597f937d6b7fd34498b6832e40c9,,,ACTIVE,NONE,37,008537d4e3996a9dcd9584ee142dba8ab53cbaf9262a2485cbe4bf73a8025e70
7bd3e58e519ca9267a359cf7957036bb7935bce0cf4cc43528f1673e3805bca1,1.0,1.0,ACTIVE,Regularly,28,7476a1d16cc903e2491a750ad01882f0c2fd3a63e191b2e5f439518e8ee3a46b
7bdba66806f57302e2955f3e206d1e0d13a3fa1858b32f5390dd4adee01075a7,1.0,1.0,ACTIVE,Regularly,18,122fd17b770f43ab1f25b8fd5689d38cd990b867ba2b10994463961cdd8301b5
7c6901773ca91da3806546c9cb6181d6cc1c8b64187e6ffc91ecb17be21b6c4f,,,ACTIVE,NONE,50,6bcb49746be0ada66d5558c7259fef9323dbf6e6b1191979aed75250e2842fc7
7c8ec9971cb9386f02bc8e37c01525ebdc81e090c0c982465721d61e13730667,1.0,1.0,ACTIVE,Regularly,45,99136b8112664870d8f90e19c6d3f65493d634c8ef8ed2d1d7b18bd20b837dc7
7c9c807bba083a8a3248c8a1c444e8076b4103716f3b82191191172082be6b96,,,ACTIVE,NONE,26,4d670d102e78c6e38273009dd2aa9a29bd8d9b3e2a8b4eb595812bcd9d063b10
7cb44e6c7b21836000c58dd34304ca27766fa4df9549c5b7f4d2fd9e31aa4d2e,1.0,1.0,ACTIVE,Regularly,58,2c29ae653a9282cce4151bd87643c907644e09541abc28ae87dea0d1f6603b1c
7cd0fb69f1275d4a9283939d0b28e6a19c4f82207cfd339d5b8e9d36a9e50caf,1.0,1.0,ACTIVE,Regularly,23,e038967ebcea4f300ee81e359487ec5e21705b5dc62dfa96f65710385dcc5a84
7ce7a83a47e00f86818f1b93e2ce9a249d5a4772b646bb2ec37ffe33f2d3af3b,,,ACTIVE,NONE,52,a073cca75cf6b2b8b39ae8670aa6b2fca611257feea1c87ff668754f30383579
7d163de97894f717966c064117fe4fd1c43d2de9a9a44dd81d46b91928c6904a,,,ACTIVE,NONE,67,184e8e1ee8129efaa68af0fcc105ca7aacc2179de251db7e6a1cd08be857c3bb
7d2b908ee5d784ebad576f5591e498d35406a3ac9f4b7b1c524f89d0059081f5,,,ACTIVE,NONE,31,951a8f204400da1b2b6b22f16188518ee3595f5a28cc5ba83a4d36f98e4fa9bf
7d7b9feffbd8c9e84430be164216e32eec042a05a66617753b62bae5da4455af,,,ACTIVE,NONE,19,7d9cd607589697d70b706cbd80a40df430bb0530e8d81bce5188cfde2b3b9423
7dafa399ce998735eebb1b41379806dfa7a5ab75f760e21bcee57210947de5b3,1.0,1.0,ACTIVE,Regularly,25,2c4d76e8b217082a142977f7f100ee8c9aaaa4f2087fadaa4add0d8e4b91690d
7db8df1be61346eca2e3a5e540ccbc4ddf75859ff437ab830e066c2259ffe384,,,ACTIVE,NONE,39,087a817978814aad2dbbf8395cf6b36310e9cb9c1978bc12f860e1b17f24e366
7dd434febe29a1b11dae486855a4317ae51cafa2b1f32ea2bcec7e2dcfe8c207,,,ACTIVE,NONE,59,2c29ae653a9282cce4151bd87643c907644e09541abc28ae87dea0d1f6603b1c
7ddfbf772ce5c301229fc0c2c52048291973bea9933ce790f925ee62fae50717,,,ACTIVE,NONE,21,719918ccd9fc5166c9ec2c5e703a22ef54f2d2846b97d36122e8830c94fdcda7
7dea2509344a7df312966554205c5bd8e39c1a289ab73b0fa6b0a94071a5dcf0,1.0,1.0,ACTIVE,Regularly,51,35a604c5a3e964c7d88e724ed45e3a8f7600eae602ce7703845f60898c86118c
7dec49fc8f80268c47f309504282c8c046eb3c48b564e40f88ad4331e02e9b5a,1.0,1.0,ACTIVE,Regularly,24,2c2b9f19686a6cf015aa28f5769d4176292be063950f2e302413064c6b7ff221
7dec6b979724e168adeff45c1a833720347c914ccbc6e9f07112c527073d14a6,1.0,1.0,ACTIVE,Regularly,52,ca737f35aca164883a5d44211efec29591274299a8be838668ad4ec54f2d6db7
7e06b519b08d1ff9636b1aad25a815291e9f40a59ba0bb9cbcde69b0174f7c5f,1.0,1.0,ACTIVE,Regularly,26,af7963750347f6ba1383dbdf477f0e854cffce66b5db23365586d14b2cf9bd77
7e6041713e51e08825a1da8a6c6a164af3281b6b0ef230a954c11d5d4ca8c54a,,,ACTIVE,NONE,46,c0418ebf93c432032eba121011bf561c0b812868276990f2466098f209537bcf
7e654f5222eb2e2814cfaf8535fc85d7e8515f946e74f316966ca634fc683da2,,,ACTIVE,NONE,31,f5c8ecba6aad6280143e7ca00ac7062d70e577a1a222f311fd35aaa6b65c9299
7eb1d934301910e7a294955b93fbaba2ed91148f22cb2a8d065b4c0da5786924,,,ACTIVE,NONE,36,1ac22fd400bc9440654d7281669604822d5492f155ff19dfa6d161f8d62274f2
7ed3f123c4b8b3c7cdae894346f8ab3d513db4a3d5f273d3773d26855480b344,1.0,1.0,ACTIVE,Regularly,17,2c29ae653a9282cce4151bd87643c907644e09541abc28ae87dea0d1f6603b1c
7efda77c14ef3196f1096b28126649f43b0643a05f65add4dc5d8cd535ce5610,1.0,1.0,ACTIVE,Regularly,55,2c29ae653a9282cce4151bd87643c907644e09541abc28ae87dea0d1f6603b1c
7f03be2b0f8d5c3d309db46086c3cd78c52e01c992abc2b7106df9ba13619d03,1.0,1.0,ACTIVE,Regularly,24,427c313b2e40ee9236fcc3e1ea16b618c55fa9e8f3e1201ffde078eb1dc7df28
7f2d3fa72cdf42a99e4fd8dd7e57265331e7d7c551582e0dcde64ff21eee0e5e,1.0,1.0,ACTIVE,Regularly,17,b24c5612c617e2544da86c2a1f217d18586257f91b784a69a886d818cfc7ea53
7f474dd9e028e6898664559a91e6eed07f2c90e7c1d42c957e4635b9e290f7a9,1.0,1.0,ACTIVE,Regularly,52,882b20923846c95d77a298867a2c9b7351b68b7a3ff66f9523743e3067ef5d37
7fbb0982aafbd50288df2e99cbd5d59ea7274c80a016bccb329408c57b9271e8,1.0,1.0,ACTIVE,Regularly,60,3311d8db75d686dcc5f6457ec0806a53d7369e8afc43e2a3adf870d622c97b83
7ffa9b84da22ba67095e433d703fa5793724e70c31e6e342da96b1ae1a3d107a,,,ACTIVE,NONE,48,faad5b3a0fbe04d55cddef36280cc7ca1d901de66ddee0da37bbaa21e839431e
8004dbe98a7f672b4b4bdfb22a232ecce2aa1edc8ddf548e3a5f2f0461e71b48,1.0,1.0,ACTIVE,Regularly,53,aa68686ea9fa7ef67521fd443cc8d9ada34e1af41f7bda631eb926263d6fef61
80112260fab7708c1b9b6b909a91dcde7bb2383f5f719e43ca9381f2ae8d7708,1.0,1.0,ACTIVE,Regularly,35,e82662d4dc1aae0deb5e4ce3ca8993640a4fe41da53734b4f7ea0ee12343bde9
8026855ac17d39f5498866b0362314f181fabf7d072dd6fc6ffc22ca4b08d98a,1.0,1.0,ACTIVE,Regularly,59,6eff577423a23feeb1818bf3a7fec25991ba2d03a3ab3cc9009ea702255e8ee4
804dc1f8041c074cb736d4651a13c433c1daf35d29068e8da4f2ffa0526aa4cc,1.0,1.0,ACTIVE,Regularly,57,179e55f4074783a5bf2a78a767cec378d2161c3fad247df4a5d6aacd8c760d3d
8071cf623dab32826f140bf55ccb0755f515aaeff70c6386bd7cc2a559b65962,1.0,1.0,ACTIVE,Regularly,60,9341120529debbc590e102dcdb119ab7ae9678f38d90970a81d7b32396ac431d
80a7df5938883cda1858a5df27ab6910391af412030fb082a7fc46b6a1d98f20,1.0,1.0,PRE-CREATE,Regularly,56,0a231a430daea90e29b0b37fd6646539eaca50605ddd60c1723f6663c596cd1b
80b52b079405f79c4e4e1929247e03dd4ca875fe36661cf3b2d81afb6c9b306f,1.0,1.0,ACTIVE,Regularly,20,9e2bc23442388eb166c6cdbd2b920bb1867f46773cdd377a2b1aa30d769c3889
80b67acafd3ff49fc3bda6b34621e0b036b13e80f448efe104bceba71d647f97,1.0,1.0,ACTIVE,Regularly,63,572d2d6d1a5a84f8f96656f7662b328c1793ac19bc0f73eece812c379ce6cd28
80c2917e3430c77d8828eaf18d6370d929c377cde77204d930e59b6dcc6175c7,1.0,1.0,ACTIVE,Regularly,68,2e88a28c31ac43f9843bbc34eff4531eecb8f5980192ed5c15edce348af43018
80d833bd71f07272e482bd7b083d02abbae8e0821fb192eb32c17e1809dcd536,1.0,1.0,ACTIVE,Regularly,34,1545a296750848748e9af46c90b9d52a9fad5ccba48d5a06913c7b264c0598ce
80ef510fd369862d700496807e7227cfd1e345ed1a58ebfe0d5c4717b49b6ade,1.0,1.0,ACTIVE,Regularly,24,db65f85938f9a53b8534e4de8537ac93edd4b90772ab5e04fec270c12d074c46
8128a76126eb9f24f54de3dd5fed538453dfa8fd1952d543488b4bfd674c6a87,1.0,1.0,ACTIVE,Regularly,63,d3fd7be467086110be4a4adfece8aa3379cd3b833d7c0992c7f386f798f7c6fe
8172ddb72a03eb7df256d5d7978f2f9d28a901cbba596c9aa9d555d902a04b1d,,,ACTIVE,NONE,20,4dc94a48c22fd0be37285a121a98e3615da1fa08899f5536ddeac332808f08a9
81908e4302f6d0cb794003bbf319d5e82b388d55a1c0bdb11f6ef6e6f2f23052,1.0,1.0,ACTIVE,Regularly,27,bbcaa43fccdd4dec0c8f615e50b18a69777c6568149cc7b3d4ef0ee00ae349e3
81a15e396bcb94b60b994cacf6f8d0ab37780b0103ec11c94e858eebd4bc28d2,,,ACTIVE,NONE,23,491318af3f0c895823a269c97081fb6ce4a48cf5c56340e5a48fd38417892a72
81c535478acd5922eb8b4baadb57fc356c46ef7845b4cbf0c1d99ef8dc0fe094,,,ACTIVE,NONE,52,4b73af6f86eef4216cc5f283f21c0bca1b4cfb438daba5d27b5293d1bbf6a241
8240da9a5ef6bee78f990c4fbe7977651acda03fc6b66ef6710122ea5005bdf2,1.0,1.0,ACTIVE,Regularly,20,de6d3dad11a579721f64a59a9d54c17c9588f73e3727f0d59318688200d5e300
828e1dba5f80ce697c6d1979623638b5724a87409613878111860ae59674bfef,1.0,1.0,ACTIVE,Regularly,17,2c29ae653a9282cce4151bd87643c907644e09541abc28ae87dea0d1f6603b1c
82dbe80e496399401a3bc7feb52b77895091cee174569a0e35759b14158f4b5a,,,ACTIVE,NONE,27,204e5acbc6250e4b5182f369aaeb0537d12ac3f39b2b0416f27dc502b0d59448
82dc6008d11863b65e13e088a4b562f934de98d8db3ff597bb0f2685882a2537,,,ACTIVE,NONE,48,947d956c1ba76d5489fe856a990134f89343103c915fa9a18cc11ba402eab7f8
83020e7b51a6e19553c22eecd22e3be957cf45ae71b28e36dc1557c19ab007e0,,,ACTIVE,NONE,46,77ad23c895e3411d92ec190ab0b4ef04c35ad5750fa4a5abb963f41cb0cb8ece
830fb946700b7cd2ce9464754e4bf6baee23cb3077cfe9d07eb9b501961cfcb8,1.0,1.0,ACTIVE,Regularly,45,d071115f7ea638197fde5dcf69778ac39fe5523817111bf401d8e63e64c5ee4f
8311e3432456f4b78fad4db040a07d5c194b49ceced373df0d2a5fcf6032b8a9,,,ACTIVE,NONE,27,71720176092c80c6780520c36e59de03843b5a083444fe97b64c38f614cc615e
8313decb53a08b96e19a747a20310148a465cbf2d2da69028b1e7c269bb31f2f,,,ACTIVE,NONE,27,337c58e03dddba4afcd298611a34766e812102ed13e26d24d2a84957f7c06b81
83174ce2d9f479d8d432ade5240bd03663393ea81e377cd31b0b2c0e127da07e,,,ACTIVE,NONE,22,a6f4e6bb3b40937861d3ef4679e8fc3e34dd327172498f54149d20ef0bcb68be
83328f92a775e0d8410f18b5031a882c5dd5234bfab5b931abbc643201591411,1.0,1.0,ACTIVE,Regularly,21,9a2ecbd2a0f59a253c1f80aed835369ee93bc72dc5cb904e2db9167c7914bede
833d28d3eda04bfea95481c7e321edb2c6680445fddd88e52835c7b8d40173e0,,,ACTIVE,NONE,29,d58d605b9a52cef596052b1af2ec2fa7f887e124b1dded60d2704dae3a609e01
83606e7996062257a6c5719f05bfde3e2715a0458573b742517d241b6adf3a87,,,ACTIVE,NONE,,43c7dc7dbf8c4fb0321bd7be8b661dfc4393cfc0e6887212c14c2e0767e49fe1
836f9aa77957cd2cecd66509ff401e3ae4861d082d284a7e5ab0bdfc2937b55d,,,ACTIVE,NONE,22,d68fe3472ce7e9f649cd95047581240f830810cc474b3f6f3de329cfa0f526e7
8376135d4a397982989932d35fa975e144496e524245259a1b3b2f7ba3935cb4,,,ACTIVE,NONE,24,f9b6193780953e6789474fde5b23a968080bb873f7eb6ac007f6eeefeae72278
8376c563a958015c0ea9b1d588b6428692e3732190df3ad6fe396cf40a89ee9f,1.0,1.0,ACTIVE,Regularly,48,33a960915ae16926844a1273ba5272c94e81a134fe121befdf6ce258a3fbaaa5
837afdb418e7baf1da34941807b1d89a5ceeb6123be8dbe074bd0305ebdf5ce7,1.0,1.0,ACTIVE,Regularly,52,6bde0fa1b052d9a96d4dea8c7534effcf71ef88e51c012ec4f3cdb6ed98ce137
838a784dcf9a0831fd2bacae117519f80c023451c107d3bc81df455c6cbe3428,,,ACTIVE,NONE,44,2c29ae653a9282cce4151bd87643c907644e09541abc28ae87dea0d1f6603b1c
83cec2fd3cdc268ccce79375ba4516c9963cf1f774cadab725a17d8e6f857eea,1.0,1.0,ACTIVE,Regularly,55,a4317213c03ebc63afb88b358f47cd17985f8e130af2834feead21bfb1962ef7
83d23e54936c1bb4069e0a3a191eeb30ffc521bccc4ae38dd1825c6a1d61c0dd,1.0,1.0,ACTIVE,Regularly,28,9cffe15c709e1439efd12a1389c04c41dc69b7176b37497ac9b7d511fe6c3a36
83f9637e6d854cc33f1d1aeba1887d33a620d101b3f4d2c4f98df83a70bf71e4,1.0,1.0,ACTIVE,Regularly,48,51a103d7e91ed5152bea5e1d1b0d13363fae777addaf81779f92b250e563be45
84126ede66017a59512bd6ccb03e460faf3c827ee4834ca362628429c42ee8de,,,ACTIVE,NONE,38,73255015fc720a1b99201e025af3f155e1c396d5fe10a176fec0e268649bbaaa
84264feb45487d3404c865ece2c4d2c6c5b66473b759e90a346a070bb2e935a9,1.0,1.0,ACTIVE,Regularly,23,f9d26c2d4a52d83bc9d5c71783dc0f8a9bd265a8bebf1cea32176263fed94fd7
8437a97c60fc534042b778282a57778aaacfc3517902aac74f8388f6bb5648da,1.0,1.0,ACTIVE,Regularly,57,764f58925f15cb734fae5b381a438f6288f2f8945e13c45d2157cf93c3d9d911
843db95ff7baf836905a16a79c3c5160dd29f1123a5ae212550e0dd54f4922d4,1.0,1.0,ACTIVE,Regularly,45,0cde66edc4b45e1e44fc307c6a03e92a731ef416a00a796e0f7843b84ba33e75
84b1e6e355a6e4207005fe4b90c764b4ae35c97feb793e8b1d75d53787bfc278,,,ACTIVE,NONE,30,a3188c85aec696f76c9fa30e8cc09b0d8548e57953fb8e4026fd57f491512f1c
84bb289aa023dee547969162608e40eced72a3869638e4060be093f004f0731a,,,ACTIVE,NONE,35,a932ffa4a6d154a8c9f36fab22422e4c2dd6455fcf1e465e00e4542574e173e1
84c64ecc4a2e6aa5b5dcf2ec2c0a93c23b8bdf08c3214f01e6331a8486dc6fdf,,,ACTIVE,NONE,22,2e6c26f198febf403fa89c2b9ec3cd2badff76e333f7ff99c1c9958f319d3a29
8508ec5d4df317d4d6cf8df0a6a96cdfdf176a000a04a795c3520644ecf3c4af,,,ACTIVE,NONE,19,611623adbfff7caaa3e56a1dab6e0ff21866d8145370d28fb65a6964290e21a2
854cad904e5621ed68d8959fe0fd15edcb16afa410d0848caa3cfbd3e47478b3,1.0,1.0,ACTIVE,Regularly,67,ed3ef419fe6eac14fb561e42eb2da6f9ad0f3e9e5929f74cf58e4f8633544ec2
8554422b8cf206d500067564f46c97102668b6f9eaf002539419ea699b98693f,,,ACTIVE,NONE,24,8c28123649e066287881c89e81ff1e9b5bfed504109086ec8d22081a73b96d15
85729b8e57827512c30ff24ecc811400e381e5bf853fa68fbd1b9dac1af8daf6,1.0,1.0,ACTIVE,Regularly,67,47db973c43369005375c5ca09dc27ad436446207e87cad3a681b8f7594713007
859ff9c1affeb4f16afbcf0c8621d7ae64b3e3fcb28be5c22b6643c0b9f08da0,1.0,1.0,ACTIVE,Regularly,21,ef7472a72ab87de47a49a26302707fd212ffc780fd0d0e71fb99347f61c8468d
85adc56396e696925edf7b2cf8d6d95321248a8c3a92cecd0d2573d9448d1360,,,ACTIVE,NONE,51,1f8c219a08acbe534ccb9ab8801061609a76f0aa1b615aed422911989d41e11e
85e3855fb77cc69e61eb7f8498af54e13d9b26e32d5f420ccf6643e68a6c868c,,,ACTIVE,NONE,48,c677658476d37283b01b25e3492ac4693bdf77b343c80fc0e8018310d9f6a06c
85f8afa3b4d0759dbca5652da1f1158f7ddb2d573dc7c7d5625005c2b6202a6e,,,ACTIVE,NONE,23,2cfc3b818b73820baa1ca9e7b9c5be8159dd6c845bf9e8addc080442975d6e08
861d617c7fa0ebdd4042d00b46e3c021e6b091422ee876d0ffe11b462e94ceaf,1.0,1.0,ACTIVE,Regularly,49,a9f81c55f59ce717321de46dbd666d071796c721602a19f68ff6f83c1a9b162d
862035594bb6cdd456bf8e6eece56dcc71b95eeae3c53b31bbaede37fcb02a7d,1.0,1.0,ACTIVE,Regularly,59,5a7715b4b35be5fc4202a1c66196f3874252907dc3db4fa8150da727a2ddba07
86273c8d7deadc718cbd15e08ad7b304dba165927cf1a9ebd5e8628158e3d65c,1.0,1.0,ACTIVE,Regularly,51,28b5e5d24526a718effbe2f6aae86c2479344b3b239b52a194d8ca06bbd4a274
8663a30d28aac531d95956182302bf180368711f978445214cd49a1ffbfd98d3,1.0,1.0,ACTIVE,Regularly,24,59ab4ad85448b991c551c77241f641c1e75df75efdeb2a57cd73e9a0596f2494
86e2264f3eab5e6c981ce7718fe1a50146a5893baa2f92ae3b06da0ad22add12,1.0,1.0,ACTIVE,Regularly,55,2c29ae653a9282cce4151bd87643c907644e09541abc28ae87dea0d1f6603b1c
86f02e871ae320df0a5129e1d45a1e7744ed7e7eb84179eb332292cf9d66ce78,1.0,1.0,ACTIVE,Regularly,35,649ba43e9d2cde9a0469fedcf165c22babe00e63ce814d9995a6d8495ad56281
8724466b4ec6e7860af744a7d0ed02f530b38dc075ca797b009f6e000cb32a68,,,ACTIVE,NONE,25,d276007e90c80514cdb0cceb03d2e0b7cdb22e5e8fc29e2b48d1e3d4cd41cfdd
873591a1d642b81eef6890dd50c59c3332f632b8f4ea0e402327b53d8b224cbe,1.0,1.0,ACTIVE,Regularly,50,88af3025d03a5218f81f4739fd092b4bf335018857bfa5587faf6451d5c445f6
87497d8db13635931c6b2545e4b58dd96cc6e0c7a34ef07844d8b573b4d650fb,1.0,1.0,ACTIVE,Regularly,31,b45a910cc75f49010715c37b13c4ea0162d75e1b7d818142f0902357ec66b711
875fc513dde6a1feb6eb60cf59e06a1216e6b6705a725fbb3f9158cefaded7b0,,,ACTIVE,NONE,,4c683e06d44e22d95ab59be17870ae67586a04bf9d9333a767ed54ce8a0c2469
8760a235be1ca902f240cc55a0cd975371fee97a1170fd3e6d5c31cef5c29fe6,,,ACTIVE,NONE,56,bc32aee12b91b7a3a4c99719e53d1af62adb63cf20ffd0183f0c5abf24233a9f
8773ccddedfd01ae37a6a2892e0948f4edc77d3ccbd6078f4340a226b1cfd1a1,1.0,1.0,ACTIVE,Regularly,32,5f16f810ffd020b07c671b4fa9e8e2bd06dc285845c5a9154727452dd15209e4
8779c5f49c63a6c0f36157bd16ac3e0e6bebc5a7ecef641724d09e24611db785,,,ACTIVE,NONE,17,6fef67933529dd446ed641ca24d7a70b441d977f0788cea823db740f60aabd82
877df66fe1af06c62d9cd607cca20405da91ed304ed1fffd52d92bc8d3831e26,,,ACTIVE,NONE,33,2c29ae653a9282cce4151bd87643c907644e09541abc28ae87dea0d1f6603b1c
878dc8cd6dec863c77931c6495fa9ad218ddb8ebfa2c3e112f78d6b0d5bda368,1.0,1.0,ACTIVE,Regularly,47,7c8cf3e2d873bb3187c9c4b3f6bf501680446fa3fc7fe7b910ab7eabc15521ba
87d331526ff2d5efd4fa06e1c1175e4e3834431594b6f941b6135807a0f8079c,1.0,1.0,ACTIVE,Regularly,24,16aec9971c1e5827bffc7b5fde81e4272d6f7cc8fb0382e433bf4ef2a3483a07
87f54e37c38bbe9147a63fd76b40afe23204dc4c55fde506f1f5e7348f2fe77a,,,ACTIVE,NONE,30,ee820dddd1d687561d624d84360ad17916c2bca7d34da3b4d837671399f1aaa8
87fb978b9673333546636b93c1ca89f9f0fa46081f2865c93bf2bff042606160,,,ACTIVE,NONE,25,1c1b0fe9212dd17ce9c03f0f674787a6543780b8d1b66e786cf128775eec7d06
8817abc1686c22d65d4af00dc698c19801a884c60ed2ba572e19bd268bc4899d,,,ACTIVE,NONE,27,26d3da646b50b56a3b2eeba23abbdb39c02adc9f104b4b4b76d0b4ec20dbb6ba
88187f7c699b5cf58439647424bb581630f7d2a1d9a9282d215c6def5c632b42,1.0,1.0,ACTIVE,Regularly,23,51fec1f7c1e80a81802da3afde5819ea4c3220a5c7608ebbd7db15b0395bebe4
882f8701a55a14c2adde39d901dfbef6291648f810b2512ed09365853827f85e,,,ACTIVE,NONE,22,722ca1a82511501dc9d0c1601ba875044dc15f9c173c14e5cf42007d9272292e
88311576326e0ee63df87d743aa4c5b3cda7aaff189a35baf578f52d176a390d,1.0,1.0,ACTIVE,Regularly,26,05274a6e550d44bc518b86172dcf00a940a4fa39190902a58e75cf8399c5acec
8850b64c21661bde11ecc7b50e40952f57710a9bf9f129662e72be351cde24e1,,,ACTIVE,NONE,51,a4b73b571c925a4bc56726e7cde06eb137cb1adf10138ac69634ba2b31a96af7
8879a01a85c11545b7e3a510c3683c5ad8f54eb1b85e2b488fd851584e332517,,,ACTIVE,NONE,73,820255ec68d2d2ad4f7b9e2dec64f036c87171fca88a006d866401776664cc30
8895c940ce17eb6259bb326b21c860c886f98c578a3d9fb167195e85a34efbe2,1.0,1.0,ACTIVE,Regularly,28,b1bd8b73281f1f6a1b8cd6e996ee61e8c6eadd4730b75ed1046483dd2d1e631f
88d5da0b609c2fad13c403dc5149e80337549e997b72ef210c89a3d80177e107,,,ACTIVE,NONE,34,f7aae00354d08f6bf42c6cdb8c39995cea0501854e8c2b3836f0de2711376f6f
88ec8a386102564183b0542bcd606343093270ba46b4aba0e091f92d119beefa,,,ACTIVE,NONE,28,f22369a530504271b415c21380c92292d8956ec192b517cac42989800d50e473
890321f004542846939fee6db1ec33fd6322b7b9ddf24840b719651c0283ff59,,,ACTIVE,NONE,19,7e9e809073ca6dc68adca76dceb3bff58345efc61bfee54bc9a793f3379a0ce4
89064cf7f153174c2aa353cefd0f173d9d6d106749b05edf3a39d3cdefcd7a8a,1.0,1.0,ACTIVE,Regularly,24,cdf7703d5c5b5f016d76df90660e677d129fc0d2ffd397f23d15b2c14a5d7eab
89c18b8cc42e121f2124463a4f0b7a77d35b3683884625936a0501b1fb3e1c6d,,,ACTIVE,NONE,19,162b717fa2a626412128f59a60d9e2c6368b766ccec60448cefd100fdc807d2e
89fff0c0175f86772bc8d55a91ffefe2129a052bfeaf1c25860b186379b8634c,,,ACTIVE,NONE,29,a39979ee0cba86197633968cb37af3104b6d09ade0374d7f2ad6fad4b9aac7b7
8a030ac3e94083828928ad1002b27fd3e8a1e4f794343be0717d1bacd9e84e86,,,ACTIVE,NONE,30,06e77a023b145090dfd94419266f20239649b98a744978697d41b9a8c09b92c7
8a0f9a897ed2b625b8810f5d9ca2a225c6be2aad22de3808547497025388fc79,1.0,1.0,ACTIVE,Regularly,20,9709db68b8af18d0e3a536bfb64a6f9d7eb876f2dfb5b6b1ffe0c2fe56cd7cfa
8a1e0f223bc943648ec610864c5033e4ecc9485b7e10e50b9b6e3433a829c3a3,,,ACTIVE,NONE,21,8172c90e8fd7457fbac845b1f58d1cb1ab0d733c2cc2bf420f2ea3b1bc73fdf6
8a3e654101814986eb4b09430f01a88c32d964df7a6f854fbb62b46cee5045d8,1.0,1.0,ACTIVE,Regularly,32,9f3044800789cdc717dec767643f01985f28a540e16495ea569862859f46930b
8a61a06d8a68338c1f40086a62164d89c303f8ba2a30c5011061c631911ace90,1.0,1.0,ACTIVE,Regularly,45,27d4b661a0a9ed83c61513f71ffc5e0bd9c43e0ebf47ac3fb371b270112d830d
8a6945a6a05b2cf2ef87ff07f74f9f055bead76170c983a1576a96292961b13b,,,ACTIVE,NONE,40,854b06862565a6530448f92a7f5dd6672ef587cb824a81be44b183d264e8f597
8abbe7647dd7e25e320e3a4972fbf49b9692f7fd8fec14b1686c7699afa7b622,,,ACTIVE,NONE,23,8b928beefb8297873b4854994e6c17b0f54d4a6f4db5b146fd7c9a712837f38e
8ae75953edf5816fd91d497ed3e91ccec8916816025ed42132022cd0c50091a7,,,ACTIVE,NONE,52,9dc8a07c72af3cd2b63e9ef0f1b48222fe5af36f5ff87823e89feb61f1b046b6
8b3017ee10155db4a2ba2d69712e7d9e516e68e1af10d757cd8206c2f8505d17,1.0,1.0,ACTIVE,Regularly,20,86d59df3927acd1c12faade926c84dfcb378d2109d62acc21a9ba609f8b11184
8b50c38cd7dee014e13926e1854f762605ff91ba8213aa96ae96fc569643d0f0,,,ACTIVE,NONE,25,428232e8fbc8093dd4d3c7ebc931b09a2758695dfff96f411fe9095385c8712d
8b83e8c80e7a5cce66c12d2b305219d01d8a5dce98ecec88ef204549c9605435,,,ACTIVE,NONE,18,91aa8c64e93ad580c0cf318b7a830ac0607a6209b84f6dcf23c490c8e8324f2d
8bae3a8a40c9dedf2a13d92219c73214079377a1a8838cf52c47790aaa67e562,,,ACTIVE,NONE,31,63e5af02d1bcdaac54a45f68411a98c6e7f94dd45ca26a1c53a529d7160ee8a2
8bb076983a45dad7f32df373c0983f33140431b316167803abfe62a2f21805ed,1.0,1.0,ACTIVE,Regularly,22,096d337f16f3e049cb0353a5edddca93d3b64ab262b75684cb45b096bcfc68e5
8bd4953eaedd933678ce5bc564ed702e56c21ca9e3c0649fa7e70c8a84c3f6ac,,,ACTIVE,NONE,24,683047c3b9d184a8baaead17c74536316f770dc8baeee72c64d33980629f73c4
8bebb5e2402ab4ac733ca557e76521975dbbe0dc8378a791d70c0c54a8d9eb1a,1.0,1.0,ACTIVE,Regularly,31,ae4fbb6ad3ca268ca5c385d6fbe324140366bd713e781266dea211e9a0030d58
8bfef853ee3a80efe6806ce0087e7c7e4558861ee4f27343108b8628ba88f178,,,ACTIVE,NONE,30,abfe8341061e6667387053c28363a9a6959cc5ca77fdaead7e551a7cad9fec9a
8c3f2a57b041181aa7c6b079937758d7758e186151c759e099cc8c530a6bfabf,,,ACTIVE,NONE,20,89d765e7dc9f677e8dd9756248c6225d0530255b1f14561535ba904a7792f60b
8c4072b08d097c21361f46ae3eec71dbfd7ba40fdcc0009cc96a9b55ae52e8a8,,,ACTIVE,NONE,21,250b871ccc7d8f3048796a50433ab2f95e36dd3dfdd219412a449de75ffb9521
8c74d272649d7a4ffcdfa6e0f9f5ec41e09fd9c82fd12634a83d172031b4ea44,1.0,1.0,ACTIVE,Regularly,27,e8680727a4e203a2866d497be4a215feb50286fdc1da756c114d4a232c670f93
8c8b2f4a3b4efd83a1d0984ccefc3296679eb16c1cf7628752ec114c956a3e86,1.0,1.0,ACTIVE,Regularly,54,48369e89c1b19c944b5992cc68722ef3f201ec2a6a88891e9c4b7e8c51edc645
8ca421c890e76ab427749de3f0beed1e4e573bbf6da6266254526c9bb2735114,,,ACTIVE,NONE,32,8f24fb9108103a6d6d6b3cb6b3080d60cd649d844a298502daf3be38d6f6a93c
8cd31ae95e7f9027c482486e2e05d44e02a896da087b501ff8fa2dbc33060d22,1.0,1.0,ACTIVE,Regularly,38,555a252a36f281de7cb0e3f19f07eeb785f49586d6980d53e1800c16e8a31c40
8cf285ff8308f0dcd63a4b16227fe6affbb3f9f7db74a653aacbb47b416667d5,1.0,1.0,ACTIVE,Regularly,25,00f4cf4e2050a597023a3ee0d1ae9b32441f96bd209e3df8440ecdc4a86254e8
8d19ccbaf17c64ea41baa84c84edb8ee12ea216362e2b45af111d1ce11be4848,,,ACTIVE,NONE,30,72ac70300eaee4d7f3d3535de0726a6245750add4eab2fd0911c6ae526ac8bd3
8d2cb451e32dbd34fdf897cd70aae12c547dde933926bc3452302a1eeca3504c,1.0,1.0,ACTIVE,Regularly,33,ab37f332a2b1e1149331d8d2f3d65bf3cfe7b43ec22ef11910153456c01452a7
8d492227cf81ee6525cd96e89628a969d8f0d83a16bf84059ed01590de813e78,1.0,1.0,ACTIVE,Regularly,32,d9b05ccc934591f218d599cf1f56ff70b3d1d915a1c98c20b668b69daf604907
8d843a0536f2ba98b768003cf4edf9ab1a2a31f17d89961b10c6cbcd31b737a1,,,ACTIVE,NONE,56,74b4022e62fa20067bf070c8f826d684c755629811223456895dffbd48525fa2
8df8b29f686bae353eb54100791fa427bf43a38fc04c6f318a4364c4b94218be,,,ACTIVE,NONE,21,76dd66e897ba55a28d8562d91a1f807b0e032c9c795b3962e3fdcd9bf8a4cfe5
8e67eedf1da92abc5e25392fcef551ac03a2937692f60b0fffdd0825690154ef,1.0,1.0,ACTIVE,Regularly,23,f5b8f4290c979f68303a4e2ece5420328d1cf09b7e58ed1c45c982ee27a3a9d2
8e722572a1ab156e5e77b733767316273800726f5ad0733d2adaf2d6740b6d28,,,ACTIVE,NONE,24,465ea22807bcb7af1b4859720218bf4b350a61b36872bd7428625509c0876237
8e7cea234d8a336350de6954172d658c07dd8a28d9d1803b2face556d6bf36c9,,,ACTIVE,NONE,21,25c0523ad54670cd8dc7dbeaa6bae4c175962adf502f3af9c18452978232aa14
8e92b3abe8f8a800cc8c6be88e40665eb419d8071ac4ce9ea62950d94bee4547,,,ACTIVE,NONE,23,49617a23998b7107337152b6e15d791e3d020cec86cf9175c03f76d16d613008
8eab8105c90b1d4ffc915487a7b3b9868e441866a5b6551fd3c4a2f1ed81f018,1.0,1.0,ACTIVE,Regularly,61,f5884551c778d1cf8a17c786dbfad88c0cecb57a583cc2732fdeca894f1a11ce
8ec2868b3ebb94aa71ee5f5edc0bb7d310582430d37701217164271aea39ed29,1.0,1.0,ACTIVE,Regularly,73,6e5ea979de88ee1be22dd62b59cfa5544d48b71b50b4461d8f3077e52e621c6e
8eda649cbd16b36f167b9109fd5d01a91bbf71532c8855b990ae2e836922b846,,,ACTIVE,NONE,26,8f0e835e0d3827d92ef2853c294e4f98075bd9065fc35572b623e06631638e41
8f3aa12d39e956711a5469ff150d6cc557af7d8a737b5450ca28e313d59df5ed,1.0,1.0,ACTIVE,Regularly,51,8b1c08e9a43f059da20a103a451f6b4419426a5cf3ed3f10434598d214ec07a9
8f664e45ffeb118bbf9ecee4f46bf0bf3a8854e45c6acf2332d358c3470399b9,,,ACTIVE,NONE,56,ad7d83c9621d53717429dac2d92e00e7d4e307e4eb236615f4a0aef394c71901
8f69683de07f5c3feba9ce72f325bc63b7507febc8195ac18d77b82c05228335,,,ACTIVE,NONE,56,884c8cd0ef9dda48b4df1d3bb112be51cb73882b79547df4955468bc9116f035
8f7e7cc53024d3869dbe54dca06d7880a26552f33f20b00832550d32c09a3573,,,ACTIVE,NONE,26,2c29ae653a9282cce4151bd87643c907644e09541abc28ae87dea0d1f6603b1c
8fa213ec6299a8075a6e01516f4f6d57075dba670fef6fc85b8ec91e2fbea3b2,,,ACTIVE,NONE,27,ce8697d886e05036cae122b8d46fd49ed9b03a7749e61a5c92cab062e215993b
8fb77080492c651592aa56ffaebff6331f0e49eaa7a4b94032a93948f9f4e07b,1.0,1.0,ACTIVE,Regularly,20,37156cbd539a774651b94be61baff11e21ffbdcb80b8abb0be9c7300a40c4727
8fc2350a5e1ef0b3c518ccc474b015a3078bebbfaf4bff36768ae9cfedd3a913,1.0,1.0,ACTIVE,Regularly,55,52bd195aa5aabaaa86740f66a11bcd221b5e7235bbadf369cdf680576bd9272b
8fc36b4761fda0e0f1c26bd03459ad5242967b6e0b1d4b9ca5f0847cbb65d90e,,,ACTIVE,NONE,52,2c29ae653a9282cce4151bd87643c907644e09541abc28ae87dea0d1f6603b1c
8fcac031d51381831207cfddb7af3ab802bc21f67acabec81a5e3286882ee30b,,,ACTIVE,NONE,20,3534897119c4a2163dab935ea12934582e1135a3558bcd1e4f2dc8af478b2063
8fe375f66e3462ce52ae61e9c75f79254c1d2f2b14b1ea78a32fcba6b1291c68,,,ACTIVE,NONE,31,a5ca21aefc3cf90afd9b09faf3b0f8f3c423d4f1cfb4c2e33a1b86770e426fa8
8ff6e00c5ee24c0153e4a92bfc58d3e6cdf163595c52cd55dbe05a7e42e33b26,,,ACTIVE,NONE,21,9a7056547246eb6eff550dac21f67f64220b17bd60e7382fd25654ff5a16eaf2
900c22ef439a0d281eba045f2a8cd1fac11842598b3a9d6072ebe174a9e55ad8,1.0,1.0,ACTIVE,Regularly,23,815534c503f1dd060475fc3f7f1184002d072e3c2702098d3ff882a731e33190
901209fa4e843b6af154fb9afaa2970b9445aa86de83b375a3a60c4cf1b0812e,,,ACTIVE,NONE,32,5389d7807d6244fa2395c5fd8008f9323c32f2d04dc96baf9b818cf7885670a1
90381e11dae742013a64d54d7b596c83a9f8d4576a9f7ae2a67e188b88119d63,1.0,1.0,ACTIVE,Regularly,24,7f97e79d4fc63809c8cef47669d50d762a9b3b86a18f141cec5f3b47209ad721
9038f64581365fe484afb4a2d720a69a763d0d3b7a74a26aac89ea2a6ae71103,1.0,1.0,ACTIVE,Regularly,54,a9bbbc6a649de72e965d5c7b5290e60585c4e84f982f5762f738e6e2aa31c4c2
90411d84396334d0f43122b17db8ee4c2dfa073b1960d3c72d18a4330e11934e,1.0,1.0,ACTIVE,Regularly,27,0aaa29d3a9ba7210c084724f3e3f5c49f8e4d9ac0484609d46c4592a3c1a2745
908c7a3c894b5172172c5e261150c7d963964311cc4f2d3ca15830e0802a0c95,1.0,1.0,ACTIVE,Regularly,40,b8542d5bf2c901bc852606a908ebb4cf5c0a81f95f454fcf31c9d1f08dac4065
90b4bd76c63e1046df080ac54f4eb2268085ff7ab8ea5e1169b4b5431d0d0b74,,,ACTIVE,NONE,21,9bd49ea35063faa077a5fbc0de30d5ced336deacfca75d02348f42f5b94f15a6
90c62b0d71da274541cd81d7223aa15dc6b3f7c24ef62789275486d832d7a918,,,ACTIVE,NONE,34,19dfb036ab494144e14497c3ed732d6aaf9f4ad81b0f5ff46a77cc08bb9f3995
910002842a5f007dc0e3aff717196640290a39788cdbabae78f95b94b8f90dba,,,ACTIVE,NONE,29,ca42260e48cee66f5d02ccf45a3adc46db75833d976b1b8346ff38c97a7853b4
91042c6faaae4aeb3fdc08e6df80722a44923742afc50d9f0261f252c14786f5,1.0,1.0,ACTIVE,Regularly,56,2f1afef3405d1c902bd19a28f4c46225ba237282b70e035f9934451afcce55b6
91068907eecd8193161b46800cb4234642f986f5f91d06aa54b3daa9f0acba86,1.0,1.0,ACTIVE,Regularly,40,ee78beafe4b86b424ae666fe46dc671a8e424e1950834d21f02ef08d21ec16e5
911612a8fa0f8fae8c251b7e37872b30fd494e70938d3945e4c9ea478634bbc0,1.0,1.0,ACTIVE,Regularly,41,bf9564fa4c0b87ecece99bfd74d8140f9fd541b4617b34ac65d03df62eb7a3b9
913662efd922c352da45819ee28c042cb543f21f8034691d33dd1b0f61948ece,,,ACTIVE,NONE,43,4a083250337f645ef022b65ab0c2043152aabc4ad299b11c0c5e956e0e5d219a
9146dab6b549a256d1c948c37166804f0ffb2bc802b75657047a37ce9dda8d94,1.0,1.0,ACTIVE,Regularly,54,483bff87eeaa614008de70b0a56edefb57e4b2aa517b049eaca64b2966446674
9181c5f5c0235dd3d5cd294d343cbc2ff6561ba9207f658c08bd96f2b9f17a41,,,ACTIVE,NONE,55,50e03e76169ac25543046e4279b58acd4a80d06f65ec270206b6d7d7649bfed7
9193c135425a11483c75ec4323c07f4480f43a80b57e9f39ca47b4ccd1061128,1.0,1.0,ACTIVE,Regularly,24,cde633c4b5661700ceffc0bcf7d79bf6542a758e6cb37b49d8a67f44da782719
91c5600384b1a5fefcc52d2f44a970c3f2e31213b5e38585f0ab352bd3359224,1.0,1.0,ACTIVE,Regularly,29,163ff5c18e1e4fcb5ddf0708f9e789bd286daa524cd75285bd1079176596530a
91f36ce7bbe378a4aff1e0026da4919b1a3b6c8e6903fe7a0b387ba5ec36083c,,,ACTIVE,NONE,27,27d55801b4a23f0c43a810421ddee877f5999bd408a7d971914d187048361097
921b0e1734b3bca12db71338b18033ff5d446fa84a5e3e1446fe7b7ab8ac5c8a,,,ACTIVE,NONE,30,1e2d55ea8e784ac3ed067ac561eeb2d660399067451121fe15d574c1fba60c99
9244f5b3879d74604c18a94b7773143317297e5177232a2e3ee9062686544235,1.0,1.0,ACTIVE,Regularly,25,5d1b1f2bc4123774ff43b741da727dac9f3efabab7e59f36a2c4b6b26cdb689f
9270b5ce61a2c05236b1bd223c35de9dfb675966d73199601a4f99051eb68298,1.0,1.0,ACTIVE,Regularly,28,53172d1b262bcafdebfdc3cb5d0499de2570a868cb8bff7c3015b55c5c87a9e0
928211cf10ee7f604e2dba484b58126e653e38f78a03c27dade8973c77282996,,,ACTIVE,NONE,21,aaab6124504fc83005d9b632a960c65be9262ab6c7dc19f5f86bca4ac63b3de7
9297c0cf81f6c18fa3e680aa2a13899265cff0dd1b66277e3fc7e9b6fef855e9,,,ACTIVE,NONE,32,bc46ce5490305c44582f0f6a104ec93383f2f9e9bb79e9eb5c6a8d71bc1572ee
92cd8e0ec2f25df69860c6d5c0e83eeefa9218a3e5f64053b3367e9a81cf03c0,1.0,1.0,ACTIVE,Regularly,19,2c29ae653a9282cce4151bd87643c907644e09541abc28ae87dea0d1f6603b1c
92e5af0b5e79cdbedd8aaab47d603079a7138c6546a2665a8750fe2f345bfde5,,,ACTIVE,NONE,50,15d0fe5c7775bf9e3a6fe95603b4efab12eb4c27be4a5dce93b2a273f0845d26
935c828559dff041d7631f5e9f04cddb6d254a7cc101e462bb25d858658ab03e,,,ACTIVE,NONE,55,fb4081fd95dd8c11fd7b6de2776a0851b5a4311cf6d2ea2adb2692aa68604fc4
939f1f24cd4f802504efcd4ade532594809bd6888c88ed852e7e286756fc8440,,,ACTIVE,NONE,28,4dbbb9761977b8e02a9a4a9910fae6c9c396a0423eb361886a0d12aad4965fd2
93a9d93ad6f063d53e2f1a904e6674678f3e6817c9d2f4c9547d74e133b1c498,1.0,,ACTIVE,NONE,32,e849f09663d4bcc33627542a6cbf3f34a8b3182bc54bb730ed54fb021b1a4e00
93cbf0d3148b3d400780265283b28f3463fa34467237547a18d6b90d454df43f,,,ACTIVE,NONE,31,d0e3e610e276e9049d66ff73924405363195fd711b206f4f7830982b14262f25
93f89b69c411fc5546d764ce992a47200871a8122cc8af1a0e84523fa9b20041,,,ACTIVE,NONE,56,08e3dcfa98221637c9cef6e2ee7b3da79de9c7b2518bed5b545bbbde35faea0f
9410281dbe431bab3585c283f95cfdfb22dcbdf340043af68c15e9193030fad5,1.0,1.0,ACTIVE,Regularly,22,aa9771efe1c850ebd437b11c86dc280120f90ae0369e5b5b978ff27f95871878
942ba004a43fb1c941e7015543a5833a9524970ddee5aa51aa8ce2031d2e9f19,,,ACTIVE,NONE,30,103b175e9ca167b777ce39d1494522a68cb3c2996583909ad4c29276bbda7d46
944c08a92563fbe8cc8a53756a13b8ca2f7af422d422a4ddced7e5dd02008aaa,,,ACTIVE,NONE,26,3ba7c6ce667baf59dd5b1005d9baaea2635569e37e1c8ccf2a32ba53372cb262
94751ad64747c89e2f073587838c635649d3d79660eb62428e4d1a01598d4789,1.0,1.0,ACTIVE,Regularly,20,b7b60d0e7ee7c9d4fbb4ed26733799ebe99df8a6b480330cc89500a9f4163e2b
94b8763211db382a76bf8dd03fa63f079d94a99242f7f49cea8ad2987c25fde0,1.0,1.0,ACTIVE,Regularly,17,d9aa43e0b4b048a54abc8d1572bd4716e943fdb711444c4ca8d9d4a061266c15
94ebb33a6e1b3d8b4dcddb5abb0209f68cfe3d1563bb0f113fe282d30ab17961,,,ACTIVE,NONE,20,2c29ae653a9282cce4151bd87643c907644e09541abc28ae87dea0d1f6603b1c
94efdf52688e8e1d306752b00e16b48a04c3a677f44fdea4b4d75ebf0ee9183e,1.0,1.0,ACTIVE,Regularly,19,0645f6f96707a1b7d47a2cf834352264166091495710004c4f3968d772bd515d
94fa5ce37b8f041f14ceef9940c2a0243864701dca6b704bde3b5217a7646091,,,ACTIVE,NONE,35,657c69c7473efe53c1ca8c7e24cd1b851fedaf9cbc7dec9288d93a89c00ec72f
952530dbf3b949437a0cdc53eb27ead923002bee5807d18f0b57e16624de02e2,,,ACTIVE,NONE,26,ca7a5299a9bf7c4b0388036d6199404620ec42c460051f8cb29e9778b971e774
954397e5632a0bebf4616900519ceca0f2346aa6a9c4e97db6bc931ae67765be,,,ACTIVE,NONE,24,310fef573f80a4662648c6ccd944605aa559d1fd54fe34c6866b15d097290bf2
9549e2d372372b2da2fd25eaa46139a080c26b2c343aa8006f0513f416670234,1.0,1.0,ACTIVE,Regularly,44,314ebd4c81235e6feb78f7d7b7830605b6d8cc8eb1ff9bb16a0cc2969f7b6ca2
9578351c4a2edabbb5132576ce819a2b31b08de01d3c5f373e1486be9738aa41,,,ACTIVE,NONE,28,b6235d163b6897db8180d5a58edc6154bac5b31cc5537a805065ab1c782ce6c7
9581baaea89edee99b0a63a297602fadc4c05b6b8a099ace48501fd2954df4b9,1.0,1.0,ACTIVE,Regularly,22,a945de4fa51189d94cd9f5c0b8139210d5afdfb40f7095d119209907957de56d
95a442fe594e0fc48f167cfa4f51ba4c54501203610d3772fdd0fb6ff7a2dc09,1.0,1.0,ACTIVE,Regularly,46,d8e83b3584d07cccda923833d4049078bc0c9bc7ede9531c71cac0b631353bd9
95b40515919d9cb962b621a0af4cf1443fcca83c63a4bfb04eaf9ec09834efd2,,,ACTIVE,NONE,37,97789113798992b0f96b63524e12671e6fe6068f137267834faa9893626e13f8
961f7e01345a684fa4f5c69ace8e0ae67bf2ce35857604d4324cbb13f1544695,1.0,1.0,ACTIVE,Regularly,19,0fec0aa203704d3c04b5efa7d48ec2d3b4b667194a9a71a774e7e8beca86dc5f
9621be189dc7cacb56daff121ab0714493d8a356c15390458f0f6a0a21cc6caf,1.0,1.0,ACTIVE,Regularly,26,ea27e670190e8e03f18bb750d6b7e9e20d1516eacbe84d3ef519a23979eeb258
962429261e3daa94c8d0ffd1423b7f14eed9ac78066e308db3fda943dbf1f183,1.0,1.0,ACTIVE,Regularly,55,2c47d5c8e56d68683e0e9f0a37bb2a0959743c2390bb57b03f15c85d8f00511f
967aa46f34791a7e74c7fc9a28953f99ab5d52834eb206e6727939a7256c05e9,,,ACTIVE,NONE,17,2c29ae653a9282cce4151bd87643c907644e09541abc28ae87dea0d1f6603b1c
96c548ab8d8f772717a44bd8a0662f36c57bb3a659c8aa179a4bd3f5c54e204f,,,ACTIVE,NONE,22,65477115b6b53dab92ec6e8ad53c3e68f4412ffbb943f039af3c1c7f17086c94
96f09d2c532bc11e3e47202696b21192191648863fcd9fc72b2109e6a431a88e,,,ACTIVE,NONE,23,ffbea8e7edc8621e6889d46375e7a85a825f37a62ed71e78324509afaea6d932
975720448d3b89210506ac9c7312ec5ea6d15979ef6fcffe850f7e0555c4ae39,1.0,1.0,ACTIVE,Regularly,47,796cede2f9fbfafe77bb04f47b5462744d7fdef0c247c8644961f9316d87b827
97c054adb637b15292f466eb42885c4b68eeb6504513d19d1cc4269794c61130,1.0,1.0,ACTIVE,Regularly,28,a4c7986232caef85dfcf8c05eedba8503b6b9236d60a66fd495de32c4cee480a
97c204518eae0bcacc642d57b04fd5bfbfd9174f90b37d7f3a41933f18953b7b,,,ACTIVE,NONE,37,0e2306a676093831158048b44217b917660d1c548f63cb1add3c6d497930e7fd
97c2d15f0379bbc11ab5b85efc7a6dfa90fc50b785c163446e75f0cac9fd3763,,,ACTIVE,NONE,40,26078732b3f1aafa87d975801de02b22bc7e4a0dec3a6748979bf2d7d4c191fd
97ddbf89a567486c8d474827a737475d82e548c7c8edefdd547e5080a9b512bf,,,ACTIVE,NONE,24,01a7251298f7244a38e502ae2aabd869444c10fd416cd24412cfbc57a4df6c71
97eec10b75b74f7ded3d85608d083eecab15463be98d305e012b4585f68448d6,1.0,1.0,ACTIVE,Regularly,32,891aaa69dfce3b758623582af8062d395e506b9341fe92c582c6bb7f70559606
9801f92386c25ea9ce77035614fe7ed0daee26b0adba4f3f4c33bea1fc7743aa,,,ACTIVE,NONE,28,f5fe22e6bdbbaa5df96daaa9eefb3ab385e32873396d954751d7407cfd95ce74
980c793bed035b682dd2a0cdc83b27a51dcbfd78aba24eb7c0f12eecf6f7beb4,,,ACTIVE,NONE,35,6b57178793e679bcc4f9e3836f766cd31b699324e1c6665c1f4c33b5d907caf2
980fd5dabf5fe9a40370566f596bc403f50842737fb5696b87e0a5dd6833bea5,1.0,1.0,ACTIVE,Regularly,29,7f56da97b1cd12d67047d897d9ec75977e7826793550837d6dfd7433bfc2bbcb
9870a04b2814402752fac17bae665626b9e70c98d42b9a6653df23dd05c4b6d4,,,ACTIVE,NONE,21,6ee2931cc9e22a9ab4a8c40a359dd0d1862684bb9607f596dba1fe65527974f6
9878ad33a9c10243493fc53fc52c087bce82d8711b116836ca4208f7b8b5661d,,,ACTIVE,NONE,33,a44604247e009e28657bba930c9348d5a22471ab8f184515f1f3d5f90fa7d1e4
9882cf6a6b72cf44860e2051af370bd62450fa14e5c44e9294d1fd19a0f17721,1.0,1.0,ACTIVE,Regularly,22,636fc2b27af4476037f536634ecb10d94262e4171debc5245333868ef268ca15
98aea0239a95433350f59513e76d361e7fde64222a936a1f5695dc59a63705ad,1.0,1.0,ACTIVE,Regularly,52,a17ef2f0a095347e2ce9ccb8379a523b34d509af8b4c624d64f19af11aab76a4
98b6b1ff88f142c06f7034bf16d842935315f5c129985737800c0c0dd537fcb6,,,ACTIVE,NONE,47,bf3414af7d47c78e9d10e9745746c0a56204774e5a668ec2e9ae195fc84aa420
98df3fedcbb3f9d10e09b4ab8530d5e7bd3f38919813a323f6f34b21948d0d2d,,,ACTIVE,NONE,29,8205790921a26768552486554f5c6f35851d7f1b733e07b1555c00813e534619
9931d49962795a63be97e442ce0ab5668d8aac7b97c9834fa960370737574643,,,ACTIVE,NONE,39,0ad9efba3b6453375b0c478f4333f09f22fe77cd35c1d096f1951a2a56210863
9982a77df5b6125ce74b661e3c5292cce10f3cd6c156faf9aabbd2617902869b,,,ACTIVE,NONE,31,0cc30fc97b48a8c4b5d2ce755b24880e17168b59c4ddf2105654e62e2e0427e2
99baa04cf07b56feb086b88f45e673b8bc78fe0d63e0e7d8b21997520835a553,,,ACTIVE,NONE,38,3e6ac84e9b5a1686857b858834f0b9994a28370d3b7534def2844f62402584f8
99daae2acaeab01c3ebf37d0334317293e577f9899dc1751946d0edea47b8b9d,1.0,1.0,ACTIVE,Regularly,29,fe599458a879653eadc0963b6526cf6ef05bb1e43b8fa50531a44309216e4ebd
99de52fcfa6abfd6185fd6ca0f3242b4b8832a99abf1ec4a0ea124cdbd09afae,1.0,1.0,ACTIVE,Regularly,56,93880c820427d69d5290f1c59d4d6a1afd152374d0a5665c84f3b566d8ffa8e5
99e4d982c2c1a016ef25372946affab521056f4a5cf63a6c33b39833f1321b6f,1.0,1.0,ACTIVE,Regularly,25,280d85edc847e541c19aa368efc07e72f182158e1ce93972ec2582d5889f6653
99e9e0a7fd77a7506caac1f1a6fc44be15772078599ea147044f3c89326fe020,,,ACTIVE,NONE,56,86e9a59341d1c2a29320b9789f0b37571f7d02956ebeafd8525a32a9f7db14e1
99ee182f09ccff86f28a77fdf445f16c1d8ee941d74e3222597cdab01e0b06f9,,,ACTIVE,NONE,48,ff034eafdb87415a568f5a2c0246962f740e9ac9c7943185022c57744223749a
9a21b58bc5499fb66d1ec7a783f824308c1adcad7cb6982cf91a4736622a50e6,,,ACTIVE,NONE,33,ee706630854f39339bf7312828ff0bd69b51ffb05fbd7448f9527c285384bcff
9a3d4d858b4a2c0a1fac926247cf0c6b66c47b9704c6709fd5ac0d54d1f619a3,,,ACTIVE,NONE,18,a87c1a8f7b39e24288107f6ba67b8cdd5b3ce70abb0d212ab86d0778d620062b
9a40b397c402dcb7046265ff30e0377a38f336cccb07518e3a1d18ff007850e8,1.0,1.0,ACTIVE,Regularly,25,8e0a88649c341235d0c86a616c4f82b287a543af4dbee24c34b3e2ad28627d2e
9a9114e50d6798cbeb9c2bb37760a5f56f810d93f5f67087dc651bd41d223c21,1.0,1.0,ACTIVE,Regularly,20,06c7728ebbaeaf5b103a908cc43fa40b6b8a87e036c24c5140b0584e685b0c29
9a968e4035a14d405442eab9ef2e58f27dae98985bee9505dca1cb7f053e9a34,,,ACTIVE,NONE,57,1c444c4c8b051295a6a13fff02670b6b381737309c9bf883556669ee00a8de3d
9aae5012cb0359750cac2d485890a15f5b7b8cbdcd9db494d7c02bab10387374,,,ACTIVE,NONE,30,36eb57851da912c61d791cda9ca3994e215c268a47b9bf4ba88d13a527ac69f1
9ace51e6c0ef2ed14679acb54f74abd381a67907da11e17dde543edce6ec743a,,,ACTIVE,NONE,27,38e4f4945abdb43ecf9d893033a7ae034279b357a2e8087f9e6179e4bc44f924
9ad3d4f131b3a58951c7a727b5d0699df3a38ea3fb985007e953373d8fc1c29f,,,ACTIVE,NONE,26,180d78e253b92d155e24274aac65e50d42b285568073b2583006c17239527f36
9af042731d2e8f307fd567a6039de8982d6343e18bbb9d4e5d3ddb0e3506fccb,,,ACTIVE,NONE,54,134ded084bd2b26f0d28be7ca0f29626470325bf1560b6b2b4b39fa2ed00abf0
9b2280ea8ec96cd53a786c4de42fed89917abfc18d25766a199586f0221868ce,,,ACTIVE,NONE,21,401110f1538778eac7710291514bbbc91eb7f05205705ca9d975a1c0b4200f73
9b5f33b750f2990efcbb5802dde8d868b9843778c0d68f3848940c52f66855b3,,,ACTIVE,NONE,49,35bfa81e63fc19baf106c2408383548b2e45a518d9e00d9948a748e027853ca5
9b76cb7a17d787ad960c2b3691e7d38c015895dc68af7f8521f75c19e24b4fd5,,,ACTIVE,NONE,45,d46a0a8b1936a67fedadb720a1666acdb92b9af09260adb2f52c13c0fd74bbb9
9b79f246741edbfd600a7141d7a3b443a328cadfe237d0ac67736d778b675195,1.0,1.0,ACTIVE,Regularly,20,f29ce233d2e2815f538a813ea50a7c47245d3fb764f18c70e7c8d194c7ba401e
9ba942d03064d486d7b0c2373659461680763233bd6a816bcb4e6469cd42e3ca,1.0,1.0,ACTIVE,Regularly,37,51d300305d298f438b075135f9d952ad6007252aa9772fc7e15343b34bd355fb
9bcfff8e070df2c22af529e341bdf0fd8a69fd6d5e40be7a70a4358821f08960,1.0,1.0,ACTIVE,Regularly,19,2c29ae653a9282cce4151bd87643c907644e09541abc28ae87dea0d1f6603b1c
9bf20c47bca041e679e66a10642a544a92f2cc801a784a8036f6b44945d28082,1.0,1.0,ACTIVE,Regularly,23,27dbf82510a457033c0b974c10c0369e7507bf9d60b815186720d169cd9288ce
9c18eee48114e28b338dfa0631cff38c832e6c9469b009cb31ce3f8ec50b3909,1.0,1.0,ACTIVE,Regularly,22,6254bf1e345b07a97adebfc3170e7fef162d2b14f7b897147c59bd1283554877
9c250874f4196a077e06d717c70473c205cd363ef81442561adf92a893ef5bd7,,,ACTIVE,NONE,83,26d09169549ba96992cd36d4474b71fefac33dd31ed41334a4332c81c22471b6
9c66a5fa6b58073426cb12208a7a62e5c85b3b2f12f3487e73da4cbb4fbb4990,1.0,1.0,ACTIVE,Regularly,18,0cdbb9b2c817002224bffcde05c27fd3874539259fcdbf95589fdbd66e1debbf
9c75d5dfd9294428a5b8fe4ff65c0c7ea1f2c72e58c766099b42bc1c32c63615,1.0,1.0,ACTIVE,Regularly,56,209c31afc47c08aff88bb9e1c01229ca4a4e66bb53359d6305cf3154fe6a3689
9c9ca16a2176b0ce0ae5d6fa04e7e752f95a9fa12d8e3198449c4257d47d7da0,,,ACTIVE,NONE,33,ae4fbb6ad3ca268ca5c385d6fbe324140366bd713e781266dea211e9a0030d58
9cbcf2801f2675deb8e1d5fd4908668088255f0abac81a90a7a41bce45191779,1.0,1.0,ACTIVE,Regularly,52,7d144e23cce66a7d6d8df5ee7506ff5865bdcf42f87bc787d94aac2e5e75b12d
9cf3b32f76c1278cd7696725e7b0eb54b567f49e7a8e6dd8a88268185e696d47,,,ACTIVE,NONE,59,76e186c9bf215d3603e1d7446b05a1b9fdc62ed3e803032900ce81cc982dcea8
9d5acccfed067eea6df99a0d67b482ad048cbd22619c185950bf759f9ab8a2c4,,,ACTIVE,NONE,25,a3601a61fe2e4c4e49c8699e37cbeaee13cf17cfeda9a2753669af23fd6af3d8
9d74754084a93f29bbe0bd340c76e650cbdd696784184981657781c20838a242,,,ACTIVE,NONE,45,51d160d40d331a76634876933b96b1b4fd6041bd27ba802cc79bf6fb1ef860ba
9dbec663511a05d64b0f31c140d0d1137f05fb28ec530cabe96eb912293792d3,,,PRE-CREATE,NONE,33,a7564b0d146eff40314d19e2c92986ef4ecac051c55106d634267acbfb1f55cf
9dd24c07abd3cf5a91280c2cca62e2f47ef85c275955fc0def6c568b40e67639,1.0,1.0,ACTIVE,Regularly,21,ca39defc1fc54789198396ae573b640b7df7b5d26401d6f9c0cf7aba2718063b
9ded5fc2c9141672e35c9efc02eeb20cfc604ce7ada15f4ddead3fc4bcfc4c29,,,ACTIVE,NONE,22,801e30def4dc9009d107b8ed370afff6d31e381186243c30be788f0a49026611
9df3aa765a2111e26c5983127809977b5ae178e6244d7c9234dc0c3454ba8904,1.0,1.0,ACTIVE,Regularly,46,6cf9813783187d2ea98d0a29dcce154a2b4fa84ea1d84809ead28f29abb7bd8d
9e26a75b5de69125c99e1ca3c166bef80e1b5d8088bfea8cc5160a3286e2b53a,,,ACTIVE,,46,90f1a75385c4ab8590546d64d538493e967ae23cfbe2a00923ba71cae87a9527
9e48272d1f76a289499be20da35df3a801ba47ce7f386775be847e95e60c42d2,1.0,1.0,ACTIVE,Regularly,34,39f6ce76b1534dea7e78eac2a0ffde8f7143471b6b28b51e498d575417f453cd
9e686266ae2cec12f53fe51ddd58c16ff55fa8da0f5039fcba10525847dce196,1.0,1.0,ACTIVE,Regularly,21,1f2d06e7e244f69a4b9bea69eb6d334d8ba86cb08639c1d9ee58024f99fe2438
9e6fe9ac585a031b1b6c42cc2969a3eebf5561855059f3a7b6da976dcdbbd394,,,ACTIVE,NONE,24,463f6daebb3ebee91d7783a5fbed3b2ca79c58434b00a8b08737913ed2ebb0b6
9e8816fef40d8e998730e33b1d05a083b26c0427ae3432ec2ee84a35dd535440,,,ACTIVE,NONE,43,fc59205d449e53c1e68006d5e4e68b3d8bbd2e3213ba1ec09cca239daa16e5f9
9e8aac9a79c66788645104e0e94ce46c6b95c0f80c7007e8582f8641d78ba54a,,,ACTIVE,NONE,48,e120ba7bff194378fa8ac045722a76ff5a0d573299540b1aaddd8bd0862c26f6
9e96417133f86467553811508e56d2446769ed2748a9556afdfe0fbed21bcdfc,1.0,1.0,ACTIVE,Regularly,20,3159e650c93167e58ad1765909ca97963794160d4175e499b4d0d5bf0176fb49
9e9818854dcc998a85c531cacbcfd14460b4a5ab9b16a0ca88a2f3b663d88183,1.0,1.0,ACTIVE,Regularly,17,786ac6ac1f89a9b991340bc61a1d86b832229c8e9e70c545025677fa3a458044
9e9853afee619d3c63ff13147968d20c5d7b429a93d8e2a8f03a7d18c53a39d5,1.0,1.0,ACTIVE,Regularly,23,5e59d5c14a26b9cc3120cc038b0fa5e14e6aa0ed73dd7c2f8f3ddb70a33794a2
9eba75cc7f57461ee45e0bf49012e4646ff44cbfc0cf9dd3163d008386124b96,1.0,1.0,ACTIVE,Regularly,59,13e1636a0330a6c23a9a9c33bf226ff069e9285c501c0ada9125cdea92cb7676
9ecb74c073bb97eef24ccb2bcbd2da59bb58009467d207a2068657b5bd166e03,1.0,1.0,ACTIVE,Regularly,22,3e5fc5c548208eae14a250c26c79e738731e2e3dfbe9c745680d2b52a560b7c2
9ece1f32d67b5c1834acbbe2e45b0d47dd6a6b339dc6c627613bf87a2f7e01f5,,,ACTIVE,NONE,35,d68a74962a9897163cffe495c4134ffd5f113f28369410a0da8af9e930d52b1f
9ed4c50b7ab39dbcbb70d64fa5f4a3c5a6d9449641be3d7106c0fa48a7d26db6,1.0,1.0,ACTIVE,Regularly,30,d37691eeff890a5318b09c42e06bf831f8be71336ebcb3b816a2a4e59da949e9
9edf420137725a51ae994da418053c2fc4e495aa6d5ef3fcc15a07224f9a3f2e,1.0,1.0,ACTIVE,Regularly,40,f62b778e9a9007e840041710036eb8d43f4d967b853914d99030e9b2eb997e8f
9ef339c359c49f7855667773ee46c64e8712e053b41432d07c2190fc84ff8aeb,1.0,1.0,ACTIVE,Regularly,56,a5c0ee81981ef40dbfc1ebbe8515cf5705c68d1146e9aee343a972e1299f9460
9f10fbd1233fedac1202318aef839caae9b752e900f6d9ad20a77d57e18e219c,1.0,1.0,ACTIVE,Regularly,20,bba3e1ce1b2ff9a0d23b6e739f793617f20f4b8150af98267ab9e8c3d63ba0f4
9f6ed334ca0cdae650f5289cd6a84f445780ee2a1650cedff963867b766fa714,1.0,1.0,ACTIVE,Regularly,73,147323cea9e4f83b135dd069f5245a0e96cd53959b981c483b032f1d67492094
9fdb8e85d6b219b15138c9fb87228b2c78128480f50a77b485fa9b0ba683a848,,,ACTIVE,NONE,51,95d9696c972ca95321baa03ac01f5a3b3893d8405b8c59265210b90ab64ac8c4
a0673ad7ddaf01317e2fe2a42c36cb12a8d4ccd763e38bdd943a9cd77bfbbd34,,,ACTIVE,NONE,48,fe047ba7bd30383f6a86f4ebfa7bf535a505d8a66f4761f375dd5bbb7f80b144
a0ea9f0a497ba4fbf3af657604a0ac3a34770284de846eb418803fb644e2d196,1.0,1.0,ACTIVE,Regularly,38,1a67da8eddb2abaf680e303af7efd443068434f22c62f867d4b2bcf4ba8da78c
a14b30a4fd794363c9bba9f8f88078228e03436215d59a8f2fb01e35cab64032,1.0,1.0,ACTIVE,Regularly,26,33118af13e1d46fe2baa0022d7e819ed20f900674f05a37ec02dda8dd462ceae
a1af5d7dcff96c89e696de7f653054fc872f6c9e536962b9d1561b57da469232,1.0,1.0,ACTIVE,Regularly,23,18de3ebb6479de5638bb239e7453cb1d6d1359fb723768954d344c18b0ac661b
a1e65fabdd319304d161b067f3b78a3497977e3f626e7b3d3f141fd67c53cb2a,1.0,1.0,ACTIVE,Regularly,28,9d1632b973b0a47662fe5b39f233a000c594a48a70ffd9608c60c29fbc493945
a210f527df440999f22495587b5331fd1ccb98e61a6987b4d39a8d352e0b58ac,,,ACTIVE,NONE,47,87e90746fdd98a5e12abd8b32427d735ab3170f5423cac7ca71d24bc9202b4ef
a237a16feb7da6ae9a0586521cbcc006a320d029186bf02a0b334af9ffe11307,1.0,1.0,ACTIVE,Regularly,66,f5eb680e2f0c2e31d80d42bc1b7d547a8d4b3ec519506a0f10451da9642e0b90
a244064dca0641df6f6c9b3b153079d5072905f236c6aea8a66e0a9ae57f05dc,,,ACTIVE,NONE,60,68ffbfce4a32d21fd116a908189fe9a65822160aef88f8047e564ce685317b96
a2729ed97c31980cc0ac772998e68099de6f2905c58ce575005f0c0cf960e97f,,,ACTIVE,NONE,67,7a10aec621224cd2322238628a70f2a3be5b5082be4fa0f60f418018fc0ff538
a278ecbf3cd3d7004142b7a46a5c6a9a19f77c9cbd873a9b42deedb1100fe9d1,1.0,1.0,ACTIVE,Regularly,36,dda16acb462ace4ea11cb3d867d3d57051e14b215aff0bce0cd5d525e2186a0a
a2817c5d9a9c415d029d617dba54ada6f0cd78894d1547bb01f15ab494ea41f8,1.0,1.0,ACTIVE,Regularly,47,e24d700cc643df4c734a264a2b9d9e1fc17829c5b1499e60e4be30f30bd1c490
a283535411a1fe6c84c01e6836912249c99f36ddafca1cbe5fd3dc4a51beac6e,1.0,1.0,ACTIVE,Regularly,22,442ffdee907af143a81db549bbd932329b433870acd975d9ac5cb2cc324ff4f5
a28643ca6d5ae93222e815d1a0932dbf4d3732bbedf6f09c875285a76d382789,,,ACTIVE,NONE,46,60c2e190c07a6c5f6310b1acd630515e5e2dbd657a5a5651d161d1f4aa66f301
a29607876ec535e52fec91b941b409d63c3465a6c170e3e24955eae4146fde9f,1.0,1.0,ACTIVE,Regularly,32,56f3c2c23f56d03be5a9986c62c2fff1044ef286eea8e5268f08ff9d82c65b4c
a2a90579d6b479a8eacf3014ec21eb0366be55bbf94f72482b1b6bfdb19109a5,,,ACTIVE,NONE,22,54637d547e9e1744e6ea411194e078a759968d07e6ef0240f5e0e9100c6b835c
a2aeeeb091e5d4aa482efd2e3d153a61c398aa7c1483d54e1ce9d521c1da8938,,,ACTIVE,NONE,28,5c17c360b507800e394e2018a1538174b27520e10f658e6085012049e049c7ab
a2b171ce30081971eed0388d661bd033c8f99279a557197e79c04b7137106e2c,1.0,1.0,ACTIVE,Regularly,21,de3500fbd39537f7b45fc322a3619e5756dcebb1c128be113b922b73546d994a
a2c2f146627483e8cf18e4fcc390412aa1a1dfb6a14f27a9294c8703340eae97,,,ACTIVE,NONE,58,c34326f896f6ac0ce837181b08dd538e1f375edd4a423a7ca4ab95ca9e1bdaa5
a2daec71f1c07330b65bad106f414ddc6ada163fe71843cc61778c1e70e9abce,1.0,1.0,ACTIVE,Regularly,25,68d2ae8437fbacc563ddfc8e561d0613523abf3898e3d880b66f080514af673e
a2edee9a1b61c484242f78099c475192285238099875b32eeb223c2fbbe8b2d3,1.0,1.0,ACTIVE,Regularly,51,2a3b6ef85201eee83c5596fa3e412fc60d2175cc00d2f50930100119bde91451
a2f44beeb5668b750b15ffbfb852d83c1abb648f4ac839d7b23227b554fe19a8,1.0,1.0,ACTIVE,Regularly,23,9ef14876f08a6dc34decf321cd3203f0c231dc882fb0b6b9a29f21377b5185d4
a2fab644a5463d725fd0ff4f65ba01062eabd6ff04ef9bb2af97b598cb18a81b,,,ACTIVE,NONE,30,8a9fe8db7506587d4b05e334c700f4d31d2f8921760df29dc2a1793ae1e01676
a2fbe5407e39476e2510be551a8edc34e2b7e354baa9184f91fb26380eb80b41,,,ACTIVE,NONE,21,3545ce714446f2c52c8f625e24389c2056eea218e41ce3ac1223628fdcde84d7
a3143df56e2405f4929c0213dd96093a9d99c489431581372a7c6453aa4a1615,1.0,1.0,ACTIVE,Regularly,27,386ccd176d8158f604ca19c649b05fe2a458a10e2b51bfaf2a98cfb3819ccaa7
a354913776f4dc9bde65c482afa2f06aab37b015e4ff3e0a1b0ab08bf5204bb2,1.0,1.0,ACTIVE,Regularly,39,f2ac13d70a729bd7ee056f23c684ad8a2866275ab58a9e4e5b23bfb60a0d228d
a3562678363922fe547852c790b551efde6dcc45e9d23451fb4a694f0da40457,1.0,1.0,ACTIVE,Regularly,40,814d5b10ee883d5e08a1c9c6ae5eccecfdf834f0c4b1bd231ddf44b21e521dfe
a37b8eb26fc5785b64612adfb5e301c3017aaf253677462c8ad6c4ba1bd8393b,1.0,1.0,ACTIVE,Regularly,35,2ae8664a4b90e78456ac10b5288d5e066ee116fcde9b19628fcbc024a7cb6a01
a37cb2ac0bd89c24bcb0dea87a7c9bb25301d2e993cd04c7ea95089559e0e6ed,,,ACTIVE,NONE,43,8b32313843e758119ef9459073f14a35f933f510170228311ab4fee03cfc2c4e
a39370e78f1805180148c39f0dabe874014bb88867880a59051fe21933bb4eca,,,ACTIVE,NONE,28,c8c1ca5abcef165ed71d8ceb9f9435b53a192895329b4698f6a0f06abb171d82
a3a7dcda84e1dd1ada9585c3f25c5873a1a354e7a64dcf36785611d8a606267b,,,ACTIVE,NONE,20,971c48152255bd016e2384b536f3723803e7d5d13c4e9561c9558410675ee173
a3b3c0727bb1842bf9ccdb8d62500927917ff20532a8979d8550c76caa5bc1b7,,,ACTIVE,NONE,26,77fa08e7bf459906082e1dab6da5d74bb9a224a0f13ec26002f9a313896ca61c
a3bcca3cc313db82afa9ff6900b88417dd224a0ceb80f025cf4655f6f21af931,,,ACTIVE,NONE,25,ae0ddbc3bc06112cad53f5e9662ba49985a27cf0f2b9bec6f69665993bc3098c
a3bd92422af45daea2c1ee6e41b448e157af96d6f28906c7fd6a745656b60851,,,ACTIVE,NONE,21,ffbf97f058df927cd8aaf6ff1e6f718619870f213ca96f4904818eb7c934ef7d
a3d25f2456a9cc75da45464904cfd40cc3abdfcc7b96b334abb8ae4e7667866c,1.0,1.0,ACTIVE,Regularly,27,ac4f0955c3a3e3a82fdf628812345b6002c816158eb6383ccf523fcb257e33f3
a3e35c32b73e74e934d4749dd9c85d6c2ef5696db7e42bf148dfbe7790e34720,1.0,1.0,ACTIVE,Regularly,30,3a17f88d3c684efca95cacec7c2c3bc2f3fdffee6e0798ecb2b862a2a06167b4
a41f28f3f945cc6fa8f7c2c46c948d9e10f3f055b90d394ba8104394f5d78771,1.0,1.0,ACTIVE,Regularly,53,9e842e9131ec1989f305d4e354f3c1b771275d90c96e61da422c23d654a05066
a426b3cda265aaac367c649739c9748b47efc18ee505a631e9486ee321e7f7d4,,,ACTIVE,NONE,33,ad4d64cd71b00815f3b9c0b1cdb332490aad1e994245daaf8af4aacca36b6d32
a46148b322ed000dd3f294ed5ca32e665ddb8dfd67a3ed3c146227768c65f20e,1.0,1.0,ACTIVE,Regularly,44,2c29ae653a9282cce4151bd87643c907644e09541abc28ae87dea0d1f6603b1c
a46b800050e0a28d82d28ed33767e651d951eefcafdadd22ea30e686bdd1f818,1.0,1.0,ACTIVE,Regularly,18,a534ff9ad95a6e6b63971270ce18f10d222b287d73ddfca439124538da413261
a4c4585cffffa5883f4b9c1169632e0d4c053bd1caa7b93b1757a7fac4c06194,1.0,1.0,ACTIVE,Regularly,51,aa54dd4adc5e528369c3d925fd2b42df000ea02531ce2fe94eaeb7fe7a429a45
a4e6a822b948a169fdc39ca0b3fa24b693539f432251be26eec1564bee42e91e,,,ACTIVE,NONE,49,08b59f6ec83bc79d892ad9b50b872ab3464ed4e4f4faa1dbc797622fb9a29e7f
a4efbb0d4e96d4ae40a422c8d313834ab0a7b174724326dffe4d4feeedd4ba5c,1.0,1.0,ACTIVE,Regularly,62,1b1713103a409091e2db336c045c79be81bafd8a632d69bf3cef3c7d7ec9223a
a4f6b120b8e614d73706ad04505b3062fdcb748934c406d21fb0b9abba41c963,,,ACTIVE,NONE,53,b254832c6de71d6034d60e7ac5b019e5828e80892e2e496168b51936fd371257
a500a4eaed29a6d445fa733a67451706fb63ff2887fc89592c81c5753aecd076,,,ACTIVE,NONE,24,4962736a8762e860b80cdc8ed187134850bfe0e099c033b85a331fae78e998b3
a504ae296622af7f115689a1dbd53587d743a1cc38615a0db7d18632eab85ac1,1.0,1.0,ACTIVE,Regularly,46,36123bfe212c8d91bea0622069e232682e21ef9db4d65b9e15e9bb5846280ede
a52779ef1000cce18e4835c3173f22efc34e080c439e8866ff748ff1ccc44f1a,,,ACTIVE,NONE,28,cf88221862af1b37dfda40f7827d2b9071035d322ff8fba5d9ef60d5b81b978d
a546076b2aa9a4437387783deb84f7ba760de1d6260330789837761c7cb50e67,1.0,1.0,ACTIVE,Regularly,25,7e2184782e1f88fffd2edaf15542de4b69d5b26425c9f140e3a2d5975e90f16c
a54fc4789e5f3512759c4a0fc510f8cea4710f2f6404207867474e7aab4d4b5d,,,ACTIVE,NONE,50,e559b721f33962550ed2dad52e7cda19b8946eeb17738f4687caafb139bde962
a5e57c9155542650b871d176ec970c800c2958c4cb29b772f01990ebfbc2cacb,,,ACTIVE,NONE,27,49245947b544febff1b92f75ca9c4f343b68a0b1ca962e99133c552fdc76d817
a6018f44704ddf6a93a7c9c4ff0000c14c652e7224a5603dab088b123c58196b,1.0,1.0,ACTIVE,Regularly,21,6b52b4cc7a3429be5bf360fdaf6a321b8812455d515025b28a786fa09fbaa51c
a6388b3e6c2b5147de613f8870c733d2f3e2801736d7c35612ff23cf08e7d78f,,,ACTIVE,NONE,23,6565adb2d5fb78aa854787b644768cf1d2734824cfa77b8fb4a1d29fc30eae9e
a65c3f9265bb2011e2823bc428fb146ddb4e69e67478e42bce5d969553e129f4,,,ACTIVE,NONE,32,d2e6a7e06a8d37fe528db0980d7a2186e81260dd30ec04867ed21da723866051
a676110e92b336369cdaebdba59d9e8b114501e4cb93429992a07dd6d1c96275,,,ACTIVE,NONE,22,531ac327c822e71ccd75aca9583901cf353b5913e69747f19f030c1194c1fa79
a69097bf166f83d06b713ace6fff657cf7c1d31d265d450134033b904c6ccf89,1.0,1.0,ACTIVE,Regularly,24,f14493c40233f0b08fd60fff16807f14142154535bfc8ed45c8c589d7be26d9a
a6d65607a501eca41bb91c8ecade2128c650ad9255da3ec4611058c589f41979,1.0,1.0,ACTIVE,Regularly,21,902193359f40d23c576daa16cdd602d4a2d0a60ef638a33ce65f8e4a99121b53
a74630dbbe4bcee9fd946f51947bba143d2f8c4ce0128ce8b7b8be1492523e29,,,ACTIVE,NONE,28,4ab5ae5aec6f1d89d51537437ed4586ded979983362ab2fda9fecc5cc359605c
a752c6ebfe483901ae72399650b0daf2cbf607690b1fa9b2a83f18e2e79e807d,1.0,1.0,ACTIVE,Regularly,22,a0659c32dde1ef1d61b75d4c776bba68a03475879cd0d8eef756b017d218fb1b
a76c980d5fe8bd7825993368fed2827852c2869317d9a2f30b31df61ebbcc76d,1.0,1.0,ACTIVE,Regularly,19,7b73eca36f9c4c8dbe75366c61ecfbc62e8c318913523a376f9ace3f767d2928
a7758474f6a973ef8956951dfb55dc898a7f880ec660d72910b0b378f6af7348,1.0,1.0,ACTIVE,Regularly,73,790dbf5054b93d27dafd79c481560b6a6098da87577aa7a3c102024839e4d78f
a7a8da2b8cddaad8af105fbbe176bdf603246aa4d8a0bbddc373e10c849f9c0a,,,ACTIVE,NONE,59,099a7c49c87cdee7be2b08c28f57c7cca7cc0e7d3e9a8e69e100ce45c459fa3b
a809af1920a9ae2ddd0de7ce259278fa4c9ae71771076d9f36001347ec464f33,,,ACTIVE,NONE,56,7562ab6a7857b6c6043140c8027bba73235a57e61d12e474c531958cb69ca2af
a81eaa4609bda432070fa25f7139b88bacc1ae2d972dfb29006e496bc5003385,,,ACTIVE,NONE,73,b581f3ee005db5fda63e75e79b805f700df7502533635c1e194f98f8fbe8b099
a82f8499b0dff7445aeb654803079ba37f54d18c5109d6df0232fdc401c79a57,,,ACTIVE,NONE,54,0561d0a4e055e3e15bec753e6e62482344b4137067bd0d946c24b75e5f734d89
a838c0167b2a916ff915f9a619ca321d0f3c7663222d3411576c95fa55cc32bd,,,ACTIVE,NONE,24,d19808eb802346c7de3a3abc40f15f6e3b4173994e14770714b19a7b9ce90a5e
a85510b8c200aa5d490ce8e2ac03620699b3bdfd52c0763c6a91145917cba3ed,,,ACTIVE,NONE,30,46ff6904e4ab452e29292c5e8b3cd807381a1c1258ce596dbc7da454449c5eae
a86aa14989bcb0de0faae713e3417129f87ed6ca2503d7b1f333d63ececb4369,,,ACTIVE,NONE,21,2c29ae653a9282cce4151bd87643c907644e09541abc28ae87dea0d1f6603b1c
a86b6c34f724a6d4a0b9f324f31e5761a0e27c0059aa280742a780a9ba0aeaad,,,ACTIVE,NONE,46,ce54b95f0c34cc6bffba66d16d0e6816967b613778e2ba3e10b9597f3dd1511f
a875520443554e3490f3c4fa66703fdef92eae7189a541d45a75602ae5129da8,,,ACTIVE,NONE,58,bb7e18310b0ad9d513251a3ad6d21865c637b6758eb6298bcf41e0dd23697157
a8a2f35e51d920a6452eb2a6ea6796cae989d992599ffbd4e2da2ab180d5e554,,,ACTIVE,NONE,24,cffb36817ee2b547f605482d7d73d612cc29a3e2724f1275ef0d2be22968f714
a8a30e3f11b49e7324ce7f67756e0ee62893a02c4ecb4f7a54590a53131f329d,1.0,1.0,ACTIVE,Regularly,50,2ebe562b3f5a3ba38aea853a8721d35396e8370a8e2308e2e4fd032bdbb62ae9
a8b0e5afdd90ab0674bb2dec396caa35599caf05fe223e9219339c5b7aa3f014,,,ACTIVE,NONE,33,0466ddb07cc38e14d702b1abcbc01995cc4e7f10bf3899e84810f31c11257fac
a8ba03521ac1d2f7098dd388fc8441bdd03336eb10523a48c0e4cc59dacb21d4,1.0,1.0,ACTIVE,Regularly,23,e687726bc356a5dcef530910a03e816936a970795495bfaa010a315603662a49
a8cc669c82932560ca4265f01a5ccdd34668d7cca7405feca41be2c5243d506e,,,ACTIVE,NONE,31,32737b33c1e83ed9d261c4ba1d04bbcacfc12cf544e86eead8b10dcd81a8a7a6
a8f0068da1b35e2fae63fbd9ae01344e5f74d31ca71f043ab0ee699aa57d0b80,,,ACTIVE,NONE,26,6dbc1030864b6ff5d23c20d010df49b0fe39dfc5811036b10bac95117f81b55c
a904f868c9b87ca69b40fd502aabe842c9ad0eff2de81aabf1de836fc337c89e,,,ACTIVE,NONE,43,8a86f163053af27368148bc38e12c9155bab9947fc2a570d94fd7503d2a73be1
a9067eafb680d0a9f00536a74fa18fa692c22594caa3fd032b93520f2a5e3720,1.0,1.0,ACTIVE,Regularly,23,84608f070f4ac09701d6e981a7ae947a79dcaf5a8266a2cef625d1358c332414
a924d9c650ee032b3ee11859a53f48fb5e6b29a4e66f6ceb61f8afc2890bce90,,,ACTIVE,NONE,27,43695b46f5d51f2bfab610e8ca1b1a6b49585ac49d421d36f3797ca0a35f47a3
a962a49dd6b621e9b57b11f674ddda299583b69a3a49b425f5d375f7b0226a32,,,ACTIVE,NONE,20,0c7a5df0eedf91e7e885767f29b17f36c5cba367ebf7b04f413d0d319f6939f9
a982b80ac16b825d7604d15845222613ffac8a66dc8c1211c6fb8e98d2e67209,,,ACTIVE,NONE,23,b90fb862d32b60c2d37e7025250cd6c53ecc76c1f48328742ef67fd2e87dbcd4
a998f707d6b88480ceb62f05c82d64616bee8cc5888f8521949aa35aec13e9a3,,,ACTIVE,NONE,55,5539e0610252a62f8c2e8bbefec4ea3087a30c42afe501ea5a923caa94705231
a99f670c3d242fbe490a95ba18ad4877c4ee200fa473cc42ad3dcd34358cacdc,,,ACTIVE,NONE,26,dd1638e018b24bba1457bdff8b1bc6bafae154e8fcf76267df7b7b33e7e702ac
a9c369dd3ea852006b82f7cd71d437d6d32a613f2ebe929be1e72bf0f5b1e455,1.0,1.0,ACTIVE,Regularly,32,465cdc2a4d2e14f57454f5f1940cce6eae2a971f9b8fc6a012d5b16645c25dea
a9c5b226a7ce9490f52e99c963124d5e7fa533d474c83c885c5c3772c516d34e,,,ACTIVE,NONE,24,5f70b53b613e654d9157bbef598736b6156401385a92be3e016ad33e4761aafb
a9d6c6a52a839606ce701c6ff0ec95ae3fa885b6d5a88bee8da0ab0fd377760f,1.0,1.0,ACTIVE,Regularly,27,b5d7a9dddd2d049004c05b2aa56a17bb8df5bd31820008e96b0a43848510fea7
a9fba9e7ff0d0bd81d778bace53b9a2b274e6ded4dec8e9de0d153acf5223ce0,,,ACTIVE,NONE,25,7b7def00c5fe82b9a1728b024750d2983dc8796370b111c5098bc2a9f69ee8c4
aa0306a21273d43ba06566881242a60fffad842a6cb4fa11e166ec5eddae076b,1.0,1.0,ACTIVE,Regularly,44,6dfdcc841cbcf83a881c1a4d78ba2da7db9c63d3a384ba9aa9f49a4b6b7e6b0e
aa28eb58504134961a0bd725b957aeb64adae43fe93d846484104d79dbcb15f8,1.0,1.0,ACTIVE,Regularly,59,0d0456ccac7cb399740d6b3288a60dd522122fe2b087a0302e04d0df6b290af4
aa294e670c529f1c227d75b5db746ed1ec1c4a38714d9ca9bde538589c209441,,,ACTIVE,NONE,21,1266c516c301fc3f247c2294cbb5196cb486830c8e7f855333bb31b6dcb26ee1
aa44671978078ca458dfe3bb9d7230e774633acb59f4f3a03f7e9e4054cf6640,,,ACTIVE,NONE,26,6462f9b5d16288e5bc87717e5af326edb2203d4804ef8c8a510ec1e227c187d3
aa68aba6f1960421054b37049a2fa88caa424721c0b71872c2f5b4abe4339862,1.0,,ACTIVE,Regularly,30,7982fe3ad1e1a0ce267b54141983f61301666ad994f80b4280f9b220c02e0717
aa8450fd1f7b00af5031fb30b009550a9099db59f300e3781a74c6c2c4d0cce0,1.0,1.0,ACTIVE,Regularly,18,f9495d2b60d13869031b4c0e4e7141223bd4a233c9d13a3d3e62bce14b13dadc
aa8a6ffa8c618710ecc4f028a9bfb345b166065833317db5d1ddbb9dede51d37,1.0,1.0,ACTIVE,Regularly,49,5a2d675678b4aa354cd6f2d5d4aa4e9ab4b37d975ad5acf8c594a2ecc12d90e3
aa8db50efbe15a2451ba7473ddc531239756456ab690bf402b8889c62197ad4d,1.0,1.0,ACTIVE,Regularly,37,80cb14f3b9f2325dbf040874f14861f9159eb00e5713dc796af8eb27effca50a
aa9c3ef730977da33cee134a07bc7f33dfac0daefb0e22871aa188f0b02b5546,,,ACTIVE,NONE,43,432449d534ad589df65499fbef3fc6d2669b8550549fd700693050e0663086f9
ab0eaaebdf89e68aaa1f16295997d3724dce04e8a5896014bcaf3ccab80aa96f,,,ACTIVE,NONE,24,e5632369366943122f2124e5b414c82f95154b08c4c963078123d055fcf3c44e
ab18d18e7c025d86aa79555c38c733384a9b9fb2355d8c74787ad30f439530fc,1.0,1.0,ACTIVE,Regularly,22,2d01e058dd16917a533a2be9a54365237a74386bd9d13afd63cd176d72f4678f
ab419a03cfab270216a78fb057fcc41f58e3929cc6208e2394fe7091905b9dea,1.0,1.0,ACTIVE,Regularly,23,b759e9504915fa11658bfc622c5d74ce6fcd6d168476237dd52df841222fd6bc
ab7ce42f0e20d1b9443e14edfbaa7f01c864a8d0fa2fa48930720d9d6512b4e3,,,ACTIVE,NONE,56,ee652b0fb4231b6629dc51ed725d923dbf0185a561ae7e1aa002b67a27cacd2b
ab993ec811fb1a533bf8506515521e93da16c8a1ca782a34422d1071bef76185,,,ACTIVE,NONE,47,a11e267d7d0c58f4dae01037bb977a9c0637316816c052083535fe2c843d7686
abed12d8d8b6f9ec947fd70fe106b053be4d67139335bb88155702c500d31b2e,1.0,1.0,ACTIVE,Regularly,20,a670e51ed7ab106f6281bd05a157c925c464740e0cc527f596ba8e87f46f8d08
abfe0f03d93fd3084311af4f79682c57a5040eef47e91531737362287eae50cb,1.0,1.0,ACTIVE,Regularly,40,9d9b1bf5e16d68d4bf49943e9a0789ac94e699d41c5d6150ac32aac84b29f354
ac0be7483fe3b356ab5486ecdbb8b8c87804eeb742db34569ead162e5d5990d8,,,ACTIVE,NONE,28,fbfac25ea0edcec8f1546e754dd23ae9fee5ce55678aa31bc02f43f3d23e2f6c
ac83b5add2f93ab59df18e8cb3769a4ad9478909cfac59bd50b0335d61ae779b,,,ACTIVE,NONE,52,3cc8a05d8daead75bd6041222e6862d89fdaf8a22badf33715d7511317014667
accb1bc6b9cfe43e7c97b3af4c881cdc756c7a6975334ac837fb877ecec2391f,,,ACTIVE,NONE,50,3cec59eea8dd2dc36494a1e5d4bce9fcab48e03fcfbaa0ea53252bc78dca485d
acf78bd6aac8f9f3251b70b202f8d53f89ec3840392c6579bbae8cae17d28375,1.0,1.0,ACTIVE,Regularly,30,3370a6669211da9c7bcae6b6b2d9f050f81a7e16f8b1555972079912297c657e
ad1756d4ef7b6a686f315a64694c4f17808fe6b0451701f2073cd41f2d98e9dc,1.0,1.0,ACTIVE,Regularly,22,c758af226530ae5bad09a1c66d627e77c3e4cd861435cbed8ce91403ec15e5e3
ad57a69bc7c61c3df57b48f9763a5d5e5c22b06f87aa85c8c0505b5f465b4662,1.0,1.0,ACTIVE,Regularly,45,605f9c3d4c6cec170a7c2e8d8c27b53021d016ea6ddd2413bb12347e0a831483
ad9f3125ba62cf411289ecda5a725e6b4a013b3f4badec93b3647960fd6a375e,,,ACTIVE,NONE,46,c13317676f20ed39d01ac3e1859692061d6ee652fc61026f16c5b3234aca6179
adb27c12e538818122d2845ad9c3a8a1455e3a032784dcad2bc25eb195cea656,1.0,1.0,ACTIVE,Regularly,23,8cec06852a9bcfd705110cda2e20b87296f21e7a894e394f8736686b04e8c915
adbb0a5ea68edce809aef81e57d6b8c0926465f9b5ecc86e47a9d00b0afcf1f1,1.0,1.0,ACTIVE,Regularly,25,bb43671637147f30845b8a16eed08d82db15b63c8e09053de692bd64f399ef8e
adcaf6e9da963d76dc1efe1657038aff613c3d72d8940850301119e20f77b88e,,,ACTIVE,NONE,63,ffa76ea5fa9128d981365c7dd98e6fbc1430a29389bf8a6d12c2a2a7b1c6ad45
ade90dd5dba5237ad9470a8a38f56e4e47bc178ff5a4a5ea868dcea35f05b83c,1.0,1.0,ACTIVE,Regularly,21,082aeb8abc97017e1e71e269ef0389db354f4e01fe1e7a78790ea41c45d9455b
ae5f7aea2932648ab635ae2c9966dd550e471f82529a8d32c61986e7fcf89a37,,,ACTIVE,NONE,31,344515d3aae28577cd6a611980b5b509bbbf5dc45fc074972ed1a525adff8a1b
ae90c998005914a16da249b2da25d9e9b4d60e5ff44d543092dc17523c8b6c3d,,,ACTIVE,NONE,62,c4b6af09a49354863d77d4e4b44f2327b6b86d16c8b56a2e6380c36feb9e6dcb
ae9a33d2c41892076d92969091e273a0b5e182cbc29c75efc0f36d5d61ee153c,,,ACTIVE,NONE,33,8851052552971e2aff0a8db2588d9e1d3dad138679a2b5dd216ce8f8a12a064d
aeb2735950a4f4c799c03cd58d2070803865c18899b03befb3695d43e6680dc9,1.0,1.0,ACTIVE,Regularly,45,3e3117479d60138ffbff3c1e0dc41e6e4bb652445cd710428c4b15a2c6ec92a7
aec18966cd3c1dde4e119fd39e152a3a0cb0468693cfd7814e2dc32f36b6cc76,1.0,1.0,ACTIVE,Regularly,24,3bfd3c8efded9f7a5850b960830a863ca79bd819c8a8e18158e24268a8b3005d
aee5de91c0383c7e779727631d8f7aacfc1b37f15d9fc8c6446fe193f2e2aaa6,,,ACTIVE,NONE,20,ae1f57c64741d526fffe6888bde21f8a324ec1cb829509049ba0ab2f8b606aa8
aeea58b37d53c6c6534055e5afc3570c1e595e6232593d41bccdf9ebfd34722f,,,ACTIVE,NONE,29,1558959c99212a5df850c1635dbd1452e258c6a902ae9aacfd929942976600a0
af01a16a88d1dc040e2c74b735b88a03800c14460d9e9ee6935bf0117e31bfd2,,,ACTIVE,NONE,32,a892a1413792a8f8b3ab5ddab7ec41703f71b1b4086cbfda54df8152197de068
af30ab93d1a52b07f6290ced3dc54ca3e5aa3668098521172c83d6bdf440692a,,,ACTIVE,NONE,19,a67bf1edca8b529eb31c590efd9566050e68ebfff6174e7a7d79eb93cef1fedc
afa8f19ffb1a8bdfde0ff01b023df817a80f43fa42fdefb71035fe69e20fa5a2,,,ACTIVE,NONE,39,6b30bc1db16567302935c27416ae18d4748befaa14c6eaad66e6fc6d9da659d4
afc860b52f9c644b7e91eef1caa1334bb18e92708f7896be2db35e2d5ff60072,1.0,1.0,ACTIVE,Regularly,33,e984bd92b851f716997698037f2ea722c53ceb2faaf0b2599d2f8a2fdffb8e12
b0250f37a0b81b530ccd2e607d02940196e129dd52a31c72934410e9bd9ab1b6,1.0,1.0,ACTIVE,Regularly,23,5655b83c0153d03c4f80ef2d4e005f9e030d48375a99683454257569d6709103
b025d5d60f1cf0932d146ba8eafd0dcdb03c86c115ce1eccacfa163145cc8b41,,,ACTIVE,NONE,34,60ba15c68617538b1eac27f38695adc7883689b87dd5a799527f7b4b536d2c35
b026c5231bd2695004b7899be78a54800475ad230e192523df96e8d99f68d21f,,,ACTIVE,NONE,30,f680358c8948524daef52657d1d6f791eb0e4b0e057290c9889c07f37622180b
b03d7c96e03ca3e827922bcd8e13d11b3e40e870f42a4d8b9698a881e87726b5,,,ACTIVE,NONE,25,2d7e4e820663128f36ee9a13b3cee564d416710f7bfa52c946cab69d50dc18ca
b06c69f907c910af30ef9522c3aede77e6993ac27882a692dfbe59263d3accb0,1.0,,ACTIVE,Regularly,53,26eb7cfaceefb3c3da59b85e230747a01ca5e64839149240d6e62eaee12133b3
b0bb7f8b55416a707a2401fc93192d3a16312cb7f1e2d182ce2c8f9c754e5ce0,,,ACTIVE,NONE,31,b8c81d0379300e6b9397a79c2e090b71dcdd385f271f4094ebac56c902b37a58
b0bfd009017373d5ef6e3e673a52e96643e9a78537e6cc5579dcbda9652e82a5,,,ACTIVE,NONE,29,17ca3e1968d001bc289c738addd464726beb07a2bc4de2b8c4778ab631989822
b0c75e55250a48076eb5944deb9825eecb7f96d28edc3f7a501ca5c6b6baff8b,,,ACTIVE,NONE,54,48da67e4a8ebf7c01ae89ef78d9f3110d15aad59bd9d916297fc2fc2ad7b1241
b0d870a7ded77b7ac702ecbde3ae4ba2665a42205fda154b5293b018ef379ee1,1.0,1.0,ACTIVE,Regularly,25,4e8cb58acd475a7b29e1e20fdc85fadee0c54d09782c661866406b8eadab07e6
b103e060c49a15dbef01529336a56159b2508b6fe2e3adb9adb9e1ffc6400581,,,ACTIVE,NONE,67,09d4bd207b15e554a2e8a0137dde6c83a4d0115e49418b02b42d6042041c7e9c
b10f43de2cdb36839eecccc7439d882a03679f74612495421486058ec5115c05,,,ACTIVE,NONE,51,d808732f2fba5369cfbd10a125df43ab75e42d8b3c29d89879ac7b21fb5ab9ab
b169d05c68e859e71d4e00f8be39b93ab27949928fdbb69b3583320e6de17fbc,,,ACTIVE,NONE,28,2f7631e54cb423d726eeb45eb2f4e7d3e042f79182583bba431e08158814409c
b17adb5ebf381932a2e5eb0cfd8a6a8b34c2030d58aaec5c85d766a19edafec8,1.0,1.0,ACTIVE,Regularly,26,7071167750b352f89252ef04c911423c69f246cd2ae248ecea329573304a8012
b17d31164219dcb5e2e9acd8bfc123fa8de576720f3aaa5b8076d4fd1ece7aea,,,ACTIVE,NONE,34,712fda26618744cd19d180575b4bf978d5aa77edb5d8ea6c4f01fad9dc68c022
b17ecafee6b1e8c51032ef560fe8a565c151ddabf63cef2f132fd71883e0b8f6,1.0,1.0,ACTIVE,Regularly,31,716b93924862e2ca6d0a4672728a4b8af72cd8434a7cd1539d1e3fa97252bf96
b1cff73848efa8e33db6a37828f0458936dfd3452bc7570e9b6770588377f1ee,,,ACTIVE,NONE,37,30e62b5a6f8c997f72ef59490a791b745ddc0cece15b0dba262edb3bab4b97a9
b1dd177a87509b5a24378cf4297d908df11d532bb27aeebbc2ace4fb33a08ce8,1.0,1.0,ACTIVE,Regularly,52,26019e0002d8231bdbb6248a966f99ec492fbd133ebd54d542b854771ae38349
b20d7a84232d61041e35e8a744362cb2339415df77886bebb7ddbaa678331f1c,1.0,1.0,ACTIVE,Regularly,52,85804e897602665d0a1cedaa6021bd918f4b61bcdad30fa29b23534944f2fc2b
b255246c065539a3ce651c98d6ccd37111bb8f45ddc2433fbf1f2f5b8d5ecf19,1.0,1.0,ACTIVE,Regularly,30,fce1c47e16bcc603024fce61ab48f23980c510aae43e10e7b3522d079e35d1f1
b26daf925c99e1f2d78429919ba40b2c779735b8de8c2624323babbe361eead4,,,ACTIVE,NONE,24,c78b918f26badb50a5c9a2631f1ae14a07b296d3f46d14ffcff8f3d52a2c76d5
b2b96acc59e098b9c95d50ab2a1494b1076a5c8a59fa760db24d7a4507a645c6,1.0,1.0,ACTIVE,Regularly,44,b13ba85dda6322284dce454adf7615467715a24cba3f1948379d86cbbd478604
b2bff9cbb1d90f9b557a41cde9fd88196602f37665d761ce3f636251d5afb305,,,ACTIVE,NONE,26,0aaa29d3a9ba7210c084724f3e3f5c49f8e4d9ac0484609d46c4592a3c1a2745
b2c20d4ab67123c5923524f0d1be0988924c4ec9a91378259182095496cd3acd,,,ACTIVE,NONE,28,d726ae5c85f35704000305c4a39b20f58a42e61c0b83dc9176584aa86158b475
b2dfc84cfde042d2d109b9e5bdfbbbe80fec63dca4b96914a633c2804a78b25c,1.0,1.0,ACTIVE,Regularly,36,06ddd8f93e2bdc3968fb9597edab47adf3fa604c33fa73a003dcf09a10c75890
b2f529285ab09ad88619787d1e12ca488690ade26e48de2ebd11fa414bd6b613,1.0,1.0,ACTIVE,Regularly,29,7e622808c336f19c3177698c183b8d4847af12b5658366baa425eb2878e0ad68
b2fd9bba475270b42446278a1dda14e79a2244a40efc1111316a70f20b637021,,,ACTIVE,NONE,24,2c29ae653a9282cce4151bd87643c907644e09541abc28ae87dea0d1f6603b1c
b2ff468d218d01cea961c11ca9fd96e1fa8b73157168aa55a7397da95d2f70ed,,,ACTIVE,NONE,18,ab39029c0b70c9828b50d78d2d24de1c9533f761a9ae56d69acf294dbd4cc78c
b317f28892483102ccc54162c3d9f52bac018f20f742a8d3f7ecd0dd42caaa94,,,ACTIVE,NONE,62,7bf3b4092d45cd2745efdd86fd88a9469d6eeba6edc743cfa9cd220a17f0aeaa
b3514f63e2a328a81a7e5bb066359488c85fbf3711aafa1031c5ed2babe7ccd1,,,ACTIVE,NONE,54,2c29ae653a9282cce4151bd87643c907644e09541abc28ae87dea0d1f6603b1c
b37a15f57e8eb813013ca3a4663b1ea7b01f84c78c10c3907026af1d01c9c442,1.0,1.0,ACTIVE,Regularly,48,6f6b1decd37b658a91787a1fe31a02dcb68d83ca30e873a160b2444d1f7ca3d6
b38053129d4c75dd9f67c6e61fc54f56ac462a845f473a07a8a33f9292c42f20,1.0,1.0,ACTIVE,Regularly,37,ba29d8817660b6224c4e826513dbeb715b7e6b8906a6a9999ad850f0acfa975b
b3822737e9844ab7f725de2c515060491366791b963a0a7daab8c519e765cc55,,,ACTIVE,NONE,20,8f358e848df1b5717c6b8aae3717cb51345fcc8c9cfffc6fe2005385a87ed9bd
b38617ccbadb6b33d8a5a08d12b634f780e342ac272f14cb7a9e79b3ecc98c0a,,,ACTIVE,NONE,19,1c90923ce1131c64c0eb505b588dc231d1494b9e125593452155ea0844105772
b3cc80a5909387c78d3cacd58dd3db842989e248200f656bd07cadbb99373bc0,,,ACTIVE,NONE,69,cd91a6ad3351d8fe36c7afed03c9f263ce31b819021e5c19ff1d854c4a7e545e
b3fbb42b821a3161ecd6bf0869a286f1a9cad19763efa8b7d478d54dadbe284e,,,ACTIVE,NONE,29,fd7d5ee79b5d4d9d0c13d1061e3977ff82174156850cade40bf3a6379fc0e41f
b4953fc13ff6be2c5916e844c6fc02c08ef143604e51818d5c6aa077ad5eddcb,,,ACTIVE,NONE,23,4ecd7c7581704c60a306a0ffde46f903cfc684a7a9f472e3d7bf0b8162a6e8a5
b499ab56a37de6bc9f68ada099cc04f24bc33206e8b44bb44f982386369df444,1.0,1.0,ACTIVE,Regularly,24,77b202f85c90c339fa0a278e764c7a1e9787fcfdcb06f3091266047c0e832e8a
b4e56feba3fcfc5e6265a81f0098d98d6c550a846306bb5aab4354f19c0a7c00,1.0,1.0,ACTIVE,Regularly,27,52231a8b65700ffd765ea60154ac448ad9cadafa320c362bee0d9409d81df57f
b4ed484c5de5afa66e514a0cdb2f17efb2a8bd28829c1161a446aa24ee933298,1.0,1.0,ACTIVE,Regularly,49,d76f1802fca9475704aa093637a128d95708274b0b4874d27a157e28adc06116
b4ee5fc80c8213f81312621857584705d75202188d01b06b857416e4b4e3daea,1.0,1.0,ACTIVE,Regularly,59,2ac76eb0d9513b62667e0fa93c5099dd718ee2ebf27dc2fdb98b10ac5aeac899
b51377516bedb8085dc89f221152ddbcc7dd23a4bec1006743fa42677dab1b05,1.0,1.0,ACTIVE,Regularly,58,6af179dd9aa13f7059e816dd169ede88e84486196ff03e730f7eee63c294d2b1
b53fe898476a64c4c4019bb3a0cf9944884dededad90706c0a6459d18d3b3acc,,,ACTIVE,NONE,36,09e447e63ca229e203fec3a989e42930ad93244b3b9ee131471dc0acf3d4509a
b5573cf837d82e87df99700ac0814f04fbfeaebc87f5a4ddad9b3832516f4756,,,ACTIVE,NONE,22,02af9bd4828b935459aeb05231a41aba69a11ec64e2f0ebd75fb2674cb5ed6e3
b55c7409405eb10caf672a7c4ebdc162fa9e46db4a50f53135911b57ce8bd7bc,1.0,1.0,ACTIVE,Regularly,18,2c29ae653a9282cce4151bd87643c907644e09541abc28ae87dea0d1f6603b1c
b5919f55e852b7f0e0bddcc9220552dd8e79b7d153321c340ccf8d24c9cdf1c6,1.0,1.0,ACTIVE,Regularly,30,fec7864a1cfe705f900df830efcb4e886894f453e659a9e2d86a1a145423f389
b5afffc9472f3fccfbaf147276cf9500cd7ee0d72352f8248ddad42ba617fbf6,,,ACTIVE,NONE,29,f751c171d691d743614375f7386aafd83725275c82908edff74bd29f4f0b9906
b5e1dbacee76740cbc8f7fb35d670d63d689dcb4dd2678f68455c898a27a97a8,,,ACTIVE,NONE,21,9814c6e3ac93a086fc4d02b8008794c7c0c34858c56cd08a364fc255b3f43f16
b5efeda16a6280081f2c9a7e3e7cb1610a6e33c18ffa4af9a49cae8383543b57,,,ACTIVE,NONE,24,5a39a8b4aadb59507603d3df3c681acccafbf92cce727c9586df11a3b2c32dfa
b6031bb7077b417e7b86532aab8f21981b1b0a6e845d109af66264fab245a90e,,,ACTIVE,NONE,40,e5bbe4e836139d780d5f40d8019b2dd1301fcf3263063756c8516e72718401b1
b63300963c3913ce52888d7599f8fb0ab3f0110be7b9a7b7d3319c597de28d31,,,ACTIVE,NONE,24,09b4b016d093cfbc397121b1da4816bfb3f96bd6831cae259e77ed2c0d626bd7
b67f837781f6ee1121cf9abf2efe2322d5a61dfb20c94ebdef7cb1f55bd599a5,,,ACTIVE,NONE,28,0d9241fa1141af2d3a85e9317079d417e7d79e86227892767498c41d1e58af4d
b68ee50959321bb5d9baded96c9abb9db134daf391af3b643f23a6b0b7b0f0c7,,,ACTIVE,NONE,19,24cd6b3a1aaeaaaa18147c742f4e1d2a40a960948700ec9125797575dd3e9e4e
b6aa1cdc5a03867490b9ce05fb03836eabeeab5d264d9a2be6c475ebb40da5c5,,,ACTIVE,NONE,33,563d584c530c268e3f28ce50224dc76ca1662bf121dd3c4ec7361676615de00d
b6b226eea2cafe7dbdcbcbe2944a8196332de1b2df5f11db7f50503d99ec21d5,,,ACTIVE,NONE,34,04c2af91f31d6fa16578b1ba3fc57d550674ac04021ee76c078890c433db000e
b6bdde40bb6e15786477405a2a4c0144abd1dfe7f0e44eda2456a6ea68657818,,,ACTIVE,NONE,21,9727f65901d1d1ec1ef0b28987a603bd5099fe168f0fd391406ab848f405974e
b6f8fe70ea1f79de6f3fdb0a69eef0df302dc6090a6be761ce7e0a1efb824f3a,,,ACTIVE,NONE,51,f40257d685004e81fa6c4828dd300468d13b6b77f1e9f99dd4285109dd9f6337
b7111696f4ced412a5b86ece501b8ef08242c4d5012308a456765af1c59d867f,1.0,1.0,ACTIVE,Regularly,19,64a363ae0d4d8a3aab40fc7fa765e0167c795298bf886caa7fcae62d3d833942
b7216cc0c4aa4a12159ffac58f464df9e9e0f34d466392359c78331363fe486f,,,ACTIVE,NONE,45,32c50ac1f3ac61a0abba3d4c521da583e1e7d40fc2c723b9e469bff237f2ae46
b73718418f59fdf09cf5ce0135c0e1c05b99f0c7a073ccac95097bd366376502,1.0,1.0,ACTIVE,Regularly,42,f6078fa98c4d1b9e9027f36a3f91640290d7a911013a18a3ce4b00f1487c460e
b73a04e1bf0f13e3174cd6fe437fa840c3044e6350df05decc681eb5a2624ce4,,,ACTIVE,NONE,30,866050ab455c3d8e58d20f7a709e7e85d1811c2f412825c969bc3dc858f56593
b73b896cb9f7c044d35601102c962b558791f787f29aab356db01e898bada8b1,1.0,1.0,ACTIVE,Regularly,65,e194609af6c6b950e64580833c479759948e1a123338e0eaf9b0c532ee66b72e
b747262051d17ff281f8793a7b83d975c6483d716c6dd4ff5ab19e80fa5e51f2,,,ACTIVE,NONE,59,fbcde912c4bf0d5cf23eba5fd5dbd3841c95b9b123226090e3d0bff04b542647
b77f1351534bab123b0e9990ae747fea52e16a267ed71a73a31e4687affbf5b1,1.0,1.0,ACTIVE,Regularly,19,2cec7d1a41ced4428bd8c7f4292b4988226db35f290f597be8e2f30ad6744bfd
b77f542f4130ec9de8c60e9c24cad74833f444478a015dd3df051b3a2cc551cd,1.0,1.0,ACTIVE,Regularly,21,9c036e13eff17a92e04734999e5dfec273c26785dfbfbd16acbb6cf7b1f1366f
b7e320f069a3187fe408ea784771ac2fc1dc2774f4a41dc17ef5e9bdbd81a072,,,ACTIVE,NONE,21,0ee76b2d8e36fb5230a70248b247ce772654e0a14249891133ea6247e9f22813
b7f764d57bd6feb72bc8bef21b0e3da0856c4bac2741f6ac5c27255c20ede2b2,,,ACTIVE,NONE,20,2c29ae653a9282cce4151bd87643c907644e09541abc28ae87dea0d1f6603b1c
b81a4f0f35481140b66722d11b0463d7d3fef81f4ef4111794bb9618bf110131,1.0,,ACTIVE,Regularly,20,dfa5c6b0d8d7263479e201f313c59b726eb87332b8bdfd75365198bf5aeaeaca
b830c144d28885cff790e18af03922ba9eb518ec013e583a44099453b5ba16f7,1.0,1.0,ACTIVE,Regularly,26,7648891ed8cbd04c61d8d8c2babadd87221d6e04e05f683de2329e0528df660d
b8324284e81de0f67a22d7ce6fa24d483cab79052da6d8d99510769a77bc8864,,,ACTIVE,NONE,46,185bc272feddd4f85fb660ec65a2b75d673fb02c8210af872ed56470fb29ca24
b832650ffc2183a8be56d4b8fa99a0cf3442b1bab4e80fc7d0d44c6c162d83a9,,,ACTIVE,NONE,59,114fdb5d881faa2c575815dff8bb7f799c941046914aa115510dbac87bad4001
b845919ba96fae9c8acfe07da363fed6cb5762ba85248ea3e08d59bfcc7d4b19,,,ACTIVE,NONE,31,ddfdc61107ac0943b8ff4bdc23a24d44ef395aa0e598877c1e190f9a1dd21954
b8544a1d1c6b06e297e6e6ba1784aaaba831b6272f4bc9c7ca18d66df8f80bbd,1.0,1.0,ACTIVE,Regularly,30,bc48c92a13c4c17d9c35d65c843e3703c2017ecd1a8dfc09668f796b6b0cb4d3
b85d46a2f38c6f6c35c2f6e66311f75601c2a0d1de5eff1c60bd72821028b71c,1.0,,ACTIVE,Regularly,53,baf9241c7e5116cd46f57800aae7732c21ad4d6707a6a6f4122c34bf15447126
b85e0b593da756354227e7098d840be08e2cfc9151dde3c1b2fbe235fedd9d11,1.0,1.0,PRE-CREATE,Regularly,50,093635086fbe85b685664037fe4497156b12d5a0228de3b9905acc8ec246d808
b8964577c2571b2f892cb2719acd860e800dbee961826de43ddfa288632844b9,1.0,1.0,ACTIVE,Regularly,22,cbaf04c55a040194f6c0199383b88a0706d649ad159a4d8cd434a9c888220856
b8a1a6052b53b579c5ef7716d04764b9a8cc73be86627bb73d4bfaf8869ef646,1.0,1.0,ACTIVE,Regularly,52,f905ef82f9f869d92714a972b85fbac1411c6a62eeec349a708830c8e52fa7d9
b8e8bf913943d2e2fa5b867a01d94b07748ce6af30f35096a103d54c33e710d7,,,ACTIVE,NONE,19,374fe5db09a046047399f6bcc9240b70a0d1a1457c904c1b62f1dc9e2d8d44b9
b8f591df0e75a9898a7ad2fdb7883d725b5a3f5dc06e4212ca3dea1ef749c79a,1.0,1.0,ACTIVE,Regularly,29,483f46a6fc73c0a034f5005d7d2d2048e83ca173affb231719debd56eee6c73c
b99f85542321ddd7254d6752c3e758be3d2cf9b4992e32a6ea6741354d4e221d,1.0,1.0,ACTIVE,Regularly,30,152a6a4e5319b65036f24c9d780d3474e10227c80d753d287a3239f4efcd98bd
b9abc0479f006151fb3e1da4fe5e6bbfe2d382f3fa03876f20f76b70bdf6dec3,1.0,1.0,ACTIVE,Regularly,53,adad8c8c8fff6b0bf4589e394fdfbef84afcb8e9945a25e420ac1538f12fcfd6
b9b73c1fdb0599b725b06e3b635a7616b7726daa59d8ecc1c842fd8984551821,1.0,1.0,ACTIVE,Regularly,62,cc7ecc4ddc81cb472371fedf69510e15802720881148d14d1176603aee99fea5
ba2a8ce69e2d08357f074c33db4d59b7b7a908c6f055f8d7290243637a31cbed,1.0,1.0,ACTIVE,Regularly,26,9c2447ecb08fac35d347c3ee5ed1fd4d4c35d2518aa3935bafb2c1d3c81e40bf
ba3dc106edcab4399f7cabd3560ee1fda4effa0f87985572bf784b92b9cf2a6b,,,ACTIVE,NONE,30,84f63e71198c92fa3de5a448719f694d7d6dbe0154a07217e3d15568f210f824
ba4ab377bbdbf7285aa817c4ccc793cce4dcf4396536db8bafd18a8b81d4ca23,,,ACTIVE,NONE,29,05aa70a9faa5800f270761a9560c507f61b685fb359c4eb3bd4695d849acae8d
bad8767c49a0b6322b7ea35caec48116a5108c78e316041fddd657d6fdb66b24,,,ACTIVE,NONE,38,1d65abf52a35e3d8505c43c05897a78cd716293b8f725cc91f8844c2b9ebad38
baef8e1eded5dd2419481175ba7d68333a7384162cbcf1f82b15ed2368f2d821,1.0,1.0,ACTIVE,Regularly,26,0a74891a735ead9fb0e827a436147c3fc4c9f32c5960b8bedfc4b0a1e02eeb70
bb3c7a14a68eb6252b4fbcc3dccc3d7475bd6847a47afa4f382459513f9a25f6,,,ACTIVE,NONE,26,d3604c4fda1e3e129ece7ceef5adcc72c4618c1e119baf369a6e1887c8d7a8de
bb695262ea79f508306e78e13bb9ac8b56d9a44d4d9a974683f3884c8082d8f5,1.0,1.0,ACTIVE,Regularly,56,978f30e4ae1ab1f476e3b06bad639411f406002466c7c365ed27dd83570df8ef
bb7d878ad6983d68165d2e93b4a7b6d6d09e7c5a31d1e55e5fd7fd80d9ec618c,1.0,1.0,ACTIVE,Regularly,50,e48b4f99ded2cf8112d5e333ba8804a6f1098c15a6bdb4fa87aefd56ffda77f3
bb9a9faa15eb268b063d38b108b6554f876b17264745bb738338b4af4aaa4beb,,,ACTIVE,NONE,24,46c6f36569faf4edeb501121555e383d346e6a06b3df048ca2a7404c953ef419
bbb1badc1bdf8973c0aac7505b8a6027a253ff05be40616503ba8aa584ab454c,1.0,1.0,ACTIVE,Regularly,21,97072c86267846164905b8836d8c084f45c087f28a45a9a97c7ef3e93ccd4d0f
bc5b8e34cb02f7d76d095e607c30066d38471684729217bdaadae2970badb37d,,,ACTIVE,NONE,57,84ce8bb0c6183e6bef3fc9acfb5fe22cf8bbb6aca442c444d297786355886bb6
bc637017ad4848778ee382dbbdbbdfb5b07a7d1c74a995e59cfba2492b577666,1.0,1.0,ACTIVE,Regularly,24,c75bde1ddab62f83f17397c78f2f6359d012e6cf633ae031c593b4e62c1a908f
bc66df29267d1d4b818169861ad265ed27aea37402be3e695b8f3f25fcf8294a,,,ACTIVE,NONE,27,b552d6f0394feeebb1f49a4f90ed490db2e923521980cc929c9e1b98c04809e3
bcbc98f816cabc2aaf52e57e8ff0d0a648c31173e27585e77cb8c273b0ec9d64,1.0,1.0,ACTIVE,Regularly,28,6b254f7a195933a00c53f27d97ad8710fb49ed1d6e9e7080e18b942a252832eb
bcf3f833be658ee5d9bf0a931613e270df3f7d56729f98f4cbc7fbc131040023,1.0,,ACTIVE,Regularly,52,f82586f79e988ce282bef4ed5b904c46769ae592fc983a1c2f001e099400ed54
bcfec2d7101524da45bfb78db0fe1f976df329c80352670559e13c726ba29918,1.0,1.0,ACTIVE,Regularly,52,700753ab6178190868c308c3c9c6694f5aa9eb6c06a62f6b7a8591ce41a74fdc
bd0114ee6fd9414d3017423e58095242ca7487d9b8e9b890f0b259cd820da4ae,,,ACTIVE,NONE,60,649078a69efe32f532c73d75abe0d3539accad95bb23ef64fca83f1e582a2021
bd02b4217bdf20ae7dab1c7ba799e6ade8da98f8143596ee932ecdd92494e972,,,ACTIVE,NONE,29,dc694feb0d5b8247a410cb5bcfb32fdd23bf0f80c7b316b017bb955749bb1bc2
bd09b75556dbfa40ed0e5d07d2d534b3180f28c2e83a33a84be06e99bfaeb09a,,,ACTIVE,NONE,46,d6f5e448cf012fb20e3ba6707ca13fe3c8cb6d8e2b5a4b3ea45b5a0351511846
bd0d96830c5e99daef707a38b5ee5fcb848634edb72355ac89dd1185a95d9a37,,,ACTIVE,NONE,31,a545c36dc4d7710aa77ff31f9031ddf6eb5f672162d22c2418b352f955dd37af
bd1653936a0cc0fcd6ab36a88da979fb66d2af5defef8aac3b4b1d1837129d72,1.0,1.0,ACTIVE,Regularly,53,ddc8a5c449ac28a3f08bff86e2f65bcd311f8ad2e0a363f07a8f8f05e00f7786
bd23de4aaf7aa76197b99f03c44ec537aa1710eacf95c34bee719d564c24e68b,,,ACTIVE,NONE,22,2c29ae653a9282cce4151bd87643c907644e09541abc28ae87dea0d1f6603b1c
bd2ec7180d370bfea1ec131fc6a4aea2bb3405c684930b8bf5fc2df7f62539f3,,,ACTIVE,NONE,30,72fa3bac7ba66b5afbc03060072bc2d30f45c66065932be493577f586b28224f
bd42f5d677ce5db4211998dc032539093b57e1ab7061ea6cd19484ddc5d4b4a5,,,ACTIVE,NONE,31,7e25bb3ee835f2b44bf77edd594b15ecbe31eb543848998fd9db6bfdb89c8c84
bd732d4cc63fd2aca526e374b9e881059eb4a1cf107cb0601580faa5ebdd27f1,1.0,1.0,ACTIVE,Regularly,28,3275563a447522736891661950c75f37f9f93637aa0d7308accf8011d8f57503
bde41528bf0c2d8190e5099b4c18efce17c2c572745ba4f30859ba46733d1852,,,ACTIVE,NONE,29,17143851669632434bd37f03ed76fed55830ae6906450e90246945725852750f
bdf704bafec92df7fdb87c42cf1683651bd7397cfa195e6e46f1263c5a1213eb,,,ACTIVE,NONE,30,c5ade1a97b8c4df06a459e149c52c279e2f0373c0e3a6e132b4898f3df9e0914
be0cef3d116548b674ebe225f02718401809ad5406451bff7a8cbb0e8926c99e,1.0,1.0,ACTIVE,Regularly,42,0e9a55aa030cc1365be0e26491a2c3ab9a7aade0eaea57f4d4528d307b238ecb
be8edf6f058e9ced542d028730c8155f83978bb832f10b0dcfa072c177642b7e,,,ACTIVE,NONE,23,f670c8e4ebfa0fc3b9fd89ae27767f98649a6e92a6aaf49de79a343fc6a71471
be94373630b30a0c308545a8771ae51f29f69ef276e82519908f9d8f9958d8c1,1.0,1.0,ACTIVE,Regularly,35,f59e38f4864822b02d604b0f87ffa9071c93217b687ea1f802c578b4fbfbf05f
bea01aada7257c5a6848107c232b29d381435e6f7cf8d70f3444ff1a47a11eea,,,ACTIVE,NONE,23,d9aac7b1815f076100f40775074b42844132f2172f544b90ed2e474a74d2918d
bea7e6665ea02545075ac723fb0d5d5a8b006b0b75e99a0a989e6c44937182fc,,,ACTIVE,NONE,27,d3e2910839742f875f85c235804059f70b81c6ae16345de4d1c6ed839346c4bf
beaae7ac9b28bf070c27098345feca0c31de8197b736a31bfb9d59959e6b887b,1.0,1.0,ACTIVE,Regularly,23,3cfcc7edd12d9e1b9a4fd03c5fe7014522e521fb82a733ee10e697c71be98061
beb0682aa404363c66406d7eb290649106985f95ae73e736e2e3313b372f3acf,1.0,1.0,ACTIVE,Regularly,27,d56925c4c30a17914b93d9020d98e438f820410b964b32a63a451aa545315f7f
beb07a60fa9baaa9f57c59133070d54aa791d2945255206981f8ddcbd85416c3,,,ACTIVE,NONE,32,3100a60356a0084caf3994d6263b005ce50f1c0dde0d4c94c0045efc03e9f599
beb2aeef9f55d1dab9935287090cadc61aec93945c57813d5ea2e63686bb04d0,,,ACTIVE,NONE,47,c909c3d6720c161974075ef39763000a4d55e03a1c1320400a352cc5cce0113f
bf2276303640caa6eb75ebf582209930ef0769bdd261259ca5fe525659033c28,1.0,1.0,ACTIVE,Regularly,33,c10fea525029c22c4c40655115611844aee92b38ede3f9839abff94464ad966a
bf44d2feead59923d1d516055b08a641fbb8701bb797e097b9ae7f96e79a15ee,,,ACTIVE,NONE,44,2e21173933acf7f2b3bd5b1845b8e1662a000c06ec60b4a54a5c1b2478ba613e
bf55b6ec0e9c5185f984a0441d16e62c49a47798a3f77d202d835b245ede27bf,,,ACTIVE,NONE,31,ca0330826914bd4b8ecc0cde673041b8d9ea42ff6db24c090ec00ad02f0b55d9
bf5c5a23ea6c403d5fc9996bb3c7f9f82866b29fbba01f83361662ecf9ebebce,,,ACTIVE,NONE,28,3abaaa29d90e002abf28fb6f4e410cb55b194ea98f12586289b3f9437deba46f
bf5fe11762825d55ddb104f86c20ef8f40e7458e2eb54015820869c06c9d03f4,,,ACTIVE,NONE,56,4599ea8ab68d0ee0d35f52f24d6c0cb247ee4c9e5bd5f28d5763ac9f95586a20
bf9a051f6cff83e3f2d79852e41add7ab8732876329f4985639006edcbdb7fde,,,ACTIVE,NONE,25,f01fcd00afea0414fc8f6f1a227b0af9c383f1fc63640b1dcd8565e803be40f2
bfb8fc4e97a9ea7a70089e1f3c0a1c64764edb143eda5127e0ef056844f026fa,,,ACTIVE,NONE,28,0c686f9a7a704ce2bfd80544471b7f34488b7a65adcf287b39dc1472bee85f1b
bfccf955b9eba5306d06deec6d854b77e6673d2ce422c8f6fd0f3f3c97834b2f,1.0,1.0,ACTIVE,Regularly,27,01fead25600cc97c783c41fc481b43d847c3cfec481334afed830e5c02977bc9
bfdea99466b72db13d5c8ea05a7f91bd6e157069394d4373bcf9dc3ccf4700e8,1.0,1.0,ACTIVE,Regularly,47,986c5099b2ab42ffef3748fdccc96012032e1d891e32b3a2d0584f694f07edf7
bfedd7a12d3b52a36c5ee2c8630bbf7ad07a31d67afd423b4da7254ab90a5236,1.0,1.0,ACTIVE,Regularly,26,56b752cc116026a34b0b5e82c1b0b2ee57a2667714f3b5e952dcaf25cd8752fa
c0265c2af74edce4a2ee91de1abe0efd44aaf2cf9fad7ea24092ea2b0e2619a0,,,ACTIVE,NONE,22,8172c90e8fd7457fbac845b1f58d1cb1ab0d733c2cc2bf420f2ea3b1bc73fdf6
c07a34ea33e010fb032becadf9b52e9da834f4512a0711cf5877f3058119aae9,1.0,1.0,ACTIVE,Regularly,27,4346aa184e82e603a7bbd45f6cf6efd468b718fdd51ed5c06a50522886aed84c
c07afc014682c28f90f168da2f0debcc45d2ed518750e15b2460744b0ada396e,1.0,1.0,ACTIVE,Regularly,21,ab81ce33ba206a291ab94ea723fc5100737d20b870a05a03971530095fda4468
c086bb597d27a02fcaa19917fb9d70834613bc4d681963bb921e6dfc9ac9f630,1.0,1.0,ACTIVE,Regularly,27,d3bddbca5deeea62f504dd83ba5b0ac003ccd6fe0ab81d24b2835bc64bce1f1b
c08cd80b3aa278e43e24e307382e30d63c20eb9d2b5046e1ebd20773d09c8872,,,ACTIVE,NONE,24,2c29ae653a9282cce4151bd87643c907644e09541abc28ae87dea0d1f6603b1c
c092978de8c8b89dc53c9d3b878c6aa08cc29caf7c93c0b8f4338227c9991f4e,,,ACTIVE,NONE,25,e630516748d13a8dff7cc7cfeb294a1bf4c3651c7a2010d08df81524b32e6f69
c09a1e976baa70d02f17ac937ea54e485213795a54078709804c2809dfdead38,,,ACTIVE,NONE,29,838ef6f647da7f551fbb2fe37f725d71aa2bdddcc76bdb62f6e56cdda37ed53f
c0c51d089bfc2e71a7b628a21b29253854ec21f14e11a0bd947d7201b2e41d3a,,,ACTIVE,NONE,28,d25daeb77586015de0764c1f188c0bf191cb5c613d90da4f2ffddaf75af47a3c
c0f325be80426e8ef9ea032e8e753d14ebed77b0fb930e2a31a70890170cd723,1.0,1.0,ACTIVE,Regularly,39,a2dcb6a2e359cefe32fcf35017388d3830c1dae333ffd15b1987f538fac155c6
c0fed68481883c7bd2201ca6dca83747b8a5ee022f047645ed380dd743499c49,,,ACTIVE,NONE,55,7e0b9a619b6b077ac244cd28da042edde3e3b8c8c26d76e601af2d751cf987cf
c134ebbfb346de40b2a8a0f4f0fc95f6ff378198cf3c1f1b473bb3f104f0fced,,,ACTIVE,NONE,19,88ae40df13b6b23d1aff9761e54d1212c7fb37e8e131aa5e66aee7c9e839cb4f
c164bf0d4521170d80020c32ff6ea39b5acfa56ca22bbf71fd82d3fc1accf4cb,1.0,1.0,ACTIVE,Regularly,46,e9e429a28f7815b4caf8dab148d2ec3d03da39e4c7f6969d4b924b61e5006cf3
c185a6267b156277eb6e659dbb54a1c280ac9bf9564d95ada4f3aea5e79eaea1,,,ACTIVE,NONE,37,f2b79c9b8d129f31aaf3a7f93d3c05e834aed25c5d096917564e80a85e4e6322
c1aadee0621cc4644b72a2dd80e082e036c94ce8dc672a25d4ef9d939c39b23b,1.0,1.0,ACTIVE,Regularly,30,5c5cd6fb5a38c9aa09f8ce2e9950108cc8ee7c8820b63c0c3ad9e801c8e8e179
c1d73eae14f8d7f72e01427dba522fce37ce8212df2e9008b01719a7687e2939,,,ACTIVE,NONE,20,f67c33afc3b205cf0c636315fd0fc980e98e44d6eec14497d27c55b4a086c37c
c1ff2717ab95aeab90b73951a013707beb2f17018e8441209ff4f2cc8fe96cf9,,,ACTIVE,NONE,55,a8d5477cd2512b09dd7560f109397b68df746fe88c6460859aa08ce5af112d50
c20705ec934f5d664cc00aba66d01bb67ca1af533388e69c2b44fc5d6653f7de,,,ACTIVE,NONE,36,41a9b9a27a021dd5cbf30903f7849f14efede90e5e34757feaf31828b8feab82
c2089169978a71cabc2320d896748a51cff8f0471b9d3264fe235b5c3d6d2b5e,1.0,1.0,ACTIVE,Regularly,60,5b50990c2283591ce892202a3bf5b39b1339bac61e81d34c28f2e4559ca001ab
c22e0fbf12c330287a4875a34d79f02b8e31143c7f7405d71f704cc5d60d54ef,,,ACTIVE,NONE,54,14c569e67598de3625d1e9f4993c76508ca30013f0820a52aee245ac355db4e3
c237500faa3ca1f714751d21ed9117cc77a917b74e28982595952b8c0ee20b71,1.0,1.0,ACTIVE,Regularly,50,ae83acce6f7ad704b7584da595291c54045f4348d0a770840e9523ffc42c1c1c
c252dfb9360f8aff5666b491a4b578720f697ae175e274386330d5cd46086f8a,,,ACTIVE,NONE,47,d693b97646366f7942cba0e17556028e97b59ea37638b70ad33fc0647c262f43
c2597f1fbbaedfda9b33e9366fcfddc707916fda1b7c4fb0873793c9b19ee514,1.0,1.0,ACTIVE,Regularly,20,b84e01d4280112edf8c21376b6a28d221075705a947b9766167b43b9ed7604bb
c25dbba2a33b2bd8cfbca08b9333f59b651994d0b79a808c42033a144f78f8da,,,ACTIVE,NONE,20,efa34396a9da1d1b08929fde25e8d363a1f385196a6f2a50be400fc5b525b79c
c2dee3a41506670c860274f8895efeddc7c1187856a4df9cccfffe50021e7d07,,,ACTIVE,NONE,52,602ea33e9058008f94f07c22772fc221d46a77baf4c92c02eeb3428f13ed5b94
c311a88b89461b310e44b973d91a163230edd595bb8c36e059dfa65c0ccbe214,,,ACTIVE,NONE,45,46d4290727bbfe9eaf454b3db4820475e0e94cc895b1cad1b7c1e5a93e234620
c34786ab83b85aeefed5cbc24a398377f6236d514356103a74554f569fad33db,,,ACTIVE,NONE,19,7d6e09ee4974ef04deab451b815d033a85fbfb2d423fae2a5d8dd31568cd510b
c35caa0657f370050392dc2d7bd2cb48357cfb098bc49389eb6f45b5239fd4cc,,,ACTIVE,NONE,25,39baa2fa1088cd4c00b4f673468e1f9f95998ec9302a81d33446ce4e704e3b84
c368d9937d5d0dfed63310e1e497098cd23c631c5313340e9f46a99f6fa13e22,,,ACTIVE,NONE,28,3a036bed050a9ac2931a0d9b645b6b610a98daa2ff3d818cd8251257f8621908
c3952b6377841cc52dd4cc3876d78db72a7d8016079a33067efb6c9979191260,,,ACTIVE,NONE,21,daf707954361f079b32693ef41d43d71898b0c4257324ddc08ae4a3047c9964b
c3a7b44cc583860a160169bfc45445eee23ece50df54b4cc9618bb9830846fce,,,ACTIVE,NONE,52,89c6b62d5184528ac9fbaef0e55e3a520dba3869a952618d278148f6c0788f0e
c3b40fc67dd508de2aca99dcf7eb63c22a5bb85f21d2b9c730f7bc019316b9bc,,,ACTIVE,NONE,25,be5adbd82cee8a6f072ab08045f2889445d1e87a07260c111d41f6d1f340f7de
c3bebb3cb4fd64df011aeb931708db0fe3a72719da9b3214ace3d799d1c01d3d,1.0,,ACTIVE,Regularly,20,69740ee4b1d6db836c361bba92d28c2198737dfa4712b01d00b5564fa2eda127
c3e813b420808feed3119a5032d5e07a52a6426183a0f9b158116e10f5116ec2,1.0,1.0,ACTIVE,Regularly,34,e3222fb586f847a27a0daf14a986e16ace534739214791d6e3bbe1401c86d249
c3f179e846252ac3a753553a1875ac0e04891a05ee97d591b31e775fd584effd,1.0,1.0,ACTIVE,Regularly,27,2f809859be1d3993ddb1552b38d6b5e9e25bda3d15b60be13727c8ecc07d2fd8
c4065bbf7bc992bd1ae5335161bae9f4af0530c2b3df8748d317f43e574c0946,,,ACTIVE,NONE,61,ab5c929ceed080f090d63e4a9fb24a13c45f70afc5ca883344b1c4120b39c30f
c40688e37185174012d32e3fda415be2cd2dbb9a1c13b36362317a64e5d167df,1.0,1.0,ACTIVE,Regularly,20,2be2ced4d808d4952d982265b84b476d46ae9404e34f176ae8f3e1c0de0e7729
c42ba9243a0f8e64d2f2335dab6514c1fca9f8bbb515aca1abedff55ee5da95b,,,ACTIVE,NONE,32,6c6fb89982c7e88e8cbe659c92a65c4775cc0bfba5f9d833a4d31bcb47c3ad8a
c42cb7171483539a44a9db53e415a1aa249596b5265e52d3003105c558d333fa,,,ACTIVE,NONE,20,eaa5f10c7b7509e48ded5003caf278ff4f45abfba32d7d4c9fb079f9c437676d
c480fa4e2a2e89f354f4242eaac2aa9beeded462b382347422ecb3ac681f8f63,,,ACTIVE,NONE,19,e44fb8e2a163064b1f2f85e16eec74846e2d81cc6082473f68ca3b56c06a69ce
c4a82ac87dee7af3dc803df2b10431371ddfd5cbabfc35d80db462071a31e73b,1.0,1.0,ACTIVE,Regularly,47,79bfe734f004fe8690d02cbb25c9b8b716cb8357c162b6a9c500d18fcc3ab509
c500c012722e53dbdc4b269916e6bf8bffbdc70f16223870c63e7b04fa6e417a,,,ACTIVE,NONE,55,5645df859d73df116720e2d4f2c177e04e8ccb12dc872cd44b8691b90ac7e37e
c5036ea4cf179c4d2c35dee3bb5eeaa655e764c8c3090c4452e3b10a09285e7a,,,ACTIVE,NONE,55,1e2c538659cf010b9a3fc51d5b18e9ad577933a3b1467f1cad32d36f3a27ef6c
c50e5294828667195087675aab7e8db7891debdadd668b94e73e2058901ef5f4,,,ACTIVE,NONE,32,da3efefeb327e0679efe6623e4e50692c9f790c47184c22f8a38c27e62184f90
c52064c1777231ff76fa78e734f48a37d5d45999205b356844d143005255bf4a,,,ACTIVE,NONE,54,e88f4de8ff428fb8b2f2322f7dcddfce65d3dfb297b7e5c93e5a6fd71f9912ae
c52cec643f5acceae09eb9435c8ce2028d414617f9a7d61ea1682136e63bfccf,,,ACTIVE,NONE,54,5568db5ede622ef6fd353bc68a8f4ba461c25e63a437198d7fbe9d9bdf7d809a
c54d2fb4f65b9fbd581548b72d6e602a1253d18d569e67072f0bb21d5f73b804,1.0,1.0,ACTIVE,Regularly,62,fffdf576841a6eeb5282e150a73761c1d82a25564af8c0d192d361fae5576c8e
c561d7c898141f87f85d72bfc9d81417b8fc0df9550b05c1f9722334f373b597,1.0,1.0,ACTIVE,Regularly,24,2c29ae653a9282cce4151bd87643c907644e09541abc28ae87dea0d1f6603b1c
c56a9b5e0cad2386b73fa8a448fbb4582e4afd483377f32f5b118c2f85ec3c07,,,ACTIVE,NONE,61,03dec8f03ee427c626e7ca2fe3e948e6e300d1faa83454a865680f1d3463bcbd
c56fa0705e098e6a5fbf96b506de4b473f2bdd3723c86e6134378058799d5f5e,,,ACTIVE,NONE,25,ff600a391089dae28965b414f19c3b1c2b53f299e6caa756db9ead296f2dd3bb
c5cc16ad5cb20a011922855083da2b59adc265c57d708cb566b9f1db24981f52,,,ACTIVE,NONE,53,f6f45a31e2f79ac18ab7d59824e5c5cff93cc343f8e4c77caf5d24daf002375d
c6305db545de2d8093686cffd731900ec3b9c5c03921b1a81439fd75c49b260d,1.0,1.0,ACTIVE,Regularly,24,d0e2d8e40683c36bd79e5d6ccb88592712d029c8fea6d4fa1e4076c12a4121a6
c658c00e22d805816deeffb7fad7e262fb001e4de174595488c0e789cab0d906,1.0,1.0,ACTIVE,Regularly,57,baf8a39b9737388da2e7e19af448e16b4d2e53f1ceb06c7470d33e2614da7d6b
c6665204ca451bd63b8ab3be9f57efcc3fe539b1fb8d3b0e4caf362dd16682f7,,,ACTIVE,NONE,19,d5afea2181f759439a865dec3cfe099bb38e365f74434c741f11cf391d1c26f2
c66fb513102731ede64dc99a50df512fabf5a3fb005f6d4723e4bbc90dfc86b0,,,ACTIVE,NONE,52,8d7ede0119569320e45a86f6b664f7a553a5774ef2ed839d4fac41b27ba917d0
c68bdfb8061a4f18562c3615a419f2033f923ff44a64889a751a01b2fb08782a,1.0,1.0,ACTIVE,Regularly,26,b26391b0f5854fe34b25020e9539f53e68aaf6f5cd397332a36b77005c838b2f
c6927c22a8acc906f3fc8fab1d444b0b31e1dd2d0c3ef937fbbe0dcf71916141,,,ACTIVE,NONE,27,814dff279f2a88419726c206fdb57eabfd7de5af0026563852d2265b27ee2ef4
c6a6eb67b69f64210f86d4c27680cb938221a977e9c7386454801ddf30f9c757,,,ACTIVE,NONE,26,023be68ed44c423156f5f62c4e89ba3b326fd70798988fdb50727cc592e1d6b6
c6afc62d3056806e0782c67ee7cf74e03c19646ee495a8d8f1c8e0bf63b37dc2,1.0,1.0,ACTIVE,Regularly,47,81f80731e76212161a0682d972dc37228c6ebece0bc06e5391360eef8f690d75
c6c943a8b03ab3b101e84c2cfc3d8910cfd17d78bb9490864075771b8329aa3f,,,ACTIVE,NONE,59,9dd4b70e38073c730d803d501e881ea7c63da7c59ed38874dfaf991d6cab5c2d
c6d5722d34987a593ad551e4899a7c03538302477e2d276b16c3393f9d352fbc,,,ACTIVE,NONE,61,71c8c035d99e4e05792697d7bee6135d8772858e901c7473f6a27f59263eb5a5
c6f312b00ec321c02d4ea0b2146619e85e91e8de330dff77c84ade7714434f6f,1.0,1.0,ACTIVE,Regularly,52,841632ae6fd6e08e0e40230ace22cf9a060106af537ef7c3753db1a3a84fc21b
c6f433c2cdf80fba13063f9eef3ff1acb7841b591a2c6423d617ce3cf722cae5,,,ACTIVE,NONE,30,43f5886d2d0627f58e7c89c42a4090d03b803ce207bdd37dd0e458c225ec6c87
c70412b3be388cd78d21a2290adc02df10df3e7a9654d0eeef3ba0073fa37a78,,,ACTIVE,NONE,30,91fc75754a52db7135c63fd74d22340261f79c2819c5e22d8c483cf972e1d143
c70d3d93a29f7920011d7bfbb8392235ae5f19c897a6212bead81832b3ee34ca,,,ACTIVE,NONE,24,f7b2f061bfca9e47e602c901eb2fc286db55c8ed006f54835e6a217d203159d2
c739f3e84abc7a3cdf3d1422d9fb09145dec63293899cd41169ff2a98f06f081,,,ACTIVE,NONE,25,82e98ca7120f0ede00281f6d7e89dca493c50598dcac7925c6700c299587fc97
c73c4af08c238d1354a16affd2bf042c7c180583bcb2b1304a378a325609440d,1.0,1.0,ACTIVE,Regularly,53,7155fb428e283b82ac5970e143ba1fc3b186f9e64b30548c5e89d38b2cb88b58
c759ce04f60b428a2995811695e8d12ae4ce4412da036814f0d61dd146ab02bb,1.0,1.0,ACTIVE,Regularly,52,151d7fa96a5a671ba1d6cec8c9b0db1dc71136bd832a8d726b550ad6b7d74fb9
c76480d4bac361ad23c58b1d8197b58192bdb4e432e70022102123a231753538,,,ACTIVE,NONE,49,c82517f1915fb84324ebaa004c9d3b517dde3ae53a2878b59007a5ddfd18b0fb
c768707eb0780a81aacf8c920e3519408b3e5f3fd77dd2d16541b98792fa0eb0,1.0,1.0,ACTIVE,Regularly,48,6c12ad503b0f7c068aa6f6fc99292227cfac8da1284349c2fd318fb1ddb7edd1
c78b251d8ea58407bf61aa4ae2b760eac4615745e5637af7c81c2b09e5250727,,,ACTIVE,NONE,24,2c29ae653a9282cce4151bd87643c907644e09541abc28ae87dea0d1f6603b1c
c798e4675d1f80d4b4dd0502c8a731ddd06cb5f414d8566261ce5d3043faf4af,,,ACTIVE,NONE,24,77e7446f5fcb1edb3c80fa1b80326757cc3b4a5e87453f2ffaaae734111b3f14
c7a17a96ace4871043d8ae487a2e4d8b9fb5535aa29e8d9c4be91123405e989e,1.0,1.0,ACTIVE,Regularly,46,5201e00b09784cce90016434015b2044d072ac3fa1c457bd3adbdd970a554a73
c7b0159aa098e6f409e7f9d60ee7612b3d4e178fdf005c68aa07f4f98a85caf9,,,ACTIVE,NONE,36,8736d35b0cd3ac854eaf70423086cc68e06abac584eccb705b52b30d416c765e
c7b92f8a65ec4272654090aafa4d2ae2b6cc2e0b58e5662f89c9dfd12afacd15,1.0,1.0,ACTIVE,Regularly,19,9ea7773d1c066e331aebf0f4e259a926562387690627ebbb940af091c46d23b7
c7c82ff0ff3cf36868c62401fa5882a6c5c6b7ba5d17ab003b3de584816609c7,,,ACTIVE,NONE,45,d8307bcc7fae8010165e382a15ca53c8b276e5fa34567a7af3f692d9d7827d13
c7f3d20d8044dfe41553165228033837e1ce2bc2d4b5bfcecf1e7df51c2c5659,1.0,1.0,ACTIVE,Regularly,26,71d67eaaaaa1fbaa0a0ba60643f156af3b038915a7d35fef45608b747fc70666
c822bf5afe505d5abad03b0e42c19aedc3bdfc303edfa6c611282441e5d98872,,,ACTIVE,NONE,36,12acec355aab1d4dc78212c6fd0481fd0e8a17971087972ccb14056c8fbe91d3
c8623b6c011b92deccd1ef86d16b342ad948c39bb606fcc13489ea2693468c85,1.0,1.0,ACTIVE,Regularly,20,eaa51ecadba58410c4cc8f0f9b32596a351f2ef4b9b59bf13fb93e8fd0f3adb4
c867cf9b5671e7ceecc9142d81cea52ffbba92ee68d9bc92558cfa784aa28edd,1.0,1.0,ACTIVE,Regularly,30,267a61fdeed249241b281dc81b8cebdf44eea387311192f330848bdb982feda1
c8859202eb36e9d11b5ef753852a11f6d559e404cc0e18f2402a3bc66d393212,1.0,1.0,ACTIVE,Regularly,22,a205cfd69ce09b6ea7fa8c575eaa6366b6c663a8afa9535ab1465984c240fb25
c898f9e5aa29fdba124c9c456f4425c80c8b6bac0ba667245ea159ec0deee233,,,ACTIVE,NONE,31,2c29ae653a9282cce4151bd87643c907644e09541abc28ae87dea0d1f6603b1c
c8e1a9d9a67fc8298544c5a24ae31c7c4df9ad72ca4bb7fe54675578c2ed5f2d,,,ACTIVE,NONE,27,f410a70ef21cc4c64f402f454763f6b0d119eb3c6f18713a460ee1b17832d571
c919903500071edc4e07465b410b7faf3c1e96dc56ad9e198597efb76b51739c,,,ACTIVE,NONE,18,10a4c10adfb004ae1120b1f6cef16472247152d6361fde4b745ef6e1c3f33101
c978fa933fadfe10aa85b6813a7af16dbcfdbfd966a0d404191e0e3265139273,1.0,1.0,ACTIVE,Regularly,50,41b71ea9a50af8efb7a667b1743a16e19bf340c017708b1c9443b1e51df7fca4
c99eb6c402c92512f2ab921b2e222fc48017375e890b119225e760e082df8c93,,,ACTIVE,NONE,52,433dfcc25eb86450a8c58a526992a1e2eb5b23a9ac30dfd42806388c67c4a271
c9c87b38a6ff39f67b29a2005cf965c5290ff7799ee1fafe9846553c9f0ffbf6,1.0,1.0,ACTIVE,Regularly,63,605f2b8402614ff3fe80c874a9b4342a079cfe37d17cfb19b0807fce6a220aed
c9cf5180146fb1954dee52f43a0521195769d0a0c2c4e8a6f293929b1467d31c,1.0,1.0,ACTIVE,Regularly,23,035783d95635fbc3638edd7bf645778245323c97700e0094f0cf08b84a292042
c9dc5b208b5227a4e5f61077099f20ee6cbb0b87fcc4a58b92f4eae0b627bc8c,1.0,1.0,ACTIVE,Regularly,21,8c856712c2fc677961e937c70077dc663f7e46822d4e22ba42058ee0c4ac6b8d
c9defcc397e65eea1fa4b3b15400ef4db09f279c9e9ed12c83514c57f3c12840,,,ACTIVE,NONE,54,f1cd656339cf915e6b20715478e9f4abcc98fa1fa8b7a1f32b01bea8fb65742f
c9fe458c9e76f0e96b9c9b03dc2a82beb4360b3cd6b03d5c0eb46f9bb9f44e93,,,ACTIVE,NONE,28,2f321a1b6cde7b6a7fac1c9ed0c538dcfab9269731e5b4bdbb6a2dcf87b9cdee
ca3dbc86aacd56b3d3fe9375036245bf5c965f364abedd5e7ec9d5e23ec3c7e7,,,ACTIVE,NONE,59,8a7f07098384e982b34136dfa55f5784b0fed414e087164747f04200da0371bd
ca42d0a9e3703ab3a15d442ca35bae3dcaf44e133542f1f7cadf6cdd4e8af7cd,1.0,1.0,ACTIVE,Regularly,68,dae14d5897ac9dbcef35593da1852e24d8fb40b252fff9cf149c860b95cf735b
ca6e0b7481da31afaa5672dc28713a76200947aff276d429b383b0d95a7299a6,,,ACTIVE,NONE,25,69003485135296ef35d6d6bb52f86c12161c7ce9636fbe140359d250c7a3901a
ca93ee1dcd3f45bdead4c68ce6586f689576e0c48087b6b86c6eb69f65110bde,,,ACTIVE,NONE,27,2691763f8a7fe824c849ad8a668ef02076f7296a5108d3e99eb0f8d900d065a4
ca9e926c2ee4166a6cbed6bde5a9a70fda0150b556a026bf57425ea55afb3ea5,,,ACTIVE,NONE,55,c8bc3c7d29141f2626dea58ca9db25f06b27a8e51c0a131d54490b1cc76b572a
caedd2c9b4c39ec93a4f9fe12a097073b60c6f59072cd308412f6a018fd9ba84,,,ACTIVE,NONE,47,87519f22ab2022848d5ea608e6f64fbb9de8ad82e8795821a02c938a8a1b8eb5
cb254ecc76ccd59b26df92abc860b6ef3eae26f3e6346f45cfab0c10910a42c5,,,ACTIVE,NONE,25,30fcc1ad89dc3eed6be03db1d120e5ecda77d29251e648d2ac64a75432975c75
cb3603b4c06a4a3889873087eacf783420011d09c50a09691de67eac43dd1439,,,ACTIVE,NONE,32,794d73b0dcecfe75a3125cc57f7862d863ff54a8e49e4bf08da1ee3274f076b0
cb42cb598fb061f2affce71c118709e19971bab6e6ab7cb54499926fac494a95,1.0,1.0,ACTIVE,Regularly,43,439131779f0b004303c5c5304ca8312ab67ea724cb203f2bd5945030e014720c
cb44e6a5cc2f2eaba2c1f8811f87b7f2df46158695a1e0409c04ec353e62888a,1.0,1.0,ACTIVE,Regularly,45,bef1dce16f08e772cfe936ae23d6823df94f1854fd23bea5a9619b6fce587511
cb804b908bfe4749d4e0243121e6d797de89ad5ddc2cc720a64afdcdc33f7a72,,,ACTIVE,NONE,21,2fd0cfda58f4f7b87e1bbd203f75045e347d29ba5c85b824a45520b8279a9016
cb9e13a29d8e7ece41ab17f334eb4406ef7ae6080799d2f7f749a526e34f9afa,1.0,1.0,ACTIVE,Regularly,50,96cd9ae92b24ecae89c764514a1d2367fc5d4139130292869852de4ebaf3854b
cc0680987fdf6762ea42696d2a8e6cb9379a67ea9fb479ffba03aa4bed913b8e,1.0,1.0,ACTIVE,Regularly,21,029e81e7b17293f684e1e082c29329d90a2ff7ea0bc438fa8cd5b85226011235
cc2756828b6bc9de57da2da88c72ba96f76eb0c470a77f0f6fc8a5d303f04634,,,ACTIVE,NONE,58,42f7f41d6bfe355c9d5d02d41e0e4bf4f118c517c65a1c30f6e64f7f3634c4e3
cc39afdbcf5aa560f4443928e43aeaa6010d9e3dd68f30fad777ecb12e20ecd8,1.0,1.0,ACTIVE,Regularly,46,0c05573ccb128eac291f23d822ef12620e871079e4881a85c52d3f08ba97f69c
cc3d262eb49dfc4c9991050fae3a904e7280546c3cb0e7a3f23eed2beb6a0d9c,,,ACTIVE,NONE,23,2c992e60403e58c36e48974fd36708837833f397124ad24435dbea9ac1a66553
cc87e8e965349a016a6b79d249f1d18d71ffb08d0b57e3773b066dbbffe51b87,1.0,1.0,ACTIVE,Regularly,28,01175e0fae82960c33f89324a58faeefa985a4bffd43fabdf416be6aec096209
cc8ef44db4871fdc04bbbc30fb5faecf418848f81971af8387cf162357c578af,,,ACTIVE,NONE,26,72630de51f33b7b523a5c6a21e8665b971b512e8634a052724c97e672da66d14
cc973c0a22d92e2d1e05142f723deab7954daaca884111716dba7c7d2b6615b3,1.0,1.0,ACTIVE,Regularly,27,0985a2c2d5302e7a2bf7d7bd9c02b89f599b7b34a5d70d4c6375aade11b34de2
cca7c5c3c73108603846722ec00331813df224d3f1784e41deb42ab8895cb309,,,ACTIVE,NONE,52,be2c9a9e19c5a1d589c06b23c8f6ff859305896cd841fa79cd8e7bdae5000268
ccbd6da41c14cbbf4abc3784395df5c0d16fb798f23a8ae3320f58215c5da942,1.0,1.0,ACTIVE,Regularly,36,4cd1b94283b74077d9153f82c5a0d0a84cf2e825b5c1a5071d93d6da949b3f4f
ccc2b3451c478623bec73bc057914d719e7c524c36a5a4e2079f4cb5180b940f,,,ACTIVE,NONE,22,325e8809916a6bdf8e71b8d9803240b09ced85931474dc63b6538adecb604c53
ccc9a3cd29308a5bb41a5a89aec9ae9d0b18c8d0993e91bf7d25d25597cb7c68,1.0,1.0,ACTIVE,Regularly,28,68f954781773cedcc22186dc6cf9f9b7a4d9ebaf461409318538fe347ea910aa
cd1c20114a025bb938cdc54f7245a43890c14d2a155886f2c7fd892a0dd1aa6c,,,ACTIVE,NONE,60,08b4afcf5f73e6007671f8e8ed4ac009ba4eadc4e29566ce3a48da7f8f67138d
cd370509ba88aec94f428849396c593f2a99ace0d860e3e7e57846c2472aeac1,,,ACTIVE,NONE,28,aa75925bc830d8b91a6cfeae4f28c0a9cfd3a1f7801309273fa19a6fec737b05
cd3dc94de5dc39619471063faf643d85bf9b2631265bbc3af3fe685e83458a7c,,,ACTIVE,NONE,32,ff3ebd975c0c0ca9835fe4de102bb19c194f0f524080c405fd8edc5ea4d39ff1
cd4e53a9880e0cbd4ef3e61be41061b052deae7a5ce40a78dee5723e49715d69,,,ACTIVE,NONE,23,5b7dccc563b66865d16679ad491bad015473058b3411c2c548b59e82996343e3
cd54017f5f40150f047bd1280f4b2ad8519ffedcdb53d748a9f94650203cb2ce,1.0,1.0,ACTIVE,Regularly,22,df493c27bc86df4142084ecaa1fd56642c31f28da47e04acca37fec0ddc84cee
cd61cb24377e7f2f4e9f6caa52cd9e58a7afcb856b4e872dc6fd9e0aa3b467e5,,,ACTIVE,NONE,32,5b6994e76beb02a761753bc0cce3771b96030595ff205ade437e8bae68f75c4f
cd7160d274070e3a5803921673f06ab9b9dabc35966b01a34b1cdfc9f3751e71,1.0,1.0,ACTIVE,Regularly,23,ab43453a8baa9a3b2bbcdaef50a6e81ec19905deee21da69134235f5e147f6ee
cd79a99a82bf6c33bbfb25efd5b40c64fa098ed364f842cf7cd719bb11cf7b31,1.0,1.0,ACTIVE,Regularly,71,7300fb4257206f19f4ba9a2c5e352eda8116121466d2aa79871ec4e87428d100
cda69577ca92c9e4b820a59d00532794c9d7f051a070ec01e79c9c5c8dcd783d,,,PRE-CREATE,NONE,69,02d14239a4631f666f9fd207fb00f2583bd38e8008511c2685437614e975a2bc
cdd4385a8e7dce0508e6300faf8008d6f013edfe25e7fe929fbab6a0c822cc29,1.0,1.0,ACTIVE,Regularly,27,aa2cca645a62564dd8c282b71192336f3ca327fc14fffa42a39735354bcd3661
ce61615e0ccf1a6c1f437d23675d21eaa7dd9ce5239455d0125b53d15e0f0e1d,1.0,1.0,ACTIVE,Regularly,53,15681a9ceea9448a14a9e210a7bc50980958d10bc9be0a18b5d5ce3bd8e679c2
ce76ffeba9d81bbec4a0043d4c005404b6a46326fab0ff5433deb79015414b64,1.0,1.0,ACTIVE,Regularly,31,bb7b79c585f8c8c277c23e59e9c9cf7d7750f3b2449883c4fe32c0a349dd1434
ce78137ceb608debecd29376edf11944170d8e5ce733907224c769eab6db0289,,,ACTIVE,NONE,58,a68f6e10af86288570c33dc351489bb74c3d8009bb983e924c5eb2dcff06e891
ce7f1a4d762f6b5a2a43ebcf388d6cedc7104fd85056490d77581d10297c088a,1.0,1.0,ACTIVE,Regularly,19,8ae6cf29496beeef27f0c1a2c41bc621302d2a5faa3856fca6d4250cf988ab3f
ceabccdf1b286e9f1d378a9545da49508ee7726b5756459dd4c5f188146946a4,,,ACTIVE,NONE,25,967daa404f2ec7f1cdbe65ac2362485fd8cfa4e157827594528f15cb1c9cc0cc
ced019e90194bb864f33e92a26f727da1d0cd93e7541fd075217e386ea5cac1b,,,ACTIVE,NONE,33,d28fd0e3b58741227794fdf7dfa40078f67effc95d721a9378b3537fa5a00797
cf486a59351d84f90368ae1167c325e9e2a6a16ed077b866380aee59038f4e60,1.0,1.0,ACTIVE,Regularly,24,863506cb6d4572de7fea236d5b1ba0a6ae358df5795530c7c19547c65850c0c7
cf504b43cd9193c9a90e00fb55483a23e3c82ab8451afca4b3bc4e6684c3a74b,1.0,1.0,ACTIVE,Regularly,55,b2316b5e3a6961a65d95c8fa621a9d81afac8cf5c101bc8223c273ae1dd47ef1
cf822ee797c75f985e5bd2ef206c588b938b2bb190c93dc2b19ff8c493102335,1.0,1.0,ACTIVE,Regularly,46,e32f1a618e7f9309aa6790fda2a73b29d9826ecc3f63fe1e8c30a02fbc786d6a
cf82c602957f54e6fa9ce05ec1a2a6628e5beffc4a64a390ef29f44a643b281f,,,ACTIVE,NONE,30,d08ec5504ec505dece268590333e36748cb9bb451ba7cfb5688fe2583a244187
cf98636d82fbe93175e77eee091c4639ab33cf0ceaeebc3a0f7d8460ca26dffd,1.0,1.0,ACTIVE,Regularly,22,79cf1c7c648608ead6a140fd0c3c652ebe8736246e9315c85e672957745d12e0
cfadc1639b99d87ef7ecd04c96dc89da8078a73e77c8f19e18a04fe48bbf3398,,,ACTIVE,NONE,,a7d9292ef2b56c897ddccb2c8f007a13e5d9b2bb148ccd73c517833fa5224862
cfb4aa269ea749890ae590174923636f3bc7e5e2b081655e6d85e420251a3ffe,,,ACTIVE,NONE,52,0d862e6be393f9e1fcd054aa8dfa9991da9348dc0ae018c3ceab2e109fefad13
cfb4fc4b9dfdb3a7bfc74a67ea01fb14713c7140ec4d8a89b903680d0884d820,,,ACTIVE,NONE,27,7093441ccc65d6fb986f4ca06af54e8b1f6209a940f0b7067f80c076ecaf5b61
cfbedf259775bd07b5c38b8ca8f391850b7982e89c88e44492879f0ca40b0a50,,,ACTIVE,NONE,24,ed79f9bb0731422cdd060d8f9ff43bfa495759ee27336aefe9bda765a0d1271e
cffe75a37d0c1a9b77dc3409688df761269e524a3f8de32655011887dd7e4873,,,ACTIVE,NONE,24,ebdc644e9baba43327d9507179ec952492ceae316fef968fc3309165bea30cf9
d00bde7fdc14646fa77a1cccdc5805a8ef488643ca8eab27aa4a8d25c033e4f8,,,ACTIVE,NONE,58,d3e00086464ece9ca9d370cc4f49f57459de32f9e88b83fca77c1c33d25f5a5a
d00ca08b0d2e50325a0f820d3aa8c6a6efe2da5dc5d093810db623bbc29f91c8,,,ACTIVE,NONE,27,5a3825bbc91cb0c65cebefb6d733276b6ca0a3065be88b3a32344530c9b23cf9
d033c491afcaafec1563d5bb01c95d6ea9d0ea4a8b28c7e5f2914c3e48bfc8d1,1.0,1.0,ACTIVE,Regularly,31,97c72fa29457e5bb24eb24688495a29846a27b92debfa54d76f82a8dc78b0516
d04e9e55cbc461302710c58192aaafedad3b81ee0ae10d4c64eaade76687d1a3,1.0,1.0,ACTIVE,Regularly,21,23797fc4d4bb5737384fc96f13619742d54bfb46eb1ff767f116f23a194c39f2
d05b54896c35b36946a6c55394ee29960c302289ccaeb995208fa524fd0019d6,1.0,1.0,ACTIVE,Regularly,62,c069b19b8ed53821fb4da67168b9e724313f15c0b0ebd13a8a7b307a7206cc1f
d079d7d11f601638a5ab395a1372e199b97bec9ce0153fd4508fd0b57f9e6976,,,ACTIVE,NONE,55,2c29ae653a9282cce4151bd87643c907644e09541abc28ae87dea0d1f6603b1c
d0cc4aa4a5131cdfdf0f087c0608448dee1daf042e761bd18219c927c910f3d0,,,ACTIVE,NONE,45,4677ddd209edd742e6f7856b522c029a362aa55860657204456c9b1dba898813
d0d6adf957f209deee308659605edeb901ace29920e7567f38bf415268d3b2b0,1.0,1.0,ACTIVE,Regularly,22,4a227171c52db7dd5dbdf188a245d3809f35b95d3ea7cd86765ec8b3f44f9723
d1404d9f0f0219456e746d4ae78e3e662d5f47678986657570fef59de3a613e9,1.0,1.0,ACTIVE,Regularly,32,6cf354487bc7b7a1878eea81ef80369e7bd56588a5e0eba9d56c57a164db2d10
d14818202d00d20295d055b86aa74041d639db55d4a6d1c6615d6a2142438bf8,,,ACTIVE,NONE,56,0979d916d5c03e31d9fe7a8fcf7753a0f40b414b0117e3c9bbb8e3e167f4945c
d1a9930fd8b9f6788bff8d097de78038aa5f548aa0a12f4204708eb050c6e3cd,1.0,1.0,ACTIVE,Regularly,52,906bee32e1be3c6fa6b950e8b25b0f70e6b9f3135b953c59f14362de924d3933
d1cbdc4a75ae7f4a320b2ccf6dd365957e43df12febb5645fe98fe2de2d06d8e,,,ACTIVE,NONE,26,063b673292af91636a43ac6bfb0b6dc6780955bb105ba36c7241d0607dde4016
d25db246c72d13d6a1e2c3806d081091819bd8c7dd1233e4a611cea2c7a1b344,1.0,1.0,ACTIVE,Regularly,29,cbb19dc17b7381b431db45fe71525b070ac098098e52fa304a2afccf118eecbf
d269870960e49021021e82258706f6651d4a33932e17256cf8a93180a73fc679,,,ACTIVE,NONE,32,bc9b95b3dcdf7c0a6a46e58746845e8a869ece9d4347fb62034fafb8b7021654
d2872063b95a9d83d6a2fa37db9d2bece84b62230d86a4d0a2e7572d58763a18,1.0,1.0,ACTIVE,Regularly,22,b7af973f3fab4d04a897c1210443136b5c859ed8b1dbb9e8f71203403576a345
d2a4f3856f2d473b254b4c89fdfef94eb583e5319cac12a8c1fa66dd6085c6ea,,,ACTIVE,NONE,27,a4ccc81f643d590d7c3cb192d9bfc625ee83d04cd4665f6652fc977d67abc5b1
d2bc67cc4138d1ec3bcf51b92faf2193e5eccf8094b7d2318be2a1e8a272bd7d,,,ACTIVE,NONE,22,1dfee2a15fa2c9ae20ad67e48d264d3ab1dd73255d40424c1c039a0ae3ebaea5
d2cb4d5ecab987cd57922304a1ad9c59bce032bda335629880312f9adac94884,,,ACTIVE,NONE,34,13682301ca8f7dadeb00520440e40b8d12e22399806b9cad77c2efa1cf945952
d2f46c218919fb77d8e2f5030124f1b7277bf5bd2a4dfe71071e998edf7660df,,,ACTIVE,NONE,22,4e8f2d285a8439cf2f64486a6ea3504b7b94e41fa8077883e83879445f261b98
d32f1831e12861b858658bf5f8d4105d9e6e4ef8da91680215b8499b58c232a9,,,ACTIVE,NONE,38,7cb415744a238dca35aabbb70dca4065c1ba634f26e24b2c062f1583737346d5
d34e4d9c496d305664fd4215d60e9b5a1c53f9db05b5ee54e7caef21640031a8,,,ACTIVE,NONE,28,417affffa504d14e08602f78c92ef34aebb9f120400e52da0bbc5b1d2b9e6c12
d374f513a64a33d5c52b8372dbb051df333e42b92567266c3297361697ca3341,1.0,1.0,ACTIVE,Regularly,30,d7b050c201b00726415362ff5d06c7082fec43be2bf5fdfdded97e53446d34b8
d375896a5bd2c67e17be2f85a9dcf89f050ecc2032d4055f5a8d07fb842f395b,,,ACTIVE,NONE,27,fcf8bb1ebd2271643477203d32a5d28aa8356742bcc2e4e12602958765b963a3
d376ae31e41538db9a88ef9dd3dbe691651ce60db8717d882fdd89b7f89da414,,,ACTIVE,NONE,46,54f94d4c60ecbb5403f31243b9dd2d11163a0f4119d5d732b2a8cc33484e1740
d3a7379af75afb2f7a34ffdf91d46df21452b1ecd436a04cfc5683829b4630b1,,,ACTIVE,NONE,51,214cbf5d3a3f2c16a9fc5541de8f5cc6f41ec6994033a4ad53c5fc5ffe367303
d3af88646674e50f0d84b0deffc17cddf994fa1547bfb2aa1f51514a0cf37b23,,,ACTIVE,NONE,28,e41ff31eff8b9fd0645efd576c2528cbb066163df3d7f77f9c419bec24a5938c
d3b9875e5f41c1b1434e3737dcfc5a392dc22f90a5dea88f5704665b358b3034,1.0,1.0,ACTIVE,Regularly,39,2d53733884adddb2a436fc58a913f3a5645dc65455ddd27e31a3eb78ebc9be47
d3d76745a217697cd42f64cd84b6bb8fc9395eca11c316472396d9464730968d,1.0,1.0,ACTIVE,Regularly,23,512a651bbc4074e1a2546802db85a177f574e1b6b4ceb7274fa380432c68c6bc
d3e392e571cf4f74a155c86770c36fbfe3d5f084ab6d0a1bbd0f152e0a10c685,,,ACTIVE,NONE,32,e4aeabbe54c6064db019b06461570af211c4dd634aadf2df57ab8a2d95c2480b
d3e922381819cedd36b17149f417cb699e03bc1d72511e3ad9943e2dec9c8958,,,ACTIVE,NONE,37,294c2de7bb971e1b0d6f85cb5e0fa61f1baa68a9b0d22a9d9f6084e567deceeb
d3fa212d7c8edc2fa95e9e5cb6575a4319f3d96c0e19a69c141dfdef729b41f3,1.0,1.0,ACTIVE,Regularly,29,7817b7cd168f540e0cc489ad92ecb06a070553c93cdda39be4d6ccc54a347667
d411111746d565624f4449bb80121ed0c2a7b7f4a0c68e44cac07f33514de9e9,,,ACTIVE,NONE,29,180cee72244b094142c1f3ab75e55589e80b615a007fcb5a328c7d49e2c84d30
d42962b5824c2d1a470c405784804a619042506a7552943b8503b62ce31c4f5b,,,ACTIVE,NONE,55,f1f248937252edd136bbf566db3895ab8b7dc97093f93cd64903675888752190
d42bb780856afbdf19f6a7f869ed4f2db071987c7e1dc03fb114977a4d16fbbe,1.0,1.0,ACTIVE,Regularly,23,1cb668f3fffc18f90e07b23fe3461d0501f159bd27beb0954c57a01880fc9d0d
d433d404c3b48f8ae41500e05662eb2a563aa20dfbd6434efcacca53fea5e0f7,1.0,1.0,ACTIVE,Regularly,50,f56f00aa882199db1faddf4883e747c9e48c695bf34f6087b05a73445f8f73f9
d4cc6819c5e774ead64543f10d073f89848b47a70bffc7855aa48db53f3a77f3,,,ACTIVE,NONE,62,2c29ae653a9282cce4151bd87643c907644e09541abc28ae87dea0d1f6603b1c
d4e867441b2a27a9848ef37089f0bae9e3edca6771919d192e6ba02d480f4258,,,ACTIVE,NONE,31,e090a072638be580e67b5a970ab4c41d055bfe8b4c15c8b049bf81da972a3dc1
d52b2a0df9a1714ed7315b949a9bfe4923969cb9bc4bdb4b2b5a6054d480bf5e,1.0,1.0,ACTIVE,Regularly,61,9c97ecf98c5459ba14d18c0463731b92809fbc94b69d98e4daf5af35ce14ea25
d59d92a543fbea8eb58b34f40c9ea235de12c429dd148ca9be5a1328fb319c16,1.0,1.0,ACTIVE,Regularly,21,7a5a1c771985de3b0f4096b26306885c6d731e0547e686cb0e2351d28229b661
d5fc41471fcb0cf10822abadb049c26456a2df3f889e0dc3c61bacc0226aa87b,1.0,1.0,ACTIVE,Regularly,25,23255125c60832624e2ccda21db43175f6360c402a26d17af60d997ace86e7f3
d602c29da367723b1144ee7e58338f4652a107510637f03b99e5d08a8243c770,1.0,1.0,ACTIVE,Regularly,34,a49951376f94cfcaa0ede0bf8fced7c9b22bf39f21dd5e400036a809afe19142
d618b296c545364dbd41efc513a7b5e70cafd3ce860bc6427406df76be65b756,,,PRE-CREATE,NONE,48,b5bc86881fead2477ec0a4593745e1116a59cfe528cda9a0a338b9712a53c42c
d6271fdcbeeff6196d5e0e559b71f10a9a01cad4d89133bd2f1ba34a6a113d99,1.0,1.0,ACTIVE,Regularly,20,521f99a336813f9b402de8097081382fdc080d478c4a43576d8f7ddebb02687b
d63bae4d02057616ca31e7e33c0e1901fd4d0db51547888610ee047877da98b4,,,ACTIVE,NONE,28,9e75af2a3f246d6a3e8bffbd4e2c50cc34d1904e8607b3bfde4a6064bb2a1803
d64a13f8b274ebe2a006c2d9f9195f8730164c5ba9c1c6a4f4e20d87dce6c6b2,,,ACTIVE,NONE,48,b69ff932a57c843c25b8a6f68e4cf8bf8b565749712e4c20d5144069dc122e04
d66c39407fe757eea0bb4d1d83dc37f09da7dd0a4102ba2018d4dc20832ca0e8,,,ACTIVE,NONE,24,abbf2e39e3daa668a8c0b47ed15f743373f8260b9a6d49e6371708fc428f5397
d6913e3b6b65c730d45c1bf8749c9c29b179ef3926fc75446400ace655258697,,,ACTIVE,NONE,25,aa6da782ecb80be8cbc0a869e9a238834735c27e7e8fa954f27d9185815f1ab2
d6950d64dfbdf00ccdfe2206d1b84c39c1189858c887c1340c194102ac1ea52e,1.0,1.0,ACTIVE,Regularly,19,623acb6c873c59bb0696dfe992ca511120746208352092d8677d511c78da759c
d6a12d6b5c71bd10be07c0c7dd90d1559dc1f77ef07c8fb089c95f11d25b49d7,,,ACTIVE,NONE,32,a099e261075d3e331a2c6534c380a9848661ad8d868877664ee180136baec0c5
d6b0d238ff888d095c31a7226cf5d798f894c1a2aff628b830f593f56b21b55e,1.0,1.0,ACTIVE,Regularly,33,9a63ae12937ecafad5e71955adeb4e658726281d17086770f203feeba1e580bb
d6e2e1fb66f8971958ee7b696aea33e939347b4754c4abea3d5227840223afba,1.0,1.0,ACTIVE,Regularly,19,06f145a3519085199633f321dc4030547116434d817659252b8bec24e200f1ea
d6e574b1bdef63c64482e40f152a7da641b26ace0c7a10a10d4bf4ff8c76d0a4,1.0,1.0,ACTIVE,Regularly,23,57592a97089e60676fcf357d73aa0d09a615a0304c3323de88604883a1e23cd3
d6ee59d9e42edee96513f531242340d7a6282b693c2174c3d7d3c0671fdd9d8f,,,ACTIVE,NONE,34,2a5108642b9b23c1ac4eb20c57b8b4287b1a81916bb1d4b45c4a0ef96d361f56
d6f3579352f36b2acd0f7b54fcbbb2bdba0c509fbe574df0ffc3a3f5779ffc96,,,ACTIVE,NONE,54,01b0b15f32291ded162d533bb0653054d633a7d3a09c11f8a0ead4339f79aef9
d701236935b6282f14d61a8f8660b5acf4deb9b635b0ad79ee05044e9e5cf25d,1.0,1.0,ACTIVE,Regularly,47,d4a070d1a8d45fe791abf67ea7a937209eccd0585411c38221af3aaa276712f8
d7123fce8375d414b127b6abfdb0fbf01aa86d49458cd21649fcb8db466e03ce,1.0,1.0,ACTIVE,Regularly,63,23749110d52354b01c9e5b1c415a9eafa69bc4826b44fa43fc5b8c2756a3a560
d7323c01e263bb9954f0e7249aebd38b2399bc82ddf6cb95acbdc58cbbe2302e,1.0,1.0,ACTIVE,Regularly,54,27b4f40c43739c0d72f59992ae54e091879def31834ca8c1e9f17f3bd1d5002d
d771a4672a08e403cf45b2a37dbab3e959e28428d1910f620c718b42648ef383,1.0,1.0,ACTIVE,Regularly,24,a54d99d4a6eea236fe08f0a3348022d32bfc6776f9876a3bb03688b6b1991617
d77c78f03be3381128e74bce5d4e788803aee762101515e645957135a3d12569,1.0,1.0,ACTIVE,Regularly,20,ca37b40b2b3c17fc95b996aa74366a17197f6e8842623e9cbcfbbf5a9c84301f
d7a718eb413ce9bc34669bcd17df56b67fce90c612e5654631c9f6f464dc14ad,1.0,1.0,ACTIVE,Regularly,48,048f442416885705553c789a818b436feadae3805181c30c47df937c86fafda2
d7c01005ce1a8f5bd9bb91ca534e02e2a19960726436207d44d3c05b03616121,,,ACTIVE,NONE,55,f37d1e22e5742faecf282a9e9f6e4e55b219fa026de16926b84b5db29a0bb1a6
d7cd4df072e67fb91405b61268aad60c9bb443e9263862b3a73fd6673d3baf81,1.0,1.0,ACTIVE,Regularly,31,828064a0e14947229abaa5dca31d2d16cafad44791f5818df797168725d73a64
d7e728405cacd097b0178a6447dbc4020d56565d2074f29b1f44a77f40408e52,1.0,1.0,ACTIVE,Regularly,25,b86d1b26b8120a4203ce8ac54297777490ca43d9548c5b82c1a9baf168d6dcf1
d802e036df02e3e395010440fa82aa1b52b212ee5d5bfb83ebcfe09ac5a0e1a3,1.0,1.0,ACTIVE,Regularly,50,6f00c61dd659354dcfa2efef777815bedb6f68bc1284e013110f51166cf25697
d8826cc9347bbb0dd79712c850af48896a1c092fdf5a01eb18b190831e8e6e6b,1.0,1.0,ACTIVE,Regularly,19,d8fe6850f55b65da452f53c27838b28ea1e78d75cf7c52349986fd245978af08
d884f88adf0598499283e2d693225be490a0ab9c8a34608247d085c3b553e972,1.0,1.0,ACTIVE,Regularly,28,f716936b3f9fc37b410b959032a7840691dc8a3d02caa7bcbb1823e6ee12f614
d89364541d4cb43d1ed7bf51a181ae6043b8df201d7b4a90762cad2dd19f306a,1.0,1.0,ACTIVE,Regularly,20,f05e4f4fef623a401c0922cdcc8ebd1d77fc80b24bd1aeb6086060774b3da200
d8c03bf68922bc42b624ebaf3c038a2e601db34064efdf9dfbd3c3805506a764,1.0,1.0,ACTIVE,Regularly,29,52fd235bdc5cf8f1aa6a803bf21dc0d951d57fad746808585042558258ddb6d3
d8ef744e91214b7ff88e5b220a8faa12acaedb1785339fc2776620e8ccc03226,1.0,1.0,ACTIVE,Regularly,41,917c5c1f809574996f39939f0b0d408ef9ce7ae20ab11150bde8544545c949c1
d8f09209406c8e0eaa24f22fcf1d97a3591165d62e5c640a40aeb1b08a9fc2f1,,,ACTIVE,NONE,46,f2b8e6a605d0f51a4e8fda5aaa347765b1496b63f5f9d3fb984666842b3c896a
d94ee8c4726256ce1bd8af457375c7b2fd89b19282c07e3c3a02078335370a3d,1.0,1.0,ACTIVE,Regularly,23,6ab18d7aded59746740380cd77a313e6c82c1e6ab65d27f49da6604821f0de89
d95dc603c731dc875ffc2d1f8d0320de78deee70af4293353ca9ca201c950015,1.0,1.0,ACTIVE,Regularly,21,4cf01c990e5da774dd67e57510b0484fe0b6f8a9fa20fbbeeb8fee3120c3fc5e
d96ee03ec9d361a4c73daacde8158da3ecdeabb5704edd7447823b8df6bd1815,1.0,1.0,ACTIVE,Regularly,53,881624e523618aaf6baf845a1c4ec2a00d2b3f8fb6049329b8d12a2b1fda7c4e
d995e07977fb34ae9f25e685db6bc45e74e49e19788b4f8ae6cb015609aa7bed,,,ACTIVE,NONE,30,41281fe4f9d740c3b510f4c06e2430b0f690e0b9bbbe415fe309b1cadd5aeb43
d9a1b351d1351da7f37c88e7f8808fe3fccccbd1da632099d96484042c05c10f,,,ACTIVE,NONE,24,0f58aed4c3b60fa1a31718dca37d3732b372ab4d6542134a2368d551349a87d7
d9bb14c39a8a82c8f141ad7971613fef4be812241875beb7a1d4d2c95851dc65,,,ACTIVE,NONE,58,e569b9c42fc02851ebc1d302793c42516b40b233af98d48e180a60eb0b21deb3
d9d126fde5c57934f829b64d22e8daf4a317c749fe55f99800eedfda14e8f4fd,,,PRE-CREATE,,58,c342915eb38784ffee593fb2d68237ee21b03b05380c341a0a21593a154c47f4
d9d17f0242f6ea68af9af9a6228acbdd7c37712daeb30a9f9d55f016c762d62c,,,ACTIVE,NONE,53,4b15c0d58ec21fff335f48f81df273aed0e901b582d664607a7c4a35ca1e934f
d9d5db3823864dbc3b2788d789d0134e62368c40dfc9788eca0824a4d13d0d0f,,,ACTIVE,NONE,28,86be98c2135485922001c6c1fcfd4efd2a90e3617ae36b8e19ff7e89d223cb06
d9d867cc43322db8b665fef5a24a73796443033e1866e4f20e5d6b65cbd08aa2,,,ACTIVE,NONE,20,317aab8149ff5a98830dd9fd07d7c389fcea8c6301f0aff2ba50a8021d4c0fce
d9ea62772cb61d7140dd7c43869edd531bd8cf923676fd29051edc3969bf7f32,1.0,1.0,ACTIVE,Regularly,23,10bfa38f128d2c74b0cc53a0022a861acf859641f8755c0a2ee4241283030a2a
d9ee46b3675fb09608fb900d0a52172f2e18cb7f072416dd024a35a2d2369fea,1.0,1.0,ACTIVE,Regularly,50,5f2297c7e13594ea261ea2c3d93de4b0e469d4fabb28a08cc884eb06ece6dd72
da509f8876e6890bdb4ffb286d2d48be2e9af3bf176dd1fa14e96c35d4aae615,,,ACTIVE,NONE,30,3a05888aaef13def65588f253d1a50613e67a5262cd9901754cf3c98bd1c67ff
da57fc4137faf2e87b6468ef215e5eafd66587dd02a261fd640b2988053d78c2,1.0,1.0,PRE-CREATE,Regularly,41,e087703a1e980468ea6bd431b7e4d0d8389de37c7ee4d8cd26557145b9f04a3c
da5bf0ef28de8671babf2b290fc2c23b88b1643df3a54b559f0dffd8b67d4978,1.0,1.0,ACTIVE,Regularly,29,2c29ae653a9282cce4151bd87643c907644e09541abc28ae87dea0d1f6603b1c
da84260a040c976f14dfd8f80c86bb969f3fef057c303c5be5022a3646a2bae8,,,ACTIVE,NONE,61,a9d897d1d99ea7dd334c6e356be57f13fc4ed0de67146423bd282f550abc7051
daef7378d038bf786d015ecc8ecae942b2c1cd555d1fecbc7d713f1f4ef93e6d,,,ACTIVE,NONE,49,6b6da57d580f74ec65967fc659315c06d8436820f8667ccdbe9c4d09057f8ffc
daffef5698936d147026096224e2ea749aa0fa6bb6df0a597f60303ab9fda6bf,,,ACTIVE,NONE,27,25df0ba9339b822477f82f45a99192634dd9706fae8e82cc131477c9454dcb30
db0acea13eddc7429d74d40e839803fe31baa241fc81b1e579c6f062d608bec2,1.0,1.0,ACTIVE,Regularly,54,4a84b830549e01afb349fac0b5413b327d5e4d2f9ac06c9ca4a20678defcfeee
db0f8955ea427da5cbc5f860eb0a2278b1e60eb0bcdf97cb0423189bde13c0bf,,,ACTIVE,NONE,23,10ffff2fc807fb84972ef1a0217ca6e3619fc603f210b438ba72a37bf418c7f3
db3c4147986b7894cd368732912424d2a669734893f3d53ceb3bd0a3befb624c,,,ACTIVE,NONE,25,d8cc74b7fe084b71f79f30a0fb90e6e709637047ea6cf0f866fe2d9dcfba4d66
db3e5fac207f0f164c0d15fcdbc4cbbd8999081a864ad703bfa290c526af53b5,1.0,1.0,ACTIVE,Regularly,22,c1299ba2efcdf9579ed72b1ba82c7e21e8eea1a8c4787faba4facc8ab3b79188
db4ab6471eea74fcd3bb231ba62b9dc296ebcfdb6af1bc4071f5e034f39e1492,,,ACTIVE,NONE,37,71720176092c80c6780520c36e59de03843b5a083444fe97b64c38f614cc615e
db5c04d9c046eddf53aa032eb84dca9e736e06da931ea6cd8a1deb0e113a9b9b,,,PRE-CREATE,NONE,36,e595f75df1da4e60a8a42a4f5581fcd288adace38f8a930cf1f373f7184e2583
db980117427e8be6de56cbcfc06058dc976881b60cb39a3d02c76b87032b8b75,1.0,1.0,ACTIVE,Regularly,52,51b187721580496b09fe7401d615a83738ad72a5c51f7f28b825b6aa63e2fac5
db9b0858d11e4de12257f6825ebcb0fc09ad420f4fb98b1197aedeaf9e1741dc,,,ACTIVE,NONE,60,004834a728d27bfb0d1565532dc47e9af1f3bc2bbac2775ea81ebb51cc896c53
db9fdc2927726a59f141fba7e37eb3b47eb374d184d1429ed57439ff703474c8,,,ACTIVE,NONE,62,788292d87621e13b93d54b6aa2ed5881115378f40252e7db8354f82125fb4522
dbaea18889640974c70316088f0605166f1cac806e2545a3c7c9027747415646,,,ACTIVE,NONE,34,288a8977b9acce6d68754d88188ddd8afed1731bddc6522884b10fba55476ec3
dbc255b0939dba931e45a8abed3659c6127896f3f2608aeca3f7c0050abd3b9b,,,ACTIVE,NONE,71,7987db237195e12cd11cb75c7de7aee1bf1fcf6fa3583658bbd47e34ed4a56ac
dbe7406e2866454873c0f634587923585a32db4bba647b170838c6729f9b860b,1.0,1.0,ACTIVE,Regularly,28,d1166068226d81b22a55a0e435bf992625abaec7c85fa84e9ecfb1d40734c840
dbebd3ff5fbb8b6be8eb225a4b8b87419e605824cf932172c11b476f1fd2e925,,,ACTIVE,NONE,22,6f8779f5e8d55761ad010a5b754c0e9f6cad1e5dbe2bc59b311a7436ac599292
dbfa9af0e24998ee9321e01ba852655a3e7661786c798031572e569b35af3e4d,1.0,1.0,ACTIVE,Regularly,24,f625a38a91e8d93ecbede7c116d0cb8e3a547cac4745efb571aaf16d9d9b8306
dc0b91a1e7fb002b90fe220cf246ebc87abf6cf2b1fcaeabf7488bbbc84ed2a4,,,ACTIVE,NONE,20,f33e74060d79df9769d4e8c334e8bc31cc9bbc1c80d486722f73227b25d9df1f
dc48754bcc0565a52ce2fe739e8353b69f65c7d351606a6f691d22d80bb3dbf7,1.0,1.0,ACTIVE,Regularly,57,e9a35eb4edca83e5beec4ee4f4751a7f54cdec8bf0017f6578a3ff6032bf6fbe
dc7b181f7b49ed78edaebeddb8c57b9f77374f90005750d926cc2cf54367f13f,1.0,1.0,ACTIVE,Regularly,25,24c76b27c490794fa5b599ac068724b1cbd84fb8a7beda0f65d0a467fd22a604
dc7cd17cadd7f0f3ab7a6023623cf706474cb39d5ae9a3e6bd94af4f45931fdc,1.0,1.0,ACTIVE,Regularly,26,7946d06fd600d3e471ae4b69a7f7a95396ed8242c3968a762ee1f8b70412b093
dc94d3a8428159f19e3534912855700eeb408f217231a80a6b79618a982c03a4,1.0,1.0,ACTIVE,Regularly,34,2c29ae653a9282cce4151bd87643c907644e09541abc28ae87dea0d1f6603b1c
dc989c60b8f7a1d5c2ad98b42979a85958e06e8567e6b79fbdf59d9c7321417a,,,ACTIVE,NONE,52,292ead2e6bd84e97c0ab8a931ace3b9ac2942cac477c1dafc43623507a4fd4d7
dcf5950391d738889e0060ffb3237583a788611721405d63fe97ee1aee0051b0,1.0,1.0,ACTIVE,Regularly,26,bc61584ad01a2c0a4970590e7ae7460728738d31a9275e80b4e01d8a9a12dc47
dd22635d7badd8d8aa2363d5be91ce988a2b2ccdb5d1ac01a0ad3378e6a73a32,,,ACTIVE,NONE,41,0ff21c2a469d97c6b667b0551ebead1ad7e5144918d8f9147967b8eb5a6dd508
dd5e14d6c491d6f0522edd2f0d6d4b13faef31a3bd294ba1baa0ca3dcc13c2b6,,,ACTIVE,NONE,29,3610e58b90ea1fe85be4ee20a27d1d3b603ef274da16ee9d45fdc4045ab00d39
dd77be623535c324f0cbc72bbb18646f87042f4a71700ddd85693927e20cd629,1.0,1.0,ACTIVE,Regularly,43,20e551e72a3428d98b6c85339d6e291b5a13e9f3f3338c481f4200bea8f6fe1a
dd7dccc3b1faccc926d23e01dbfb0791a78792e9f72841be0fc2d234b3a4b438,,,ACTIVE,NONE,50,a12a26840f508e0b62a3f5409dc29ee4b861b110e1f913250dff7ca5869384f1
ddcfc78a177de2d9943fd12b649d0303bcceed4d217ac089e24d54bae58b7991,1.0,1.0,ACTIVE,Regularly,26,19dceb29cc964276a5579ca71e1f734dedfd8118e5ac7c73c03fab426c720c15
dde5dcef48df4752869468c7c1fc8b1c18702c0e24412dac8a991d57af86855e,,,ACTIVE,NONE,38,1225fa0d0715f88b48eba7fd3895104a51e227d651f19411edbc40fdc6014c1f
de04b8cb8adcdac35d192e5e2c2a08d0a6ce49bb9d88e00f885b0a6afcddfd8c,,,ACTIVE,NONE,26,2a99c9c43f7c2d4f279b2f52a58a53b53f5e66f5b4d7aeaac18106fcae3185aa
de0ef5d44c603f875445d08285423b46a7b28c7cf3f0b9d61d48e1d085d5f5fb,,,ACTIVE,NONE,57,d8b5299b21b79ce142243cb653d08f001b6f6e6f5e10c79ca08c2f1a0960593d
de1f3685b6ad2779fee14b1745db05277b64c4763d56410180c868ebeb48c369,1.0,1.0,ACTIVE,Regularly,29,17827a5ca083bd28627196797a5dcdc89b3f471d49635e767b8092dcb1519015
de20429b878df5d65d3c9fa0cd56be4bd615f0569ead0a37865eba89ceb49e7d,,,ACTIVE,NONE,30,e84095a6006d5b832f5db5d512e45f62d8eee110d11a10e206f529087e90a440
de31c02a6965e552aabf1a2db6380b8fd28d4423e43d5a6df508747e8c3a34bc,1.0,1.0,ACTIVE,Regularly,28,785c52cd877f3c179efc84bd14d4b980b36df79c4d05f339e9660ed6bdc22ba2
de365f2133436e6c570dbfc0120e02b7a2754330d51e86f7ef06a48451c035dc,1.0,1.0,ACTIVE,Regularly,48,2fbc18d10900bdeef9ee73ca2983a73fadf5b8209961497bc907efa10be0e6d0
de80969ba365ae1f7676221cbe33c7e95b548102a81a3ba2435cd4fa594127ab,,,ACTIVE,NONE,29,40b29f5fe74ae0c1d8425b8f7a5c03d28228c17949c9ea44083b526c5682fba3
de86932ccf86405fbe02157b08f1c725bd6c203f7d760c849131b69c1917a22b,,,ACTIVE,NONE,31,0bc872c93058c541cd05d979d3a835b067b4e6e700897eb4d8fc47477ab0c099
df05d0d3c422c96121a9b9fe4102612f22eeff021b1a747e861d2f287bcaaec5,1.0,1.0,ACTIVE,Regularly,43,27c38321bdd075f4eb00b80d6f468d9386a069c80ae574dd176748768d4b5655
df562aac9d6da4dc3d275c30084f6b3a9f04ed362eaeeb5521cca8611ffc70ba,,,ACTIVE,NONE,22,5c5bc249f7419ab1502bcfc3f4e89cddb805fb5343b0cdb033c4e73b553212b1
df5d56667399673ac0525cc13ddd90a9b97acfd6952d2cc5cc316eab6311f9c8,,,ACTIVE,NONE,36,31ba30a0720c0b956032bddd1b03300faa3f08b91c4556ad7ef3fb1a5827becb
df5f196225acdb3cafca0cf67921e131511e943e58a97b7b1bdd904f9d92e7a7,,,ACTIVE,NONE,22,0eb9a4fa0c1345bad41983106a89c05543c3c880ebd36b9406092d74a3e104a8
df9369af7fe19730be08d713aa1e77cf964179473293069d525980b4449615d7,,,ACTIVE,NONE,18,234a6a64d04cc0d86df43e1297155e933084bc94fceb92e65585abc216090a8b
dfac8b641205d9cb87d084b7a6e62283b1dfbc981f5cc983a56b4bbb29451b93,,,ACTIVE,NONE,28,8ee9115c477edc59b1196b830ebb63aa3e469772b27118923b0c9e9172a4d61e
dfc664f42014e35c198121711312a3d92b8b361f7444efceb20c1d9fe904701d,,,ACTIVE,NONE,36,5c52b9864afe88f19ccc80183f80c31fb0372fdabc3cf861c79b20b503f6bb08
dfea75cca535f1d750445f7c1aef806847575df7b18412b3bd38f11667ca32fb,1.0,1.0,ACTIVE,Regularly,49,af884a4bd34c9ce64e01fb1c2feaa6f28f48b2282899c0d9d9215db0dc7e74ca
dff1bfbdcd825cdeb731f8eafadaa9499923aa08ce636ff89bdddc9bf9c568cb,,,ACTIVE,NONE,65,a6d0a668680c17d513cdc00088ebfa328b8f6817e1ccea24a23eae874618b511
dffc1ef78093532a18eece9d007f648f55e92499b38002bc95fb0c53b3636d1c,,,ACTIVE,NONE,22,8672b268287880e222c47713ae6a6d7ddf618ae3ad5fc3886b5bac488aa56e4c
e03aa213d463281884d73aa2e61c3bbe3de03cfca19f709fb1376080dd625121,1.0,1.0,ACTIVE,Regularly,65,9d97dbaa0b15ec473fd88bb2f9373ae4818f539992546a654ee8c844feb45a76
e03b79502e73e2db4a1aacca4b1fd59769c633ab30e2bf7eb03747e117471952,,,ACTIVE,NONE,47,197f1b29fe9524ef1c8f8095ed0c2ee518667b5bb0a352f267ccab03c67a58f1
e04a77731db0b14678bdf5e29546904c2847e38e8475a338753db7b28d72d113,1.0,1.0,ACTIVE,Regularly,57,8ef5b34ef0725f446e6a9bd6fbd3b21c9c22223cd89da48f7277d1402ab88cac
e04baaba41217a12c682eeb80d89925263f220dfdd4541d2a8b3d41c174a1790,1.0,1.0,ACTIVE,Regularly,22,b9da74a3744c7662aa9407b889ca914c97c6a5dce9c7d3a5ce333e216e051cf4
e05ba5dca17be915a33ea9dd625c90dd0d30988c5e493a1622cb76e0a6ce8c70,,,ACTIVE,NONE,64,658a49b473ef5060835024f462517c6635028b6c4e37318e1447a2f962f8046f
e0a50cf4484f3c1f194b4bada4d5c55a24ba67e8e6b7bf935a33ed7a7b962813,,,ACTIVE,NONE,48,25ab79a5324b4200247e0e85610aff277bfddc7b108cb336890135c135aea663
e0deaef490ce0eb89aab8954e20c1882efec41aaef2977d3a080ffd48fa380d1,1.0,1.0,ACTIVE,Regularly,18,1f7c7150aa0b2db0a27432e9221a2b6a224091513d6599ccc0a28353a141fb55
e0df2008467c52dca7ca17eab9d4db115414e1caaf4e70c22d08c99f574d3168,1.0,1.0,ACTIVE,Regularly,54,bf903ea34599ba3e6f8567fa87a6b466c2847115779584cdc281b9f5386b98fc
e0fe90daae59bb2c09e801b2d3b6daa6fbe7677e31ff38d149630bd3234d9c97,1.0,1.0,ACTIVE,Regularly,22,b9269d2e1099556e9b4ef368c658e77178fa6507225e62349ef8b3fc21ede345
e139bc20e2f11317cfa0024b6cddf24f61f2758c01e967b3fb54a85f541a10f8,1.0,1.0,ACTIVE,Regularly,36,96f3b8e1ba79de87b8f22c35f3fcbfa4fc2bcf9d7d6e5b35ed3ebc3268625a0c
e161d3b08c9e6553a4bb6b80d0243086a5f2c070d6dfa2642f56fa41c8d9ca78,1.0,1.0,ACTIVE,Regularly,21,a08eaa6e37f56bcd5e9f88d918ba0d7c4633172b17f95baa33602a4498315f10
e16cdf3e1448cf82d8c69190be172bb7bec5cf9edcb3791f98d084fd033808b1,1.0,1.0,ACTIVE,Regularly,19,bc6358799036a52c6686c2e75fcae5b2e0886f49253bca9f827d98bdc4cdf4be
e184587be4130ea3054b0c99f6f4ada2fc157c3a34b4e266fc430e119d8d5bcd,1.0,1.0,ACTIVE,Regularly,42,f2696fdc301c0f148ffa46292bcef172fcda09b082edb10d8a18b021ce033de3
e19b083d69079af1ac84d6806d5827ef81ce53ffaa740d2f27d9af6bfa051a3c,,,ACTIVE,NONE,23,ea347a5f7586712a75684ea2fd4bbd0104c4637dcae030332e00196ad66b4096
e1f91c90d68331bb1ca623c608a369268614c063762b919ab68466106a747a49,1.0,1.0,ACTIVE,Regularly,47,a2cd992460cb19d15ef17ccc0093519c26c5b58e03188940670fe742083e3a3a
e21a5a0581113a78a014331da8c77b8701aba642128b63e6c5ac019a6baaed03,,,ACTIVE,NONE,21,77c2b4a340684e8150c71216dfb5798b611c7947ee178a4b4542c910bc63a15e
e21a82d8ab0b793079cd73e9e216ba914e4f8831ecf8810c8fb951148aac6ab7,,,ACTIVE,NONE,30,71872766d8f637d8b114214e1e3087a545e31ba48500732e1e65a465dfd65b07
e25a435fa400a99d8665eac8544016f4a4dc11c4d48f96912567ad27b49aa8b4,1.0,1.0,ACTIVE,Regularly,74,5c85964e160faf5f0c56db6f1283f5eea8e72db72fb681ab07d0de999831422f
e270a3903c671e207541a560ea479e5da45f90e54aced23e5adf5d35f530ccd7,,,ACTIVE,NONE,51,b58543e5b7a138050070d530f5985c1f7c8cf2d58db04d851fd0e0bfa6eace0a
e28f7fdb01d15786f2bde5dcb734f953e344acac49b3973aa294042f7234168d,,,ACTIVE,NONE,24,73c9a496350bf932f9d83375927aa787ea6bbb07e623eab2dbb980045969551c
e2b284371bf0c5eaad2bb8f36636c90cb05cd323dce03e6ed9486306a66e21df,1.0,1.0,ACTIVE,Regularly,25,28dc7a4f58c106bd8a89127354caf2cb8752051f20eaee045bd8d07d83ec0201
e2bc177096cfb8473b1aad3f5c90297bd86811459f80d117015b80390721dc9f,,,ACTIVE,NONE,56,60d5289fcaa52b5d09033baf2eb4eba2e0a0524a711346406dbc4ce56b048925
e2c4aab84a595246ab613b1a35da0869dffa2f6c9d484c9edeee250c4894c187,1.0,1.0,ACTIVE,Regularly,52,11fa739009b9e5be76b9f8f29df3dc91ca2b7fb03c33d6ee5de9856c3f010706
e2e487fc36f96a5c0c78c0e95336f4189d6d773e4d7997415e9217ebddf919b2,1.0,1.0,ACTIVE,Regularly,27,64709ea413fd4a6c02da79715d0847620f31b0f3574df42477886a1a9188e47d
e317469e9c6c18cea6eef0bc7a5364d4204eb15574937b68be6b7d970b0c5e5f,1.0,1.0,ACTIVE,Regularly,21,98a334e58b4405da9f61cd99f0cade30de9157223ddd2939ece2e938ff172ccf
e34fea87ba684e9a0fd57d585a388400093f3b49ba3592519c0ea43389c07e6d,1.0,1.0,ACTIVE,Regularly,46,6a84e5224024b7a44c7ec91dc3dfe681fd882e469ddff0ec8805dd564101cfcb
e3c4742454c35297d6f4240864fa82a76ac7d81994992db3e6fbf141a0278ab9,1.0,1.0,ACTIVE,Regularly,47,6119f25b25ecd696a579fe946f6420105f2437f127d09ae79184dd06a902c706
e3e1ae8ebc6401328364e3e948fbe9d4f0c19d93ae465420f4a4022d16a77611,,,ACTIVE,NONE,36,bcfdc12204c4d8928fb844dc4b4099adc0c7f3d626d83be56f9a84422af44bc8
e43cbd2a294b19d7402d5ec6d65bdff436b6ae66372f06046445f16b87636887,1.0,1.0,ACTIVE,Regularly,29,bca6416aca7ba1fca428bcc70ef5d6cbcd32e384737d81c3fe71d3d5dec092fa
e44fc361c6d923336a6781907f0c9fe60d4f0996d9b6ceaab6a7423ac1cb07b5,,,ACTIVE,NONE,43,151d1d43741bfa4a5f0da9c59dc251cab95417e09e26bd3276a0979ce8af7074
e47e839cccc989d47cc86166f92bed32ddf64795b50adb48c01bc54ae49e8fcc,1.0,1.0,ACTIVE,Regularly,20,927878316113172d68fbda1adbf43caf58e5847be361c8e7bdf46a911d8c5ccc
e4a45dbc01d2ba2d7fa762b22fa1e50948a12b7833f19ed0be6b709c759c6b04,,,ACTIVE,NONE,48,2bda90aa7a69c5a48504f6644f20924c6ce14b418afd041992e6c96838c79417
e4bac3620e01e73c7fc77a9b663b084fefc962213dcb7c7c26cf37248893f22b,,,ACTIVE,NONE,26,4363ebc3a4b5d343d897a87324d2083fa16ea4e1bee6618e60e078d77ed27c28
e4c6523dc8e9217008f863c913acc15c7a35fe5d78f4b8e0f91f87d91a07055d,1.0,1.0,ACTIVE,Regularly,37,6f41b14ed41f2aaf3a93f0773f4ef9226ef47b80aabc1754160d38f0b7d5dacd
e515ec9d9b810de2d7f0b13a7b6df7d106a4e0d4ea140870c67b38579ddc9290,,,ACTIVE,NONE,26,21780bc78e1c436b5b7def3f714e0776cb322dfa5b81f0a79d098fac880637c4
e5178f672d9d8d384700249ee8355a036e54dbb2b8e9bd7f8f64050ea57b85ef,,,ACTIVE,NONE,24,3b6f92173030b6a08af575d4fd1be7d238993d797a286f2dc63397eae0b6361b
e528be3075585775948bb09a760a2c375950db495068832e1aced9b72b72ae12,1.0,1.0,ACTIVE,Regularly,37,2ebfb0e0269329923104bc896de47ab39c370562d4ae86129e0f09b11d741e7c
e541a9df02f95c521361287b8e4b0a0dab43ec48ef229aab61996eeccc0589bb,1.0,1.0,ACTIVE,Regularly,24,706562d760b54ffc35f6b675db13a578cae25e93bf0437eb8054a5117b0cd095
e562adacb0b0f4cccfc609a36e845b7b985ab2c173585ea5ccaf7febbbf00897,,,ACTIVE,NONE,65,9b01f85ea29a6c3c9ad8b6d49c4d2b5ad1a622189d83968d3353fc25c32a0e38
e56bdde812b81175891c6594903c6199ea7d49feac195ea2f180b6a621ac68b6,1.0,1.0,ACTIVE,Regularly,58,0eddf637edc3c2d95c0a50d6acf47c149d3e3a22e6a203840de620f77d2e4549
e5904b3fdaa87fbc7e06be76017765e21e9607cac19a9dcf649c8740bd188bea,,,ACTIVE,NONE,28,826caa96bb4d158d7d41cf5a5667378c3952b273310b3a89cdb7b0e874cce0ea
e5a345389a03b47513291721a0ad2275ca7e05f0c9e47e78cb09d23cc284f586,,,ACTIVE,NONE,25,7ee9a8626d4877bfde44dd36514b27a1215d49ea7e5aa88621f5edaa0d48e11f
e5e2d43bffe0a23630bac4186b4a6aa98789ac45fcb542a46da6e1bc77a68698,,,ACTIVE,NONE,46,09fc5ccaa97bd72caf473c73a01c099d278af0959a95cc6f77b4054ffe325c8a
e5f00cfcaa65475606082d870d3a1e17f464d7aa39693e44d5cf74fe217b4bd5,,,ACTIVE,NONE,24,f0742ca5cb87e0f83c76caf712d18acf367eee25b44443df29ca872dce6a8052
e643dd7d4d1ea50aa341361e303258a07f591848d54a586b7490eed31a57a906,1.0,1.0,ACTIVE,Regularly,26,e2891060ebd297f7727d9c0d8030aafa9f8573b00ef9f8a43bede04ca4d94112
e6a536f42d1da345f0479db424bc89e8003af16558c7282424866ddd9c96febc,,,ACTIVE,NONE,49,4f6da924cf66663f95b1adeb09bf77c5a400303e774c026c1a8afcdae414e343
e6b6f44c52eb7d9f331765c64617e72a7a50ad0bdda882d53fbafab84c758b38,1.0,1.0,ACTIVE,Regularly,31,872b8a8eb55cf84fd28bf6095867572e99ce473a1d89abeeb79113b9486135f1
e6dd843641268d5856ca4665ff76386efbea717c4aa9975ba256f9ccfc814cdd,1.0,,ACTIVE,Regularly,55,7d4bf3adb1f52e42fcf27104b9ca3f4b786e067b867db0ebf59dcdb7adff0b10
e6e18027d966c205cc015a16e1a4cb65bd9a43cd244aff657e729d7d0f3d1bd6,,,ACTIVE,NONE,19,2c29ae653a9282cce4151bd87643c907644e09541abc28ae87dea0d1f6603b1c
e70272bf90fc637fb211648337eab3e89519145801852e647decf71c8a6890f8,,,ACTIVE,NONE,40,dcf1f676727f6ddaceb6032fa535766d07f5d54a4258b9fd5e19d84d098e2264
e7665b803009642d569cb3b36376d5445facc91fab2a912bbf0bbfdbbe5acafd,1.0,1.0,ACTIVE,Regularly,69,c635a73e5ced3ea598894dec79a5901e7dc0e5010ebb87bdec7272a896127594
e78cc325adae17552f0712245f4c20a9345c27b39f35d3f88454ab7c1d241aa3,,,ACTIVE,NONE,23,f461a9b26c4e4094d5f321c81c816fae7be2bc8482900f7798d365360987b670
e7f20bbf9c0ac07b1986b30276092493709fa97f56944c83510e726f43b438a6,,,ACTIVE,NONE,18,948ca17f7d55c4ac365da586599a87c59475f691625591b2fe79356941d3b8ff
e80eb44784143240900a0c8478dcb72427ba15898f367ce510c9184103057e2c,1.0,1.0,ACTIVE,Regularly,57,9af5abf062a8bf946c7ec30d839f31757b2659e677cdb9f51edd14c3ed447eb4
e843b1227d5fb55d09968cc8627a2fe0f4b85cc8afa3f5b2a38a07156860ce13,,,ACTIVE,NONE,21,e54ae75493fa4e499058111fa492e71e665e4441835143c6fe610e78ab2c22ed
e886c613511863aa6865f896e195556f72f989a7931483c26263121e44485248,,,ACTIVE,NONE,46,3ed6341b1aa03a204990f147b8a9e1f900d5f542c606862b96053b01a6c5926b
e8c9bbc46d5b8de813159901a3af07a5f761bc8a28528e58be7af92be0377131,,,ACTIVE,NONE,51,f5678df15a5a520b51718e7eaee0958bc7a1da61d53334c267d3ca639c7d26dc
e8d7a6c29e0b3dafef506474410c15424925faf43ad0d8619bb2d0b9ac1264a9,,,ACTIVE,NONE,44,4c388e7ed9a8edf11fa9ea1340250d40a02dfe6ef755d3f199ea40a2aff7ddca
e8f7185cc34dc808ff3523e761e727edf9af4216b4a58d893e6d220ef03196f1,1.0,1.0,ACTIVE,Regularly,55,d8bb401c27cbedf653434ee8585e3a9be9255eed8ca920f1ae7c4400ba489d9f
e962edb356994a81d4e25e1059aaa41f1bd6a576bae74b92f39d0fe68fbfd290,,,ACTIVE,NONE,19,2c29ae653a9282cce4151bd87643c907644e09541abc28ae87dea0d1f6603b1c
e96e04eb29f84abe291ec208c32b971758242031414df42a43c6f1795acbcd04,,,ACTIVE,NONE,23,ce5637485ee6a677d91ffb50d3f686b787954385934acd08b400b0282894b14b
e97bddf77199db073b204ea8d904e53675be42b220a9342375b87aeba5e8d668,1.0,1.0,ACTIVE,Regularly,23,b42adc09d2ef5db7d0a3c06d358b9db101a006a1b2f76eb2a6b83d3167598bfc
e9e06854b721b6539f0be36f1ea71e2c8328b7fe8ea3485b2a21c55a1eb24d4d,,,ACTIVE,NONE,23,9fefe27929eaf5fc9732ee17bb7c670566fd98ff1a83209d3d95e55e0d67e2d0
e9f95ad79d6ace1aea4400d271feca6c59228a12866a5a6dfa663ec6df17461a,,,ACTIVE,NONE,28,89f8890eeb72c49dcde3d8f842d1e31f54cd7765a32587a331d0c4dbf3148f6a
ea0dec251ee925a5ca8d938503a4c80c50b90328ce98a0389f3df849aa7d8b7d,,,ACTIVE,NONE,19,32432554de7dfd1ffb50610d44c47fc6d6d6e5a00b33cb7e20758b724586dfe9
ea63b7decaa43b75284cd33496aca38a30f8d7d71a2f16dbbc0496b94ce87059,,,ACTIVE,NONE,22,dc42ac01bf03f6d5983bbbf430dc157301c98f4a5daeab933ffeb4ccfd01c1c0
ea84c220ec39eff9ec685f71eebf5d573f085014e754e3b71ccf1ce490a4042b,1.0,1.0,ACTIVE,Regularly,23,238c79a5639b1af61653698ad716455ca809b051302a7f7a5119b27b2d4cdd52
eab5301e94fa1cc4f4a35ddfb6e557361ccae25d28b937658d52d861daa2c296,,,ACTIVE,NONE,29,2c29ae653a9282cce4151bd87643c907644e09541abc28ae87dea0d1f6603b1c
ead1a42e368c88cd5dabd709546189e748985751ce78e142ada445823463cbd2,1.0,1.0,ACTIVE,Regularly,25,9d77a50de9ae6b25585e837db8a014ccbe61f0d74fcde93470b79c25d071ea3c
eae678728ecb5061fa74a98b41cd93ba418fbad0b597bee80cb669021857d882,1.0,1.0,ACTIVE,Regularly,71,eb0db1277020f3b6a318f17ff729c7258b514afcdc78a81cd5f4281409da27e1
eb005544aaded47803ae036a194a5a3c89317c31dfafcd350f78592ba6979922,,,ACTIVE,NONE,20,0d3effb95c0adfbe1210f92347522d843a963ec96e05106852fd95952d364030
eb2d987c5ddf726e07a351d326a6f549a5714cb5e7df470fca7c416e41c63a4f,1.0,1.0,ACTIVE,Regularly,49,fc2338df846cbe695f6dda7972cea88d801507dc43109e2366d23d7c92bca13e
eb58e5b66765fc855d23b20fd0a0fc8f45e941bab0451fd24a8ab80d9b5f3ed5,1.0,1.0,ACTIVE,Regularly,21,9a8d96e7c52f0d51fbe4e4af540e0c872c3e30973f1012c67a800c677aff58d7
eb688105aff99867a78d3337dbc992b17593934fb8947fccd31cc3a04d20dce2,,,ACTIVE,NONE,52,aa8d9b3d92a99ce66861e8c2e34e1be6fef636701f07d957c9e52cb62ad55e8e
eb6adcc3f491dbc61d1d4890f144fc836a4c93e067617add6c4e5893184dcc4e,1.0,1.0,ACTIVE,Regularly,20,2c29ae653a9282cce4151bd87643c907644e09541abc28ae87dea0d1f6603b1c
eb75f7dffedd187d6ba5b078b2ed4acf4522b0d1c2ce24255b256bf8e4ab33fd,1.0,1.0,ACTIVE,Regularly,37,add2ed320f52c052c1e9257f862a13c24708e9a9542268ad4e62a32be0637962
eb801493a53671e37122cd1dd3f5727c00ae9782312bef726b84fa39ddce1075,,,ACTIVE,NONE,24,1ee932031d2c0205efd31b32c65ce005b4c6821604820d001b329f5dab0c577c
ebe39ec22aa900f8833260cb80c37e3eb22aa12a5557de25cbc9bceb7644ab66,,,ACTIVE,NONE,62,558445291851a3ad3725a7df7860350d9010b028de6c3e268bf5150e2e22baaf
ec00b3ade836808579356a1b31ca7688b4161e472492ffd4ae4509dc57fa6be9,1.0,1.0,ACTIVE,Regularly,21,5dbb7639b59dc27be7bfd4a6883de8e54afa7e8362790bb85169a707250c2c82
ec0fcb0fea2322b93168a373ab4d8bed65046c0ef707a2321f0577a08205af14,,,ACTIVE,NONE,23,4e60cd3d13566edd2dabcdb7825b8cca94e266e0174e8208e4a38de8272f2e86
ec287f3267b5f572779c211b5756922c4adb972e7301dc113c9a87a1b662a865,,,ACTIVE,NONE,27,af39c52096195d6834f7a6f4f5de98a43b4d8829070f80ff2e5a07c2993d8599
ec2cc14ff83d427099da9ba264adcfe6033f35bd66a4e2051f7c2f695c9b485a,1.0,1.0,ACTIVE,Regularly,20,59ca540282b41dc99a555ed81e806b5e28a8eba2c76ac75fa971d3d64f536e1a
ec43b682134daea0a8503649884ac46c3eb4795836c5181664773708a9056e6f,,,ACTIVE,NONE,51,225b6eee84be2156c4808c81a1f9f2303eb9c59b5cf3870f4f8bf89fceb814e4
ec9d79a07805c70de02b74faf11e6a60e791a407030a77a4f8698ae299f7dbfc,,,ACTIVE,NONE,21,5b32bd696894591076fa01e3a3d146575c185fd501391ed6eb54a6dca317ada5
ecc7571b1fa642894b092c6a60422fac60eeb9445cde7620243b24a184ff73cd,,,ACTIVE,NONE,19,1682a7538dee004c67fed026383989739e7cd7a420e8c370a1a51ad3324715e1
ed46d25b58849756545e1e06ed6b6b64db158b8a729b676735ded966fa65b6e5,,,ACTIVE,NONE,18,3682b3df98e7e1a1614847a5bd74ed912ff9c0a24c9e10244a6b4f2ced42d508
ed6a573cd359f4fb5d5f1c867c75e2061d71abd982e9b3043846b06a14292271,1.0,1.0,ACTIVE,Regularly,24,e25c95201767f3be9107b9ff7913fddd4c22c912c39604b52cddb5f02ba5e215
ed7592f7d1d4ab3f0d93c2bf11bb5433abae55f072173cd9de65659cabe03d98,1.0,1.0,ACTIVE,Regularly,23,914591832f6178661404d4de883a44196af7fe55782e55a9234f76ef0b97dd3e
ed87afdb2eee2b360f734229bbfc6c11bc19a67a395e2cad3575fb9fb97ba8b5,,,ACTIVE,NONE,33,d43d684366d7a667a144098058de450b2b04acb5ff43d65cf9eaa976167d5d3e
edafec01114f8ed641d062b178b8c6f794f3ef415b395ea314f2d0a9a57d2d23,1.0,1.0,ACTIVE,Regularly,52,95b9a421180bf7e36a118710d297499a69a7ee7e509672b807d93ec3483e11dd
edcdc4d635a27013942838bf773fe01dc88682896252aefda738ace77a38c74c,,,ACTIVE,NONE,26,2b634ca6b8cfea08bc8da0e5ade24d3e9fed01fb4929dfe12d2ecaf35d9e325d
edf8eba508d5487d40bb1ba367f07a55c05eceb92b9ad49ebdbc2685d013ac54,1.0,1.0,ACTIVE,Regularly,29,2c29ae653a9282cce4151bd87643c907644e09541abc28ae87dea0d1f6603b1c
edf996fe0a11892129ea7eb46a63c0f23a70935b557e924a093c9ae13c92c87a,,,ACTIVE,NONE,27,360dd0b86b1bd921c3a7bf707abafa5e3c492d80da2b14373fef2061b4dccf89
ee325bdc12b00acc8e61cf0fe83e2d78dee009d145af0702d1d2342296ed056e,1.0,1.0,ACTIVE,Regularly,31,ceb596777a4dbf70fabc423df1330b9cd30c43982289644ad0eec23ab72ed63a
ee63a46362ab6fec36966acb52d3196be3490148a367c3062e1e8c0f05f12486,,,ACTIVE,NONE,28,b1b66dc915fc9b51422b5bfa97fbaba406c45b66f862e46f1770f934ff7903d2
ee8ee3bd6369a9759d9ed75283d460453519539f644d44dbfe6c0c77870803f2,1.0,1.0,ACTIVE,Regularly,39,095e6f84fa238d5578d86a7ff36455ea344a6e1e26ce76234a50cfa39a99096e
ee8ee9bdea32fde6307048d5a5e077ddc0ab7fa8e14ec78a3b56f5badf739b3d,,,ACTIVE,NONE,54,67b27c013a32b50f30f1c607a74818efe8385c715287e8194c729834c432543f
ee99de762a6e59ec88614153d071648dd2a2e50631bebbd8acf6ae9859bd2e36,,,ACTIVE,NONE,30,09060d6fcee15a9ec1f34dbf512cd1dfc305ed8bafdfa56874a2ac2a418e6045
eeaf238236a0161eb1a31cc4acd65b7daf2de5c21f943e8dbda66a54bc1103f4,,,ACTIVE,NONE,26,44588b677a67da46ca2a069c1dae71685df7c09b3ecbb2768639ae998ab1da3c
eed1888041ffc1931bad68276c59ad12de9358e55e3a44c8d64f2ed53c0801ee,,,ACTIVE,Regularly,31,e910d158774fe993e37dd2f0eddfcba9947e16871168ffe894ba72f26088af7d
eed8705a58587483a191c37b9a88e8ea858e22ef1d8587e1c5ba9c2a2dba9a9b,,,ACTIVE,NONE,58,0f02178ab32848e08669f9af91a690eb76a0cbb4b0a9e35d4df8a91fb84f3bdc
eeea76953969acfc97e3b46d9181e7402e2d58a3a22b20b658b732e898fd647a,,,ACTIVE,NONE,60,c38743e9282fec4f75b0908d487b4705e4a053c401f2a7bdb44bdde74f33ac53
ef10c955310cfb0953af016ef897cffd1f91c416dd366a2f07c4ff65b68d0164,,,ACTIVE,NONE,27,fd6b87c1912440dbd672281ba2b4532d4931e5674eec8b600c1738fcb1a1a358
ef28ef874d76a214572bae6c2c5caff7464d9447edd6e630c5345b4526217a3e,1.0,1.0,ACTIVE,Regularly,28,2cbc1b7e9678314de49152f23f08aa2028ab9041cdc5156e40f6109077f2a80c
ef2f62b041d8ab2a9e1b39ee141a5ea863f07a4d948f348e4d95260020b3e8d7,,,ACTIVE,NONE,52,5d678c4a9b64c7d4252ca16c5609e6cfd0e8917e4aded1ff604a76880f30c796
ef4604815ff803904b169500d8ad9b955b5408ccc9f437c70c33b04a87660257,1.0,1.0,ACTIVE,Regularly,32,f3bc5c60f25662e1ece44e9a719db42b07fdea1844d0eb5e15fa584858efbf75
ef7dc0e436bf114e4bfba1271dfb12bf53539f4671803b79e3ab10f2b555c47c,,,ACTIVE,NONE,26,32280e9d6a75c9e410232aaa2e62be26a489b541605cc38a4f00ab13c8ba9a81
ef97ef73ee2eb161247f704bba7e4c2e8e2109fe01f9c7ec43b6e3f21631e1c8,,,ACTIVE,NONE,20,b35646fe078e0c39c0009a6ce3fc4de2910edc5ab2681995597192b833e23e11
ef99a52098705f667bb0cf37171d50ca850e4d026b7e7a5de8e05ffe691cada4,,,ACTIVE,NONE,53,5199e38915401625cb7cc69c8f170c91434416092e49660785833f36076fb0ce
efb49c233ace70945525b3bac7bdbe195158a46c44f659bbdbdf50307eb6b396,1.0,1.0,ACTIVE,Regularly,47,135068eae8b090a4f48499b91dd7e358d7f33daef76d9341d99a69fde11a8803
efc097aed22207d4b374a6a8e23fe92bdc8a32c29ea609122a4b8b81860abbb8,1.0,1.0,ACTIVE,Regularly,24,855a2389e30301eb66a9eb4b6af2a687cb7ea130f5ccadcc082fd8e4705205e2
efc79d9551af529eaa1078b8096e0d3c7778167a1b19094baa5f85603b762406,1.0,1.0,ACTIVE,Regularly,23,9413e874476658cbef95431be9ec7a5dbd29613b2927bc469bfff9b37a9a2317
efd22dd391016f36e37436e813fd001901187a024b1cf51244839a10641f5479,,,ACTIVE,NONE,21,fe9466f36453339f9b05d0f190eb9daaf21fe73b4047b87fb23b5bd58bf8ef04
efd2ef62115310f43b15540561de544762c783b306fb14ffa48ccb4fb385c27a,1.0,1.0,ACTIVE,Regularly,22,2c29ae653a9282cce4151bd87643c907644e09541abc28ae87dea0d1f6603b1c
efe21f77c45d3ad058d79e6f19a77ac4a2498496266a7faf3c62e13d67496c13,,,ACTIVE,NONE,20,940a9fc14e69e5844e69192d788c23d568788d69a2596cf3245dfb96430f8644
eff0c96ccdd42c47a175d21e160a615476bb32cf54df15911b7f2aef30f03296,1.0,1.0,ACTIVE,Regularly,21,7be16e28594a24315fc09c08b207550bf0849b0c791dc007a88226b14574ab2a
f018ce37c740caf26ab5fc1b1745e799bb0346283382f9e76655c278bed94ed4,,,ACTIVE,NONE,23,cf5f716a58f5d9c0243e4aa711e083fb7731b7a502fdac6d435b259305137603
f01a9460d1d3f038f5d133d20fefeec23d46a499775ed65b74aa6638167a3649,,,ACTIVE,NONE,33,a85db938f6ede04e6dde56a445e600aef025fc86f86289f7dd56935993d0efeb
f06366da7d3bc4d091ab920225db55f07d910fa8af088869656c720c01229dbb,,,PRE-CREATE,NONE,28,03b70f1978adb7efb47e73ceac95301bfe068632f9d4e82ac0de5d430f82c8af
f0858267cf039c77be20bdcc13ff59e96044efa484e39c53971524e8880b5c24,1.0,1.0,ACTIVE,Regularly,21,f279cb93a2e9c85ef2a0bf9d0152be93a09eb9e01b17ddd9fa20952674c0f5b9
f0a29aa74ffc0f672d969aa6cabb40d706642a5c8f0f00b052e427ee91dbef34,,,PRE-CREATE,NONE,55,9b2e4038ed0d8cac173e09a828d7c138b7be5bd030d86bad7dbc5a68dc5f55ab
f0aaeaa0d37f9c7ae07220b8901b458cc4c187f6da5237e927317b5c6a249d01,1.0,1.0,ACTIVE,Regularly,27,07ea7bf8c456c2a5ec2c9cc6b9ab401292092b476fba312296f81ce27a475fad
f0b047bb1164030415188236701bc95addb656485800116ebce08bc2e72b9b0b,,,ACTIVE,NONE,54,07ff9f403cd06b7da561145b37f804653d706ed91d0e063b8c80971d964a0dc7
f0b2bad7e9833a61c060b450435f20d0b862ec7ee126dbc407783c40f35183b4,,,ACTIVE,NONE,28,a6a967a359a811c1a949c133c7b2810bb89d6e87c513878ed0568ff83f4b575e
f0c5a5d45525ecbc7ad774aa71b698018b5ce59186344f7e9404cf280fcbfe7f,1.0,1.0,ACTIVE,Regularly,21,0b1a2a969119657d5e81de0045f3060c4b34e727f017702567ccc1e7dc58c8c7
f0d1efd4300e0999186d0df7a426ec72cec2bba73ff35e5c53919cf47d1f794d,1.0,1.0,ACTIVE,Regularly,26,94dcee222efb67752ec3702c98037245dc6a76d70b774cc34fa8a49909c30fd0
f11d48e644ddba037772c70c5717abd84a1cf9247ae7413bcc8219981da0f464,1.0,1.0,PRE-CREATE,Regularly,31,4016a5e239dde30ada2e5efde47f8ed9ccf403413fbedd9e787d83ca0d9e19e3
f14ebb0b2010c4150b5a4732a31296f6f18fb847358928b385bbd9d174de678c,1.0,1.0,ACTIVE,Regularly,55,1e5fb67d70a96c85eaa9070136a872ec6ec4ed3eadf41236883483da59630c9c
f18af7c33076a28fbd451e46c8efc8fa6724574d033153e9a015e92545a52ef3,,,ACTIVE,NONE,29,fa9b611a22d69c24cdfd0be2c71d117741ca1556aa19aa381976ad2724f4ad60
f1bc9adef943fc49819afaf782a526c9e816665dc59b6dd15dabc06e4351dde7,,,ACTIVE,NONE,21,dcb917b0ca1109a3e3bc07494c3c2dd2b514a2c5041c4bc6cf2d402f4b26d173
f20309a9b880ce8a3fa48eed26330688bcfe04a67f97d10a8fd33b1dea1d6c1b,1.0,1.0,ACTIVE,Regularly,54,81be622e83558f5d6e58570e174ffb3ae0a97bf75575d148d65dae0947f707b2
f211d5c19efd5405057a093b503c0910d078003babfad79347d06133bd938907,,,ACTIVE,NONE,21,a4f0f06b3c06d5841132745d5c5953fc943b4f054554fa89d996ab3acc6ee05f
f2316e62792a5e51f771305bd76a918d1275162f87de91f114531b755d708c3b,,,PRE-CREATE,NONE,39,cd5a41748af8c54d0ffc7492f5d91b71a35f395a1adec132fd173a7c2906c166
f23627bc78ed44face689882508132bbf59de8c73a2dc6bed57dc3853735a062,1.0,1.0,ACTIVE,Regularly,57,e8e4ab3f10602f9256d90b83880ce68c80fed2afc6473cf4115c2aaaf394f0f2
f269fa8fa0668b6ad9f1c4e66a633dd78281b478b5d7f76c403477b6e31d04b3,,,PRE-CREATE,NONE,42,5787a2b920fcd0bb5fa6f2d4176dcfaa9956ae261b85665f7b0177ac7e7842f1
f281281fd55d48c512e86dbd77a7b9c75afae3e6290f75952a5a04d51a1de95f,,,ACTIVE,NONE,33,17a23cef6599e66d9d37777f8e7e41380525f1d91a9054c4cfdf707d25bcf445
f285ff176d2b3f34c3154663442123627ac815f9585ed76e014f0b46ad02ce59,,,ACTIVE,NONE,41,3d73f5357a3b8de40f0d830d54f815c71e65251d65e684299b38149e59627b86
f288454a57892711402bcd1e0c3a0e8924fa7e857320bab171b89ed0a64c969b,1.0,1.0,ACTIVE,Regularly,19,1420b14b8de2f573f32b7e417737a0a71f707ea970ba210fd04e292fb4db4809
f2b6041e2efec27b52e1be36693595ed959ab0fde7d8143d29289460120ec2d7,,,ACTIVE,NONE,34,f26bf2c5f9433be1beac469111bc96ad8e9dedd8f5a7d4e795f413373cd092c8
f2b8e7ec157ffc37a719cf261306122141f6c1bec45cd8411d980f4fa30460b9,1.0,1.0,ACTIVE,Regularly,50,cb54c1df008d82cacb591ac9b55d3a20da116f274db40005b5c36ecd55fae7af
f2bd0051a211c48afc5ea8288adf5d81463e42d3c622ae93659bb0563a3811f7,1.0,1.0,ACTIVE,Regularly,20,9672ef4c9663a94ee8230b2851173ce304ffd869c214ed3f56d6570a23cfff4f
f2be281dff7326d9eda22af5ce32e5f8c40db27fbab5730b934d411841dbc166,1.0,1.0,ACTIVE,Regularly,32,8cc69cf055e78e4c39c898307eb3d413a3d7ccba10c69654217fa5f7fc5cd989
f2f4ec4b21dd5ee0cac18631f0e2878955701f7685dac380362087427f82ae83,,,ACTIVE,NONE,21,9f738f996a52c4929b2238b46ea3c43f3bc2f62d3518fc0c9471f094f53d10ce
f32896322981847c7c8827a2577531a43c8ad39084cd3d4b96a17442cd446e6a,,,ACTIVE,NONE,22,3cb42d65d0d73aca85260e8a5958e1f136a8a98eed0f0155f4e6f717df9cfda6
f3313f01e7766a2eab76ff39319b9b47cdee9e53aa8a4e230b2fefbee65bd031,1.0,1.0,ACTIVE,Regularly,20,31f9c6c07cd5ba123baf682b535c5df592ff4b09f7dadc30b70a224eb5b00c2f
f358c3a448195a4f259bf7e2b1b9d33fa711aa3e66997c82f08ed1a55b0344c3,,,ACTIVE,NONE,48,51e6432118bb1f1753295df03518165370167f520e9b9c2e0e44539b4e3bb27a
f3a13df6a8437c3730a460e93186b9342c8d91188907ed7f15dce5ab5805e29c,,,ACTIVE,NONE,53,40c64ce14d8881f35932d2ba625b66d9020b9c14182e03055a8eaf06f1d4243e
f3b48ae5b41e2649d3d42c0cb4662effd22130635a2895aa6942c995d88cd28e,,,ACTIVE,NONE,47,d260cfdd69186c7151889d711f7a76f4b9593ab48b24b8e2ef60f2588faee75b
f3bede81bceab9a2fee64aa000fcb56442fb22fc8eaf215caee53f298dd15a3e,1.0,1.0,ACTIVE,Regularly,51,a7adaaca3637134bd0ab56d98230f9308d8b07b92022063e29121a7dba662356
f3c285ae5fb8212fa502fda151b8b44891661d345efb85fe6c4324770ffe8f26,1.0,1.0,ACTIVE,Regularly,20,d3e9887e6d3c2e3e2607e94d3456c6ccdf83b521450b22547526b58cf0f501c1
f3f280a68895971c9a840b63d626e4b6437b339933d18d87fb4c250184847f36,,,ACTIVE,NONE,46,bab308ed475a03ec83ea13ba771c3de574495943781a0a35133f231b3a7993fe
f4019512db2d231657ef25a744d62cb6203293e337fa3b9c916b5e291c18d965,,,ACTIVE,NONE,26,d293935b692e866c6ebb8d2437934f61d4027d189433d7601657136337efd2b1
f43320987c75351679ad0670406c0f379a1541995129c7c49519f0f1d823511f,,,ACTIVE,NONE,17,37d90aee9416cdc5eae99408f554b487d7adfee3d077de18a4a8c8f45a499b38
f45ccbb80d52c9a70a8086b8fbcc74d6e8a0fecfb9158218eb5330262daec5b6,1.0,1.0,ACTIVE,Regularly,60,e4ab53c16ba66f6e7f82e636f8d81dcfc6d2a32babb2d8e7672be67ad982bb0d
f49bc5c839556fb6fa4f5321f7045a223f813e7951f92ca371cacf2378dcabfe,,,ACTIVE,NONE,30,55f07b8d8091971133cdbe07f96a57fa1c13667f1610761b548034208a79137d
f4c14bad10b2dcf2344f80aa868ee81d7bd8da470f421717be1e6ddfdb458b70,1.0,1.0,ACTIVE,Regularly,39,b3c27361a3baaa17100682cd44eba9e71e687640214d48bb33a3276e2dfdb095
f534811f1862afb77066ecfb16cab99e9aa87735c0a5d4321963f54796364136,,,ACTIVE,NONE,38,43f4c438384f952e68cb1ed0387decb6bbdf8e4006e88a0b0fc00aa529e1163b
f53597288aa0729f57be036ab885546166354ec39bde6010c6bcdc6b7fc7d76e,,,ACTIVE,NONE,22,2df936123af9282b65e17e92ce79e21287e310bbe0bdab22cb64d78b57197903
f576e442b3299ec7eaecc64e39dd8b2a463e4504863dea66c14f315704581d35,1.0,1.0,ACTIVE,Regularly,64,3f3030b71bc34a7ff23041df2ce62d368c6d4176f8526bed48c51b8edf17ccc7
f592583d9c0a31b4ab38fc41193615e97fd24c6dd65de884e90d0f482578ad4c,,,ACTIVE,NONE,18,20e551e72a3428d98b6c85339d6e291b5a13e9f3f3338c481f4200bea8f6fe1a
f5ae9246edadcc5e24b354d7789f28742cdc5363740df776d2b65160ccd77659,,,ACTIVE,NONE,57,e8061c351f2ed7d41cea385448ef3df93189bdc534f27af2ab3a9a29b090f7de
f5c0e797cd806e3b7d6834da626b976333b095f84119bc46a6c9d4dffa32945e,1.0,1.0,ACTIVE,Regularly,42,018bdd0fb51fd6257a54e3cb4bf221af9f92945eceffe07561db170cee0bba18
f5dab969e4b980f9041346389d3108814c7e402ee8fe311e2b85fac250b244c4,,,ACTIVE,NONE,23,1aa935dd35af7882bdc4b1f7fe514be3f9a0935f69c0a332a71f2ac50471f175
f5f712823a9af386db23644f76f40747161a68c020d5df2dae51afeca7738ff4,,,ACTIVE,NONE,47,b83c513e9172e537e9bae4e337068e3a982c78f94c6a1ea19b0bf832d74f2be2
f62dcf9d4bd1432ab845c609fc1b76aba5690db3a5865d6742bd4704494bdf77,1.0,1.0,ACTIVE,Regularly,50,9a54ba010e18d98861b67d2372ca677b00aa638bb7ca5cd5aeac62da953d729c
f63cdcecbbdb5b971218d098444593f061a2f48dafceb3cfa5dc8160cff559e8,,,ACTIVE,NONE,38,153ebaa29a56a4a4d7585aa28eeda40e8d3bad2f090d11288926570c058d65ae
f65fe0e0ca9b53da543f90367f0b9154f41410dc569d8f8e0de2b08e539b86ad,,,ACTIVE,NONE,24,077660e8081992ad79317b3ffd9b14f037d1f7215a37e855c2a7e4ca16039a3e
f6884c986990167ce49a5962868e074f41c2766dc0d3e6550126c46ce243287d,,,PRE-CREATE,NONE,37,d8ddcc3cc64f352b71adac8720242743032c7422f3ab9b03a2b15308e1230b67
f6a17d49ac914162eb17a9e33eabd9c008759899605c89f59d627f989908fbe5,,,ACTIVE,NONE,28,ddfd7e06d96f0fa6c2604ccbb2962992f4420a4f022b562302eef2a8ba10136a
f6a489d3eefbe2172ff50d120c3fc83cb5495327088bfee0fd9d3cc9bc3702a4,1.0,1.0,ACTIVE,Regularly,29,e51f326984343dc50957fffc698e5670b328ec49493784e17c0c851c330f3a3a
f6c3a578adc7fe87ff152329652a26b5cf879c0008e6172753d9f09ec83f5530,,,ACTIVE,NONE,37,c5a8658b2c9b5f50b3fa6cd96c3aff11c29d58c97b75a7e3917285429d76fc0c
f6e62e7bdf6ae0d444f7233b7a87fa8f15a91b670688201a6df8c7c734b67015,,,ACTIVE,NONE,43,441a0664c8925b2dfcdbdd42865dd3144e365b715d3595f1152314937f07ed7f
f6ecfe494fa9fa48101d2e2019db396127e27a16eb0e749795a2fb645c54851b,,,ACTIVE,NONE,31,3c4eb00a7b0b62d6bff351819a2af95b3ec83e47d8eb1811fd507cda8db5d725
f6f9b5220c745c421dfc3a0c9f2a2c31ebdb7eeb85d80479e6962ceba164cd2e,1.0,1.0,ACTIVE,Regularly,55,7b37fce71f72edcbf2af2449e34ae3dcc3421552222a93e2c1d22bb5497b3b5a
f7098dfdfec031a3cff754dd7d0470b95f462ac74cd89f55836555aadf1d9bde,,,ACTIVE,NONE,30,aa445b1ad8984d8914ea6d75713587331f9449c0c14a04937b6d190ccf5a2518
f70e6520f5450a716d794583a663cdbccf1657016385e4e891054ff393a7434b,1.0,1.0,ACTIVE,Regularly,23,bdbbdb3863b9901e953f3c22b883a836c7c7175a40ed55654537ab7ef11a23fc
f7266595076d2554ad432d2dc9ffe6eddf8acb265ec40eaf56a2a5f3b0280fb2,1.0,1.0,ACTIVE,Regularly,22,014060064b5d31eefa1037752990ff348901f5b504d3e791790e9f1992355ada
f7379e92ffa0d62894790d2c0bae2ba47c3e69c3024eb29d6f974cc42bc6882c,,,ACTIVE,NONE,27,1f7f7803e26a9e7b365581f8e8d9b04805c360de1f159d9695ac6ae7cdade051
f7492fe4c95a5a510627827a0a82230011f81247de9740ad64ec9823a682e429,1.0,1.0,ACTIVE,Regularly,28,035325eac8c0d27e329ae48e3c35b5febd9d7f8fd10e44600080e51911585a66
f751b5c05ea4231cbf9d25e7191e098b35e5054e7caedd6288f47d6d3a22ba70,1.0,1.0,ACTIVE,Regularly,54,d52b779f9df43f42a3587ca8e2e3066480ea1d26172849f18ef927cfa1a13d64
f76c11c89dc55192cbb94fcd289b1c4e5e74ab5c678bcb42c4537115a12c401e,1.0,1.0,ACTIVE,Regularly,22,77aa1cda26fab4448803cfe19e3186254be0dc9ca0b5cf32291b484c82b027b8
f7a707e1fa0f5b318de84c7c3ca21fd29b5c08b58f3ee0837f9c8214fa16f97d,,,ACTIVE,NONE,32,2261451bf7a8cfffcdf76b46e4f6b499098cf92053463906a68dc80ce8c9538a
f7ea9273b67e001dc6e5df81250221aebc6f7339fcd16b5fabbdd9a72950ad96,1.0,1.0,ACTIVE,Regularly,23,323f891765887f8b5633ed81f39a9cb3522d3548510b90ddeea081739cb64d9b
f81e0c52aa37179cd96cfb3987db2692ad930f28a04d4e34730d9c85461a6a83,1.0,1.0,ACTIVE,Regularly,27,a780fae71c292f956dbf7c7b12894dda59a1b8e50eeeda875eb2fdb39e41e645
f8512012190e5168661ab73153798bc008da3fc0a4e03904a1b06631bb4bb1cb,1.0,1.0,ACTIVE,Regularly,55,7860e15b788ff05c30bec52f1f04a3a23c683e70ce5a4a32147a8aff6431d9e9
f8831c3b80dd51efadd39ff4f2fe6c862a561e19bb315db817bf8d28c3afe935,,,ACTIVE,NONE,28,074fe21c5bc3620b02daa0f808014889e677e83b6e1f8802ad22bff4ca175007
f88dd99d217ba8d406739167020d3e875717f77249ae2281e8309bb5fe13fa87,1.0,1.0,ACTIVE,Regularly,42,5489690a624dd6050d7d2ceb5b22ce50a538d7fd1d47bd96ca43ef7718fd70ca
f8dcebf139578c1ca8f5add2dabc6e679ccc50b3622f9b989a928dc543c49997,1.0,,ACTIVE,Regularly,52,21f419586ea8189162d971c1e1cbaee24eb98a76d37772f156e24366ec88de89
f8fd3cb3177bbe11b5c28dd3f8dd0ca16391ef4adb924787a3e4c4a20e5fa9c8,1.0,1.0,ACTIVE,Regularly,33,9341e03c18e51599bcfc120a2e7812db83026701fd1ffb5391251548db81ead8
f901835bb7c15f224cfd0b2c34a6ebe108e16eef6c40a3fe670bb0c86f19380b,,,ACTIVE,NONE,22,dd9f0dbca6ea5bf251769393636b2a539ff168c3236394df9163a37cc7bfb2c7
f90f8967eccd17a8edb136f1fb9420465209ee690b81e6f446f986ba529ec812,,,ACTIVE,NONE,17,5e810fd1875485407634f4df1bc50e29a0e7ae1de8e57898f5d2dbbfbf4f4057
f9172b2029170930c464e442c0e41d6981362269d0a6ed6ff18fead18629a700,,,ACTIVE,NONE,31,489b226feda7ffbfaf2ce85488129573a79c727ba07a9e1f01ddf5ae875660e5
f94938d650dbd8aeec70dd22cd7c8538eb66c06933d760a7c9ac28fbc0cdd93f,,,ACTIVE,NONE,21,a436e89b98ab61a96ab93aa4abf2f4ff94ab1ee30f8f8aa0f096491eeadc868b
f95e40d9d5f6deb8026594fbd7887697b11e9a4b5d2a64134f0f7831ec552ee2,1.0,1.0,ACTIVE,Regularly,72,01e75ee61f20afd9247fc1db90992707d1292e0e7408c5a0dd49eafe20aee550
f97100602cb5ab75335dba70b10f2ada43c4238031332d784452a8c4ae58ff72,1.0,1.0,ACTIVE,Regularly,25,d02a753b62b14416da775b452217bead222d772a8dd6a104bb9665c6cf4d903a
f9766aa5d4469f19617cd5094045d5fd7c3a05a8b395832746a30f6dac0dbd84,,,ACTIVE,NONE,25,56b1580c04375896a398b5c2f7b000e1bf1a34e57282669a56b2a324b63bfecd
f97fe9886e5c1ee9beaafcea851d7a750209203f18028f49a9140246182314a2,1.0,1.0,ACTIVE,Regularly,23,910758d97c2e889ec9f51af8d80c9ce258214171d5475842964642c045b47189
f99d71a6931eaad474143d010e51bd5f58b2719021d483ae8cfbbf482d3b6815,1.0,1.0,ACTIVE,Regularly,27,35421b80f5d6d7eb5e74cb8c18f9e335535563935305dbfe57e8e2f0035e4459
f9a1a63254656790e0b8f3854472544199e4c1e88e9280fa55aca3c8d5befb5d,,,ACTIVE,NONE,24,35becbe8f13ce2cc1bb959dc9390a2eab91c818968d8f2b8f7316dd1ff95c941
f9bcdd818d40b0eeca0b76b9ecf2f9eff2a3a670b5c162612abd2634c7575f1f,,,ACTIVE,NONE,28,bccab63b45f89c8812f8e5d8b7e841c21d889a64f8e6013fd6967010fdfb3c7e
f9c0299c8cc04571888003b79b42da103132937b8d28ffa4756cf97005f2d071,1.0,1.0,ACTIVE,Regularly,30,18a4c72bd488c480df4649e2c03ac4dd9a58aa109691e2cf084ce555e90d501d
f9df8f1761fdbc406e7a754c891660f4b3c24dfb89fc953e43ee8956164ae859,,,ACTIVE,NONE,31,3f9e642fb1a0e78b34f13af6d00707bf29df80bfab404e6d966c45bcc90f2beb
f9e95c0dce3dcac9d775beab6fb84f7797c2fe0527d0e3105f37e5e5e3b7e2b6,1.0,1.0,ACTIVE,Regularly,19,4981e6d556fd1ce4811b288cc56016be06c1b76181fdc1cdb97c9d47ddb4bffd
f9ee268cb6a524d57f6c1ab315e37c66ecba398e5478d443430ac78dffec03dc,,,,NONE,26,c982456c37fd32da150ab5987a9766a4feea6c4b3154c2fbca2c73b9e7bbf985
fa0663c33bb316d94e4a30e8f970006d42defd68ba943bb754cbac618ef30874,1.0,1.0,ACTIVE,Regularly,24,9fcb26e3d75af450217ffe4cde0b15c555766a4bd13efcdaa716693867c5c3b3
fa12ad40974a6d4c337afdee3f9064fc749e2b26c954275814d8f57e2ec8926e,,,ACTIVE,NONE,23,2231fc790bd306f61d1b325b1c20f1d7147404fb8e35cae8fdc036fbd62240ca
fa29a93bc405504d8a2b33a3c6534df099aea6a3da64831efa54da762f50d11e,,,ACTIVE,NONE,24,53807610552fadfaec916345fae49cbd9d5440910762e479a3efcd9318ed443b
fa527f135f32e0499e26a3f253d71a64c704f3b70ffc137364b51b54f22226ef,,,ACTIVE,NONE,19,9792d6f70dfc5395ed46668832168b072cb91dac98886a7250964ff0f094baf5
fa62b5bb7fe31ad86195854af46030ba103ec5965ac784caa059b8480c11bd9e,,,ACTIVE,NONE,23,9b34f6e3a13d6c446fea75f94163182e2e0d2e204c832c1b96c6eac5428ef8a7
fa6faa54c539cd08c576bf25b89e1993aeae24f584192b44b44fdce89260c572,1.0,1.0,ACTIVE,Regularly,26,4dc66555c9d7ef50e4c0a6eb3a2781c480fc8d9fb34706d2620a24a5eb97b246
fa8f1d52f4f0e3abb5d3ec01b831ab0dd86935bcc2ca1fcbc81201020e1b89a4,1.0,1.0,ACTIVE,Regularly,61,05da37ae60678f5f149d41a89d447afb3f890c106aacb17ea0fac2a752654890
fa8f6585ae20553f57b87c8f3b2113503b8ea9e25aa6240c4b45b8e285fb0048,1.0,1.0,ACTIVE,Regularly,50,00399cbf1e07abe23955d8df50fd62d05dfeba500c4179c2a9c859b5b023aad4
faca2611247cc2462f7db77917ee81726e41abe2c263385b78f6415505c0edef,1.0,1.0,ACTIVE,Regularly,52,1a9a9892f76bb31a7e1d552d3b977dddcf5e0dde980ba3d7ce771defa08da982
fb10bc630812515150843f27fa9c76cb319cdffb452105ecc623c804fc64f62d,1.0,1.0,ACTIVE,Regularly,48,bd3386e09198cd1f33768164d75c3c84fc04f44a9f319c66e6632241c9a2459f
fb1d532c6da3aa4d6cb90a0e53013f368ac02265f9c76a61fa5e48de5f3fe8c1,,,ACTIVE,NONE,21,a275f3d2a96f0f0befe758656da68490613552e1776ae1ae66a8193ec730f5be
fb545628057cb1bfaeff36b59374ba1613088c556b479e113d7ac0c4811b6354,,,ACTIVE,NONE,54,e6217aa3f139ef155497c3e3247d6618e1090fb7f65285502efa360d06e394a3
fb9899d37546a047184d77f21bef84cb9b2732e28c2648f440bcbd71e9103fcb,1.0,1.0,ACTIVE,Regularly,24,4d843ba92d83dc4d03b33ccddf3065ebe87d405d318d0eea521981fe89050968
fbceb7e6d1bb2c77c21ce7a05dcbf14dfa5167cb24168a8c95e1156ee52d36de,1.0,1.0,ACTIVE,Regularly,71,81cb5658e64bf5c0bd28c174e1c8ab87a270b216e2fdf7a4a6f3ff08bb3fd4b7
fc00d6f7aae56f9b040cc413a519f79d95dbf2d243f6db05d3c11f6db9cfa582,1.0,1.0,ACTIVE,Regularly,18,2c29ae653a9282cce4151bd87643c907644e09541abc28ae87dea0d1f6603b1c
fc0d47dc60757ed98b4f2f1669dccd59b12f519a90dbb6bc50c6889a3fb36014,,,ACTIVE,NONE,50,e1d80d5d9b72473aaf617baadb8f871551b5c519dc8eed0c8904f06d5a877a37
fc22fad7035dd6c52f9333582806766bc8cbf3800d46b5894c01c46b00432f12,1.0,1.0,ACTIVE,Regularly,54,5dc2c08d47616e99f48330e0f539fa979243d5631eed1313c9b5463aa942924f
fc25803a0c57bad0cdad160ad880617f88447a9bd8499d335d52d873839447bd,1.0,1.0,ACTIVE,Regularly,67,764a27de73a411fcb608299f42513ca6109bf23f806ac48ff58813be3a10ca56
fc6e0660735aeeb020c9e2763d8c854bb754759328d0b0f6e648c39e307f1f02,1.0,1.0,ACTIVE,Regularly,41,23891cc4ff00529cd216a1dceec31b71163b7e59cc754fe5c250aed934652b08
fc991ab32c2cf7e8bff15565970a39b8fc3758c37f9d6c4b5e37e5c22dae2d66,,,ACTIVE,NONE,28,2c29ae653a9282cce4151bd87643c907644e09541abc28ae87dea0d1f6603b1c
fca0c29b5d0e26e01ffa25a4d6028cd58ca488ceac79214b675dcc1e14a03662,,,ACTIVE,NONE,32,3ee04de440453bd93874efc3f01215be3204b2b89449946d1220bc4c34feaecf
fcf4ceb0fb5a593d25c53fbaceb5c359fe629dedc8e22a8fd43c8af27497b39f,1.0,1.0,ACTIVE,Regularly,26,1cfaa4e631fae4526de45b1a2d29914e8373663c75727730e3995c1e51601d5e
fd093920514467330bd1c79c47f91b8c0701cedfba4fbf9362e021b1b000083b,,,ACTIVE,NONE,45,6477e3099b81847ab50e8b81c9785eedf23863dede14e80bd5d7f24d54709d05
fd319b513217616adce7f6f39cd005e9ffe11d589c0b48a92352869438765278,,,ACTIVE,NONE,18,e02374f23a4ef8e630672b3047be3f88b88cb596628f921986498fe4ad471042
fd46f11fd20732561c248e6cdf690266cf7d63bd8892fbd1407a5ff0cd1ea531,,,ACTIVE,NONE,49,f2fb3bc39ff87ed13a08e1cfa1a4b8cb8250c1fa274216deb019f77309101024
fd5fca8ea90b3a27477d44f454523c1d90cdb3d407d2a31b0982744989aef174,1.0,1.0,ACTIVE,Regularly,19,da94c65105fbcccaa833f417193d1f4daa002f522f257ae5f794ad2c33a47d95
fd6dede36b67a5022ce2fb6dd06303f4fef0398cf2ee5562cfe3d2aa1ac4e95a,,,ACTIVE,NONE,26,be1b9d6f2abdc4dfdf69278caf2e84364a8a75e198bac7a0f7c238d8f9668cb0
fd7254bdc8fb682900a3749aab7d1be8b0a1957d1862467bedfe99e16b5f8943,,,ACTIVE,NONE,22,b8d6a36a81d8a75e4bb36e7bfd9cbd6711c1f8c22bc5b970fb063f748e0b38aa
fdaa6f0991c89a014da7141e615c0dbc6ac8a4ee9883075948c7ec107c5cb765,1.0,1.0,ACTIVE,Regularly,29,55fcfa748ba8107d01dc157861af5347811fdb05464ca60062b5cf2942adc4fe
fdbb81d2ee75e00be675232917086b1b69cd789991f1fb1ea60c8234a9a0ad4f,,,ACTIVE,NONE,18,7e1a83d41dd30ed42438382ad995f90315168ad7f9cfcb83c6355cf3fda50d2c
fdc791c174a6aee7afe354daa679229e5e4e2efb665d57c08159df7129cadfff,1.0,1.0,ACTIVE,Regularly,22,f4be37ceeea73410867e17f2a98ddc0360c28fbbf9f23b4106084644936e5ea7
fdcc3680caf2deef90b64964b2c4fbd1c62901805d2ff0f9df2833fd8c50898a,,,ACTIVE,NONE,50,2f183e51e988f39e54f4db1805dc47e5c85f07f7dd73845274445633b4b59caa
fdccd8f69edcf4fe5325f29a872d9135717d2ec060a0f0c1487b4165bf5cb070,1.0,1.0,ACTIVE,Regularly,35,a116ec309708b3ec1f261af4cf323f439ee16a0e746141b4e102c295f0b64827
fe413a477e78ae6eeae34244bb3d6b77443dde0eaf3ce39397d917fb3d8b50f2,1.0,1.0,ACTIVE,Regularly,22,b1fd7ae6d9d4d850fc1b1b16207144eeba395939f50a779ca8d888e46823b256
fe452b72e97790e68dcf79f49521782d486c345981f773a16160db6fa2b28567,1.0,1.0,ACTIVE,Regularly,17,de411c93dc2a4c72b7971a39f3052e9ce704879ff2a9ec83d9f72954157e7f56
fe47e50fe8dd1bbdb87c35ed530f703d2edab4bd8440e23fa7d675d1d9ca0c7c,,,ACTIVE,NONE,29,96cc224aa1f90d5bbfac61f5bc9867ca38d78b3a303b8fab8c4d6267d058f72a
fe60415b0dc421cea415a7bf4b55973b139155e9adbcb2edab69ec2b45727fe1,,,ACTIVE,NONE,22,cd2a75fbb64272eba76079c58c1d7ccc0837d8ccc3588c94ea9bdfffc2df51f2
ff02b27eeec6f8075cb9e6757bb2e87c451469de27776f09276f0e3d16d2753f,,,ACTIVE,NONE,19,ac8c4b8dd87efc3729da0ef4317d57c3d656f5500dafd33cf1901af2c40b2ccf
ff0648e6c297856646f2de5af16371480057b2c3dbd47b0d6b39c04f421e0ecb,,,ACTIVE,NONE,53,ec1044b11a54478c393957e380b308afab2e15f492007d6ff49ed9a5b62d401f
ff0cc5d86cd1c7751ae443e8357b9d23681d2c5f67919f6e86db9ea625bb1e40,,,ACTIVE,NONE,47,0b0ff055162e36fa8730a76f18d74ffaa313430409791291ad6e7dc9559761ba
ff1501990dc2baa62a6a9879e91ae2628aa2eb363064353bbb14862ec5582ff6,,,ACTIVE,NONE,22,8e12cba5e364cecaeded96e4e2111d721f02bd43a7d32b39df7a3cea0616df06
ff327e939fdf1b2bbcc5a8ee734a93e584da11ea239b958f2bdd32affa2280e6,1.0,1.0,ACTIVE,Regularly,21,633feb1caa88cf73d2ba5cfcc2d8e5e4916c1b9608d26394ae2731e840501dfe
ff511b097c5059275884e1d43ea466380803bdb3bb366327ff80f21748c9771a,1.0,1.0,ACTIVE,Regularly,64,9e3b30f378ae13fb2852ee4647be4e8db1ba8ef5150cf1d3e726f22ae140b9c3
ff8b25c98a59e7fb6974616287ed125fea14650f7bff025fc0cbe0db55fb8ea6,1.0,1.0,ACTIVE,Regularly,25,4c7a0eeb8d74409c26f4dc1192ebf1c0c1c74d6296f07e636eeea804fff6cef2
ffa9bf102dd391b03e85412a075c93333c04b0a7cf94437dc5d054c8512d8b94,,,ACTIVE,NONE,49,8bb69a40bb1985050c5e4b330850f4cd3cc7158922c14a7b2c566b3eae73e91e
ffddecde4ec38abb87e1b209c9f1e2e8922b2bd2a376c60d0876d434b73ae404,,,ACTIVE,NONE,65,bed57ba1d78e361583cb6df4c8b86bfbef1cd956082c831389026daa5e0559ce
ffffcf35913a0bee60e8741cb2b4e78b8a98ee5ff2e6a1778d0116cffd259264,1.0,1.0,ACTIVE,Regularly,21,4563fc79215672cd6a863f2b4bf56b8f898f2d96ed590e84b409c0738a2c9613
