t_dat,customer_id,article_id,price,sales_channel_id
2020-08-18,0286813f82495eaa40c83b061cdd0bb67b27ca12ca2d140020783ece6563f873,0831555001,0.023711864406779665,1
2020-08-18,02acec8b45ec4fc2ce99508d286b7eab171338f17413f3276bdf6d1d6224125f,0664074059,0.016932203389830508,1
2020-08-18,02acec8b45ec4fc2ce99508d286b7eab171338f17413f3276bdf6d1d6224125f,0664074001,0.016932203389830508,1
2020-08-18,02acec8b45ec4fc2ce99508d286b7eab171338f17413f3276bdf6d1d6224125f,0664074072,0.016932203389830508,1
2020-08-18,02acec8b45ec4fc2ce99508d286b7eab171338f17413f3276bdf6d1d6224125f,0770315014,0.016932203389830508,1
2020-08-18,02ba264ea5c7130504924f49228bcbaaa9ee96b76a6b4b0a16e19e691cf59f7b,0853394001,0.042355932203389825,2
2020-08-18,02ba264ea5c7130504924f49228bcbaaa9ee96b76a6b4b0a16e19e691cf59f7b,0853394001,0.042355932203389825,2
2020-08-18,02ba264ea5c7130504924f49228bcbaaa9ee96b76a6b4b0a16e19e691cf59f7b,0806528007,0.050830508474576264,2
2020-08-18,02ba264ea5c7130504924f49228bcbaaa9ee96b76a6b4b0a16e19e691cf59f7b,0806528007,0.050830508474576264,2
2020-08-18,02ba264ea5c7130504924f49228bcbaaa9ee96b76a6b4b0a16e19e691cf59f7b,0806528007,0.050830508474576264,2
2020-08-18,02ba264ea5c7130504924f49228bcbaaa9ee96b76a6b4b0a16e19e691cf59f7b,0806528007,0.050830508474576264,2
2020-08-18,055d51f2817330abf9c2cbd36536fb3bb8475e4240db23735cd38e0cb25d349a,0811899003,0.042355932203389825,2
2020-08-18,055d51f2817330abf9c2cbd36536fb3bb8475e4240db23735cd38e0cb25d349a,0811899003,0.042355932203389825,2
2020-08-18,06645dcd5ba24c24f23c4773f14ba1869b1fa95cdfa4dba2ce1c8ce37f1d52e2,0808349001,0.06777966101694916,1
2020-08-18,06645dcd5ba24c24f23c4773f14ba1869b1fa95cdfa4dba2ce1c8ce37f1d52e2,0874113004,0.016932203389830508,1
2020-08-18,0689c095203d37e702e809cb3cbabc49144aeb7729dd52c9555f02a7de5e7906,0808628001,0.013542372881355931,1
2020-08-18,08912e029dc780e47e8426cf1cdf9454a95a39a384941ae50b7ce725dd17fa9c,0909289002,0.033881355932203386,2
2020-08-18,08912e029dc780e47e8426cf1cdf9454a95a39a384941ae50b7ce725dd17fa9c,0928719001,0.025406779661016947,2
2020-08-18,08912e029dc780e47e8426cf1cdf9454a95a39a384941ae50b7ce725dd17fa9c,0929938002,0.033881355932203386,2
2020-08-18,0d602de7c0af22a2c27007fc790d3d01452c8a4a15ff4d380b2046d0d291af4c,0858640004,0.020322033898305086,2
2020-08-18,0d602de7c0af22a2c27007fc790d3d01452c8a4a15ff4d380b2046d0d291af4c,0817069002,0.016932203389830508,2
2020-08-18,0dfbe8513c84406814488493c20a51c7635af0d89b37f96f77b207d64bab665e,0436083002,0.025406779661016947,1
2020-08-18,0dfbe8513c84406814488493c20a51c7635af0d89b37f96f77b207d64bab665e,0701735016,0.022016949152542376,1
2020-08-18,0fcc55264d0e486467f9a3697750ce6551c7f77f577aa4cc6ddbad7ac3436d66,0927865001,0.022016949152542376,2
2020-08-18,0fcc55264d0e486467f9a3697750ce6551c7f77f577aa4cc6ddbad7ac3436d66,0927865001,0.022016949152542376,2
2020-08-18,11e5bc63dddb628426f8c482c18a70da1011f1c75ce40cbcc9864af1e650ee82,0456163083,0.033881355932203386,1
2020-08-18,11e5bc63dddb628426f8c482c18a70da1011f1c75ce40cbcc9864af1e650ee82,0603584001,0.033881355932203386,1
2020-08-18,11e5bc63dddb628426f8c482c18a70da1011f1c75ce40cbcc9864af1e650ee82,0841434009,0.025406779661016947,1
2020-08-18,12466ec028e13c331dbe9e98b5a076a32c19df54068155d684097423c491de2b,0754792004,0.025406779661016947,2
2020-08-18,12466ec028e13c331dbe9e98b5a076a32c19df54068155d684097423c491de2b,0754792004,0.025406779661016947,2
2020-08-18,12ad37d8450ff1e1a81a7f17f3aa95a7ddd084e801c28e73441e18a6799fad47,0865921002,0.011847457627118646,2
2020-08-18,12ad37d8450ff1e1a81a7f17f3aa95a7ddd084e801c28e73441e18a6799fad47,0718278004,0.005067796610169492,2
2020-08-18,1369dcb7397219b68cabc3c75710cb38228a3636a0045fdf6109bd765d15c5c4,0800691008,0.011847457627118646,1
2020-08-18,16fb6485272d40ff84c62f1d6eeff37c81cf9a98c43d55365de69df12ca3dce8,0464297007,0.016932203389830508,1
2020-08-18,16fb6485272d40ff84c62f1d6eeff37c81cf9a98c43d55365de69df12ca3dce8,0719655001,0.022016949152542376,1
2020-08-18,1a8c84a3c723d9261ba032c08e6e2fc71dcb2fc81f594992bd7da064f05e9604,0902161004,0.033881355932203386,1
2020-08-18,1a8c84a3c723d9261ba032c08e6e2fc71dcb2fc81f594992bd7da064f05e9604,0873217001,0.025406779661016947,1
2020-08-18,20965b31a183bbcbe7311eab35687647312beb0789760877d27ed283d7741ceb,0848681002,0.042355932203389825,2
2020-08-18,20965b31a183bbcbe7311eab35687647312beb0789760877d27ed283d7741ceb,0848681002,0.042355932203389825,2
2020-08-18,20965b31a183bbcbe7311eab35687647312beb0789760877d27ed283d7741ceb,0848681003,0.042355932203389825,2
2020-08-18,20965b31a183bbcbe7311eab35687647312beb0789760877d27ed283d7741ceb,0848681003,0.042355932203389825,2
2020-08-18,254c62b3bc12f8b3ccb9985c64fcd27cd095ade352e5b82026dda68d4bbc485d,0831998004,0.010661016949152542,1
2020-08-18,254c62b3bc12f8b3ccb9985c64fcd27cd095ade352e5b82026dda68d4bbc485d,0407653001,0.003949152542372881,1
2020-08-18,254c62b3bc12f8b3ccb9985c64fcd27cd095ade352e5b82026dda68d4bbc485d,0921226001,0.01523728813559322,1
2020-08-18,254c62b3bc12f8b3ccb9985c64fcd27cd095ade352e5b82026dda68d4bbc485d,0921226004,0.01523728813559322,1
2020-08-18,254c62b3bc12f8b3ccb9985c64fcd27cd095ade352e5b82026dda68d4bbc485d,0524529022,0.006084745762711864,1
2020-08-18,254c62b3bc12f8b3ccb9985c64fcd27cd095ade352e5b82026dda68d4bbc485d,0816588001,0.005474576271186441,1
2020-08-18,254c62b3bc12f8b3ccb9985c64fcd27cd095ade352e5b82026dda68d4bbc485d,0716672003,0.02288135593220339,1
2020-08-18,254c62b3bc12f8b3ccb9985c64fcd27cd095ade352e5b82026dda68d4bbc485d,0880099003,0.01523728813559322,1
2020-08-18,254c62b3bc12f8b3ccb9985c64fcd27cd095ade352e5b82026dda68d4bbc485d,0816588005,0.009135593220338982,1
2020-08-18,254c62b3bc12f8b3ccb9985c64fcd27cd095ade352e5b82026dda68d4bbc485d,0914441004,0.03049152542372881,1
2020-08-18,254c62b3bc12f8b3ccb9985c64fcd27cd095ade352e5b82026dda68d4bbc485d,0705416001,0.01523728813559322,1
2020-08-18,28a559d9d3273d8f4672e896b30d08b5b6a87cd3c7710f817cd1e8bbd32051c7,0844294002,0.01523728813559322,1
2020-08-18,28a559d9d3273d8f4672e896b30d08b5b6a87cd3c7710f817cd1e8bbd32051c7,0687033001,0.0033728813559322033,1
2020-08-18,2cd8c49e45ac21a706986d98b8c837a08872b699f3297e72c1e19314d3b8f879,0743098002,0.008457627118644067,1
2020-08-18,32d6de7dac8f8c53750a1ef0495d1a2b39eb0a4a1b8279c55989efd7b31c78e1,0818059003,0.017610169491525426,2
2020-08-18,32d6de7dac8f8c53750a1ef0495d1a2b39eb0a4a1b8279c55989efd7b31c78e1,0818059003,0.017610169491525426,2
2020-08-18,32d6de7dac8f8c53750a1ef0495d1a2b39eb0a4a1b8279c55989efd7b31c78e1,0924137001,0.00947457627118644,2
2020-08-18,32d6de7dac8f8c53750a1ef0495d1a2b39eb0a4a1b8279c55989efd7b31c78e1,0861123001,0.04744067796610169,2
2020-08-18,32d6de7dac8f8c53750a1ef0495d1a2b39eb0a4a1b8279c55989efd7b31c78e1,0759814035,0.027101694915254236,2
2020-08-18,32d6de7dac8f8c53750a1ef0495d1a2b39eb0a4a1b8279c55989efd7b31c78e1,0567638017,0.008135593220338981,2
2020-08-18,32d6de7dac8f8c53750a1ef0495d1a2b39eb0a4a1b8279c55989efd7b31c78e1,0748355012,0.01766101694915254,2
2020-08-18,32d6de7dac8f8c53750a1ef0495d1a2b39eb0a4a1b8279c55989efd7b31c78e1,0920732001,0.00676271186440678,2
2020-08-18,32d6de7dac8f8c53750a1ef0495d1a2b39eb0a4a1b8279c55989efd7b31c78e1,0890554003,0.017610169491525426,2
2020-08-18,32d6de7dac8f8c53750a1ef0495d1a2b39eb0a4a1b8279c55989efd7b31c78e1,0918835001,0.020322033898305086,2
2020-08-18,32d6de7dac8f8c53750a1ef0495d1a2b39eb0a4a1b8279c55989efd7b31c78e1,0918835001,0.020322033898305086,2
2020-08-18,32d6de7dac8f8c53750a1ef0495d1a2b39eb0a4a1b8279c55989efd7b31c78e1,0720125001,0.027101694915254236,2
2020-08-18,32d6de7dac8f8c53750a1ef0495d1a2b39eb0a4a1b8279c55989efd7b31c78e1,0915444001,0.00947457627118644,2
2020-08-18,32d6de7dac8f8c53750a1ef0495d1a2b39eb0a4a1b8279c55989efd7b31c78e1,0914966002,0.013542372881355931,2
2020-08-18,32d6de7dac8f8c53750a1ef0495d1a2b39eb0a4a1b8279c55989efd7b31c78e1,0918836001,0.033881355932203386,2
2020-08-18,32d6de7dac8f8c53750a1ef0495d1a2b39eb0a4a1b8279c55989efd7b31c78e1,0855935001,0.027101694915254236,2
2020-08-18,32d6de7dac8f8c53750a1ef0495d1a2b39eb0a4a1b8279c55989efd7b31c78e1,0898439003,0.017610169491525426,2
2020-08-18,32d6de7dac8f8c53750a1ef0495d1a2b39eb0a4a1b8279c55989efd7b31c78e1,0817110005,0.013542372881355931,2
2020-08-18,32d6de7dac8f8c53750a1ef0495d1a2b39eb0a4a1b8279c55989efd7b31c78e1,0855793002,0.01083050847457627,2
2020-08-18,3575ef3bfc40636469525dfdfe6e244931bae1a43ce53e02cb48e61b3976bc86,0841383002,0.008457627118644067,2
2020-08-18,3575ef3bfc40636469525dfdfe6e244931bae1a43ce53e02cb48e61b3976bc86,0881244001,0.033881355932203386,2
2020-08-18,3575ef3bfc40636469525dfdfe6e244931bae1a43ce53e02cb48e61b3976bc86,0652924041,0.042355932203389825,2
2020-08-18,3575ef3bfc40636469525dfdfe6e244931bae1a43ce53e02cb48e61b3976bc86,0652924041,0.042355932203389825,2
2020-08-18,3575ef3bfc40636469525dfdfe6e244931bae1a43ce53e02cb48e61b3976bc86,0807882001,0.016932203389830508,2
2020-08-18,38853b20bfce5f9669449b439f79e177a834ef5512c4065eaa8142549d19f288,0902288001,0.022016949152542376,2
2020-08-18,3b8274209bc622dda504d456afe0659993b3b24933507b2868ae3817762287ad,0918149001,0.022016949152542376,1
2020-08-18,3b8274209bc622dda504d456afe0659993b3b24933507b2868ae3817762287ad,0863937010,0.011847457627118646,1
2020-08-18,3b8274209bc622dda504d456afe0659993b3b24933507b2868ae3817762287ad,0863937003,0.011847457627118646,1
2020-08-18,3bf79971ab704689ae6106455b30d9e4097b068edf3e293618f54b2b5e4fa458,0685814048,0.033881355932203386,2
2020-08-18,3bf79971ab704689ae6106455b30d9e4097b068edf3e293618f54b2b5e4fa458,0936282001,0.025406779661016947,2
2020-08-18,3f52b27ba6ccf8cac75427f1ecf54b948e52c4814b49ab6488388c7f5a0318d9,0884319001,0.025406779661016947,2
2020-08-18,3f52b27ba6ccf8cac75427f1ecf54b948e52c4814b49ab6488388c7f5a0318d9,0884319001,0.025406779661016947,2
2020-08-18,3f52b27ba6ccf8cac75427f1ecf54b948e52c4814b49ab6488388c7f5a0318d9,0808621004,0.042355932203389825,2
2020-08-18,3f52b27ba6ccf8cac75427f1ecf54b948e52c4814b49ab6488388c7f5a0318d9,0751471001,0.033881355932203386,2
2020-08-18,437cb017c782d27299043b8ded9fe3dde7df9a63524f659ff68b5260058faab0,0816938006,0.022016949152542376,1
2020-08-18,4490f08b6bfa616520d26fa90e8a5a887120411ffe1bbe4c48c787100abaa6bb,0760084013,0.025406779661016947,1
2020-08-18,46bcd801648a62f2048ec5e95b143929ba704be93bdd2c1aee4ea4826b884dfa,0852910001,0.06777966101694916,2
2020-08-18,46bcd801648a62f2048ec5e95b143929ba704be93bdd2c1aee4ea4826b884dfa,0910132001,0.016932203389830508,2
2020-08-18,46bcd801648a62f2048ec5e95b143929ba704be93bdd2c1aee4ea4826b884dfa,0850917003,0.025406779661016947,2
2020-08-18,46bcd801648a62f2048ec5e95b143929ba704be93bdd2c1aee4ea4826b884dfa,0850917003,0.025406779661016947,2
2020-08-18,46bcd801648a62f2048ec5e95b143929ba704be93bdd2c1aee4ea4826b884dfa,0852910001,0.06777966101694916,2
2020-08-18,46bcd801648a62f2048ec5e95b143929ba704be93bdd2c1aee4ea4826b884dfa,0762846006,0.025406779661016947,2
2020-08-18,49cddab47c4543d3b465883a31b24b9cca1b5052f1cc361ff918fee99b3be9c7,0903951002,0.025406779661016947,1
2020-08-18,49cddab47c4543d3b465883a31b24b9cca1b5052f1cc361ff918fee99b3be9c7,0908729009,0.021169491525423727,1
2020-08-18,4a34b31209d89f9e4fde88e7b7225efb42a870c45801f0725aeaaa1c886eb751,0838099001,0.013542372881355931,1
2020-08-18,4a34b31209d89f9e4fde88e7b7225efb42a870c45801f0725aeaaa1c886eb751,0907702001,0.016932203389830508,1
2020-08-18,4c279404bb0a76445e0b1124d86bb86650df56cfbc018ee58a62f48f02a82985,0664074072,0.01371186440677966,1
2020-08-18,4c279404bb0a76445e0b1124d86bb86650df56cfbc018ee58a62f48f02a82985,0816166008,0.015067796610169493,1
2020-08-18,4c791c425f7c543e869ae8fc39cb7dc55b30f409c516bc6cd1e29947240b1ccd,0832307003,0.050830508474576264,2
2020-08-18,53cef962dfed11ca46e3899f01364c09b4c35eafb77ce6692376f43f3497e0e0,0894668002,0.025406779661016947,2
2020-08-18,53cef962dfed11ca46e3899f01364c09b4c35eafb77ce6692376f43f3497e0e0,0944506001,0.042355932203389825,2
2020-08-18,53cef962dfed11ca46e3899f01364c09b4c35eafb77ce6692376f43f3497e0e0,0909924002,0.033881355932203386,2
2020-08-18,57163c157734fe185c1b025f6a782425d0493dc45f0b69ecdd2fbfb8f0c4e1d4,0746069006,0.06777966101694916,1
2020-08-18,5c1d1438536edba9545b50033e0cc08203f27bdeab5701d2aee14ba4fdb3184e,0833981001,0.005067796610169492,1
2020-08-18,5c1d1438536edba9545b50033e0cc08203f27bdeab5701d2aee14ba4fdb3184e,0843730002,0.016932203389830508,1
2020-08-18,5d8de215ad3b4cad58dbe7c753cfa10606098d3df12bebf6265129d47c2b4588,0915529003,0.03049152542372881,1
2020-08-18,5d8de215ad3b4cad58dbe7c753cfa10606098d3df12bebf6265129d47c2b4588,0915529001,0.03049152542372881,1
2020-08-18,6152e806e2d743154760e98b5365810094d7fff9f873800e56ddc4f5af8d3d80,0820541001,0.010152542372881357,2
2020-08-18,6152e806e2d743154760e98b5365810094d7fff9f873800e56ddc4f5af8d3d80,0870447002,0.013542372881355931,2
2020-08-18,6152e806e2d743154760e98b5365810094d7fff9f873800e56ddc4f5af8d3d80,0756209004,0.011847457627118646,2
2020-08-18,62b0a516f0b42cca224c6e68f1014a1b78c59088f1dd3d5d9e3de52433faf62b,0344956026,0.0111864406779661,1
2020-08-18,62b0a516f0b42cca224c6e68f1014a1b78c59088f1dd3d5d9e3de52433faf62b,0821513005,0.02098305084745763,1
2020-08-18,63b28ef8a026cd996180f58834c3897e45ef9112b4652b06418b6576b661deac,0742115002,0.00676271186440678,1
2020-08-18,66ad627b61d2dbfdcf5b4abbe6b12f7c808c4d60e555f5bec28b789f25debd43,0886754001,0.022016949152542376,1
2020-08-18,66ad627b61d2dbfdcf5b4abbe6b12f7c808c4d60e555f5bec28b789f25debd43,0770315017,0.016932203389830508,1
2020-08-18,66ad627b61d2dbfdcf5b4abbe6b12f7c808c4d60e555f5bec28b789f25debd43,0770315010,0.016932203389830508,1
2020-08-18,7a82adeeffe4fe03c54a1e562628331ff62a3edb5902e9a469a1c53e6368238f,0904230003,0.033881355932203386,2
2020-08-18,7fbb0982aafbd50288df2e99cbd5d59ea7274c80a016bccb329408c57b9271e8,0903773005,0.016932203389830508,2
2020-08-18,7fbb0982aafbd50288df2e99cbd5d59ea7274c80a016bccb329408c57b9271e8,0882613001,0.033881355932203386,2
2020-08-18,7fbb0982aafbd50288df2e99cbd5d59ea7274c80a016bccb329408c57b9271e8,0871527003,0.033881355932203386,2
2020-08-18,7fbb0982aafbd50288df2e99cbd5d59ea7274c80a016bccb329408c57b9271e8,0881362002,0.050830508474576264,2
2020-08-18,7fbb0982aafbd50288df2e99cbd5d59ea7274c80a016bccb329408c57b9271e8,0871561006,0.05930508474576271,2
2020-08-18,7fbb0982aafbd50288df2e99cbd5d59ea7274c80a016bccb329408c57b9271e8,0863595005,0.033881355932203386,2
2020-08-18,83328f92a775e0d8410f18b5031a882c5dd5234bfab5b931abbc643201591411,0711053005,0.013542372881355931,1
2020-08-18,83328f92a775e0d8410f18b5031a882c5dd5234bfab5b931abbc643201591411,0711053009,0.013542372881355931,1
2020-08-18,84bb289aa023dee547969162608e40eced72a3869638e4060be093f004f0731a,0870970003,0.025406779661016947,2
2020-08-18,84bb289aa023dee547969162608e40eced72a3869638e4060be093f004f0731a,0870970004,0.025406779661016947,2
2020-08-18,8d19ccbaf17c64ea41baa84c84edb8ee12ea216362e2b45af111d1ce11be4848,0810169018,0.050830508474576264,2
2020-08-18,8d19ccbaf17c64ea41baa84c84edb8ee12ea216362e2b45af111d1ce11be4848,0810169002,0.050830508474576264,2
2020-08-18,92e5af0b5e79cdbedd8aaab47d603079a7138c6546a2665a8750fe2f345bfde5,0806131001,0.027101694915254236,1
2020-08-18,94fa5ce37b8f041f14ceef9940c2a0243864701dca6b704bde3b5217a7646091,0810170016,0.06777966101694916,2
2020-08-18,94fa5ce37b8f041f14ceef9940c2a0243864701dca6b704bde3b5217a7646091,0754792004,0.025406779661016947,2
2020-08-18,95b40515919d9cb962b621a0af4cf1443fcca83c63a4bfb04eaf9ec09834efd2,0857812003,0.025406779661016947,2
2020-08-18,9c18eee48114e28b338dfa0631cff38c832e6c9469b009cb31ce3f8ec50b3909,0717490008,0.008457627118644067,2
2020-08-18,9c18eee48114e28b338dfa0631cff38c832e6c9469b009cb31ce3f8ec50b3909,0878080003,0.025406779661016947,2
2020-08-18,9c18eee48114e28b338dfa0631cff38c832e6c9469b009cb31ce3f8ec50b3909,0610776105,0.008457627118644067,2
2020-08-18,9c18eee48114e28b338dfa0631cff38c832e6c9469b009cb31ce3f8ec50b3909,0554598070,0.016932203389830508,2
2020-08-18,9c18eee48114e28b338dfa0631cff38c832e6c9469b009cb31ce3f8ec50b3909,0900176002,0.033881355932203386,2
2020-08-18,9e8aac9a79c66788645104e0e94ce46c6b95c0f80c7007e8582f8641d78ba54a,0700765001,0.025406779661016947,2
2020-08-18,9e8aac9a79c66788645104e0e94ce46c6b95c0f80c7007e8582f8641d78ba54a,0879012001,0.03049152542372881,2
2020-08-18,9e8aac9a79c66788645104e0e94ce46c6b95c0f80c7007e8582f8641d78ba54a,0894756002,0.022016949152542376,2
2020-08-18,9ef339c359c49f7855667773ee46c64e8712e053b41432d07c2190fc84ff8aeb,0665666010,0.042355932203389825,2
2020-08-18,a283535411a1fe6c84c01e6836912249c99f36ddafca1cbe5fd3dc4a51beac6e,0889664002,0.022016949152542376,2
2020-08-18,a283535411a1fe6c84c01e6836912249c99f36ddafca1cbe5fd3dc4a51beac6e,0763284006,0.022016949152542376,2
2020-08-18,a838c0167b2a916ff915f9a619ca321d0f3c7663222d3411576c95fa55cc32bd,0856270003,0.033881355932203386,2
2020-08-18,a838c0167b2a916ff915f9a619ca321d0f3c7663222d3411576c95fa55cc32bd,0918292011,0.042355932203389825,2
2020-08-18,a99f670c3d242fbe490a95ba18ad4877c4ee200fa473cc42ad3dcd34358cacdc,0711649004,0.025406779661016947,1
2020-08-18,a99f670c3d242fbe490a95ba18ad4877c4ee200fa473cc42ad3dcd34358cacdc,0888017002,0.04744067796610169,1
2020-08-18,ab18d18e7c025d86aa79555c38c733384a9b9fb2355d8c74787ad30f439530fc,0904230004,0.033881355932203386,2
2020-08-18,ab18d18e7c025d86aa79555c38c733384a9b9fb2355d8c74787ad30f439530fc,0858376005,0.031762711864406774,2
2020-08-18,ab18d18e7c025d86aa79555c38c733384a9b9fb2355d8c74787ad30f439530fc,0888229003,0.016932203389830508,2
2020-08-18,b37a15f57e8eb813013ca3a4663b1ea7b01f84c78c10c3907026af1d01c9c442,0733097001,0.016932203389830508,1
2020-08-18,b37a15f57e8eb813013ca3a4663b1ea7b01f84c78c10c3907026af1d01c9c442,0742258025,0.033881355932203386,1
2020-08-18,b37a15f57e8eb813013ca3a4663b1ea7b01f84c78c10c3907026af1d01c9c442,0673677002,0.025406779661016947,1
2020-08-18,b55c7409405eb10caf672a7c4ebdc162fa9e46db4a50f53135911b57ce8bd7bc,0827635001,0.050830508474576264,1
2020-08-18,bfb8fc4e97a9ea7a70089e1f3c0a1c64764edb143eda5127e0ef056844f026fa,0579541001,0.016932203389830508,1
2020-08-18,c658c00e22d805816deeffb7fad7e262fb001e4de174595488c0e789cab0d906,0704126009,0.033881355932203386,2
2020-08-18,c658c00e22d805816deeffb7fad7e262fb001e4de174595488c0e789cab0d906,0845790006,0.033881355932203386,2
2020-08-18,c7c82ff0ff3cf36868c62401fa5882a6c5c6b7ba5d17ab003b3de584816609c7,0874891001,0.033881355932203386,2
2020-08-18,c7c82ff0ff3cf36868c62401fa5882a6c5c6b7ba5d17ab003b3de584816609c7,0881863004,0.025406779661016947,2
2020-08-18,c7c82ff0ff3cf36868c62401fa5882a6c5c6b7ba5d17ab003b3de584816609c7,0921906003,0.033881355932203386,2
2020-08-18,cb3603b4c06a4a3889873087eacf783420011d09c50a09691de67eac43dd1439,0836551004,0.008457627118644067,1
2020-08-18,cb3603b4c06a4a3889873087eacf783420011d09c50a09691de67eac43dd1439,0721468001,0.010152542372881357,1
2020-08-18,ccbd6da41c14cbbf4abc3784395df5c0d16fb798f23a8ae3320f58215c5da942,0270375004,0.005067796610169492,1
2020-08-18,ccbd6da41c14cbbf4abc3784395df5c0d16fb798f23a8ae3320f58215c5da942,0707269004,0.033881355932203386,1
2020-08-18,d00ca08b0d2e50325a0f820d3aa8c6a6efe2da5dc5d093810db623bbc29f91c8,0831302001,0.033881355932203386,2
2020-08-18,d00ca08b0d2e50325a0f820d3aa8c6a6efe2da5dc5d093810db623bbc29f91c8,0853390001,0.025406779661016947,2
2020-08-18,d00ca08b0d2e50325a0f820d3aa8c6a6efe2da5dc5d093810db623bbc29f91c8,0883719001,0.016932203389830508,2
2020-08-18,d00ca08b0d2e50325a0f820d3aa8c6a6efe2da5dc5d093810db623bbc29f91c8,0781613016,0.050830508474576264,2
2020-08-18,d00ca08b0d2e50325a0f820d3aa8c6a6efe2da5dc5d093810db623bbc29f91c8,0781613016,0.050830508474576264,2
2020-08-18,d00ca08b0d2e50325a0f820d3aa8c6a6efe2da5dc5d093810db623bbc29f91c8,0766495013,0.025406779661016947,2
2020-08-18,d00ca08b0d2e50325a0f820d3aa8c6a6efe2da5dc5d093810db623bbc29f91c8,0843373001,0.016932203389830508,2
2020-08-18,d00ca08b0d2e50325a0f820d3aa8c6a6efe2da5dc5d093810db623bbc29f91c8,0853391001,0.016932203389830508,2
2020-08-18,d00ca08b0d2e50325a0f820d3aa8c6a6efe2da5dc5d093810db623bbc29f91c8,0728162002,0.008457627118644067,2
2020-08-18,d00ca08b0d2e50325a0f820d3aa8c6a6efe2da5dc5d093810db623bbc29f91c8,0448509014,0.042355932203389825,2
2020-08-18,d00ca08b0d2e50325a0f820d3aa8c6a6efe2da5dc5d093810db623bbc29f91c8,0925978002,0.042355932203389825,2
2020-08-18,d1404d9f0f0219456e746d4ae78e3e662d5f47678986657570fef59de3a613e9,0882961003,0.022016949152542376,2
2020-08-18,d1404d9f0f0219456e746d4ae78e3e662d5f47678986657570fef59de3a613e9,0835852003,0.016932203389830508,2
2020-08-18,d1404d9f0f0219456e746d4ae78e3e662d5f47678986657570fef59de3a613e9,0857097001,0.016932203389830508,2
2020-08-18,d14818202d00d20295d055b86aa74041d639db55d4a6d1c6615d6a2142438bf8,0795975004,0.013542372881355931,2
2020-08-18,d374f513a64a33d5c52b8372dbb051df333e42b92567266c3297361697ca3341,0869418004,0.025406779661016947,2
2020-08-18,d42bb780856afbdf19f6a7f869ed4f2db071987c7e1dc03fb114977a4d16fbbe,0733098018,0.016932203389830508,1
2020-08-18,d42bb780856afbdf19f6a7f869ed4f2db071987c7e1dc03fb114977a4d16fbbe,0865929001,0.016932203389830508,1
2020-08-18,d42bb780856afbdf19f6a7f869ed4f2db071987c7e1dc03fb114977a4d16fbbe,0840607010,0.018627118644067797,1
2020-08-18,d42bb780856afbdf19f6a7f869ed4f2db071987c7e1dc03fb114977a4d16fbbe,0926502001,0.05930508474576271,1
2020-08-18,d433d404c3b48f8ae41500e05662eb2a563aa20dfbd6434efcacca53fea5e0f7,0861583008,0.050830508474576264,1
2020-08-18,daffef5698936d147026096224e2ea749aa0fa6bb6df0a597f60303ab9fda6bf,0861803009,0.015864406779661017,1
2020-08-18,daffef5698936d147026096224e2ea749aa0fa6bb6df0a597f60303ab9fda6bf,0852584002,0.031728813559322035,1
2020-08-18,daffef5698936d147026096224e2ea749aa0fa6bb6df0a597f60303ab9fda6bf,0854043001,0.02855932203389831,1
2020-08-18,daffef5698936d147026096224e2ea749aa0fa6bb6df0a597f60303ab9fda6bf,0857896001,0.02377966101694915,1
2020-08-18,df5d56667399673ac0525cc13ddd90a9b97acfd6952d2cc5cc316eab6311f9c8,0812210001,0.050830508474576264,2
2020-08-18,e25a435fa400a99d8665eac8544016f4a4dc11c4d48f96912567ad27b49aa8b4,0750423012,0.042355932203389825,2
2020-08-18,e515ec9d9b810de2d7f0b13a7b6df7d106a4e0d4ea140870c67b38579ddc9290,0743790005,0.033881355932203386,2
2020-08-18,e515ec9d9b810de2d7f0b13a7b6df7d106a4e0d4ea140870c67b38579ddc9290,0721107003,0.042355932203389825,2
2020-08-18,ec287f3267b5f572779c211b5756922c4adb972e7301dc113c9a87a1b662a865,0928088001,0.05930508474576271,2
2020-08-18,f0b2bad7e9833a61c060b450435f20d0b862ec7ee126dbc407783c40f35183b4,0470985003,0.010152542372881357,2
2020-08-18,f5ae9246edadcc5e24b354d7789f28742cdc5363740df776d2b65160ccd77659,0890450001,0.025406779661016947,2
2020-08-18,f5ae9246edadcc5e24b354d7789f28742cdc5363740df776d2b65160ccd77659,0891542003,0.050830508474576264,2
2020-08-18,f5ae9246edadcc5e24b354d7789f28742cdc5363740df776d2b65160ccd77659,0896152002,0.033881355932203386,2
2020-08-18,f6a17d49ac914162eb17a9e33eabd9c008759899605c89f59d627f989908fbe5,0910601001,0.042355932203389825,2
2020-08-18,f6a17d49ac914162eb17a9e33eabd9c008759899605c89f59d627f989908fbe5,0910601001,0.042355932203389825,2
2020-08-18,f7492fe4c95a5a510627827a0a82230011f81247de9740ad64ec9823a682e429,0921090004,0.025406779661016947,1
2020-08-18,f7492fe4c95a5a510627827a0a82230011f81247de9740ad64ec9823a682e429,0920414002,0.013542372881355931,1
2020-08-18,fe452b72e97790e68dcf79f49521782d486c345981f773a16160db6fa2b28567,0915101005,0.006779661016949152,1
2020-08-18,fe452b72e97790e68dcf79f49521782d486c345981f773a16160db6fa2b28567,0865314014,0.004050847457627119,1
2020-08-18,fe452b72e97790e68dcf79f49521782d486c345981f773a16160db6fa2b28567,0873045002,0.013542372881355931,1
2020-08-18,fe452b72e97790e68dcf79f49521782d486c345981f773a16160db6fa2b28567,0865929003,0.013542372881355931,2
2020-08-18,fe452b72e97790e68dcf79f49521782d486c345981f773a16160db6fa2b28567,0920414001,0.01083050847457627,2
2020-08-18,fe452b72e97790e68dcf79f49521782d486c345981f773a16160db6fa2b28567,0920414001,0.010847457627118645,2
2020-08-19,06657572990e8934ca031addf79524ca1aae7c1c35e0b15a30433a5b71118579,0877273001,0.033881355932203386,1
2020-08-19,06657572990e8934ca031addf79524ca1aae7c1c35e0b15a30433a5b71118579,0916468003,0.033881355932203386,1
2020-08-19,0c9b8cd3aeb39085f3937b54f23e335322dedeb1a6e1977ef389109efd6eca51,0801068003,0.0201864406779661,2
2020-08-19,0c9b8cd3aeb39085f3937b54f23e335322dedeb1a6e1977ef389109efd6eca51,0904734001,0.02328813559322034,2
2020-08-19,0c9b8cd3aeb39085f3937b54f23e335322dedeb1a6e1977ef389109efd6eca51,0896851001,0.03105084745762712,2
2020-08-19,166f49c3db0685f4bad071250d4e391b16c3ef54cee7ba55ac7dbdaa0e767167,0865076002,0.008457627118644067,1
2020-08-19,166f49c3db0685f4bad071250d4e391b16c3ef54cee7ba55ac7dbdaa0e767167,0695632002,0.033881355932203386,1
2020-08-19,194ef3a4e70bf5f528f7f4d69ba95765327224871dd584d80d9020c4cadb3e16,0916468001,0.028457627118644063,1
2020-08-19,194ef3a4e70bf5f528f7f4d69ba95765327224871dd584d80d9020c4cadb3e16,0772773001,0.007101694915254238,1
2020-08-19,19f7199572a29f603f225cf82183b71282e6bb28e874916619188a7e9c3b38be,0883033002,0.016050847457627117,1
2020-08-19,19f7199572a29f603f225cf82183b71282e6bb28e874916619188a7e9c3b38be,0897687001,0.026288135593220335,1
2020-08-19,1bf9179b1c11d7e02a27488e9e7e76b0f27599d6865381a2c030e3440cfe4c96,0912820004,0.042355932203389825,2
2020-08-19,1bf9179b1c11d7e02a27488e9e7e76b0f27599d6865381a2c030e3440cfe4c96,0912820004,0.042355932203389825,2
2020-08-19,1ec5d58bfde26c8dbfe8f15b30deb0f0e4bc29c7b010955ce09285183ebf1426,0809500002,0.027644067796610168,2
2020-08-19,1ec5d58bfde26c8dbfe8f15b30deb0f0e4bc29c7b010955ce09285183ebf1426,0868283001,0.015355932203389832,2
2020-08-19,1ec5d58bfde26c8dbfe8f15b30deb0f0e4bc29c7b010955ce09285183ebf1426,0879287002,0.023033898305084746,2
2020-08-19,1ec5d58bfde26c8dbfe8f15b30deb0f0e4bc29c7b010955ce09285183ebf1426,0886737001,0.03072881355932203,2
2020-08-19,1ec5d58bfde26c8dbfe8f15b30deb0f0e4bc29c7b010955ce09285183ebf1426,0825318008,0.015355932203389832,2
2020-08-19,1ec5d58bfde26c8dbfe8f15b30deb0f0e4bc29c7b010955ce09285183ebf1426,0927865001,0.019983050847457627,2
2020-08-19,21a45ad122a9fab765a9b28a8173efe88f818e4ccc615f965867d56a828dfa58,0753692020,0.008457627118644067,1
2020-08-19,21a45ad122a9fab765a9b28a8173efe88f818e4ccc615f965867d56a828dfa58,0915523001,0.04744067796610169,1
2020-08-19,21a45ad122a9fab765a9b28a8173efe88f818e4ccc615f965867d56a828dfa58,0909185001,0.04744067796610169,1
2020-08-19,22600d507df219fd6e4f8014e3013f6b404ab9d204100ede181d5b914e999e9b,0921906003,0.020322033898305086,2
2020-08-19,2ba92e06972f109cf6644d9fb63fa5ea8df9b2d9acdcab84d932ccdbfe9def59,0757915002,0.025406779661016947,1
2020-08-19,2ba92e06972f109cf6644d9fb63fa5ea8df9b2d9acdcab84d932ccdbfe9def59,0879944002,0.016932203389830508,1
2020-08-19,2ba92e06972f109cf6644d9fb63fa5ea8df9b2d9acdcab84d932ccdbfe9def59,0519930001,0.010152542372881357,1
2020-08-19,2f20819194aea9f67cb19974cb7a7b1b161ec0fb4c00dde8d64b4e303b6cf958,0863163001,0.025406779661016947,2
2020-08-19,2f20819194aea9f67cb19974cb7a7b1b161ec0fb4c00dde8d64b4e303b6cf958,0884405001,0.011847457627118646,2
2020-08-19,36549f78d10ff84057ac35f3b76406bc18c4599c5a970c50fe4c3fd3f428419f,0913030001,0.03049152542372881,2
2020-08-19,36549f78d10ff84057ac35f3b76406bc18c4599c5a970c50fe4c3fd3f428419f,0912100003,0.050830508474576264,2
2020-08-19,36549f78d10ff84057ac35f3b76406bc18c4599c5a970c50fe4c3fd3f428419f,0859136005,0.033881355932203386,2
2020-08-19,37745b88df7984374f7e905f952aaed8093f285af3daf9200e35839c7fbbfb0a,0751471041,0.03179661016949153,2
2020-08-19,37745b88df7984374f7e905f952aaed8093f285af3daf9200e35839c7fbbfb0a,0920732001,0.007932203389830509,2
2020-08-19,37745b88df7984374f7e905f952aaed8093f285af3daf9200e35839c7fbbfb0a,0448509001,0.039745762711864405,2
2020-08-19,37745b88df7984374f7e905f952aaed8093f285af3daf9200e35839c7fbbfb0a,0866712002,0.023847457627118644,2
2020-08-19,3c33c7192b16b27d050bb426528bee36eefe42dc0e1e2248e3c12b4f481f911b,0900659002,0.016932203389830508,2
2020-08-19,3c33c7192b16b27d050bb426528bee36eefe42dc0e1e2248e3c12b4f481f911b,0900659005,0.03049152542372881,2
2020-08-19,3c60fdeb03e9f6ddda97d8a7f1250cd6b63c9f976be1031df3d0304d8483362f,0919741001,0.033881355932203386,2
2020-08-19,3c60fdeb03e9f6ddda97d8a7f1250cd6b63c9f976be1031df3d0304d8483362f,0919741001,0.033881355932203386,2
2020-08-19,3c60fdeb03e9f6ddda97d8a7f1250cd6b63c9f976be1031df3d0304d8483362f,0820866002,0.010152542372881357,2
2020-08-19,3f9f601bd49a3ff2050a8c9563751aa491c01dd90f846651c2db14ac9b095e4b,0736581002,0.0033728813559322033,1
2020-08-19,3f9f601bd49a3ff2050a8c9563751aa491c01dd90f846651c2db14ac9b095e4b,0599580068,0.008457627118644067,1
2020-08-19,3f9f601bd49a3ff2050a8c9563751aa491c01dd90f846651c2db14ac9b095e4b,0844294001,0.008457627118644067,1
2020-08-19,41f40ccab92fe8550d3d8769a83fde709bde4a710e7ad7231b0aac8991d63a6b,0905811001,0.033881355932203386,2
2020-08-19,41f40ccab92fe8550d3d8769a83fde709bde4a710e7ad7231b0aac8991d63a6b,0865929003,0.016932203389830508,2
2020-08-19,4dc52f077aa439ce6301436e2adbfc236bed383f55de13afe9df958a3365797c,0373506001,0.013542372881355931,1
2020-08-19,4dc52f077aa439ce6301436e2adbfc236bed383f55de13afe9df958a3365797c,0816938002,0.022016949152542376,1
2020-08-19,5445d4cfa313d5b2a767c9755496d09d29150a43f507e2fda3c5bf6228c99775,0751471001,0.033881355932203386,2
2020-08-19,5445d4cfa313d5b2a767c9755496d09d29150a43f507e2fda3c5bf6228c99775,0896152002,0.033881355932203386,2
2020-08-19,5445d4cfa313d5b2a767c9755496d09d29150a43f507e2fda3c5bf6228c99775,0896152002,0.033881355932203386,2
2020-08-19,67459057da408d6229f9c555bd9c04e4187b722e73d1f032f24a5c0fcbb50f00,0764488006,0.033881355932203386,2
2020-08-19,67459057da408d6229f9c555bd9c04e4187b722e73d1f032f24a5c0fcbb50f00,0575347014,0.013542372881355931,2
2020-08-19,74f06eb79d9b96831e3c8ac66c438d6e543938a18748021d7fa7dd684c2282dc,0811783004,0.025406779661016947,2
2020-08-19,74f06eb79d9b96831e3c8ac66c438d6e543938a18748021d7fa7dd684c2282dc,0811783005,0.010152542372881357,2
2020-08-19,74f06eb79d9b96831e3c8ac66c438d6e543938a18748021d7fa7dd684c2282dc,0823518002,0.025406779661016947,2
2020-08-19,755e84f95d2ff537d765c934d5249d0a2ae0fa8a6faeb52263c59a2e434a1942,0850426004,0.005067796610169492,2
2020-08-19,755e84f95d2ff537d765c934d5249d0a2ae0fa8a6faeb52263c59a2e434a1942,0873158004,0.00676271186440678,2
2020-08-19,78a0378c11b67a6e90fbfb364dda2ebfd7a466ef9ac1f7334e1630eba82c515b,0904584002,0.023661016949152545,1
2020-08-19,78a0378c11b67a6e90fbfb364dda2ebfd7a466ef9ac1f7334e1630eba82c515b,0850622006,0.03944067796610169,1
2020-08-19,78a0378c11b67a6e90fbfb364dda2ebfd7a466ef9ac1f7334e1630eba82c515b,0717773009,0.012610169491525425,1
2020-08-19,78a0378c11b67a6e90fbfb364dda2ebfd7a466ef9ac1f7334e1630eba82c515b,0918894001,0.015745762711864404,1
2020-08-19,8437a97c60fc534042b778282a57778aaacfc3517902aac74f8388f6bb5648da,0889870001,0.025406779661016947,2
2020-08-19,85729b8e57827512c30ff24ecc811400e381e5bf853fa68fbd1b9dac1af8daf6,0867365001,0.013542372881355931,2
2020-08-19,85729b8e57827512c30ff24ecc811400e381e5bf853fa68fbd1b9dac1af8daf6,0874035009,0.010152542372881357,2
2020-08-19,85729b8e57827512c30ff24ecc811400e381e5bf853fa68fbd1b9dac1af8daf6,0781833008,0.00676271186440678,2
2020-08-19,85729b8e57827512c30ff24ecc811400e381e5bf853fa68fbd1b9dac1af8daf6,0746627002,0.01523728813559322,2
2020-08-19,8663a30d28aac531d95956182302bf180368711f978445214cd49a1ffbfd98d3,0685813037,0.012694915254237289,2
2020-08-19,8663a30d28aac531d95956182302bf180368711f978445214cd49a1ffbfd98d3,0685813037,0.012694915254237289,2
2020-08-19,8a0f9a897ed2b625b8810f5d9ca2a225c6be2aad22de3808547497025388fc79,0685814062,0.033881355932203386,2
2020-08-19,8a0f9a897ed2b625b8810f5d9ca2a225c6be2aad22de3808547497025388fc79,0685814005,0.033881355932203386,2
2020-08-19,8a0f9a897ed2b625b8810f5d9ca2a225c6be2aad22de3808547497025388fc79,0685814003,0.033881355932203386,2
2020-08-19,8a0f9a897ed2b625b8810f5d9ca2a225c6be2aad22de3808547497025388fc79,0685814033,0.033881355932203386,2
2020-08-19,8b3017ee10155db4a2ba2d69712e7d9e516e68e1af10d757cd8206c2f8505d17,0685816002,0.008457627118644067,1
2020-08-19,8b3017ee10155db4a2ba2d69712e7d9e516e68e1af10d757cd8206c2f8505d17,0763529002,0.00676271186440678,1
2020-08-19,8cf285ff8308f0dcd63a4b16227fe6affbb3f9f7db74a653aacbb47b416667d5,0748355012,0.022016949152542376,2
2020-08-19,8cf285ff8308f0dcd63a4b16227fe6affbb3f9f7db74a653aacbb47b416667d5,0864415005,0.016932203389830508,2
2020-08-19,8cf285ff8308f0dcd63a4b16227fe6affbb3f9f7db74a653aacbb47b416667d5,0894756004,0.022016949152542376,2
2020-08-19,8cf285ff8308f0dcd63a4b16227fe6affbb3f9f7db74a653aacbb47b416667d5,0883026004,0.013542372881355931,2
2020-08-19,8fcac031d51381831207cfddb7af3ab802bc21f67acabec81a5e3286882ee30b,0745232001,0.025406779661016947,2
2020-08-19,8fcac031d51381831207cfddb7af3ab802bc21f67acabec81a5e3286882ee30b,0803468002,0.025406779661016947,2
2020-08-19,901209fa4e843b6af154fb9afaa2970b9445aa86de83b375a3a60c4cf1b0812e,0817477001,0.025406779661016947,1
2020-08-19,901209fa4e843b6af154fb9afaa2970b9445aa86de83b375a3a60c4cf1b0812e,0610776093,0.008457627118644067,1
2020-08-19,9882cf6a6b72cf44860e2051af370bd62450fa14e5c44e9294d1fd19a0f17721,0717490070,0.008457627118644067,2
2020-08-19,9882cf6a6b72cf44860e2051af370bd62450fa14e5c44e9294d1fd19a0f17721,0851400006,0.023711864406779665,2
2020-08-19,9882cf6a6b72cf44860e2051af370bd62450fa14e5c44e9294d1fd19a0f17721,0797078018,0.033881355932203386,2
2020-08-19,9ece1f32d67b5c1834acbbe2e45b0d47dd6a6b339dc6c627613bf87a2f7e01f5,0918944002,0.1426271186440678,2
2020-08-19,9ece1f32d67b5c1834acbbe2e45b0d47dd6a6b339dc6c627613bf87a2f7e01f5,0872537002,0.08472881355932205,2
2020-08-19,9ef339c359c49f7855667773ee46c64e8712e053b41432d07c2190fc84ff8aeb,0516859007,0.013542372881355931,1
2020-08-19,ac83b5add2f93ab59df18e8cb3769a4ad9478909cfac59bd50b0335d61ae779b,0793185036,0.016932203389830508,1
2020-08-19,ac83b5add2f93ab59df18e8cb3769a4ad9478909cfac59bd50b0335d61ae779b,0878483003,0.016932203389830508,1
2020-08-19,b317f28892483102ccc54162c3d9f52bac018f20f742a8d3f7ecd0dd42caaa94,0898075002,0.025406779661016947,2
2020-08-19,b55c7409405eb10caf672a7c4ebdc162fa9e46db4a50f53135911b57ce8bd7bc,0801447001,0.03049152542372881,1
2020-08-19,b73b896cb9f7c044d35601102c962b558791f787f29aab356db01e898bada8b1,0896152002,0.033881355932203386,2
2020-08-19,b73b896cb9f7c044d35601102c962b558791f787f29aab356db01e898bada8b1,0708138026,0.06777966101694916,2
2020-08-19,b8f591df0e75a9898a7ad2fdb7883d725b5a3f5dc06e4212ca3dea1ef749c79a,0829045009,0.025406779661016947,1
2020-08-19,b8f591df0e75a9898a7ad2fdb7883d725b5a3f5dc06e4212ca3dea1ef749c79a,0863937010,0.011847457627118646,1
2020-08-19,b8f591df0e75a9898a7ad2fdb7883d725b5a3f5dc06e4212ca3dea1ef749c79a,0834906017,0.016932203389830508,1
2020-08-19,b8f591df0e75a9898a7ad2fdb7883d725b5a3f5dc06e4212ca3dea1ef749c79a,0801470002,0.012694915254237289,1
2020-08-19,b8f591df0e75a9898a7ad2fdb7883d725b5a3f5dc06e4212ca3dea1ef749c79a,0827500004,0.013542372881355931,1
2020-08-19,b8f591df0e75a9898a7ad2fdb7883d725b5a3f5dc06e4212ca3dea1ef749c79a,0674606049,0.033881355932203386,1
2020-08-19,bad8767c49a0b6322b7ea35caec48116a5108c78e316041fddd657d6fdb66b24,0832166001,0.033881355932203386,2
2020-08-19,bf44d2feead59923d1d516055b08a641fbb8701bb797e097b9ae7f96e79a15ee,0554598001,0.016932203389830508,1
2020-08-19,c2597f1fbbaedfda9b33e9366fcfddc707916fda1b7c4fb0873793c9b19ee514,0894353001,0.050830508474576264,1
2020-08-19,c2dee3a41506670c860274f8895efeddc7c1187856a4df9cccfffe50021e7d07,0877961004,0.0033728813559322033,1
2020-08-19,c2dee3a41506670c860274f8895efeddc7c1187856a4df9cccfffe50021e7d07,0877961016,0.003389830508474576,1
2020-08-19,c2dee3a41506670c860274f8895efeddc7c1187856a4df9cccfffe50021e7d07,0877961011,0.0033728813559322033,1
2020-08-19,c2dee3a41506670c860274f8895efeddc7c1187856a4df9cccfffe50021e7d07,0265630006,0.016932203389830508,1
2020-08-19,c4065bbf7bc992bd1ae5335161bae9f4af0530c2b3df8748d317f43e574c0946,0523490005,0.0009999999999999998,1
2020-08-19,c4065bbf7bc992bd1ae5335161bae9f4af0530c2b3df8748d317f43e574c0946,0406724001,0.013542372881355931,1
2020-08-19,c7c82ff0ff3cf36868c62401fa5882a6c5c6b7ba5d17ab003b3de584816609c7,0903141003,0.042355932203389825,1
2020-08-19,c9c87b38a6ff39f67b29a2005cf965c5290ff7799ee1fafe9846553c9f0ffbf6,0564310040,0.022016949152542376,2
2020-08-19,c9c87b38a6ff39f67b29a2005cf965c5290ff7799ee1fafe9846553c9f0ffbf6,0675662004,0.042355932203389825,2
2020-08-19,cc8ef44db4871fdc04bbbc30fb5faecf418848f81971af8387cf162357c578af,0744600004,0.06777966101694916,2
2020-08-19,cc8ef44db4871fdc04bbbc30fb5faecf418848f81971af8387cf162357c578af,0744600004,0.06777966101694916,2
2020-08-19,ced019e90194bb864f33e92a26f727da1d0cd93e7541fd075217e386ea5cac1b,0550309005,0.016932203389830508,1
2020-08-19,d033c491afcaafec1563d5bb01c95d6ea9d0ea4a8b28c7e5f2914c3e48bfc8d1,0863583001,0.033881355932203386,2
2020-08-19,d033c491afcaafec1563d5bb01c95d6ea9d0ea4a8b28c7e5f2914c3e48bfc8d1,0723469001,0.025406779661016947,2
2020-08-19,d033c491afcaafec1563d5bb01c95d6ea9d0ea4a8b28c7e5f2914c3e48bfc8d1,0894687002,0.042355932203389825,2
2020-08-19,d033c491afcaafec1563d5bb01c95d6ea9d0ea4a8b28c7e5f2914c3e48bfc8d1,0751471038,0.033881355932203386,2
2020-08-19,d033c491afcaafec1563d5bb01c95d6ea9d0ea4a8b28c7e5f2914c3e48bfc8d1,0860525001,0.008457627118644067,2
2020-08-19,d033c491afcaafec1563d5bb01c95d6ea9d0ea4a8b28c7e5f2914c3e48bfc8d1,0894687001,0.042355932203389825,2
2020-08-19,d033c491afcaafec1563d5bb01c95d6ea9d0ea4a8b28c7e5f2914c3e48bfc8d1,0894687001,0.042355932203389825,2
2020-08-19,d0d6adf957f209deee308659605edeb901ace29920e7567f38bf415268d3b2b0,0913688003,0.033881355932203386,2
2020-08-19,d0d6adf957f209deee308659605edeb901ace29920e7567f38bf415268d3b2b0,0903222001,0.042355932203389825,2
2020-08-19,d2872063b95a9d83d6a2fa37db9d2bece84b62230d86a4d0a2e7572d58763a18,0859279001,0.013542372881355931,1
2020-08-19,d42bb780856afbdf19f6a7f869ed4f2db071987c7e1dc03fb114977a4d16fbbe,0855793001,0.013542372881355931,1
2020-08-19,d52b2a0df9a1714ed7315b949a9bfe4923969cb9bc4bdb4b2b5a6054d480bf5e,0892308001,0.011457627118644068,2
2020-08-19,d52b2a0df9a1714ed7315b949a9bfe4923969cb9bc4bdb4b2b5a6054d480bf5e,0781833008,0.005728813559322034,2
2020-08-19,d52b2a0df9a1714ed7315b949a9bfe4923969cb9bc4bdb4b2b5a6054d480bf5e,0794454002,0.012881355932203388,2
2020-08-19,d52b2a0df9a1714ed7315b949a9bfe4923969cb9bc4bdb4b2b5a6054d480bf5e,0714620005,0.007152542372881356,2
2020-08-19,d59d92a543fbea8eb58b34f40c9ea235de12c429dd148ca9be5a1328fb319c16,0179950001,0.025406779661016947,2
2020-08-19,dff1bfbdcd825cdeb731f8eafadaa9499923aa08ce636ff89bdddc9bf9c568cb,0883730001,0.01523728813559322,2
2020-08-19,e04a77731db0b14678bdf5e29546904c2847e38e8475a338753db7b28d72d113,0768205012,0.01735593220338983,1
2020-08-19,e04a77731db0b14678bdf5e29546904c2847e38e8475a338753db7b28d72d113,0753746015,0.015033898305084743,1
2020-08-19,e04a77731db0b14678bdf5e29546904c2847e38e8475a338753db7b28d72d113,0760143003,0.015033898305084743,1
2020-08-19,e843b1227d5fb55d09968cc8627a2fe0f4b85cc8afa3f5b2a38a07156860ce13,0652924010,0.027288135593220342,2
2020-08-19,e843b1227d5fb55d09968cc8627a2fe0f4b85cc8afa3f5b2a38a07156860ce13,0882336002,0.030305084745762708,2
2020-08-19,e9e06854b721b6539f0be36f1ea71e2c8328b7fe8ea3485b2a21c55a1eb24d4d,0925916003,0.013542372881355931,2
2020-08-19,e9e06854b721b6539f0be36f1ea71e2c8328b7fe8ea3485b2a21c55a1eb24d4d,0858052007,0.010152542372881357,2
2020-08-19,e9e06854b721b6539f0be36f1ea71e2c8328b7fe8ea3485b2a21c55a1eb24d4d,0908380001,0.016932203389830508,2
2020-08-19,e9e06854b721b6539f0be36f1ea71e2c8328b7fe8ea3485b2a21c55a1eb24d4d,0836699001,0.016932203389830508,2
2020-08-19,e9e06854b721b6539f0be36f1ea71e2c8328b7fe8ea3485b2a21c55a1eb24d4d,0918600001,0.016932203389830508,2
2020-08-19,e9e06854b721b6539f0be36f1ea71e2c8328b7fe8ea3485b2a21c55a1eb24d4d,0829437001,0.025406779661016947,2
2020-08-19,ee8ee9bdea32fde6307048d5a5e077ddc0ab7fa8e14ec78a3b56f5badf739b3d,0885978001,0.022016949152542376,1
2020-08-19,ee8ee9bdea32fde6307048d5a5e077ddc0ab7fa8e14ec78a3b56f5badf739b3d,0501619026,0.025406779661016947,1
2020-08-19,ee8ee9bdea32fde6307048d5a5e077ddc0ab7fa8e14ec78a3b56f5badf739b3d,0835542002,0.050830508474576264,1
2020-08-19,ef7dc0e436bf114e4bfba1271dfb12bf53539f4671803b79e3ab10f2b555c47c,0754792003,0.025406779661016947,1
2020-08-19,ef7dc0e436bf114e4bfba1271dfb12bf53539f4671803b79e3ab10f2b555c47c,0250099002,0.01523728813559322,1
2020-08-19,ef7dc0e436bf114e4bfba1271dfb12bf53539f4671803b79e3ab10f2b555c47c,0610776073,0.008457627118644067,1
2020-08-19,ef7dc0e436bf114e4bfba1271dfb12bf53539f4671803b79e3ab10f2b555c47c,0684209004,0.025406779661016947,1
2020-08-19,f06366da7d3bc4d091ab920225db55f07d910fa8af088869656c720c01229dbb,0685616009,0.022016949152542376,2
2020-08-19,f06366da7d3bc4d091ab920225db55f07d910fa8af088869656c720c01229dbb,0663010006,0.042355932203389825,2
2020-08-19,f0b047bb1164030415188236701bc95addb656485800116ebce08bc2e72b9b0b,0850176002,0.03049152542372881,2
2020-08-19,f0b047bb1164030415188236701bc95addb656485800116ebce08bc2e72b9b0b,0599580044,0.013542372881355931,2
2020-08-19,f0b047bb1164030415188236701bc95addb656485800116ebce08bc2e72b9b0b,0698286004,0.025406779661016947,2
2020-08-19,f0b047bb1164030415188236701bc95addb656485800116ebce08bc2e72b9b0b,0698286004,0.025406779661016947,2
2020-08-19,f0b047bb1164030415188236701bc95addb656485800116ebce08bc2e72b9b0b,0559601010,0.013542372881355931,2
2020-08-19,f0b047bb1164030415188236701bc95addb656485800116ebce08bc2e72b9b0b,0854619002,0.011847457627118646,2
2020-08-19,f14ebb0b2010c4150b5a4732a31296f6f18fb847358928b385bbd9d174de678c,0678942001,0.016932203389830508,1
2020-08-19,f53597288aa0729f57be036ab885546166354ec39bde6010c6bcdc6b7fc7d76e,0905803004,0.06777966101694916,2
2020-08-19,f592583d9c0a31b4ab38fc41193615e97fd24c6dd65de884e90d0f482578ad4c,0787736002,0.016932203389830508,2
2020-08-19,f592583d9c0a31b4ab38fc41193615e97fd24c6dd65de884e90d0f482578ad4c,0850523002,0.033881355932203386,2
2020-08-19,f5c0e797cd806e3b7d6834da626b976333b095f84119bc46a6c9d4dffa32945e,0888026003,0.022016949152542376,2
2020-08-19,f5c0e797cd806e3b7d6834da626b976333b095f84119bc46a6c9d4dffa32945e,0778534004,0.022016949152542376,2
2020-08-19,f6f9b5220c745c421dfc3a0c9f2a2c31ebdb7eeb85d80479e6962ceba164cd2e,0797394001,0.025406779661016947,1
2020-08-19,f6f9b5220c745c421dfc3a0c9f2a2c31ebdb7eeb85d80479e6962ceba164cd2e,0817416005,0.033881355932203386,1
2020-08-19,f6f9b5220c745c421dfc3a0c9f2a2c31ebdb7eeb85d80479e6962ceba164cd2e,0886706007,0.050830508474576264,1
2020-08-19,f6f9b5220c745c421dfc3a0c9f2a2c31ebdb7eeb85d80479e6962ceba164cd2e,0665481011,0.050830508474576264,1
2020-08-19,f6f9b5220c745c421dfc3a0c9f2a2c31ebdb7eeb85d80479e6962ceba164cd2e,0707135017,0.022016949152542376,1
2020-08-19,f6f9b5220c745c421dfc3a0c9f2a2c31ebdb7eeb85d80479e6962ceba164cd2e,0598515032,0.016932203389830508,1
2020-08-19,faca2611247cc2462f7db77917ee81726e41abe2c263385b78f6415505c0edef,0843614011,0.033881355932203386,2
2020-08-19,faca2611247cc2462f7db77917ee81726e41abe2c263385b78f6415505c0edef,0742258025,0.033881355932203386,2
2020-08-19,fc6e0660735aeeb020c9e2763d8c854bb754759328d0b0f6e648c39e307f1f02,0854663002,0.016932203389830508,1
2020-08-19,fc6e0660735aeeb020c9e2763d8c854bb754759328d0b0f6e648c39e307f1f02,0804992013,0.025406779661016947,1
2020-08-19,fc6e0660735aeeb020c9e2763d8c854bb754759328d0b0f6e648c39e307f1f02,0912204001,0.016932203389830508,1
2020-08-19,fca0c29b5d0e26e01ffa25a4d6028cd58ca488ceac79214b675dcc1e14a03662,0789150001,0.03049152542372881,2
2020-08-19,fca0c29b5d0e26e01ffa25a4d6028cd58ca488ceac79214b675dcc1e14a03662,0789150001,0.03049152542372881,2
2020-08-20,0286813f82495eaa40c83b061cdd0bb67b27ca12ca2d140020783ece6563f873,0871468001,0.010152542372881357,2
2020-08-20,091bda2d3924e39ea10a079965e179dcfe1b782c3e8498e2a7325d07291419ce,0876296001,0.018864406779661017,2
2020-08-20,091bda2d3924e39ea10a079965e179dcfe1b782c3e8498e2a7325d07291419ce,0874669001,0.021779661016949153,2
2020-08-20,0a006002f60f72eca094295a413d69c061f2ed64cf7460df6ab2493978e55011,0817353008,0.022016949152542376,2
2020-08-20,0a006002f60f72eca094295a413d69c061f2ed64cf7460df6ab2493978e55011,0817353009,0.016932203389830508,2
2020-08-20,0b1d098c6faa269adda14bccd25e98aeacd9cd6cfacf2c503572c42d89d6e149,0853325002,0.016932203389830508,1
2020-08-20,0b1d098c6faa269adda14bccd25e98aeacd9cd6cfacf2c503572c42d89d6e149,0933889001,0.016932203389830508,1
2020-08-20,0c202f903ef5807e668eac668375b3427e2cdf29337c38a7fe3b1e0e2a92aeae,0887770004,0.01523728813559322,2
2020-08-20,0c202f903ef5807e668eac668375b3427e2cdf29337c38a7fe3b1e0e2a92aeae,0887770005,0.009135593220338982,2
2020-08-20,0c202f903ef5807e668eac668375b3427e2cdf29337c38a7fe3b1e0e2a92aeae,0816423004,0.022864406779661017,2
2020-08-20,0c202f903ef5807e668eac668375b3427e2cdf29337c38a7fe3b1e0e2a92aeae,0599718037,0.01371186440677966,2
2020-08-20,0c202f903ef5807e668eac668375b3427e2cdf29337c38a7fe3b1e0e2a92aeae,0903960001,0.03049152542372881,2
2020-08-20,0ded45c66e08371ba218d70362e8eca68b040b88a49b1b1724350019eb2c694d,0372860002,0.013542372881355931,1
2020-08-20,0ded45c66e08371ba218d70362e8eca68b040b88a49b1b1724350019eb2c694d,0873276004,0.033881355932203386,1
2020-08-20,0f3f889be68d78e5376b2e588ff2ce9e82e5f3634517c6f0c4ad959af07ff113,0780297013,0.025406779661016947,1
2020-08-20,0f3f889be68d78e5376b2e588ff2ce9e82e5f3634517c6f0c4ad959af07ff113,0840607007,0.013542372881355931,1
2020-08-20,0f3f889be68d78e5376b2e588ff2ce9e82e5f3634517c6f0c4ad959af07ff113,0878250001,0.033881355932203386,1
2020-08-20,127e6a717a032d8647f5d06bc705c3327b0ea2412a14a29b0b49a907ef66e4c5,0879088001,0.042355932203389825,2
2020-08-20,127e6a717a032d8647f5d06bc705c3327b0ea2412a14a29b0b49a907ef66e4c5,0925404001,0.06777966101694916,2
2020-08-20,13f212f2c8399f5cef28792d066fbb67e6fdd51fe57474b860dc3627b2d28fa2,0537732005,0.025406779661016947,1
2020-08-20,14d01998764e3d089f9c6d8ec513f30bb81e96de44b50141f8b8dd91801424d4,0855080011,0.025406779661016947,2
2020-08-20,14d01998764e3d089f9c6d8ec513f30bb81e96de44b50141f8b8dd91801424d4,0855080002,0.025406779661016947,2
2020-08-20,14d01998764e3d089f9c6d8ec513f30bb81e96de44b50141f8b8dd91801424d4,0855080005,0.025406779661016947,2
2020-08-20,14d01998764e3d089f9c6d8ec513f30bb81e96de44b50141f8b8dd91801424d4,0855080009,0.025406779661016947,2
2020-08-20,14d01998764e3d089f9c6d8ec513f30bb81e96de44b50141f8b8dd91801424d4,0855080001,0.025406779661016947,2
2020-08-20,168bbdfeb59793079e74b86988a1c7eb6c606c22bf42a902f913fd679df765ef,0890453001,0.050830508474576264,1
2020-08-20,168bbdfeb59793079e74b86988a1c7eb6c606c22bf42a902f913fd679df765ef,0909831002,0.013542372881355931,1
2020-08-20,1f4aae22ab7c9f44d969b8a5fb31308de9af2925f500579bf184113407504ffa,0923134001,0.025406779661016947,1
2020-08-20,1f4aae22ab7c9f44d969b8a5fb31308de9af2925f500579bf184113407504ffa,0791120002,0.050830508474576264,1
2020-08-20,205d77acab6bcfaa3cc81b09e78c5cc9a1e60dde229355a77c7cc01c840c8239,0921906001,0.027101694915254236,2
2020-08-20,22600d507df219fd6e4f8014e3013f6b404ab9d204100ede181d5b914e999e9b,0921906003,0.020322033898305086,2
2020-08-20,2a014de780d435ba6aea8c9518dc05d96f68d803ee2d6f78807ad58a24ee4334,0896152002,0.033881355932203386,2
2020-08-20,2a014de780d435ba6aea8c9518dc05d96f68d803ee2d6f78807ad58a24ee4334,0448509031,0.042355932203389825,2
2020-08-20,317dac55e072b9d7bbf46afb0415a914527df9136fbfcafe84dffed29b35ec00,0745686008,0.0274406779661017,1
2020-08-20,317dac55e072b9d7bbf46afb0415a914527df9136fbfcafe84dffed29b35ec00,0871243002,0.0274406779661017,1
2020-08-20,352ef6221bdfcd282934a13762f0e48f896c13366bcf61c622e65c77b3fe0f30,0608007001,0.025406779661016947,2
2020-08-20,352ef6221bdfcd282934a13762f0e48f896c13366bcf61c622e65c77b3fe0f30,0608007001,0.025406779661016947,2
2020-08-20,38853b20bfce5f9669449b439f79e177a834ef5512c4065eaa8142549d19f288,0808025001,0.027101694915254236,1
2020-08-20,38853b20bfce5f9669449b439f79e177a834ef5512c4065eaa8142549d19f288,0771970006,0.025406779661016947,1
2020-08-20,38a9ab9cf8499e13574b9a5e58c767901897a7d3ec886f3ce42ff130fa50e606,0810170018,0.06777966101694916,2
2020-08-20,38a9ab9cf8499e13574b9a5e58c767901897a7d3ec886f3ce42ff130fa50e606,0469562068,0.042355932203389825,2
2020-08-20,3dac5db38b6243892384ad3698a2acd534f6b462a83031c23d719b3588a72471,0516000087,0.016932203389830508,1
2020-08-20,3dac5db38b6243892384ad3698a2acd534f6b462a83031c23d719b3588a72471,0874754004,0.033881355932203386,1
2020-08-20,3e8300c60516a0f39fd1511bd141fd9bf41bb9f120ba647105e5d26de98a14e9,0896152002,0.033881355932203386,2
2020-08-20,3e8300c60516a0f39fd1511bd141fd9bf41bb9f120ba647105e5d26de98a14e9,0896152002,0.033881355932203386,2
2020-08-20,4072d89747005afe9336e9c30ab927d41eccf1476d89738da558b9bf23b8e6f0,0906094003,0.06777966101694916,2
2020-08-20,47f54db21d765c5bddd91e03e71aa69a8ac03bb4c44b85925808ab4d66e1ffab,0816938004,0.022016949152542376,1
2020-08-20,47f54db21d765c5bddd91e03e71aa69a8ac03bb4c44b85925808ab4d66e1ffab,0819004001,0.008457627118644067,1
2020-08-20,49cddab47c4543d3b465883a31b24b9cca1b5052f1cc361ff918fee99b3be9c7,0852541001,0.022016949152542376,1
2020-08-20,49cddab47c4543d3b465883a31b24b9cca1b5052f1cc361ff918fee99b3be9c7,0805510037,0.010152542372881357,1
2020-08-20,4ba8446e62b9f075e6d4e19969c2012d29c7ef2ca706ad6e40db6645abb2c097,0760961003,0.10167796610169492,2
2020-08-20,4e2bfa3e8b3dbfae53ced05e94ea07f219169d58eccf0d08e5247cefee9ed339,0697564046,0.010152542372881357,1
2020-08-20,4e2bfa3e8b3dbfae53ced05e94ea07f219169d58eccf0d08e5247cefee9ed339,0865468001,0.03811864406779661,1
2020-08-20,4e2bfa3e8b3dbfae53ced05e94ea07f219169d58eccf0d08e5247cefee9ed339,0835008009,0.027101694915254236,1
2020-08-20,4e2bfa3e8b3dbfae53ced05e94ea07f219169d58eccf0d08e5247cefee9ed339,0753737001,0.042355932203389825,1
2020-08-20,4e2bfa3e8b3dbfae53ced05e94ea07f219169d58eccf0d08e5247cefee9ed339,0851110002,0.018627118644067797,1
2020-08-20,541cc987748427de74176de90683c2a6091dcfe5071e4e141302c528d29584f5,0875856004,0.033881355932203386,2
2020-08-20,541cc987748427de74176de90683c2a6091dcfe5071e4e141302c528d29584f5,0659132022,0.016932203389830508,2
2020-08-20,541cc987748427de74176de90683c2a6091dcfe5071e4e141302c528d29584f5,0875856002,0.033881355932203386,2
2020-08-20,548f950b85b44362cb59caf78ea45e620d425bf9489f0a8373fdd66fca281777,0733386004,0.05422033898305084,2
2020-08-20,548f950b85b44362cb59caf78ea45e620d425bf9489f0a8373fdd66fca281777,0675465002,0.06779661016949153,2
2020-08-20,548f950b85b44362cb59caf78ea45e620d425bf9489f0a8373fdd66fca281777,0730013002,0.020322033898305086,2
2020-08-20,59e2eaeb99445e4247102df5824da3c27f72d5f126ee4dc8bcf497124d25f7d1,0816423003,0.016932203389830508,2
2020-08-20,59e2eaeb99445e4247102df5824da3c27f72d5f126ee4dc8bcf497124d25f7d1,0816423004,0.025406779661016947,2
2020-08-20,5e88c33c68f52256e4b2cfe576b313e9522720106f449933e0a45409ce7dd2e6,0938804001,0.06777966101694916,1
2020-08-20,5e88c33c68f52256e4b2cfe576b313e9522720106f449933e0a45409ce7dd2e6,0853325003,0.022016949152542376,1
2020-08-20,5e88c33c68f52256e4b2cfe576b313e9522720106f449933e0a45409ce7dd2e6,0560047001,0.013542372881355931,1
2020-08-20,5e88c33c68f52256e4b2cfe576b313e9522720106f449933e0a45409ce7dd2e6,0889932002,0.022016949152542376,1
2020-08-20,62e9302f0aae9ef4e8e7fc04b92ffc4ee64bc9c4b15e28922f3158422b498d4d,0845729001,0.042355932203389825,2
2020-08-20,62e9302f0aae9ef4e8e7fc04b92ffc4ee64bc9c4b15e28922f3158422b498d4d,0845729001,0.042355932203389825,2
2020-08-20,677269b98a7a8912fd6aeca4171dd97ab8be5d320e5586f4eb360330f0a1c94e,0764820001,0.0033728813559322033,1
2020-08-20,677269b98a7a8912fd6aeca4171dd97ab8be5d320e5586f4eb360330f0a1c94e,0734922001,0.022016949152542376,1
2020-08-20,677269b98a7a8912fd6aeca4171dd97ab8be5d320e5586f4eb360330f0a1c94e,0764640003,0.00676271186440678,1
2020-08-20,677269b98a7a8912fd6aeca4171dd97ab8be5d320e5586f4eb360330f0a1c94e,0556539033,0.005067796610169492,1
2020-08-20,6ba862e0d461760147277f9c2c0b4abc1a77698be0e656a31ad1fa7946c8283f,0906226002,0.033881355932203386,2
2020-08-20,6ba862e0d461760147277f9c2c0b4abc1a77698be0e656a31ad1fa7946c8283f,0915526001,0.033881355932203386,2
2020-08-20,76937ac635bc47afb4476c031c41ae417f044a35af76a4825684909a0f3e2add,0762656002,0.0033728813559322033,1
2020-08-20,76937ac635bc47afb4476c031c41ae417f044a35af76a4825684909a0f3e2add,0610776065,0.008457627118644067,1
2020-08-20,76937ac635bc47afb4476c031c41ae417f044a35af76a4825684909a0f3e2add,0685811001,0.016932203389830508,1
2020-08-20,76937ac635bc47afb4476c031c41ae417f044a35af76a4825684909a0f3e2add,0556539001,0.005067796610169492,1
2020-08-20,76937ac635bc47afb4476c031c41ae417f044a35af76a4825684909a0f3e2add,0880504001,0.013542372881355931,1
2020-08-20,76937ac635bc47afb4476c031c41ae417f044a35af76a4825684909a0f3e2add,0816563004,0.025406779661016947,1
2020-08-20,76937ac635bc47afb4476c031c41ae417f044a35af76a4825684909a0f3e2add,0880672001,0.013542372881355931,1
2020-08-20,76937ac635bc47afb4476c031c41ae417f044a35af76a4825684909a0f3e2add,0570004109,0.016932203389830508,1
2020-08-20,76937ac635bc47afb4476c031c41ae417f044a35af76a4825684909a0f3e2add,0554598066,0.016932203389830508,1
2020-08-20,76937ac635bc47afb4476c031c41ae417f044a35af76a4825684909a0f3e2add,0855716004,0.022016949152542376,1
2020-08-20,76937ac635bc47afb4476c031c41ae417f044a35af76a4825684909a0f3e2add,0778064028,0.008457627118644067,1
2020-08-20,76937ac635bc47afb4476c031c41ae417f044a35af76a4825684909a0f3e2add,0772234001,0.016932203389830508,1
2020-08-20,76937ac635bc47afb4476c031c41ae417f044a35af76a4825684909a0f3e2add,0832479003,0.018627118644067797,1
2020-08-20,76937ac635bc47afb4476c031c41ae417f044a35af76a4825684909a0f3e2add,0702932009,0.025406779661016947,1
2020-08-20,7dec49fc8f80268c47f309504282c8c046eb3c48b564e40f88ad4331e02e9b5a,0768912001,0.016932203389830508,2
2020-08-20,7dec49fc8f80268c47f309504282c8c046eb3c48b564e40f88ad4331e02e9b5a,0768912001,0.016932203389830508,2
2020-08-20,7e654f5222eb2e2814cfaf8535fc85d7e8515f946e74f316966ca634fc683da2,0810170016,0.06777966101694916,2
2020-08-20,7e654f5222eb2e2814cfaf8535fc85d7e8515f946e74f316966ca634fc683da2,0810170016,0.06777966101694916,2
2020-08-20,7f03be2b0f8d5c3d309db46086c3cd78c52e01c992abc2b7106df9ba13619d03,0689389052,0.011847457627118646,2
2020-08-20,7f03be2b0f8d5c3d309db46086c3cd78c52e01c992abc2b7106df9ba13619d03,0850917001,0.025406779661016947,2
2020-08-20,83328f92a775e0d8410f18b5031a882c5dd5234bfab5b931abbc643201591411,0562245098,0.033881355932203386,1
2020-08-20,83328f92a775e0d8410f18b5031a882c5dd5234bfab5b931abbc643201591411,0573085047,0.033881355932203386,1
2020-08-20,85e3855fb77cc69e61eb7f8498af54e13d9b26e32d5f420ccf6643e68a6c868c,0426199002,0.022016949152542376,1
2020-08-20,85e3855fb77cc69e61eb7f8498af54e13d9b26e32d5f420ccf6643e68a6c868c,0668956001,0.025406779661016947,1
2020-08-20,85e3855fb77cc69e61eb7f8498af54e13d9b26e32d5f420ccf6643e68a6c868c,0598515033,0.016932203389830508,1
2020-08-20,85e3855fb77cc69e61eb7f8498af54e13d9b26e32d5f420ccf6643e68a6c868c,0598515033,0.016932203389830508,1
2020-08-20,85e3855fb77cc69e61eb7f8498af54e13d9b26e32d5f420ccf6643e68a6c868c,0426199029,0.022016949152542376,1
2020-08-20,861d617c7fa0ebdd4042d00b46e3c021e6b091422ee876d0ffe11b462e94ceaf,0842607001,0.025406779661016947,1
2020-08-20,861d617c7fa0ebdd4042d00b46e3c021e6b091422ee876d0ffe11b462e94ceaf,0873679002,0.025406779661016947,1
2020-08-20,88d5da0b609c2fad13c403dc5149e80337549e997b72ef210c89a3d80177e107,0499334003,0.013542372881355931,2
2020-08-20,88d5da0b609c2fad13c403dc5149e80337549e997b72ef210c89a3d80177e107,0315795004,0.016932203389830508,2
2020-08-20,88d5da0b609c2fad13c403dc5149e80337549e997b72ef210c89a3d80177e107,0854573001,0.013542372881355931,2
2020-08-20,8b83e8c80e7a5cce66c12d2b305219d01d8a5dce98ecec88ef204549c9605435,0898439001,0.022016949152542376,2
2020-08-20,8b83e8c80e7a5cce66c12d2b305219d01d8a5dce98ecec88ef204549c9605435,0752514007,0.01523728813559322,2
2020-08-20,8b83e8c80e7a5cce66c12d2b305219d01d8a5dce98ecec88ef204549c9605435,0776850001,0.00676271186440678,2
2020-08-20,9193c135425a11483c75ec4323c07f4480f43a80b57e9f39ca47b4ccd1061128,0852746001,0.016932203389830508,2
2020-08-20,9193c135425a11483c75ec4323c07f4480f43a80b57e9f39ca47b4ccd1061128,0915526002,0.033881355932203386,2
2020-08-20,93a9d93ad6f063d53e2f1a904e6674678f3e6817c9d2f4c9547d74e133b1c498,0590919007,0.016932203389830508,2
2020-08-20,93a9d93ad6f063d53e2f1a904e6674678f3e6817c9d2f4c9547d74e133b1c498,0590919006,0.022016949152542376,2
2020-08-20,93a9d93ad6f063d53e2f1a904e6674678f3e6817c9d2f4c9547d74e133b1c498,0684341002,0.011847457627118646,2
2020-08-20,93a9d93ad6f063d53e2f1a904e6674678f3e6817c9d2f4c9547d74e133b1c498,0684341002,0.011847457627118646,2
2020-08-20,980c793bed035b682dd2a0cdc83b27a51dcbfd78aba24eb7c0f12eecf6f7beb4,0701472004,0.00676271186440678,2
2020-08-20,980c793bed035b682dd2a0cdc83b27a51dcbfd78aba24eb7c0f12eecf6f7beb4,0701472001,0.004220338983050848,2
2020-08-20,9cbcf2801f2675deb8e1d5fd4908668088255f0abac81a90a7a41bce45191779,0843380004,0.03049152542372881,1
2020-08-20,9cbcf2801f2675deb8e1d5fd4908668088255f0abac81a90a7a41bce45191779,0730863012,0.050830508474576264,1
2020-08-20,9cbcf2801f2675deb8e1d5fd4908668088255f0abac81a90a7a41bce45191779,0730863033,0.050830508474576264,1
2020-08-20,9cbcf2801f2675deb8e1d5fd4908668088255f0abac81a90a7a41bce45191779,0855239003,0.016932203389830508,1
2020-08-20,9e96417133f86467553811508e56d2446769ed2748a9556afdfe0fbed21bcdfc,0828718005,0.011847457627118646,1
2020-08-20,9e96417133f86467553811508e56d2446769ed2748a9556afdfe0fbed21bcdfc,0783707106,0.0033728813559322033,1
2020-08-20,9e96417133f86467553811508e56d2446769ed2748a9556afdfe0fbed21bcdfc,0783707070,0.003389830508474576,1
2020-08-20,9e96417133f86467553811508e56d2446769ed2748a9556afdfe0fbed21bcdfc,0882203001,0.025406779661016947,1
2020-08-20,9e96417133f86467553811508e56d2446769ed2748a9556afdfe0fbed21bcdfc,0783707122,0.0033728813559322033,1
2020-08-20,a0ea9f0a497ba4fbf3af657604a0ac3a34770284de846eb418803fb644e2d196,0902428001,0.06777966101694916,2
2020-08-20,a0ea9f0a497ba4fbf3af657604a0ac3a34770284de846eb418803fb644e2d196,0679284001,0.022016949152542376,2
2020-08-20,a0ea9f0a497ba4fbf3af657604a0ac3a34770284de846eb418803fb644e2d196,0913032001,0.033881355932203386,2
2020-08-20,a2edee9a1b61c484242f78099c475192285238099875b32eeb223c2fbbe8b2d3,0899002002,0.011847457627118646,1
2020-08-20,a2edee9a1b61c484242f78099c475192285238099875b32eeb223c2fbbe8b2d3,0653208004,0.008457627118644067,1
2020-08-20,a7a8da2b8cddaad8af105fbbe176bdf603246aa4d8a0bbddc373e10c849f9c0a,0924625001,0.025406779661016947,2
2020-08-20,a7a8da2b8cddaad8af105fbbe176bdf603246aa4d8a0bbddc373e10c849f9c0a,0777808004,0.025406779661016947,2
2020-08-20,a7a8da2b8cddaad8af105fbbe176bdf603246aa4d8a0bbddc373e10c849f9c0a,0863570001,0.016932203389830508,2
2020-08-20,aa9c3ef730977da33cee134a07bc7f33dfac0daefb0e22871aa188f0b02b5546,0896229002,0.050830508474576264,2
2020-08-20,aa9c3ef730977da33cee134a07bc7f33dfac0daefb0e22871aa188f0b02b5546,0896229002,0.050830508474576264,2
2020-08-20,ad1756d4ef7b6a686f315a64694c4f17808fe6b0451701f2073cd41f2d98e9dc,0894481002,0.021169491525423727,1
2020-08-20,ad1756d4ef7b6a686f315a64694c4f17808fe6b0451701f2073cd41f2d98e9dc,0718982002,0.005067796610169492,1
2020-08-20,b0bb7f8b55416a707a2401fc93192d3a16312cb7f1e2d182ce2c8f9c754e5ce0,0773109001,0.013542372881355931,1
2020-08-20,b77f542f4130ec9de8c60e9c24cad74833f444478a015dd3df051b3a2cc551cd,0572998001,0.042355932203389825,2
2020-08-20,ba3dc106edcab4399f7cabd3560ee1fda4effa0f87985572bf784b92b9cf2a6b,0783507001,0.025406779661016947,2
2020-08-20,bcfec2d7101524da45bfb78db0fe1f976df329c80352670559e13c726ba29918,0905757002,0.08472881355932205,1
2020-08-20,bcfec2d7101524da45bfb78db0fe1f976df329c80352670559e13c726ba29918,0842607002,0.025406779661016947,1
2020-08-20,c07afc014682c28f90f168da2f0debcc45d2ed518750e15b2460744b0ada396e,0823168006,0.01523728813559322,1
2020-08-20,c07afc014682c28f90f168da2f0debcc45d2ed518750e15b2460744b0ada396e,0811907011,0.01523728813559322,1
2020-08-20,c07afc014682c28f90f168da2f0debcc45d2ed518750e15b2460744b0ada396e,0904820002,0.03049152542372881,1
2020-08-20,c09a1e976baa70d02f17ac937ea54e485213795a54078709804c2809dfdead38,0841383003,0.008457627118644067,2
2020-08-20,c09a1e976baa70d02f17ac937ea54e485213795a54078709804c2809dfdead38,0767834002,0.008457627118644067,2
2020-08-20,c919903500071edc4e07465b410b7faf3c1e96dc56ad9e198597efb76b51739c,0928839001,0.013542372881355931,2
2020-08-20,c919903500071edc4e07465b410b7faf3c1e96dc56ad9e198597efb76b51739c,0878604001,0.033881355932203386,2
2020-08-20,c919903500071edc4e07465b410b7faf3c1e96dc56ad9e198597efb76b51739c,0864297003,0.033881355932203386,2
2020-08-20,c919903500071edc4e07465b410b7faf3c1e96dc56ad9e198597efb76b51739c,0893133001,0.042355932203389825,2
2020-08-20,cb42cb598fb061f2affce71c118709e19971bab6e6ab7cb54499926fac494a95,0781758003,0.025406779661016947,2
2020-08-20,cb42cb598fb061f2affce71c118709e19971bab6e6ab7cb54499926fac494a95,0781758001,0.025406779661016947,2
2020-08-20,cb42cb598fb061f2affce71c118709e19971bab6e6ab7cb54499926fac494a95,0392938001,0.050830508474576264,2
2020-08-20,cb42cb598fb061f2affce71c118709e19971bab6e6ab7cb54499926fac494a95,0392938002,0.050830508474576264,2
2020-08-20,cb42cb598fb061f2affce71c118709e19971bab6e6ab7cb54499926fac494a95,0575347014,0.013542372881355931,2
2020-08-20,cb42cb598fb061f2affce71c118709e19971bab6e6ab7cb54499926fac494a95,0392938035,0.050830508474576264,2
2020-08-20,cc87e8e965349a016a6b79d249f1d18d71ffb08d0b57e3773b066dbbffe51b87,0832473004,0.008457627118644067,1
2020-08-20,cc87e8e965349a016a6b79d249f1d18d71ffb08d0b57e3773b066dbbffe51b87,0816241006,0.011847457627118646,1
2020-08-20,d8f09209406c8e0eaa24f22fcf1d97a3591165d62e5c640a40aeb1b08a9fc2f1,0939812001,0.013542372881355931,2
2020-08-20,d8f09209406c8e0eaa24f22fcf1d97a3591165d62e5c640a40aeb1b08a9fc2f1,0853110001,0.03049152542372881,2
2020-08-20,d8f09209406c8e0eaa24f22fcf1d97a3591165d62e5c640a40aeb1b08a9fc2f1,0555102001,0.01523728813559322,2
2020-08-20,d8f09209406c8e0eaa24f22fcf1d97a3591165d62e5c640a40aeb1b08a9fc2f1,0905518002,0.016932203389830508,2
2020-08-20,d9d126fde5c57934f829b64d22e8daf4a317c749fe55f99800eedfda14e8f4fd,0706016001,0.033881355932203386,2
2020-08-20,d9d126fde5c57934f829b64d22e8daf4a317c749fe55f99800eedfda14e8f4fd,0706016003,0.033881355932203386,2
2020-08-20,df5f196225acdb3cafca0cf67921e131511e943e58a97b7b1bdd904f9d92e7a7,0808029001,0.013542372881355931,1
2020-08-20,df5f196225acdb3cafca0cf67921e131511e943e58a97b7b1bdd904f9d92e7a7,0808029001,0.022016949152542376,1
2020-08-20,dffc1ef78093532a18eece9d007f648f55e92499b38002bc95fb0c53b3636d1c,0872901001,0.025406779661016947,2
2020-08-20,e5a345389a03b47513291721a0ad2275ca7e05f0c9e47e78cb09d23cc284f586,0850244003,0.0033728813559322033,1
2020-08-20,e5a345389a03b47513291721a0ad2275ca7e05f0c9e47e78cb09d23cc284f586,0876053001,0.016932203389830508,1
2020-08-20,ec2cc14ff83d427099da9ba264adcfe6033f35bd66a4e2051f7c2f695c9b485a,0808569002,0.00947457627118644,1
2020-08-20,ec2cc14ff83d427099da9ba264adcfe6033f35bd66a4e2051f7c2f695c9b485a,0821746001,0.017610169491525426,1
2020-08-20,f95e40d9d5f6deb8026594fbd7887697b11e9a4b5d2a64134f0f7831ec552ee2,0894668002,0.025406779661016947,2
2020-08-20,f95e40d9d5f6deb8026594fbd7887697b11e9a4b5d2a64134f0f7831ec552ee2,0714790020,0.050830508474576264,2
2020-08-21,06657572990e8934ca031addf79524ca1aae7c1c35e0b15a30433a5b71118579,0850917004,0.01523728813559322,1
2020-08-21,06657572990e8934ca031addf79524ca1aae7c1c35e0b15a30433a5b71118579,0817352006,0.027101694915254236,1
2020-08-21,06657572990e8934ca031addf79524ca1aae7c1c35e0b15a30433a5b71118579,0890559001,0.01523728813559322,1
2020-08-21,06ece326eb806f75bdefa8655e2ff0d3c2861c6675864fbf708d086a51f795f9,0720504011,0.033881355932203386,2
2020-08-21,06ece326eb806f75bdefa8655e2ff0d3c2861c6675864fbf708d086a51f795f9,0720504010,0.033881355932203386,2
2020-08-21,0bfc425b05d6faae7f19bf16731331646354158427a3954575470c32d406d859,0866590001,0.05930508474576271,2
2020-08-21,0bfc425b05d6faae7f19bf16731331646354158427a3954575470c32d406d859,0834378004,0.10167796610169492,2
2020-08-21,0bfc425b05d6faae7f19bf16731331646354158427a3954575470c32d406d859,0889010003,0.03049152542372881,2
2020-08-21,0ce71502dff9ace78dab5e5b02cfd1f592f2b89d713823c01a2c875f5c20ad43,0923157001,0.05930508474576271,2
2020-08-21,0ce71502dff9ace78dab5e5b02cfd1f592f2b89d713823c01a2c875f5c20ad43,0923157001,0.05930508474576271,2
2020-08-21,144781cb72f33841363b6c5ea478a907afed243f5d899e96dbba762a36030123,0639448011,0.050830508474576264,2
2020-08-21,16374c39934a652a684349c94d737f770702e50a0f1970b6d2e51cdbc3733b5f,0855809001,0.025406779661016947,2
2020-08-21,16374c39934a652a684349c94d737f770702e50a0f1970b6d2e51cdbc3733b5f,0882264001,0.025406779661016947,2
2020-08-21,1ad94e3eddca289ea256a0e2d8c8fce85f7393412808b724304689f0bc789b45,0810557002,0.010152542372881357,1
2020-08-21,1b49cc1f8ee8d2fe1a61b5229b2cee506a016d6e14e750f6b0679987aa0c1672,0796658001,0.016932203389830508,1
2020-08-21,1b49cc1f8ee8d2fe1a61b5229b2cee506a016d6e14e750f6b0679987aa0c1672,0524529022,0.00676271186440678,1
2020-08-21,27f0773ec86c7f3faec6c6f6a8cd358c84210f4522fc3b623f66c8eb48923f91,0896152002,0.033881355932203386,1
2020-08-21,2abd7ae48cc5a4852f52ad4e7f1593784bf26823e7b43d499763fc12c135c58e,0556255001,0.00994915254237288,2
2020-08-21,2abd7ae48cc5a4852f52ad4e7f1593784bf26823e7b43d499763fc12c135c58e,0556255001,0.00994915254237288,2
2020-08-21,2abd7ae48cc5a4852f52ad4e7f1593784bf26823e7b43d499763fc12c135c58e,0562245018,0.01659322033898305,2
2020-08-21,2abd7ae48cc5a4852f52ad4e7f1593784bf26823e7b43d499763fc12c135c58e,0736870001,0.01659322033898305,2
2020-08-21,2abd7ae48cc5a4852f52ad4e7f1593784bf26823e7b43d499763fc12c135c58e,0806528007,0.04979661016949152,2
2020-08-21,2abd7ae48cc5a4852f52ad4e7f1593784bf26823e7b43d499763fc12c135c58e,0519583008,0.0331864406779661,2
2020-08-21,2abd7ae48cc5a4852f52ad4e7f1593784bf26823e7b43d499763fc12c135c58e,0562245050,0.021576271186440676,2
2020-08-21,2abd7ae48cc5a4852f52ad4e7f1593784bf26823e7b43d499763fc12c135c58e,0753802005,0.029864406779661016,2
2020-08-21,2abd7ae48cc5a4852f52ad4e7f1593784bf26823e7b43d499763fc12c135c58e,0746067003,0.00994915254237288,2
2020-08-21,2abd7ae48cc5a4852f52ad4e7f1593784bf26823e7b43d499763fc12c135c58e,0853394001,0.04149152542372882,2
2020-08-21,2abd7ae48cc5a4852f52ad4e7f1593784bf26823e7b43d499763fc12c135c58e,0842062003,0.0331864406779661,2
2020-08-21,2abd7ae48cc5a4852f52ad4e7f1593784bf26823e7b43d499763fc12c135c58e,0519583033,0.0331864406779661,2
2020-08-21,2abd7ae48cc5a4852f52ad4e7f1593784bf26823e7b43d499763fc12c135c58e,0748355002,0.021576271186440676,2
2020-08-21,2c53ebc305df4c5dc00ac464b2215d24bb85ffc6c91d2def567a5300815fac79,0554450047,0.016932203389830508,1
2020-08-21,2c53ebc305df4c5dc00ac464b2215d24bb85ffc6c91d2def567a5300815fac79,0805439001,0.00676271186440678,1
2020-08-21,2d9a2799c53722b65fd1ac995562742851937cf952cf61cea0fcd989c6e4cc55,0861514004,0.01523728813559322,1
2020-08-21,2f9c2b3cc9981cb19b9683d3d4db7e5f0ec405d977d52b5b1f50632cfe3ff024,0850224001,0.06947457627118644,2
2020-08-21,386e33e36a377561444c0d90e05ba5e387371f38a44a7c74b268fbaaf448dd9e,0819113001,0.03049152542372881,2
2020-08-21,386e33e36a377561444c0d90e05ba5e387371f38a44a7c74b268fbaaf448dd9e,0803969003,0.025406779661016947,2
2020-08-21,38853b20bfce5f9669449b439f79e177a834ef5512c4065eaa8142549d19f288,0822957002,0.025406779661016947,1
2020-08-21,393e1eddc113967328021b61602d1fe943d42515011029cd56b9e4c15efd5f5d,0823168006,0.016932203389830508,1
2020-08-21,393e1eddc113967328021b61602d1fe943d42515011029cd56b9e4c15efd5f5d,0833500002,0.011847457627118646,1
2020-08-21,3b56f358e3be152d0451dcbca42db4c114f1c51958ef78b71634c69e7721a987,0751567006,0.033881355932203386,1
2020-08-21,41f40ccab92fe8550d3d8769a83fde709bde4a710e7ad7231b0aac8991d63a6b,0876342001,0.30338983050847457,2
2020-08-21,4468a56ebf21cfa0160044f1b68a39ad75bee9b2935313c83f307750a9f2df9d,0871243003,0.03049152542372881,1
2020-08-21,4468a56ebf21cfa0160044f1b68a39ad75bee9b2935313c83f307750a9f2df9d,0833548001,0.035576271186440675,1
2020-08-21,4468a56ebf21cfa0160044f1b68a39ad75bee9b2935313c83f307750a9f2df9d,0878502001,0.022016949152542376,1
2020-08-21,45fb960912d6238db5538813c972e6cd2355dc9739536bd9d771247db8c9b7c6,0891591001,0.08472881355932205,2
2020-08-21,45fb960912d6238db5538813c972e6cd2355dc9739536bd9d771247db8c9b7c6,0891591001,0.08472881355932205,2
2020-08-21,5445d4cfa313d5b2a767c9755496d09d29150a43f507e2fda3c5bf6228c99775,0896152002,0.033881355932203386,2
2020-08-21,585825d31a32f467c4fc2809cf947a8f729ed8d38f0c125938da16716d695500,0776151001,0.042355932203389825,2
2020-08-21,585825d31a32f467c4fc2809cf947a8f729ed8d38f0c125938da16716d695500,0776151001,0.042355932203389825,2
2020-08-21,5feb16a17225ebd88d55ba3890d546608e1cab22534434ebbc553390ad5d602b,0915529003,0.033881355932203386,1
2020-08-21,5feb16a17225ebd88d55ba3890d546608e1cab22534434ebbc553390ad5d602b,0915526002,0.033881355932203386,1
2020-08-21,5feb16a17225ebd88d55ba3890d546608e1cab22534434ebbc553390ad5d602b,0818397005,0.033881355932203386,1
2020-08-21,64b290c86380f703eb2dc8773489bafa004cabbce63292ff0c225a8eb620b06e,0872000004,0.00676271186440678,1
2020-08-21,64b290c86380f703eb2dc8773489bafa004cabbce63292ff0c225a8eb620b06e,0852092002,0.03049152542372881,1
2020-08-21,64b290c86380f703eb2dc8773489bafa004cabbce63292ff0c225a8eb620b06e,0890585002,0.042355932203389825,1
2020-08-21,64b290c86380f703eb2dc8773489bafa004cabbce63292ff0c225a8eb620b06e,0890585001,0.042355932203389825,1
2020-08-21,64b290c86380f703eb2dc8773489bafa004cabbce63292ff0c225a8eb620b06e,0847862002,0.023711864406779665,1
2020-08-21,672ca87c4e6dccfc48fe21091602df8e66d3663c5551971fa7e9b58703e831b3,0921090003,0.025406779661016947,1
2020-08-21,672ca87c4e6dccfc48fe21091602df8e66d3663c5551971fa7e9b58703e831b3,0824997001,0.03049152542372881,1
2020-08-21,672ca87c4e6dccfc48fe21091602df8e66d3663c5551971fa7e9b58703e831b3,0768912001,0.016932203389830508,1
2020-08-21,672ca87c4e6dccfc48fe21091602df8e66d3663c5551971fa7e9b58703e831b3,0865929003,0.016932203389830508,1
2020-08-21,6a74502a1594fe831c1e3c2eb183af31ad21c55f0c55be2d82496e7071287de7,0871243002,0.03049152542372881,1
2020-08-21,6a74502a1594fe831c1e3c2eb183af31ad21c55f0c55be2d82496e7071287de7,0811835005,0.03049152542372881,1
2020-08-21,6a74502a1594fe831c1e3c2eb183af31ad21c55f0c55be2d82496e7071287de7,0687635019,0.016932203389830508,1
2020-08-21,6a74502a1594fe831c1e3c2eb183af31ad21c55f0c55be2d82496e7071287de7,0875826001,0.022016949152542376,1
2020-08-21,6de13f55d60b04bc858a001db3a05ab816eecb74eec2c3a73abe7b58988b002c,0896152003,0.03049152542372881,2
2020-08-21,6de13f55d60b04bc858a001db3a05ab816eecb74eec2c3a73abe7b58988b002c,0896152003,0.03049152542372881,2
2020-08-21,71f25dc68c73630d9e7f8fdcfb1c8a431c31c735db28d454f9375facc08690be,0832359002,0.014389830508474576,1
2020-08-21,725f015ffbcc950fb1268d38b48d4861b8a1980333a7c4029e7cdab8585a0574,0721390003,0.033881355932203386,1
2020-08-21,725f015ffbcc950fb1268d38b48d4861b8a1980333a7c4029e7cdab8585a0574,0795836004,0.033881355932203386,1
2020-08-21,725f015ffbcc950fb1268d38b48d4861b8a1980333a7c4029e7cdab8585a0574,0766402030,0.050830508474576264,1
2020-08-21,725f015ffbcc950fb1268d38b48d4861b8a1980333a7c4029e7cdab8585a0574,0795836006,0.033881355932203386,1
2020-08-21,7733ddc8bedbdfc9a80250adaab697e3d60abd9f9eff9d7a651b3a5493eac800,0830581003,0.016932203389830508,1
2020-08-21,7733ddc8bedbdfc9a80250adaab697e3d60abd9f9eff9d7a651b3a5493eac800,0832036001,0.016932203389830508,1
2020-08-21,7733ddc8bedbdfc9a80250adaab697e3d60abd9f9eff9d7a651b3a5493eac800,0832036002,0.016932203389830508,1
2020-08-21,7b28e85e353dde6db94f724fb85cd7da570664a2d8eb85d9a680b3858e9cba9c,0894763002,0.21864406779661016,2
2020-08-21,7b28e85e353dde6db94f724fb85cd7da570664a2d8eb85d9a680b3858e9cba9c,0924250001,0.050830508474576264,2
2020-08-21,80c2917e3430c77d8828eaf18d6370d929c377cde77204d930e59b6dcc6175c7,0862482005,0.013542372881355931,2
2020-08-21,85729b8e57827512c30ff24ecc811400e381e5bf853fa68fbd1b9dac1af8daf6,0848324002,0.016932203389830508,2
2020-08-21,85729b8e57827512c30ff24ecc811400e381e5bf853fa68fbd1b9dac1af8daf6,0867365002,0.022016949152542376,2
2020-08-21,8817abc1686c22d65d4af00dc698c19801a884c60ed2ba572e19bd268bc4899d,0831684005,0.08472881355932205,2
2020-08-21,8879a01a85c11545b7e3a510c3683c5ad8f54eb1b85e2b488fd851584e332517,0738590006,0.050830508474576264,2
2020-08-21,88d5da0b609c2fad13c403dc5149e80337549e997b72ef210c89a3d80177e107,0895993001,0.011847457627118646,1
2020-08-21,88d5da0b609c2fad13c403dc5149e80337549e997b72ef210c89a3d80177e107,0554598066,0.016932203389830508,1
2020-08-21,88d5da0b609c2fad13c403dc5149e80337549e997b72ef210c89a3d80177e107,0554598066,0.016932203389830508,1
2020-08-21,8f7e7cc53024d3869dbe54dca06d7880a26552f33f20b00832550d32c09a3573,0599718016,0.03049152542372881,1
2020-08-21,8f7e7cc53024d3869dbe54dca06d7880a26552f33f20b00832550d32c09a3573,0490113017,0.042355932203389825,1
2020-08-21,8f7e7cc53024d3869dbe54dca06d7880a26552f33f20b00832550d32c09a3573,0806131002,0.033881355932203386,1
2020-08-21,8f7e7cc53024d3869dbe54dca06d7880a26552f33f20b00832550d32c09a3573,0690936006,0.050830508474576264,1
2020-08-21,8fa213ec6299a8075a6e01516f4f6d57075dba670fef6fc85b8ec91e2fbea3b2,0913954001,0.00676271186440678,1
2020-08-21,939f1f24cd4f802504efcd4ade532594809bd6888c88ed852e7e286756fc8440,0926502001,0.05930508474576271,1
2020-08-21,939f1f24cd4f802504efcd4ade532594809bd6888c88ed852e7e286756fc8440,0888024004,0.08472881355932205,1
2020-08-21,939f1f24cd4f802504efcd4ade532594809bd6888c88ed852e7e286756fc8440,0887654002,0.018627118644067797,1
2020-08-21,9882cf6a6b72cf44860e2051af370bd62450fa14e5c44e9294d1fd19a0f17721,0448509014,0.042355932203389825,2
2020-08-21,9882cf6a6b72cf44860e2051af370bd62450fa14e5c44e9294d1fd19a0f17721,0448509018,0.042355932203389825,2
2020-08-21,98aea0239a95433350f59513e76d361e7fde64222a936a1f5695dc59a63705ad,0301227002,0.025406779661016947,2
2020-08-21,9eba75cc7f57461ee45e0bf49012e4646ff44cbfc0cf9dd3163d008386124b96,0829438001,0.012203389830508475,1
2020-08-21,9eba75cc7f57461ee45e0bf49012e4646ff44cbfc0cf9dd3163d008386124b96,0808687001,0.012186440677966101,1
2020-08-21,9edf420137725a51ae994da418053c2fc4e495aa6d5ef3fcc15a07224f9a3f2e,0889416002,0.016932203389830508,2
2020-08-21,9edf420137725a51ae994da418053c2fc4e495aa6d5ef3fcc15a07224f9a3f2e,0817401001,0.022016949152542376,2
2020-08-21,9edf420137725a51ae994da418053c2fc4e495aa6d5ef3fcc15a07224f9a3f2e,0817472004,0.00676271186440678,2
2020-08-21,9edf420137725a51ae994da418053c2fc4e495aa6d5ef3fcc15a07224f9a3f2e,0878756003,0.01523728813559322,2
2020-08-21,a875520443554e3490f3c4fa66703fdef92eae7189a541d45a75602ae5129da8,0900235003,0.01523728813559322,2
2020-08-21,a875520443554e3490f3c4fa66703fdef92eae7189a541d45a75602ae5129da8,0886569004,0.008457627118644067,2
2020-08-21,ae5f7aea2932648ab635ae2c9966dd550e471f82529a8d32c61986e7fcf89a37,0918292004,0.042355932203389825,2
2020-08-21,ae5f7aea2932648ab635ae2c9966dd550e471f82529a8d32c61986e7fcf89a37,0914537002,0.025406779661016947,2
2020-08-21,ae9a33d2c41892076d92969091e273a0b5e182cbc29c75efc0f36d5d61ee153c,0779781006,0.03811864406779661,1
2020-08-21,ae9a33d2c41892076d92969091e273a0b5e182cbc29c75efc0f36d5d61ee153c,0568597007,0.03811864406779661,1
2020-08-21,ae9a33d2c41892076d92969091e273a0b5e182cbc29c75efc0f36d5d61ee153c,0921226002,0.01523728813559322,1
2020-08-21,ae9a33d2c41892076d92969091e273a0b5e182cbc29c75efc0f36d5d61ee153c,0896064002,0.04576271186440678,1
2020-08-21,ae9a33d2c41892076d92969091e273a0b5e182cbc29c75efc0f36d5d61ee153c,0770315008,0.01523728813559322,1
2020-08-21,ae9a33d2c41892076d92969091e273a0b5e182cbc29c75efc0f36d5d61ee153c,0770315006,0.01523728813559322,1
2020-08-21,b0bb7f8b55416a707a2401fc93192d3a16312cb7f1e2d182ce2c8f9c754e5ce0,0866731003,0.025406779661016947,2
2020-08-21,b0bb7f8b55416a707a2401fc93192d3a16312cb7f1e2d182ce2c8f9c754e5ce0,0915292001,0.025406779661016947,2
2020-08-21,b10f43de2cdb36839eecccc7439d882a03679f74612495421486058ec5115c05,0894457002,0.03264406779661017,2
2020-08-21,b10f43de2cdb36839eecccc7439d882a03679f74612495421486058ec5115c05,0892791005,0.049,2
2020-08-21,b10f43de2cdb36839eecccc7439d882a03679f74612495421486058ec5115c05,0859136002,0.03264406779661017,2
2020-08-21,b10f43de2cdb36839eecccc7439d882a03679f74612495421486058ec5115c05,0859136002,0.03264406779661017,2
2020-08-21,b10f43de2cdb36839eecccc7439d882a03679f74612495421486058ec5115c05,0872378006,0.03264406779661017,2
2020-08-21,b2c20d4ab67123c5923524f0d1be0988924c4ec9a91378259182095496cd3acd,0473954008,0.013542372881355931,1
2020-08-21,b2c20d4ab67123c5923524f0d1be0988924c4ec9a91378259182095496cd3acd,0473954015,0.013542372881355931,1
2020-08-21,b2dfc84cfde042d2d109b9e5bdfbbbe80fec63dca4b96914a633c2804a78b25c,0826508001,0.016932203389830508,1
2020-08-21,b2dfc84cfde042d2d109b9e5bdfbbbe80fec63dca4b96914a633c2804a78b25c,0859805004,0.025406779661016947,1
2020-08-21,b2fd9bba475270b42446278a1dda14e79a2244a40efc1111316a70f20b637021,0836142003,0.016932203389830508,2
2020-08-21,b2fd9bba475270b42446278a1dda14e79a2244a40efc1111316a70f20b637021,0751471041,0.033881355932203386,2
2020-08-21,b4ed484c5de5afa66e514a0cdb2f17efb2a8bd28829c1161a446aa24ee933298,0739144004,0.010152542372881357,1
2020-08-21,b4ed484c5de5afa66e514a0cdb2f17efb2a8bd28829c1161a446aa24ee933298,0832475002,0.018627118644067797,1
2020-08-21,b67f837781f6ee1121cf9abf2efe2322d5a61dfb20c94ebdef7cb1f55bd599a5,0896152002,0.033881355932203386,2
2020-08-21,b67f837781f6ee1121cf9abf2efe2322d5a61dfb20c94ebdef7cb1f55bd599a5,0808021008,0.042355932203389825,2
2020-08-21,b67f837781f6ee1121cf9abf2efe2322d5a61dfb20c94ebdef7cb1f55bd599a5,0903333001,0.033881355932203386,2
2020-08-21,b67f837781f6ee1121cf9abf2efe2322d5a61dfb20c94ebdef7cb1f55bd599a5,0915611004,0.033881355932203386,2
2020-08-21,b845919ba96fae9c8acfe07da363fed6cb5762ba85248ea3e08d59bfcc7d4b19,0888733011,0.025406779661016947,2
2020-08-21,b845919ba96fae9c8acfe07da363fed6cb5762ba85248ea3e08d59bfcc7d4b19,0932365006,0.033881355932203386,2
2020-08-21,b845919ba96fae9c8acfe07da363fed6cb5762ba85248ea3e08d59bfcc7d4b19,0881350001,0.03049152542372881,2
2020-08-21,bf9a051f6cff83e3f2d79852e41add7ab8732876329f4985639006edcbdb7fde,0834020001,0.008457627118644067,1
2020-08-21,bf9a051f6cff83e3f2d79852e41add7ab8732876329f4985639006edcbdb7fde,0903918001,0.011847457627118646,1
2020-08-21,c237500faa3ca1f714751d21ed9117cc77a917b74e28982595952b8c0ee20b71,0916468001,0.033881355932203386,1
2020-08-21,c237500faa3ca1f714751d21ed9117cc77a917b74e28982595952b8c0ee20b71,0913688003,0.033881355932203386,1
2020-08-21,c237500faa3ca1f714751d21ed9117cc77a917b74e28982595952b8c0ee20b71,0900659001,0.01523728813559322,1
2020-08-21,c311a88b89461b310e44b973d91a163230edd595bb8c36e059dfa65c0ccbe214,0874035006,0.016932203389830508,1
2020-08-21,c311a88b89461b310e44b973d91a163230edd595bb8c36e059dfa65c0ccbe214,0817491006,0.033881355932203386,1
2020-08-21,cca7c5c3c73108603846722ec00331813df224d3f1784e41deb42ab8895cb309,0816598008,0.042355932203389825,1
2020-08-21,cca7c5c3c73108603846722ec00331813df224d3f1784e41deb42ab8895cb309,0918292001,0.042355932203389825,1
2020-08-21,cca7c5c3c73108603846722ec00331813df224d3f1784e41deb42ab8895cb309,0820572001,0.03049152542372881,1
2020-08-21,cca7c5c3c73108603846722ec00331813df224d3f1784e41deb42ab8895cb309,0372860002,0.013542372881355931,1
2020-08-21,d25db246c72d13d6a1e2c3806d081091819bd8c7dd1233e4a611cea2c7a1b344,0857030003,0.08472881355932205,2
2020-08-21,d6b0d238ff888d095c31a7226cf5d798f894c1a2aff628b830f593f56b21b55e,0787736002,0.01523728813559322,1
2020-08-21,d7a718eb413ce9bc34669bcd17df56b67fce90c612e5654631c9f6f464dc14ad,0864116002,0.016932203389830508,2
2020-08-21,d7a718eb413ce9bc34669bcd17df56b67fce90c612e5654631c9f6f464dc14ad,0886197001,0.01523728813559322,2
2020-08-21,d995e07977fb34ae9f25e685db6bc45e74e49e19788b4f8ae6cb015609aa7bed,0842607001,0.025406779661016947,1
2020-08-21,e03aa213d463281884d73aa2e61c3bbe3de03cfca19f709fb1376080dd625121,0772934005,0.050830508474576264,2
2020-08-21,e03aa213d463281884d73aa2e61c3bbe3de03cfca19f709fb1376080dd625121,0898848001,0.050830508474576264,2
2020-08-21,ee8ee9bdea32fde6307048d5a5e077ddc0ab7fa8e14ec78a3b56f5badf739b3d,0667409001,0.002694915254237288,1
2020-08-21,ee8ee9bdea32fde6307048d5a5e077ddc0ab7fa8e14ec78a3b56f5badf739b3d,0744306002,0.011847457627118646,1
2020-08-21,f23627bc78ed44face689882508132bbf59de8c73a2dc6bed57dc3853735a062,0863595006,0.033881355932203386,2
2020-08-21,f23627bc78ed44face689882508132bbf59de8c73a2dc6bed57dc3853735a062,0874754002,0.033881355932203386,2
2020-08-21,f23627bc78ed44face689882508132bbf59de8c73a2dc6bed57dc3853735a062,0863646003,0.033881355932203386,2
2020-08-21,f23627bc78ed44face689882508132bbf59de8c73a2dc6bed57dc3853735a062,0879088001,0.042355932203389825,2
2020-08-21,fdbb81d2ee75e00be675232917086b1b69cd789991f1fb1ea60c8234a9a0ad4f,0811500002,0.03049152542372881,1
2020-08-21,fdbb81d2ee75e00be675232917086b1b69cd789991f1fb1ea60c8234a9a0ad4f,0820613001,0.025406779661016947,1
2020-08-21,fdbb81d2ee75e00be675232917086b1b69cd789991f1fb1ea60c8234a9a0ad4f,0757303021,0.03049152542372881,1
2020-08-22,0974d0bebb275538e0bff0bbe3c1882358ccdd5f9a2320f13b20b584d22e223e,0809883005,0.016932203389830508,1
2020-08-22,0974d0bebb275538e0bff0bbe3c1882358ccdd5f9a2320f13b20b584d22e223e,0835008005,0.050830508474576264,1
2020-08-22,09941f34675d187b9a321d5198f402581f9bc7b2d497b84ba7cb17c331132f0e,0783707106,0.0033728813559322033,1
2020-08-22,09941f34675d187b9a321d5198f402581f9bc7b2d497b84ba7cb17c331132f0e,0783707112,0.0033728813559322033,1
2020-08-22,09941f34675d187b9a321d5198f402581f9bc7b2d497b84ba7cb17c331132f0e,0783707089,0.003389830508474576,1
2020-08-22,0f1614d8fcce5f170a292a1ef8f5cb9e8a2202154b0cedd42c1f861d471cbc7e,0822311011,0.013542372881355931,2
2020-08-22,0f1614d8fcce5f170a292a1ef8f5cb9e8a2202154b0cedd42c1f861d471cbc7e,0803468002,0.025406779661016947,2
2020-08-22,0f1614d8fcce5f170a292a1ef8f5cb9e8a2202154b0cedd42c1f861d471cbc7e,0822344008,0.033881355932203386,2
2020-08-22,0f1614d8fcce5f170a292a1ef8f5cb9e8a2202154b0cedd42c1f861d471cbc7e,0923157001,0.05930508474576271,2
2020-08-22,0f6f181b3039d6c5ff6afdf92261c8dd84a68d044bb226f7196be5f68b4950ab,0516000087,0.016932203389830508,1
2020-08-22,0f6f181b3039d6c5ff6afdf92261c8dd84a68d044bb226f7196be5f68b4950ab,0872378003,0.016932203389830508,1
2020-08-22,0f6f181b3039d6c5ff6afdf92261c8dd84a68d044bb226f7196be5f68b4950ab,0823791013,0.035576271186440675,1
2020-08-22,0f6f181b3039d6c5ff6afdf92261c8dd84a68d044bb226f7196be5f68b4950ab,0717490057,0.008457627118644067,1
2020-08-22,0f6f181b3039d6c5ff6afdf92261c8dd84a68d044bb226f7196be5f68b4950ab,0717490081,0.008457627118644067,1
2020-08-22,14284891cf7737b79b7c9c49566b9c0c9f58856d94137f3aee6ebc7b52804972,0855216002,0.013542372881355931,1
2020-08-22,14284891cf7737b79b7c9c49566b9c0c9f58856d94137f3aee6ebc7b52804972,0740922001,0.025406779661016947,1
2020-08-22,1e15eef82f867c7ab9dfeb9bfbe7c549432a32ad33fd37320761c571941edb8a,0751994014,0.050830508474576264,2
2020-08-22,1e15eef82f867c7ab9dfeb9bfbe7c549432a32ad33fd37320761c571941edb8a,0730863005,0.050830508474576264,2
2020-08-22,1fe60f6bdbfb4a1355b394dcc4da7630bd22f17ad70b0b63fd9017fe3dc90fdf,0850244001,0.0033728813559322033,1
2020-08-22,1fe60f6bdbfb4a1355b394dcc4da7630bd22f17ad70b0b63fd9017fe3dc90fdf,0803609002,0.010152542372881357,1
2020-08-22,205d77acab6bcfaa3cc81b09e78c5cc9a1e60dde229355a77c7cc01c840c8239,0920414002,0.013542372881355931,2
2020-08-22,205d77acab6bcfaa3cc81b09e78c5cc9a1e60dde229355a77c7cc01c840c8239,0920414001,0.013542372881355931,2
2020-08-22,2063c742e3f06055270e17ec7ca662c1d21f97584160e5640b0442d06c917199,0855080005,0.025406779661016947,1
2020-08-22,2063c742e3f06055270e17ec7ca662c1d21f97584160e5640b0442d06c917199,0612800009,0.033881355932203386,1
2020-08-22,29ac4afda880b47e78da2d17fa0b61d89beb67a3b9d0c29586d24fe79c612a79,0827760001,0.033881355932203386,1
2020-08-22,32d6de7dac8f8c53750a1ef0495d1a2b39eb0a4a1b8279c55989efd7b31c78e1,0941005005,0.01083050847457627,2
2020-08-22,32d6de7dac8f8c53750a1ef0495d1a2b39eb0a4a1b8279c55989efd7b31c78e1,0890554002,0.017610169491525426,2
2020-08-22,32d6de7dac8f8c53750a1ef0495d1a2b39eb0a4a1b8279c55989efd7b31c78e1,0759814035,0.02711864406779661,2
2020-08-22,32d6de7dac8f8c53750a1ef0495d1a2b39eb0a4a1b8279c55989efd7b31c78e1,0748355012,0.017610169491525426,2
2020-08-22,32d6de7dac8f8c53750a1ef0495d1a2b39eb0a4a1b8279c55989efd7b31c78e1,0890554001,0.017610169491525426,2
2020-08-22,3466b0da1cf93281ad7b442727050a4c0bc709531a84ea73c2bd7e6af3caeb84,0863456001,0.025406779661016947,1
2020-08-22,3466b0da1cf93281ad7b442727050a4c0bc709531a84ea73c2bd7e6af3caeb84,0636207005,0.033881355932203386,1
2020-08-22,36fc30cb36f890a676e03da5b72fe90008df40d4fca3cadff7decbb2bf188e9f,0791587015,0.024559322033898306,2
2020-08-22,36fc30cb36f890a676e03da5b72fe90008df40d4fca3cadff7decbb2bf188e9f,0914453001,0.04094915254237288,2
2020-08-22,36fc30cb36f890a676e03da5b72fe90008df40d4fca3cadff7decbb2bf188e9f,0914453001,0.04094915254237288,2
2020-08-22,36fc30cb36f890a676e03da5b72fe90008df40d4fca3cadff7decbb2bf188e9f,0868195004,0.024559322033898306,2
2020-08-22,36fc30cb36f890a676e03da5b72fe90008df40d4fca3cadff7decbb2bf188e9f,0809961007,0.032745762711864405,2
2020-08-22,36fc30cb36f890a676e03da5b72fe90008df40d4fca3cadff7decbb2bf188e9f,0809961007,0.032745762711864405,2
2020-08-22,3790d1d08d704165641ef6d3e6e9e1160970e42b38d047234c8205692fe3d55e,0877961021,0.0015254237288135593,1
2020-08-22,3790d1d08d704165641ef6d3e6e9e1160970e42b38d047234c8205692fe3d55e,0877961017,0.0015084745762711865,1
2020-08-22,3b5badffd330df8591ee720ead8ca459bb4aa0135c5e2e0f97b71a3177d77b86,0309864013,0.016932203389830508,1
2020-08-22,3b5badffd330df8591ee720ead8ca459bb4aa0135c5e2e0f97b71a3177d77b86,0309864012,0.016932203389830508,1
2020-08-22,3f368c6eccc8b908a0da517b134c79eb7feb70e356885e4a39be444cf0ed56f6,0806388003,0.013542372881355931,1
2020-08-22,3f368c6eccc8b908a0da517b134c79eb7feb70e356885e4a39be444cf0ed56f6,0806388001,0.013542372881355931,1
2020-08-22,42d28c13776b342ffc13d27460087121144c8ea85967b04f855f49fbf201f848,0685814005,0.033881355932203386,2
2020-08-22,469dddbdc4f12ed5607d429e8d5ef1eea67921462dfb5fdc9d3ad2b225c13aad,0160442007,0.013542372881355931,1
2020-08-22,482e3a586dc7c36b82cdc458b5ac87b21b32a1f32b1ca65bb46a7092c5e6fc19,0906305001,0.033881355932203386,1
2020-08-22,482e3a586dc7c36b82cdc458b5ac87b21b32a1f32b1ca65bb46a7092c5e6fc19,0911870001,0.033881355932203386,1
2020-08-22,4c4e798637af05990741f9f10d3b0fa8769547e75bd1c1dddbefd4219f151c17,0473954008,0.016932203389830508,1
2020-08-22,4c4e798637af05990741f9f10d3b0fa8769547e75bd1c1dddbefd4219f151c17,0903306001,0.016932203389830508,1
2020-08-22,4c4e798637af05990741f9f10d3b0fa8769547e75bd1c1dddbefd4219f151c17,0851010008,0.016932203389830508,1
2020-08-22,4c4e798637af05990741f9f10d3b0fa8769547e75bd1c1dddbefd4219f151c17,0700758017,0.022016949152542376,1
2020-08-22,4d66bd4e141584a9ffbd55d5d0ffdefa46461206c5b0c74566b3a751530df008,0729860002,0.01523728813559322,2
2020-08-22,4d66bd4e141584a9ffbd55d5d0ffdefa46461206c5b0c74566b3a751530df008,0436261001,0.016932203389830508,2
2020-08-22,4d66bd4e141584a9ffbd55d5d0ffdefa46461206c5b0c74566b3a751530df008,0436261001,0.016932203389830508,2
2020-08-22,4d66bd4e141584a9ffbd55d5d0ffdefa46461206c5b0c74566b3a751530df008,0652730013,0.050830508474576264,2
2020-08-22,4d66bd4e141584a9ffbd55d5d0ffdefa46461206c5b0c74566b3a751530df008,0870611002,0.01523728813559322,2
2020-08-22,55859ce9a7c9c357d4893c8f5d73a95f4274316eaa3a1fba0f5ba12e0ff346de,0879096001,0.016932203389830508,2
2020-08-22,55859ce9a7c9c357d4893c8f5d73a95f4274316eaa3a1fba0f5ba12e0ff346de,0567638017,0.010152542372881357,2
2020-08-22,55859ce9a7c9c357d4893c8f5d73a95f4274316eaa3a1fba0f5ba12e0ff346de,0763275002,0.008457627118644067,2
2020-08-22,55859ce9a7c9c357d4893c8f5d73a95f4274316eaa3a1fba0f5ba12e0ff346de,0763275024,0.008457627118644067,2
2020-08-22,55ed0071844c5507450114553dcf226b5d7e7ed9ef53357ed95ee814c5659200,0803757015,0.014389830508474576,1
2020-08-22,6410394c55a8fa9bf37c9c01353a3431e68c464dd567acf826b8933fb97e9120,0918292004,0.042355932203389825,2
2020-08-22,6410394c55a8fa9bf37c9c01353a3431e68c464dd567acf826b8933fb97e9120,0730683050,0.042355932203389825,2
2020-08-22,6410394c55a8fa9bf37c9c01353a3431e68c464dd567acf826b8933fb97e9120,0865086006,0.042355932203389825,2
2020-08-22,6410394c55a8fa9bf37c9c01353a3431e68c464dd567acf826b8933fb97e9120,0804992014,0.025406779661016947,2
2020-08-22,6410394c55a8fa9bf37c9c01353a3431e68c464dd567acf826b8933fb97e9120,0719957006,0.022016949152542376,2
2020-08-22,6410394c55a8fa9bf37c9c01353a3431e68c464dd567acf826b8933fb97e9120,0791587001,0.025406779661016947,2
2020-08-22,6410394c55a8fa9bf37c9c01353a3431e68c464dd567acf826b8933fb97e9120,0866455003,0.016932203389830508,2
2020-08-22,6410394c55a8fa9bf37c9c01353a3431e68c464dd567acf826b8933fb97e9120,0875073004,0.022016949152542376,2
2020-08-22,6c4b2ea7ff8c0648071277a53dbbe015bd1ab2fbd478fe079231950408397624,0896152003,0.033881355932203386,1
2020-08-22,6c8b612f3fde6051e9389a481968b447165d4b811127d12cc6a114a61f7304d3,0869976001,0.06777966101694916,1
2020-08-22,7141c3a3051b58eeb8bc9e0a45d2612434982d9e066db6c4305b84f37421406a,0859737003,0.025406779661016947,1
2020-08-22,7141c3a3051b58eeb8bc9e0a45d2612434982d9e066db6c4305b84f37421406a,0927069001,0.008457627118644067,1
2020-08-22,7a9bbda83b42ecee5d13ca073d3d7ac0983cd5891c1f00f5dc12f378c88385f2,0869379002,0.03049152542372881,1
2020-08-22,7a9bbda83b42ecee5d13ca073d3d7ac0983cd5891c1f00f5dc12f378c88385f2,0865929003,0.01523728813559322,1
2020-08-22,7ce7a83a47e00f86818f1b93e2ce9a249d5a4772b646bb2ec37ffe33f2d3af3b,0863583001,0.033881355932203386,2
2020-08-22,8071cf623dab32826f140bf55ccb0755f515aaeff70c6386bd7cc2a559b65962,0838687004,0.014389830508474576,1
2020-08-22,8071cf623dab32826f140bf55ccb0755f515aaeff70c6386bd7cc2a559b65962,0854687004,0.028796610169491522,1
2020-08-22,80d833bd71f07272e482bd7b083d02abbae8e0821fb192eb32c17e1809dcd536,0896152003,0.033881355932203386,2
2020-08-22,80d833bd71f07272e482bd7b083d02abbae8e0821fb192eb32c17e1809dcd536,0750481004,0.033881355932203386,2
2020-08-22,83020e7b51a6e19553c22eecd22e3be957cf45ae71b28e36dc1557c19ab007e0,0871243002,0.03049152542372881,1
2020-08-22,83020e7b51a6e19553c22eecd22e3be957cf45ae71b28e36dc1557c19ab007e0,0832795001,0.03049152542372881,1
2020-08-22,830fb946700b7cd2ce9464754e4bf6baee23cb3077cfe9d07eb9b501961cfcb8,0907702001,0.016932203389830508,1
2020-08-22,830fb946700b7cd2ce9464754e4bf6baee23cb3077cfe9d07eb9b501961cfcb8,0903357001,0.033881355932203386,1
2020-08-22,830fb946700b7cd2ce9464754e4bf6baee23cb3077cfe9d07eb9b501961cfcb8,0610776073,0.008457627118644067,1
2020-08-22,830fb946700b7cd2ce9464754e4bf6baee23cb3077cfe9d07eb9b501961cfcb8,0859737004,0.025406779661016947,1
2020-08-22,830fb946700b7cd2ce9464754e4bf6baee23cb3077cfe9d07eb9b501961cfcb8,0829991004,0.010152542372881357,1
2020-08-22,8a61a06d8a68338c1f40086a62164d89c303f8ba2a30c5011061c631911ace90,0562245018,0.016932203389830508,2
2020-08-22,8a61a06d8a68338c1f40086a62164d89c303f8ba2a30c5011061c631911ace90,0562245099,0.033881355932203386,2
2020-08-22,8a61a06d8a68338c1f40086a62164d89c303f8ba2a30c5011061c631911ace90,0562245099,0.033881355932203386,2
2020-08-22,8a61a06d8a68338c1f40086a62164d89c303f8ba2a30c5011061c631911ace90,0562245088,0.01523728813559322,2
2020-08-22,8a61a06d8a68338c1f40086a62164d89c303f8ba2a30c5011061c631911ace90,0562245088,0.01523728813559322,2
2020-08-22,8a61a06d8a68338c1f40086a62164d89c303f8ba2a30c5011061c631911ace90,0871710001,0.033881355932203386,2
2020-08-22,8a61a06d8a68338c1f40086a62164d89c303f8ba2a30c5011061c631911ace90,0885543003,0.033881355932203386,2
2020-08-22,8a61a06d8a68338c1f40086a62164d89c303f8ba2a30c5011061c631911ace90,0762846006,0.025406779661016947,2
2020-08-22,8a61a06d8a68338c1f40086a62164d89c303f8ba2a30c5011061c631911ace90,0918813001,0.033881355932203386,2
2020-08-22,8a61a06d8a68338c1f40086a62164d89c303f8ba2a30c5011061c631911ace90,0871517013,0.025406779661016947,2
2020-08-22,8a61a06d8a68338c1f40086a62164d89c303f8ba2a30c5011061c631911ace90,0874891002,0.033881355932203386,2
2020-08-22,8a61a06d8a68338c1f40086a62164d89c303f8ba2a30c5011061c631911ace90,0752814022,0.033881355932203386,2
2020-08-22,8a61a06d8a68338c1f40086a62164d89c303f8ba2a30c5011061c631911ace90,0752814022,0.033881355932203386,2
2020-08-22,8a61a06d8a68338c1f40086a62164d89c303f8ba2a30c5011061c631911ace90,0871517001,0.025406779661016947,2
2020-08-22,8a61a06d8a68338c1f40086a62164d89c303f8ba2a30c5011061c631911ace90,0871517001,0.025406779661016947,2
2020-08-22,8a61a06d8a68338c1f40086a62164d89c303f8ba2a30c5011061c631911ace90,0751471043,0.033881355932203386,2
2020-08-22,8a61a06d8a68338c1f40086a62164d89c303f8ba2a30c5011061c631911ace90,0751471043,0.033881355932203386,2
2020-08-22,8a61a06d8a68338c1f40086a62164d89c303f8ba2a30c5011061c631911ace90,0877273002,0.033881355932203386,2
2020-08-22,8a61a06d8a68338c1f40086a62164d89c303f8ba2a30c5011061c631911ace90,0877273002,0.033881355932203386,2
2020-08-22,8a61a06d8a68338c1f40086a62164d89c303f8ba2a30c5011061c631911ace90,0817047001,0.050830508474576264,2
2020-08-22,8d492227cf81ee6525cd96e89628a969d8f0d83a16bf84059ed01590de813e78,0892051005,0.025406779661016947,2
2020-08-22,8d492227cf81ee6525cd96e89628a969d8f0d83a16bf84059ed01590de813e78,0892051005,0.033881355932203386,2
2020-08-22,8f69683de07f5c3feba9ce72f325bc63b7507febc8195ac18d77b82c05228335,0559616013,0.025406779661016947,2
2020-08-22,8f69683de07f5c3feba9ce72f325bc63b7507febc8195ac18d77b82c05228335,0894140006,0.022016949152542376,2
2020-08-22,8f69683de07f5c3feba9ce72f325bc63b7507febc8195ac18d77b82c05228335,0723529001,0.025406779661016947,2
2020-08-22,8f69683de07f5c3feba9ce72f325bc63b7507febc8195ac18d77b82c05228335,0833499006,0.011847457627118646,2
2020-08-22,8f69683de07f5c3feba9ce72f325bc63b7507febc8195ac18d77b82c05228335,0811925009,0.03049152542372881,2
2020-08-22,8f7e7cc53024d3869dbe54dca06d7880a26552f33f20b00832550d32c09a3573,0690936006,0.050830508474576264,1
2020-08-22,93f89b69c411fc5546d764ce992a47200871a8122cc8af1a0e84523fa9b20041,0906635001,0.013542372881355931,1
2020-08-22,93f89b69c411fc5546d764ce992a47200871a8122cc8af1a0e84523fa9b20041,0906635001,0.013542372881355931,1
2020-08-22,93f89b69c411fc5546d764ce992a47200871a8122cc8af1a0e84523fa9b20041,0887770005,0.016932203389830508,1
2020-08-22,967aa46f34791a7e74c7fc9a28953f99ab5d52834eb206e6727939a7256c05e9,0851110001,0.01523728813559322,1
2020-08-22,967aa46f34791a7e74c7fc9a28953f99ab5d52834eb206e6727939a7256c05e9,0859208005,0.005474576271186441,1
2020-08-22,967aa46f34791a7e74c7fc9a28953f99ab5d52834eb206e6727939a7256c05e9,0860646002,0.007610169491525424,1
2020-08-22,967aa46f34791a7e74c7fc9a28953f99ab5d52834eb206e6727939a7256c05e9,0570189003,0.011440677966101695,1
2020-08-22,9870a04b2814402752fac17bae665626b9e70c98d42b9a6653df23dd05c4b6d4,0860525007,0.010152542372881357,1
2020-08-22,9870a04b2814402752fac17bae665626b9e70c98d42b9a6653df23dd05c4b6d4,0761323002,0.008457627118644067,1
2020-08-22,9870a04b2814402752fac17bae665626b9e70c98d42b9a6653df23dd05c4b6d4,0819423002,0.01523728813559322,1
2020-08-22,9870a04b2814402752fac17bae665626b9e70c98d42b9a6653df23dd05c4b6d4,0819423004,0.01523728813559322,1
2020-08-22,9931d49962795a63be97e442ce0ab5668d8aac7b97c9834fa960370737574643,0916468003,0.033881355932203386,2
2020-08-22,9a9114e50d6798cbeb9c2bb37760a5f56f810d93f5f67087dc651bd41d223c21,0874113024,0.016932203389830508,1
2020-08-22,9df3aa765a2111e26c5983127809977b5ae178e6244d7c9234dc0c3454ba8904,0715410001,0.018627118644067797,1
2020-08-22,9e686266ae2cec12f53fe51ddd58c16ff55fa8da0f5039fcba10525847dce196,0372860002,0.013542372881355931,2
2020-08-22,9e686266ae2cec12f53fe51ddd58c16ff55fa8da0f5039fcba10525847dce196,0372860002,0.013542372881355931,2
2020-08-22,a3562678363922fe547852c790b551efde6dcc45e9d23451fb4a694f0da40457,0833530003,0.016932203389830508,2
2020-08-22,a3562678363922fe547852c790b551efde6dcc45e9d23451fb4a694f0da40457,0872002001,0.011847457627118646,2
2020-08-22,a3562678363922fe547852c790b551efde6dcc45e9d23451fb4a694f0da40457,0833499003,0.025406779661016947,2
2020-08-22,a504ae296622af7f115689a1dbd53587d743a1cc38615a0db7d18632eab85ac1,0695545007,0.01523728813559322,2
2020-08-22,a504ae296622af7f115689a1dbd53587d743a1cc38615a0db7d18632eab85ac1,0881497001,0.042355932203389825,2
2020-08-22,a504ae296622af7f115689a1dbd53587d743a1cc38615a0db7d18632eab85ac1,0608007001,0.025406779661016947,2
2020-08-22,a504ae296622af7f115689a1dbd53587d743a1cc38615a0db7d18632eab85ac1,0869442001,0.03049152542372881,2
2020-08-22,a5e57c9155542650b871d176ec970c800c2958c4cb29b772f01990ebfbc2cacb,0919786001,0.042355932203389825,2
2020-08-22,a5e57c9155542650b871d176ec970c800c2958c4cb29b772f01990ebfbc2cacb,0815157007,0.022016949152542376,2
2020-08-22,afa8f19ffb1a8bdfde0ff01b023df817a80f43fa42fdefb71035fe69e20fa5a2,0932243002,0.025406779661016947,2
2020-08-22,afa8f19ffb1a8bdfde0ff01b023df817a80f43fa42fdefb71035fe69e20fa5a2,0932243002,0.025406779661016947,2
2020-08-22,afa8f19ffb1a8bdfde0ff01b023df817a80f43fa42fdefb71035fe69e20fa5a2,0932243003,0.025406779661016947,2
2020-08-22,afa8f19ffb1a8bdfde0ff01b023df817a80f43fa42fdefb71035fe69e20fa5a2,0932243003,0.025406779661016947,2
2020-08-22,b0bb7f8b55416a707a2401fc93192d3a16312cb7f1e2d182ce2c8f9c754e5ce0,0866731003,0.025406779661016947,2
2020-08-22,b0bb7f8b55416a707a2401fc93192d3a16312cb7f1e2d182ce2c8f9c754e5ce0,0915292001,0.025406779661016947,2
2020-08-22,b0bb7f8b55416a707a2401fc93192d3a16312cb7f1e2d182ce2c8f9c754e5ce0,0866731001,0.025406779661016947,2
2020-08-22,b1dd177a87509b5a24378cf4297d908df11d532bb27aeebbc2ace4fb33a08ce8,0845790006,0.033881355932203386,2
2020-08-22,b1dd177a87509b5a24378cf4297d908df11d532bb27aeebbc2ace4fb33a08ce8,0656048001,0.011847457627118646,2
2020-08-22,b1dd177a87509b5a24378cf4297d908df11d532bb27aeebbc2ace4fb33a08ce8,0865172003,0.025406779661016947,2
2020-08-22,b1dd177a87509b5a24378cf4297d908df11d532bb27aeebbc2ace4fb33a08ce8,0448509031,0.042355932203389825,2
2020-08-22,baef8e1eded5dd2419481175ba7d68333a7384162cbcf1f82b15ed2368f2d821,0815447007,0.00676271186440678,2
2020-08-22,baef8e1eded5dd2419481175ba7d68333a7384162cbcf1f82b15ed2368f2d821,0888584001,0.03049152542372881,2
2020-08-22,baef8e1eded5dd2419481175ba7d68333a7384162cbcf1f82b15ed2368f2d821,0878097001,0.013542372881355931,2
2020-08-22,baef8e1eded5dd2419481175ba7d68333a7384162cbcf1f82b15ed2368f2d821,0817354001,0.025406779661016947,2
2020-08-22,baef8e1eded5dd2419481175ba7d68333a7384162cbcf1f82b15ed2368f2d821,0817354001,0.025406779661016947,2
2020-08-22,baef8e1eded5dd2419481175ba7d68333a7384162cbcf1f82b15ed2368f2d821,0822946001,0.016932203389830508,2
2020-08-22,baef8e1eded5dd2419481175ba7d68333a7384162cbcf1f82b15ed2368f2d821,0894353002,0.025406779661016947,2
2020-08-22,baef8e1eded5dd2419481175ba7d68333a7384162cbcf1f82b15ed2368f2d821,0894353001,0.025406779661016947,2
2020-08-22,be0cef3d116548b674ebe225f02718401809ad5406451bff7a8cbb0e8926c99e,0903096004,0.042355932203389825,2
2020-08-22,be0cef3d116548b674ebe225f02718401809ad5406451bff7a8cbb0e8926c99e,0903096004,0.042355932203389825,2
2020-08-22,beaae7ac9b28bf070c27098345feca0c31de8197b736a31bfb9d59959e6b887b,0874110001,0.025406779661016947,1
2020-08-22,beaae7ac9b28bf070c27098345feca0c31de8197b736a31bfb9d59959e6b887b,0915526002,0.033881355932203386,1
2020-08-22,c164bf0d4521170d80020c32ff6ea39b5acfa56ca22bbf71fd82d3fc1accf4cb,0507909030,0.025406779661016947,1
2020-08-22,c1ff2717ab95aeab90b73951a013707beb2f17018e8441209ff4f2cc8fe96cf9,0863570003,0.008457627118644067,1
2020-08-22,c1ff2717ab95aeab90b73951a013707beb2f17018e8441209ff4f2cc8fe96cf9,0869811003,0.006084745762711864,1
2020-08-22,c368d9937d5d0dfed63310e1e497098cd23c631c5313340e9f46a99f6fa13e22,0739533002,0.038966101694915246,1
2020-08-22,c54d2fb4f65b9fbd581548b72d6e602a1253d18d569e67072f0bb21d5f73b804,0873276001,0.033881355932203386,1
2020-08-22,cd7160d274070e3a5803921673f06ab9b9dabc35966b01a34b1cdfc9f3751e71,0478646003,0.006084745762711864,1
2020-08-22,d4cc6819c5e774ead64543f10d073f89848b47a70bffc7855aa48db53f3a77f3,0924250001,0.050830508474576264,2
2020-08-22,d4cc6819c5e774ead64543f10d073f89848b47a70bffc7855aa48db53f3a77f3,0918836001,0.042355932203389825,2
2020-08-22,d4cc6819c5e774ead64543f10d073f89848b47a70bffc7855aa48db53f3a77f3,0896169002,0.050830508474576264,2
2020-08-22,d4cc6819c5e774ead64543f10d073f89848b47a70bffc7855aa48db53f3a77f3,0913688003,0.033881355932203386,2
2020-08-22,d4cc6819c5e774ead64543f10d073f89848b47a70bffc7855aa48db53f3a77f3,0913688001,0.033881355932203386,2
2020-08-22,d4cc6819c5e774ead64543f10d073f89848b47a70bffc7855aa48db53f3a77f3,0900418001,0.025406779661016947,2
2020-08-22,d4cc6819c5e774ead64543f10d073f89848b47a70bffc7855aa48db53f3a77f3,0900418001,0.025406779661016947,2
2020-08-22,d6a12d6b5c71bd10be07c0c7dd90d1559dc1f77ef07c8fb089c95f11d25b49d7,0860232001,0.042355932203389825,2
2020-08-22,d6a12d6b5c71bd10be07c0c7dd90d1559dc1f77ef07c8fb089c95f11d25b49d7,0752657009,0.022016949152542376,2
2020-08-22,d6a12d6b5c71bd10be07c0c7dd90d1559dc1f77ef07c8fb089c95f11d25b49d7,0754792004,0.025406779661016947,2
2020-08-22,d6a12d6b5c71bd10be07c0c7dd90d1559dc1f77ef07c8fb089c95f11d25b49d7,0752657001,0.022016949152542376,2
2020-08-22,d6a12d6b5c71bd10be07c0c7dd90d1559dc1f77ef07c8fb089c95f11d25b49d7,0894676001,0.050830508474576264,2
2020-08-22,d6a12d6b5c71bd10be07c0c7dd90d1559dc1f77ef07c8fb089c95f11d25b49d7,0851936013,0.033881355932203386,2
2020-08-22,d6a12d6b5c71bd10be07c0c7dd90d1559dc1f77ef07c8fb089c95f11d25b49d7,0886367001,0.050830508474576264,2
2020-08-22,d6a12d6b5c71bd10be07c0c7dd90d1559dc1f77ef07c8fb089c95f11d25b49d7,0886367002,0.050830508474576264,2
2020-08-22,d6a12d6b5c71bd10be07c0c7dd90d1559dc1f77ef07c8fb089c95f11d25b49d7,0811715009,0.033881355932203386,2
2020-08-22,d6a12d6b5c71bd10be07c0c7dd90d1559dc1f77ef07c8fb089c95f11d25b49d7,0811715009,0.033881355932203386,2
2020-08-22,d6a12d6b5c71bd10be07c0c7dd90d1559dc1f77ef07c8fb089c95f11d25b49d7,0815629006,0.038966101694915246,2
2020-08-22,d771a4672a08e403cf45b2a37dbab3e959e28428d1910f620c718b42648ef383,0861020001,0.010847457627118645,1
2020-08-22,d771a4672a08e403cf45b2a37dbab3e959e28428d1910f620c718b42648ef383,0832307003,0.027101694915254236,1
2020-08-22,d9bb14c39a8a82c8f141ad7971613fef4be812241875beb7a1d4d2c95851dc65,0568597007,0.042355932203389825,2
2020-08-22,d9bb14c39a8a82c8f141ad7971613fef4be812241875beb7a1d4d2c95851dc65,0887936001,0.06777966101694916,2
2020-08-22,da509f8876e6890bdb4ffb286d2d48be2e9af3bf176dd1fa14e96c35d4aae615,0895993003,0.011847457627118646,1
2020-08-22,da509f8876e6890bdb4ffb286d2d48be2e9af3bf176dd1fa14e96c35d4aae615,0895993001,0.011847457627118646,1
2020-08-22,db4ab6471eea74fcd3bb231ba62b9dc296ebcfdb6af1bc4071f5e034f39e1492,0863937003,0.011847457627118646,1
2020-08-22,dc7cd17cadd7f0f3ab7a6023623cf706474cb39d5ae9a3e6bd94af4f45931fdc,0912409001,0.00676271186440678,1
2020-08-22,dc7cd17cadd7f0f3ab7a6023623cf706474cb39d5ae9a3e6bd94af4f45931fdc,0786187001,0.03049152542372881,1
2020-08-22,dc7cd17cadd7f0f3ab7a6023623cf706474cb39d5ae9a3e6bd94af4f45931fdc,0896152001,0.033881355932203386,1
2020-08-22,dc7cd17cadd7f0f3ab7a6023623cf706474cb39d5ae9a3e6bd94af4f45931fdc,0918516001,0.050830508474576264,1
2020-08-22,de31c02a6965e552aabf1a2db6380b8fd28d4423e43d5a6df508747e8c3a34bc,0817416001,0.025406779661016947,2
2020-08-22,de31c02a6965e552aabf1a2db6380b8fd28d4423e43d5a6df508747e8c3a34bc,0632872001,0.033881355932203386,2
2020-08-22,de31c02a6965e552aabf1a2db6380b8fd28d4423e43d5a6df508747e8c3a34bc,0608007001,0.025406779661016947,2
2020-08-22,de31c02a6965e552aabf1a2db6380b8fd28d4423e43d5a6df508747e8c3a34bc,0732429003,0.025406779661016947,2
2020-08-22,de31c02a6965e552aabf1a2db6380b8fd28d4423e43d5a6df508747e8c3a34bc,0897687001,0.033881355932203386,2
2020-08-22,de31c02a6965e552aabf1a2db6380b8fd28d4423e43d5a6df508747e8c3a34bc,0903084002,0.08472881355932205,2
2020-08-22,de31c02a6965e552aabf1a2db6380b8fd28d4423e43d5a6df508747e8c3a34bc,0903084002,0.08472881355932205,2
2020-08-22,de31c02a6965e552aabf1a2db6380b8fd28d4423e43d5a6df508747e8c3a34bc,0882619001,0.022016949152542376,2
2020-08-22,de31c02a6965e552aabf1a2db6380b8fd28d4423e43d5a6df508747e8c3a34bc,0817416004,0.025406779661016947,2
2020-08-22,ef99a52098705f667bb0cf37171d50ca850e4d026b7e7a5de8e05ffe691cada4,0678942059,0.016932203389830508,2
2020-08-22,ef99a52098705f667bb0cf37171d50ca850e4d026b7e7a5de8e05ffe691cada4,0678942058,0.016932203389830508,2
2020-08-22,efd2ef62115310f43b15540561de544762c783b306fb14ffa48ccb4fb385c27a,0836286002,0.011847457627118646,1
2020-08-22,f2b6041e2efec27b52e1be36693595ed959ab0fde7d8143d29289460120ec2d7,0861660002,0.08472881355932205,2
2020-08-22,f2b6041e2efec27b52e1be36693595ed959ab0fde7d8143d29289460120ec2d7,0833098004,0.06777966101694916,2
2020-08-22,f2b6041e2efec27b52e1be36693595ed959ab0fde7d8143d29289460120ec2d7,0794538003,0.042355932203389825,2
2020-08-22,f2b6041e2efec27b52e1be36693595ed959ab0fde7d8143d29289460120ec2d7,0702368001,0.03049152542372881,2
2020-08-22,f2b6041e2efec27b52e1be36693595ed959ab0fde7d8143d29289460120ec2d7,0873276003,0.033881355932203386,2
2020-08-22,f2b6041e2efec27b52e1be36693595ed959ab0fde7d8143d29289460120ec2d7,0680391030,0.016932203389830508,2
2020-08-22,f2b8e7ec157ffc37a719cf261306122141f6c1bec45cd8411d980f4fa30460b9,0892910004,0.008457627118644067,1
2020-08-22,f2b8e7ec157ffc37a719cf261306122141f6c1bec45cd8411d980f4fa30460b9,0794575002,0.033881355932203386,1
2020-08-22,f2b8e7ec157ffc37a719cf261306122141f6c1bec45cd8411d980f4fa30460b9,0884348001,0.013542372881355931,1
2020-08-22,f9172b2029170930c464e442c0e41d6981362269d0a6ed6ff18fead18629a700,0754792004,0.025406779661016947,2
2020-08-22,f9172b2029170930c464e442c0e41d6981362269d0a6ed6ff18fead18629a700,0596877005,0.042355932203389825,2
2020-08-22,f9c0299c8cc04571888003b79b42da103132937b8d28ffa4756cf97005f2d071,0874113005,0.016932203389830508,2
2020-08-22,f9c0299c8cc04571888003b79b42da103132937b8d28ffa4756cf97005f2d071,0921226007,0.016932203389830508,2
2020-08-23,00fe8fb9b5a49ed8c38699c1860847c266f288da271b1c718f0179ac026080e4,0884319001,0.025406779661016947,2
2020-08-23,00fe8fb9b5a49ed8c38699c1860847c266f288da271b1c718f0179ac026080e4,0884319006,0.025406779661016947,2
2020-08-23,00fe8fb9b5a49ed8c38699c1860847c266f288da271b1c718f0179ac026080e4,0884319005,0.025406779661016947,2
2020-08-23,11a56a0f06012d515ba192c6ea5239a40477a41d69bec8a037a6bd1584a141a5,0758034001,0.025406779661016947,2
2020-08-23,11a56a0f06012d515ba192c6ea5239a40477a41d69bec8a037a6bd1584a141a5,0758034001,0.025406779661016947,2
2020-08-23,1eac023013c52e55c9df7978f1bd7f970f64c9bf49887ab7a5d13353fb0f591e,0879965001,0.016932203389830508,2
2020-08-23,1eac023013c52e55c9df7978f1bd7f970f64c9bf49887ab7a5d13353fb0f591e,0919741001,0.033881355932203386,2
2020-08-23,1eac023013c52e55c9df7978f1bd7f970f64c9bf49887ab7a5d13353fb0f591e,0871281005,0.016932203389830508,2
2020-08-23,1eac023013c52e55c9df7978f1bd7f970f64c9bf49887ab7a5d13353fb0f591e,0868037001,0.06777966101694916,2
2020-08-23,1eac023013c52e55c9df7978f1bd7f970f64c9bf49887ab7a5d13353fb0f591e,0237347063,0.033881355932203386,2
2020-08-23,1eac023013c52e55c9df7978f1bd7f970f64c9bf49887ab7a5d13353fb0f591e,0871281001,0.016932203389830508,2
2020-08-23,1eac023013c52e55c9df7978f1bd7f970f64c9bf49887ab7a5d13353fb0f591e,0879965002,0.016932203389830508,2
2020-08-23,1eac023013c52e55c9df7978f1bd7f970f64c9bf49887ab7a5d13353fb0f591e,0829643003,0.042355932203389825,2
2020-08-23,1eac023013c52e55c9df7978f1bd7f970f64c9bf49887ab7a5d13353fb0f591e,0842952002,0.033881355932203386,2
2020-08-23,1eac023013c52e55c9df7978f1bd7f970f64c9bf49887ab7a5d13353fb0f591e,0918835001,0.025406779661016947,2
2020-08-23,1eac023013c52e55c9df7978f1bd7f970f64c9bf49887ab7a5d13353fb0f591e,0852584001,0.033881355932203386,2
2020-08-23,1eac023013c52e55c9df7978f1bd7f970f64c9bf49887ab7a5d13353fb0f591e,0894956001,0.025406779661016947,2
2020-08-23,1eac023013c52e55c9df7978f1bd7f970f64c9bf49887ab7a5d13353fb0f591e,0902419001,0.050830508474576264,2
2020-08-23,1eac023013c52e55c9df7978f1bd7f970f64c9bf49887ab7a5d13353fb0f591e,0907696002,0.016932203389830508,2
2020-08-23,25b251faddff3b47a7dbd3939abdd3b5bbb9a465e5bca5bee53e32752689cd9f,0835666001,0.0302542372881356,2
2020-08-23,25b251faddff3b47a7dbd3939abdd3b5bbb9a465e5bca5bee53e32752689cd9f,0862433001,0.053,2
2020-08-23,25b251faddff3b47a7dbd3939abdd3b5bbb9a465e5bca5bee53e32752689cd9f,0600229001,0.0302542372881356,2
2020-08-23,28aa20ee7d0758ec41130e6361bbea54e9e867c673ce095b9a9a990310195e72,0706271037,0.004508474576271186,1
2020-08-23,28aa20ee7d0758ec41130e6361bbea54e9e867c673ce095b9a9a990310195e72,0873678003,0.025406779661016947,1
2020-08-23,28aa20ee7d0758ec41130e6361bbea54e9e867c673ce095b9a9a990310195e72,0869706005,0.08472881355932205,1
2020-08-23,28aa20ee7d0758ec41130e6361bbea54e9e867c673ce095b9a9a990310195e72,0706271032,0.004508474576271186,1
2020-08-23,28aa20ee7d0758ec41130e6361bbea54e9e867c673ce095b9a9a990310195e72,0907696004,0.016932203389830508,1
2020-08-23,28aa20ee7d0758ec41130e6361bbea54e9e867c673ce095b9a9a990310195e72,0706271033,0.004508474576271186,1
2020-08-23,2b81dfa44c106618ec9fd27915c885b7a8d207c0c2df5918c21c43e84c9a8044,0912100003,0.050830508474576264,2
2020-08-23,2b81dfa44c106618ec9fd27915c885b7a8d207c0c2df5918c21c43e84c9a8044,0872537002,0.08472881355932205,2
2020-08-23,2b81dfa44c106618ec9fd27915c885b7a8d207c0c2df5918c21c43e84c9a8044,0872537002,0.08472881355932205,2
2020-08-23,3537e266b9c97f662f37cf76cdb99dd8783bc1a27e80c7877a3d50ef60ee82a8,0874116005,0.016932203389830508,2
2020-08-23,3537e266b9c97f662f37cf76cdb99dd8783bc1a27e80c7877a3d50ef60ee82a8,0714790024,0.050830508474576264,2
2020-08-23,3537e266b9c97f662f37cf76cdb99dd8783bc1a27e80c7877a3d50ef60ee82a8,0640021012,0.050830508474576264,2
2020-08-23,3537e266b9c97f662f37cf76cdb99dd8783bc1a27e80c7877a3d50ef60ee82a8,0572998001,0.042355932203389825,2
2020-08-23,3c92d8fbf87aecf9b3fc359d316acc2d37da8ca056cfaf356ae3e9566f4eb4b7,0816083001,0.050830508474576264,2
2020-08-23,3c92d8fbf87aecf9b3fc359d316acc2d37da8ca056cfaf356ae3e9566f4eb4b7,0816083001,0.050830508474576264,2
2020-08-23,40c53e31948a0e8c75f2292d2e0aad61e560e1a7307ae8cdcfa3a6cac106a9e6,0871520002,0.033881355932203386,2
2020-08-23,40c53e31948a0e8c75f2292d2e0aad61e560e1a7307ae8cdcfa3a6cac106a9e6,0871520003,0.033881355932203386,2
2020-08-23,42ba36c9ec77cbbec23262c22ddc0ccc0c9c327cecd9fdcfe6c1d4f143c4737e,0674606074,0.010152542372881357,2
2020-08-23,42ba36c9ec77cbbec23262c22ddc0ccc0c9c327cecd9fdcfe6c1d4f143c4737e,0692155003,0.033881355932203386,2
2020-08-23,42ba36c9ec77cbbec23262c22ddc0ccc0c9c327cecd9fdcfe6c1d4f143c4737e,0782575002,0.11862711864406779,2
2020-08-23,42ba36c9ec77cbbec23262c22ddc0ccc0c9c327cecd9fdcfe6c1d4f143c4737e,0907903001,0.13557627118644067,2
2020-08-23,42ba36c9ec77cbbec23262c22ddc0ccc0c9c327cecd9fdcfe6c1d4f143c4737e,0674606050,0.013542372881355931,2
2020-08-23,42ba36c9ec77cbbec23262c22ddc0ccc0c9c327cecd9fdcfe6c1d4f143c4737e,0892892002,0.15252542372881356,2
2020-08-23,42ba36c9ec77cbbec23262c22ddc0ccc0c9c327cecd9fdcfe6c1d4f143c4737e,0877769001,0.05930508474576271,2
2020-08-23,42ba36c9ec77cbbec23262c22ddc0ccc0c9c327cecd9fdcfe6c1d4f143c4737e,0914164001,0.16779661016949152,2
2020-08-23,42ba36c9ec77cbbec23262c22ddc0ccc0c9c327cecd9fdcfe6c1d4f143c4737e,0914164001,0.16779661016949152,2
2020-08-23,42ba36c9ec77cbbec23262c22ddc0ccc0c9c327cecd9fdcfe6c1d4f143c4737e,0895487001,0.050830508474576264,2
2020-08-23,42d28c13776b342ffc13d27460087121144c8ea85967b04f855f49fbf201f848,0840774001,0.011847457627118646,1
2020-08-23,42d28c13776b342ffc13d27460087121144c8ea85967b04f855f49fbf201f848,0853881001,0.016932203389830508,1
2020-08-23,437cb017c782d27299043b8ded9fe3dde7df9a63524f659ff68b5260058faab0,0891890005,0.033881355932203386,1
2020-08-23,4468d70aa177ea5327a884d8a547ea78b4b2a757509ee10f21acd459106b4f97,0904567001,0.025406779661016947,2
2020-08-23,4468d70aa177ea5327a884d8a547ea78b4b2a757509ee10f21acd459106b4f97,0868641002,0.033881355932203386,2
2020-08-23,4468d70aa177ea5327a884d8a547ea78b4b2a757509ee10f21acd459106b4f97,0863646003,0.033881355932203386,2
2020-08-23,448ac40d7cb954df91394b00a893c000d3d6686c4fba75765cb39d9be520beb4,0932243002,0.025406779661016947,2
2020-08-23,448ac40d7cb954df91394b00a893c000d3d6686c4fba75765cb39d9be520beb4,0877769001,0.05930508474576271,2
2020-08-23,448ac40d7cb954df91394b00a893c000d3d6686c4fba75765cb39d9be520beb4,0920610001,0.050830508474576264,2
2020-08-23,488a5091606978981b7f41ab23b3bb8d5f47a7be9ad65c804ae882217e41813d,0827968001,0.016932203389830508,2
2020-08-23,488a5091606978981b7f41ab23b3bb8d5f47a7be9ad65c804ae882217e41813d,0827968004,0.016932203389830508,2
2020-08-23,48dd736b4dce7951cd90f124fcfafca2b16a38fb6ff97f300e509b94ca259bea,0464695004,0.016932203389830508,2
2020-08-23,48dd736b4dce7951cd90f124fcfafca2b16a38fb6ff97f300e509b94ca259bea,0464695016,0.016932203389830508,2
2020-08-23,48f1d5eaf970fc2977921c9724859d35d9fd4e86601dba6ca1c56596d4a4ef6b,0843720001,0.03049152542372881,2
2020-08-23,48f1d5eaf970fc2977921c9724859d35d9fd4e86601dba6ca1c56596d4a4ef6b,0853089002,0.03049152542372881,2
2020-08-23,4ba8446e62b9f075e6d4e19969c2012d29c7ef2ca706ad6e40db6645abb2c097,0760961003,0.10167796610169492,2
2020-08-23,5ac849edf5251fc33858d195fcaa07d2c390f6af12764b5ae6fcd5f6a50e69e6,0904823002,0.06777966101694916,2
2020-08-23,5ac849edf5251fc33858d195fcaa07d2c390f6af12764b5ae6fcd5f6a50e69e6,0904823002,0.06777966101694916,2
2020-08-23,612637291c0fe04a3dd662edab5de65bdc87721c6c72f592aa141196da23867f,0811783005,0.010152542372881357,2
2020-08-23,612637291c0fe04a3dd662edab5de65bdc87721c6c72f592aa141196da23867f,0759326009,0.050830508474576264,2
2020-08-23,6705c23f70657b4f24d6137cd45a8932929c4d07863723fd1ed922535fc81a21,0664074001,0.016932203389830508,1
2020-08-23,6867a36e3a6a9afc194c251efb25a932cfbce296ac60aabbf732acde8c286b2d,0486639003,0.03049152542372881,2
2020-08-23,6867a36e3a6a9afc194c251efb25a932cfbce296ac60aabbf732acde8c286b2d,0473954015,0.016932203389830508,2
2020-08-23,6867a36e3a6a9afc194c251efb25a932cfbce296ac60aabbf732acde8c286b2d,0473954015,0.016932203389830508,2
2020-08-23,6bf186a7e5747991eebc7806880a9f80f0c205934b3245d32f86b06ec2455c1d,0881833002,0.050830508474576264,2
2020-08-23,6bf186a7e5747991eebc7806880a9f80f0c205934b3245d32f86b06ec2455c1d,0881833002,0.050830508474576264,2
2020-08-23,6ea97011eb7affb047ed874b14558cdca6a4132b05e1ea39fff695fbf3ae9e79,0557994003,0.03049152542372881,1
2020-08-23,6ea97011eb7affb047ed874b14558cdca6a4132b05e1ea39fff695fbf3ae9e79,0426199002,0.022016949152542376,1
2020-08-23,7a82adeeffe4fe03c54a1e562628331ff62a3edb5902e9a469a1c53e6368238f,0932243002,0.025406779661016947,2
2020-08-23,80b52b079405f79c4e4e1929247e03dd4ca875fe36661cf3b2d81afb6c9b306f,0891902006,0.025406779661016947,2
2020-08-23,80b52b079405f79c4e4e1929247e03dd4ca875fe36661cf3b2d81afb6c9b306f,0918591001,0.013542372881355931,2
2020-08-23,83d23e54936c1bb4069e0a3a191eeb30ffc521bccc4ae38dd1825c6a1d61c0dd,0832453001,0.00676271186440678,2
2020-08-23,83d23e54936c1bb4069e0a3a191eeb30ffc521bccc4ae38dd1825c6a1d61c0dd,0832362002,0.013542372881355931,2
2020-08-23,83d23e54936c1bb4069e0a3a191eeb30ffc521bccc4ae38dd1825c6a1d61c0dd,0871974001,0.03049152542372881,2
2020-08-23,83d23e54936c1bb4069e0a3a191eeb30ffc521bccc4ae38dd1825c6a1d61c0dd,0809549001,0.01523728813559322,2
2020-08-23,83d23e54936c1bb4069e0a3a191eeb30ffc521bccc4ae38dd1825c6a1d61c0dd,0882619001,0.022016949152542376,2
2020-08-23,83d23e54936c1bb4069e0a3a191eeb30ffc521bccc4ae38dd1825c6a1d61c0dd,0836699001,0.016932203389830508,2
2020-08-23,83d23e54936c1bb4069e0a3a191eeb30ffc521bccc4ae38dd1825c6a1d61c0dd,0885624001,0.011847457627118646,2
2020-08-23,87497d8db13635931c6b2545e4b58dd96cc6e0c7a34ef07844d8b573b4d650fb,0685605002,0.011847457627118646,2
2020-08-23,87497d8db13635931c6b2545e4b58dd96cc6e0c7a34ef07844d8b573b4d650fb,0723469001,0.025406779661016947,2
2020-08-23,87497d8db13635931c6b2545e4b58dd96cc6e0c7a34ef07844d8b573b4d650fb,0806534004,0.01523728813559322,2
2020-08-23,87497d8db13635931c6b2545e4b58dd96cc6e0c7a34ef07844d8b573b4d650fb,0803468002,0.025406779661016947,2
2020-08-23,87497d8db13635931c6b2545e4b58dd96cc6e0c7a34ef07844d8b573b4d650fb,0900398001,0.03049152542372881,2
2020-08-23,89064cf7f153174c2aa353cefd0f173d9d6d106749b05edf3a39d3cdefcd7a8a,0916468001,0.033881355932203386,1
2020-08-23,8f664e45ffeb118bbf9ecee4f46bf0bf3a8854e45c6acf2332d358c3470399b9,0899002003,0.013542372881355931,1
2020-08-23,8f664e45ffeb118bbf9ecee4f46bf0bf3a8854e45c6acf2332d358c3470399b9,0808029001,0.022016949152542376,1
2020-08-23,95b40515919d9cb962b621a0af4cf1443fcca83c63a4bfb04eaf9ec09834efd2,0857812007,0.042355932203389825,1
2020-08-23,9a968e4035a14d405442eab9ef2e58f27dae98985bee9505dca1cb7f053e9a34,0879944004,0.016932203389830508,1
2020-08-23,9a968e4035a14d405442eab9ef2e58f27dae98985bee9505dca1cb7f053e9a34,0783346016,0.025406779661016947,1
2020-08-23,9a968e4035a14d405442eab9ef2e58f27dae98985bee9505dca1cb7f053e9a34,0866660002,0.025406779661016947,1
2020-08-23,9a968e4035a14d405442eab9ef2e58f27dae98985bee9505dca1cb7f053e9a34,0707135017,0.022016949152542376,1
2020-08-23,9aae5012cb0359750cac2d485890a15f5b7b8cbdcd9db494d7c02bab10387374,0923340002,0.016932203389830508,1
2020-08-23,9aae5012cb0359750cac2d485890a15f5b7b8cbdcd9db494d7c02bab10387374,0902107001,0.042355932203389825,1
2020-08-23,9c75d5dfd9294428a5b8fe4ff65c0c7ea1f2c72e58c766099b42bc1c32c63615,0838900001,0.025406779661016947,2
2020-08-23,9cf3b32f76c1278cd7696725e7b0eb54b567f49e7a8e6dd8a88268185e696d47,0807362003,0.08472881355932205,2
2020-08-23,9cf3b32f76c1278cd7696725e7b0eb54b567f49e7a8e6dd8a88268185e696d47,0807362003,0.08472881355932205,2
2020-08-23,9e48272d1f76a289499be20da35df3a801ba47ce7f386775be847e95e60c42d2,0349301041,0.008457627118644067,2
2020-08-23,a244064dca0641df6f6c9b3b153079d5072905f236c6aea8a66e0a9ae57f05dc,0862167006,0.013542372881355931,1
2020-08-23,a244064dca0641df6f6c9b3b153079d5072905f236c6aea8a66e0a9ae57f05dc,0717849001,0.013542372881355931,1
2020-08-23,a2729ed97c31980cc0ac772998e68099de6f2905c58ce575005f0c0cf960e97f,0858834003,0.025406779661016947,2
2020-08-23,a2729ed97c31980cc0ac772998e68099de6f2905c58ce575005f0c0cf960e97f,0579541089,0.016932203389830508,2
2020-08-23,a8a2f35e51d920a6452eb2a6ea6796cae989d992599ffbd4e2da2ab180d5e554,0921266001,0.016932203389830508,2
2020-08-23,a8a2f35e51d920a6452eb2a6ea6796cae989d992599ffbd4e2da2ab180d5e554,0921266001,0.016932203389830508,2
2020-08-23,a8a2f35e51d920a6452eb2a6ea6796cae989d992599ffbd4e2da2ab180d5e554,0921266006,0.016932203389830508,2
2020-08-23,a8a2f35e51d920a6452eb2a6ea6796cae989d992599ffbd4e2da2ab180d5e554,0921266006,0.016932203389830508,2
2020-08-23,a8cc669c82932560ca4265f01a5ccdd34668d7cca7405feca41be2c5243d506e,0857812003,0.025406779661016947,2
2020-08-23,a8cc669c82932560ca4265f01a5ccdd34668d7cca7405feca41be2c5243d506e,0705955003,0.016932203389830508,2
2020-08-23,b6f8fe70ea1f79de6f3fdb0a69eef0df302dc6090a6be761ce7e0a1efb824f3a,0884174001,0.016932203389830508,1
2020-08-23,b6f8fe70ea1f79de6f3fdb0a69eef0df302dc6090a6be761ce7e0a1efb824f3a,0556539016,0.005067796610169492,1
2020-08-23,b830c144d28885cff790e18af03922ba9eb518ec013e583a44099453b5ba16f7,0556255001,0.010152542372881357,2
2020-08-23,b830c144d28885cff790e18af03922ba9eb518ec013e583a44099453b5ba16f7,0562245088,0.01523728813559322,2
2020-08-23,c368d9937d5d0dfed63310e1e497098cd23c631c5313340e9f46a99f6fa13e22,0856848002,0.018627118644067797,1
2020-08-23,c368d9937d5d0dfed63310e1e497098cd23c631c5313340e9f46a99f6fa13e22,0746069006,0.033881355932203386,1
2020-08-23,ccc2b3451c478623bec73bc057914d719e7c524c36a5a4e2079f4cb5180b940f,0819423004,0.025406779661016947,2
2020-08-23,ccc2b3451c478623bec73bc057914d719e7c524c36a5a4e2079f4cb5180b940f,0751471043,0.033881355932203386,2
2020-08-23,ccc2b3451c478623bec73bc057914d719e7c524c36a5a4e2079f4cb5180b940f,0802023006,0.025406779661016947,2
2020-08-23,ccc2b3451c478623bec73bc057914d719e7c524c36a5a4e2079f4cb5180b940f,0871710001,0.033881355932203386,2
2020-08-23,ccc2b3451c478623bec73bc057914d719e7c524c36a5a4e2079f4cb5180b940f,0908322001,0.033881355932203386,2
2020-08-23,cfadc1639b99d87ef7ecd04c96dc89da8078a73e77c8f19e18a04fe48bbf3398,0854193002,0.016932203389830508,2
2020-08-23,cfadc1639b99d87ef7ecd04c96dc89da8078a73e77c8f19e18a04fe48bbf3398,0736923003,0.016932203389830508,2
2020-08-23,d033c491afcaafec1563d5bb01c95d6ea9d0ea4a8b28c7e5f2914c3e48bfc8d1,0847128001,0.00676271186440678,2
2020-08-23,d033c491afcaafec1563d5bb01c95d6ea9d0ea4a8b28c7e5f2914c3e48bfc8d1,0703559002,0.016932203389830508,2
2020-08-23,d033c491afcaafec1563d5bb01c95d6ea9d0ea4a8b28c7e5f2914c3e48bfc8d1,0703559002,0.016932203389830508,2
2020-08-23,d033c491afcaafec1563d5bb01c95d6ea9d0ea4a8b28c7e5f2914c3e48bfc8d1,0754423002,0.016932203389830508,2
2020-08-23,d033c491afcaafec1563d5bb01c95d6ea9d0ea4a8b28c7e5f2914c3e48bfc8d1,0555102001,0.01523728813559322,2
2020-08-23,d033c491afcaafec1563d5bb01c95d6ea9d0ea4a8b28c7e5f2914c3e48bfc8d1,0555102001,0.01523728813559322,2
2020-08-23,d033c491afcaafec1563d5bb01c95d6ea9d0ea4a8b28c7e5f2914c3e48bfc8d1,0865086006,0.042355932203389825,2
2020-08-23,d1cbdc4a75ae7f4a320b2ccf6dd365957e43df12febb5645fe98fe2de2d06d8e,0509091026,0.016932203389830508,1
2020-08-23,d1cbdc4a75ae7f4a320b2ccf6dd365957e43df12febb5645fe98fe2de2d06d8e,0872477001,0.008457627118644067,1
2020-08-23,d2cb4d5ecab987cd57922304a1ad9c59bce032bda335629880312f9adac94884,0921380001,0.050830508474576264,2
2020-08-23,d2cb4d5ecab987cd57922304a1ad9c59bce032bda335629880312f9adac94884,0921380001,0.06777966101694916,2
2020-08-23,d2cb4d5ecab987cd57922304a1ad9c59bce032bda335629880312f9adac94884,0926500001,0.05930508474576271,2
2020-08-23,dcf5950391d738889e0060ffb3237583a788611721405d63fe97ee1aee0051b0,0743633005,0.050830508474576264,2
2020-08-23,dcf5950391d738889e0060ffb3237583a788611721405d63fe97ee1aee0051b0,0824997001,0.03049152542372881,2
2020-08-23,e541a9df02f95c521361287b8e4b0a0dab43ec48ef229aab61996eeccc0589bb,0920610001,0.050830508474576264,2
2020-08-23,e5e2d43bffe0a23630bac4186b4a6aa98789ac45fcb542a46da6e1bc77a68698,0907696006,0.016932203389830508,1
2020-08-23,e5e2d43bffe0a23630bac4186b4a6aa98789ac45fcb542a46da6e1bc77a68698,0916468002,0.028796610169491522,1
2020-08-23,e5e2d43bffe0a23630bac4186b4a6aa98789ac45fcb542a46da6e1bc77a68698,0916468003,0.028796610169491522,1
2020-08-23,eb2d987c5ddf726e07a351d326a6f549a5714cb5e7df470fca7c416e41c63a4f,0921096003,0.014389830508474576,2
2020-08-23,eb2d987c5ddf726e07a351d326a6f549a5714cb5e7df470fca7c416e41c63a4f,0848324002,0.014389830508474576,2
2020-08-23,f0d1efd4300e0999186d0df7a426ec72cec2bba73ff35e5c53919cf47d1f794d,0715624001,0.025406779661016947,2
2020-08-23,f0d1efd4300e0999186d0df7a426ec72cec2bba73ff35e5c53919cf47d1f794d,0759814009,0.033881355932203386,2
2020-08-23,f0d1efd4300e0999186d0df7a426ec72cec2bba73ff35e5c53919cf47d1f794d,0872907001,0.011847457627118646,2
2020-08-23,f0d1efd4300e0999186d0df7a426ec72cec2bba73ff35e5c53919cf47d1f794d,0685814001,0.033881355932203386,2
2020-08-23,f0d1efd4300e0999186d0df7a426ec72cec2bba73ff35e5c53919cf47d1f794d,0763988001,0.025406779661016947,2
2020-08-23,f3f280a68895971c9a840b63d626e4b6437b339933d18d87fb4c250184847f36,0750423025,0.042355932203389825,2
2020-08-23,f3f280a68895971c9a840b63d626e4b6437b339933d18d87fb4c250184847f36,0650370002,0.010152542372881357,2
2020-08-23,f3f280a68895971c9a840b63d626e4b6437b339933d18d87fb4c250184847f36,0869663001,0.03049152542372881,2
2020-08-23,f3f280a68895971c9a840b63d626e4b6437b339933d18d87fb4c250184847f36,0750423001,0.042355932203389825,2
2020-08-23,f3f280a68895971c9a840b63d626e4b6437b339933d18d87fb4c250184847f36,0911195002,0.033881355932203386,2
2020-08-23,f3f280a68895971c9a840b63d626e4b6437b339933d18d87fb4c250184847f36,0911214004,0.016932203389830508,2
2020-08-23,f7379e92ffa0d62894790d2c0bae2ba47c3e69c3024eb29d6f974cc42bc6882c,0894668002,0.021338983050847457,2
2020-08-23,f7379e92ffa0d62894790d2c0bae2ba47c3e69c3024eb29d6f974cc42bc6882c,0827968021,0.014220338983050848,2
2020-08-23,f88dd99d217ba8d406739167020d3e875717f77249ae2281e8309bb5fe13fa87,0754792004,0.025406779661016947,2
2020-08-23,f88dd99d217ba8d406739167020d3e875717f77249ae2281e8309bb5fe13fa87,0923944002,0.03049152542372881,2
2020-08-23,f88dd99d217ba8d406739167020d3e875717f77249ae2281e8309bb5fe13fa87,0771804002,0.050830508474576264,2
2020-08-23,f88dd99d217ba8d406739167020d3e875717f77249ae2281e8309bb5fe13fa87,0736114006,0.022016949152542376,2
2020-08-23,f88dd99d217ba8d406739167020d3e875717f77249ae2281e8309bb5fe13fa87,0823414002,0.022016949152542376,2
2020-08-23,f88dd99d217ba8d406739167020d3e875717f77249ae2281e8309bb5fe13fa87,0843940005,0.033881355932203386,2
2020-08-23,fa29a93bc405504d8a2b33a3c6534df099aea6a3da64831efa54da762f50d11e,0865071001,0.011847457627118646,1
2020-08-23,fa29a93bc405504d8a2b33a3c6534df099aea6a3da64831efa54da762f50d11e,0865071001,0.018627118644067797,1
2020-08-23,fe452b72e97790e68dcf79f49521782d486c345981f773a16160db6fa2b28567,0639448001,0.02033898305084746,1
2020-08-24,06bd95a96229e5909b8840465304b401590021bf3e985a498a58f1116e04ca49,0908491005,0.018627118644067797,2
2020-08-24,0bc2ff05205767864f6950a6b823634b60b5af6c9c58dc2b6be44bec368bb4b4,0853881001,0.016932203389830508,1
2020-08-24,0bc2ff05205767864f6950a6b823634b60b5af6c9c58dc2b6be44bec368bb4b4,0862453002,0.03049152542372881,1
2020-08-24,0c9b8cd3aeb39085f3937b54f23e335322dedeb1a6e1977ef389109efd6eca51,0916468003,0.027101694915254236,2
2020-08-24,0c9b8cd3aeb39085f3937b54f23e335322dedeb1a6e1977ef389109efd6eca51,0751471043,0.033881355932203386,2
2020-08-24,0cb2d162cb9d088a650303e2639c8a47db4d1c207578abd8f0bc28cc56f2c6c9,0909472001,0.053372881355932204,2
2020-08-24,0cb2d162cb9d088a650303e2639c8a47db4d1c207578abd8f0bc28cc56f2c6c9,0889652003,0.03049152542372881,2
2020-08-24,0cb2d162cb9d088a650303e2639c8a47db4d1c207578abd8f0bc28cc56f2c6c9,0889652003,0.03049152542372881,2
2020-08-24,0cb2d162cb9d088a650303e2639c8a47db4d1c207578abd8f0bc28cc56f2c6c9,0883421002,0.03049152542372881,2
2020-08-24,0cb2d162cb9d088a650303e2639c8a47db4d1c207578abd8f0bc28cc56f2c6c9,0890140001,0.061000000000000006,2
2020-08-24,0cb2d162cb9d088a650303e2639c8a47db4d1c207578abd8f0bc28cc56f2c6c9,0884520001,0.0457457627118644,2
2020-08-24,0ce71502dff9ace78dab5e5b02cfd1f592f2b89d713823c01a2c875f5c20ad43,0923157001,0.05930508474576271,2
2020-08-24,0ec6aa6e9a879e0b230c809cf3447f2bb14b2f10a99e20938d78522a3e09529f,0836130006,0.033881355932203386,2
2020-08-24,1070c1c8ee300afb0a54c2563ebd7639c0e24f35c565f5769cbd324de17e7c47,0809961002,0.033881355932203386,1
2020-08-24,1070c1c8ee300afb0a54c2563ebd7639c0e24f35c565f5769cbd324de17e7c47,0882146003,0.042355932203389825,1
2020-08-24,15d4901883ccd81bba9216f073ab17c12725527612321cddca36613c8d97d255,0800396008,0.044050847457627114,1
2020-08-24,1915742dc6d383e1576ac433cc31d343c8d1deefa3c6f0b7570476e7584ef572,0893059005,0.042355932203389825,1
2020-08-24,20355b33b4f4de5a504cfa35b425b4044762a5c79ed370592614797b2c709ef0,0399136047,0.048050847457627124,2
2020-08-24,20355b33b4f4de5a504cfa35b425b4044762a5c79ed370592614797b2c709ef0,0903309001,0.009932203389830509,2
2020-08-24,20355b33b4f4de5a504cfa35b425b4044762a5c79ed370592614797b2c709ef0,0762600009,0.01159322033898305,2
2020-08-24,20355b33b4f4de5a504cfa35b425b4044762a5c79ed370592614797b2c709ef0,0903773001,0.016559322033898302,2
2020-08-24,20355b33b4f4de5a504cfa35b425b4044762a5c79ed370592614797b2c709ef0,0918292004,0.041423728813559324,2
2020-08-24,20355b33b4f4de5a504cfa35b425b4044762a5c79ed370592614797b2c709ef0,0825720001,0.008271186440677966,2
2020-08-24,20355b33b4f4de5a504cfa35b425b4044762a5c79ed370592614797b2c709ef0,0914537002,0.0248135593220339,2
2020-08-24,20355b33b4f4de5a504cfa35b425b4044762a5c79ed370592614797b2c709ef0,0793443003,0.0231864406779661,2
2020-08-24,20355b33b4f4de5a504cfa35b425b4044762a5c79ed370592614797b2c709ef0,0827968016,0.016559322033898302,2
2020-08-24,20355b33b4f4de5a504cfa35b425b4044762a5c79ed370592614797b2c709ef0,0827968002,0.016559322033898302,2
2020-08-24,20355b33b4f4de5a504cfa35b425b4044762a5c79ed370592614797b2c709ef0,0893730001,0.058,2
2020-08-24,20355b33b4f4de5a504cfa35b425b4044762a5c79ed370592614797b2c709ef0,0884319006,0.02484745762711864,2
2020-08-24,21b7a8b178f25ba2bd27fd649201391c419c3fc5176f1ff188de713dd6d008c0,0633152012,0.033881355932203386,2
2020-08-24,21b7a8b178f25ba2bd27fd649201391c419c3fc5176f1ff188de713dd6d008c0,0758034015,0.010152542372881357,2
2020-08-24,26652037e9885313aa0f4f00a5038bff307059e0a9e512992e5fae7eba41130b,0883026002,0.013542372881355931,2
2020-08-24,26652037e9885313aa0f4f00a5038bff307059e0a9e512992e5fae7eba41130b,0916775002,0.16779661016949152,2
2020-08-24,26652037e9885313aa0f4f00a5038bff307059e0a9e512992e5fae7eba41130b,0875635002,0.025406779661016947,2
2020-08-24,26652037e9885313aa0f4f00a5038bff307059e0a9e512992e5fae7eba41130b,0719655024,0.022016949152542376,2
2020-08-24,26652037e9885313aa0f4f00a5038bff307059e0a9e512992e5fae7eba41130b,0859743002,0.022016949152542376,2
2020-08-24,26652037e9885313aa0f4f00a5038bff307059e0a9e512992e5fae7eba41130b,0859743003,0.022016949152542376,2
2020-08-24,35fb7993d38c43d7372815b8b03f384fe808fd307f6eb5d7f9d55af005758132,0685816001,0.008305084745762711,2
2020-08-24,35fb7993d38c43d7372815b8b03f384fe808fd307f6eb5d7f9d55af005758132,0816832012,0.024983050847457628,2
2020-08-24,35fb7993d38c43d7372815b8b03f384fe808fd307f6eb5d7f9d55af005758132,0906114002,0.016627118644067795,2
2020-08-24,35fb7993d38c43d7372815b8b03f384fe808fd307f6eb5d7f9d55af005758132,0757805010,0.008305084745762711,2
2020-08-24,35fb7993d38c43d7372815b8b03f384fe808fd307f6eb5d7f9d55af005758132,0918892001,0.03328813559322034,2
2020-08-24,35fb7993d38c43d7372815b8b03f384fe808fd307f6eb5d7f9d55af005758132,0871376002,0.03328813559322034,2
2020-08-24,35fb7993d38c43d7372815b8b03f384fe808fd307f6eb5d7f9d55af005758132,0910601001,0.04161016949152543,2
2020-08-24,35fb7993d38c43d7372815b8b03f384fe808fd307f6eb5d7f9d55af005758132,0757805002,0.008305084745762711,2
2020-08-24,35fb7993d38c43d7372815b8b03f384fe808fd307f6eb5d7f9d55af005758132,0598755001,0.01330508474576271,2
2020-08-24,35fb7993d38c43d7372815b8b03f384fe808fd307f6eb5d7f9d55af005758132,0706016001,0.03328813559322034,2
2020-08-24,35fb7993d38c43d7372815b8b03f384fe808fd307f6eb5d7f9d55af005758132,0915526002,0.03328813559322034,2
2020-08-24,35fb7993d38c43d7372815b8b03f384fe808fd307f6eb5d7f9d55af005758132,0685816004,0.008305084745762711,2
2020-08-24,35fb7993d38c43d7372815b8b03f384fe808fd307f6eb5d7f9d55af005758132,0790368006,0.03328813559322034,2
2020-08-24,35fb7993d38c43d7372815b8b03f384fe808fd307f6eb5d7f9d55af005758132,0335037005,0.04161016949152543,2
2020-08-24,35fb7993d38c43d7372815b8b03f384fe808fd307f6eb5d7f9d55af005758132,0820827001,0.04161016949152543,2
2020-08-24,36fd6183ccef91942dc0562c112092a876271da9a29d10f2f95d958c9bbe35da,0891771001,0.022016949152542376,2
2020-08-24,36fd6183ccef91942dc0562c112092a876271da9a29d10f2f95d958c9bbe35da,0894651003,0.033881355932203386,2
2020-08-24,36fd6183ccef91942dc0562c112092a876271da9a29d10f2f95d958c9bbe35da,0836130007,0.033881355932203386,2
2020-08-24,377a9c798818cc0f77542d1f91d57704d2bef84c946c80d9516f3665eac2cf12,0572957023,0.042355932203389825,2
2020-08-24,377a9c798818cc0f77542d1f91d57704d2bef84c946c80d9516f3665eac2cf12,0865086006,0.042355932203389825,2
2020-08-24,377a9c798818cc0f77542d1f91d57704d2bef84c946c80d9516f3665eac2cf12,0905518001,0.016932203389830508,2
2020-08-24,377a9c798818cc0f77542d1f91d57704d2bef84c946c80d9516f3665eac2cf12,0572957024,0.042355932203389825,2
2020-08-24,377a9c798818cc0f77542d1f91d57704d2bef84c946c80d9516f3665eac2cf12,0905518002,0.016932203389830508,2
2020-08-24,3c61dac11f8b80aaa41bda8b8817659160b6f719c2472361e4b3616386926202,0903924001,0.022016949152542376,1
2020-08-24,42abb6bad8e7f3113ea0ba86d0c18655865f9e32e4b8af43d12c1c7c21916d9e,0706016001,0.033881355932203386,2
2020-08-24,42abb6bad8e7f3113ea0ba86d0c18655865f9e32e4b8af43d12c1c7c21916d9e,0782489001,0.042355932203389825,2
2020-08-24,42abb6bad8e7f3113ea0ba86d0c18655865f9e32e4b8af43d12c1c7c21916d9e,0751342007,0.016932203389830508,2
2020-08-24,42abb6bad8e7f3113ea0ba86d0c18655865f9e32e4b8af43d12c1c7c21916d9e,0758034015,0.010152542372881357,2
2020-08-24,42abb6bad8e7f3113ea0ba86d0c18655865f9e32e4b8af43d12c1c7c21916d9e,0297067002,0.016932203389830508,2
2020-08-24,42abb6bad8e7f3113ea0ba86d0c18655865f9e32e4b8af43d12c1c7c21916d9e,0926500001,0.05930508474576271,2
2020-08-24,462ec189ba8d7eac4cacb44739f04f527de5a6b7c4753280e01d3e02ba81c194,0778064001,0.00676271186440678,1
2020-08-24,462ec189ba8d7eac4cacb44739f04f527de5a6b7c4753280e01d3e02ba81c194,0896319001,0.020322033898305086,1
2020-08-24,4ccbe79f2ee1de68b4ca84146adc6802bc3ba1ff4aa4bbb7910574b4e2a7782e,0897940001,0.013542372881355931,1
2020-08-24,4d66bd4e141584a9ffbd55d5d0ffdefa46461206c5b0c74566b3a751530df008,0729860002,0.01523728813559322,2
2020-08-24,4d66bd4e141584a9ffbd55d5d0ffdefa46461206c5b0c74566b3a751530df008,0652730013,0.050830508474576264,2
2020-08-24,4e7dfd881d66db1a7b135afad5c8b94069533b25bad0a5d99161372081253403,0570004108,0.008457627118644067,2
2020-08-24,53a632a5dc52920b326ed622f3d20faf132026ac3f6e9b1a58d8d90b47aafebd,0738713026,0.042355932203389825,1
2020-08-24,53a632a5dc52920b326ed622f3d20faf132026ac3f6e9b1a58d8d90b47aafebd,0743840009,0.033881355932203386,1
2020-08-24,53a632a5dc52920b326ed622f3d20faf132026ac3f6e9b1a58d8d90b47aafebd,0497640008,0.06777966101694916,1
2020-08-24,577b3922a8aa106a60d2b28547421e1c1c1e9d11e808f80180c2d4f83e01daab,0824764007,0.025406779661016947,2
2020-08-24,577b3922a8aa106a60d2b28547421e1c1c1e9d11e808f80180c2d4f83e01daab,0903358001,0.022016949152542376,2
2020-08-24,577b3922a8aa106a60d2b28547421e1c1c1e9d11e808f80180c2d4f83e01daab,0294008005,0.016932203389830508,2
2020-08-24,577b3922a8aa106a60d2b28547421e1c1c1e9d11e808f80180c2d4f83e01daab,0814641008,0.016932203389830508,2
2020-08-24,577b3922a8aa106a60d2b28547421e1c1c1e9d11e808f80180c2d4f83e01daab,0814641006,0.016932203389830508,2
2020-08-24,577b3922a8aa106a60d2b28547421e1c1c1e9d11e808f80180c2d4f83e01daab,0814641006,0.016932203389830508,2
2020-08-24,5887a8256c7f0fa71b9ac6a93c8e56160836c38742f89bc639c232b91dd263e6,0719530003,0.033881355932203386,1
2020-08-24,5cc9e1f1f8374f4c91071001548bbce7cb390ef703fc91029e9c4993e6a0435f,0933891001,0.02394915254237288,1
2020-08-24,5cc9e1f1f8374f4c91071001548bbce7cb390ef703fc91029e9c4993e6a0435f,0896152003,0.031949152542372884,1
2020-08-24,5cc9e1f1f8374f4c91071001548bbce7cb390ef703fc91029e9c4993e6a0435f,0926500001,0.05591525423728814,1
2020-08-24,64a0f74c0694dbc4ef2de388606991eed1f65bad11340684594254639a9c4a4e,0786187005,0.03049152542372881,1
2020-08-24,64a0f74c0694dbc4ef2de388606991eed1f65bad11340684594254639a9c4a4e,0786187001,0.03049152542372881,1
2020-08-24,6c98861639f0e839263f59918d509864ea43049b02bc206d91bab8aed7e330ad,0880481003,0.016932203389830508,1
2020-08-24,6c98861639f0e839263f59918d509864ea43049b02bc206d91bab8aed7e330ad,0806388028,0.013542372881355931,1
2020-08-24,6c98861639f0e839263f59918d509864ea43049b02bc206d91bab8aed7e330ad,0717490064,0.008457627118644067,1
2020-08-24,703060c8b0186bafef658079a9f2a84c3b4a7c9846c5b322ea195d3c3f081bdc,0791587015,0.025406779661016947,2
2020-08-24,7671fc4620162c5a3295379260725514eaa9f204191816da5127af924f996ff9,0926387001,0.09813559322033898,2
2020-08-24,7671fc4620162c5a3295379260725514eaa9f204191816da5127af924f996ff9,0878190004,0.06542372881355932,2
2020-08-24,7671fc4620162c5a3295379260725514eaa9f204191816da5127af924f996ff9,0873217004,0.02452542372881356,2
2020-08-24,7b93891ee69a9529a5aebadb6e385f5c41c9453afa16c4cc97a19d02cb3be65b,0838270001,0.002694915254237288,1
2020-08-24,7bdba66806f57302e2955f3e206d1e0d13a3fa1858b32f5390dd4adee01075a7,0640021019,0.050830508474576264,2
2020-08-24,82dc6008d11863b65e13e088a4b562f934de98d8db3ff597bb0f2685882a2537,0832457001,0.02855932203389831,1
2020-08-24,82dc6008d11863b65e13e088a4b562f934de98d8db3ff597bb0f2685882a2537,0807241032,0.0015762711864406782,1
2020-08-24,82dc6008d11863b65e13e088a4b562f934de98d8db3ff597bb0f2685882a2537,0855081004,0.02855932203389831,1
2020-08-24,82dc6008d11863b65e13e088a4b562f934de98d8db3ff597bb0f2685882a2537,0845576002,0.023796610169491524,1
2020-08-24,82dc6008d11863b65e13e088a4b562f934de98d8db3ff597bb0f2685882a2537,0910654001,0.01742372881355932,1
2020-08-24,8376135d4a397982989932d35fa975e144496e524245259a1b3b2f7ba3935cb4,0924623003,0.033881355932203386,1
2020-08-24,8376135d4a397982989932d35fa975e144496e524245259a1b3b2f7ba3935cb4,0924625001,0.025406779661016947,1
2020-08-24,8376135d4a397982989932d35fa975e144496e524245259a1b3b2f7ba3935cb4,0918705001,0.013542372881355931,1
2020-08-24,8376135d4a397982989932d35fa975e144496e524245259a1b3b2f7ba3935cb4,0556539001,0.005067796610169492,1
2020-08-24,85f8afa3b4d0759dbca5652da1f1158f7ddb2d573dc7c7d5625005c2b6202a6e,0843380005,0.03049152542372881,1
2020-08-24,900c22ef439a0d281eba045f2a8cd1fac11842598b3a9d6072ebe174a9e55ad8,0902714001,0.033881355932203386,2
2020-08-24,900c22ef439a0d281eba045f2a8cd1fac11842598b3a9d6072ebe174a9e55ad8,0874116005,0.016932203389830508,2
2020-08-24,900c22ef439a0d281eba045f2a8cd1fac11842598b3a9d6072ebe174a9e55ad8,0904201001,0.033881355932203386,2
2020-08-24,900c22ef439a0d281eba045f2a8cd1fac11842598b3a9d6072ebe174a9e55ad8,0904201001,0.033881355932203386,2
2020-08-24,900c22ef439a0d281eba045f2a8cd1fac11842598b3a9d6072ebe174a9e55ad8,0904201001,0.033881355932203386,2
2020-08-24,954397e5632a0bebf4616900519ceca0f2346aa6a9c4e97db6bc931ae67765be,0883026004,0.013542372881355931,2
2020-08-24,954397e5632a0bebf4616900519ceca0f2346aa6a9c4e97db6bc931ae67765be,0860797004,0.025406779661016947,2
2020-08-24,954397e5632a0bebf4616900519ceca0f2346aa6a9c4e97db6bc931ae67765be,0803969003,0.025406779661016947,2
2020-08-24,9581baaea89edee99b0a63a297602fadc4c05b6b8a099ace48501fd2954df4b9,0808684001,0.027101694915254236,1
2020-08-24,9581baaea89edee99b0a63a297602fadc4c05b6b8a099ace48501fd2954df4b9,0547780002,0.025406779661016947,1
2020-08-24,9c250874f4196a077e06d717c70473c205cd363ef81442561adf92a893ef5bd7,0552716001,0.033881355932203386,2
2020-08-24,9c66a5fa6b58073426cb12208a7a62e5c85b3b2f12f3487e73da4cbb4fbb4990,0894668002,0.025406779661016947,2
2020-08-24,9e48272d1f76a289499be20da35df3a801ba47ce7f386775be847e95e60c42d2,0791587015,0.018627118644067797,2
2020-08-24,a1e65fabdd319304d161b067f3b78a3497977e3f626e7b3d3f141fd67c53cb2a,0838197002,0.016932203389830508,2
2020-08-24,a1e65fabdd319304d161b067f3b78a3497977e3f626e7b3d3f141fd67c53cb2a,0918835001,0.025406779661016947,2
2020-08-24,a1e65fabdd319304d161b067f3b78a3497977e3f626e7b3d3f141fd67c53cb2a,0894956006,0.025406779661016947,2
2020-08-24,a1e65fabdd319304d161b067f3b78a3497977e3f626e7b3d3f141fd67c53cb2a,0868283001,0.016932203389830508,2
2020-08-24,a1e65fabdd319304d161b067f3b78a3497977e3f626e7b3d3f141fd67c53cb2a,0894956001,0.025406779661016947,2
2020-08-24,a546076b2aa9a4437387783deb84f7ba760de1d6260330789837761c7cb50e67,0781613013,0.050830508474576264,1
2020-08-24,a809af1920a9ae2ddd0de7ce259278fa4c9ae71771076d9f36001347ec464f33,0568601006,0.050830508474576264,1
2020-08-24,a809af1920a9ae2ddd0de7ce259278fa4c9ae71771076d9f36001347ec464f33,0695632002,0.033881355932203386,1
2020-08-24,a9067eafb680d0a9f00536a74fa18fa692c22594caa3fd032b93520f2a5e3720,0733097001,0.016932203389830508,1
2020-08-24,a9067eafb680d0a9f00536a74fa18fa692c22594caa3fd032b93520f2a5e3720,0902161006,0.033881355932203386,1
2020-08-24,a9067eafb680d0a9f00536a74fa18fa692c22594caa3fd032b93520f2a5e3720,0902161005,0.033881355932203386,1
2020-08-24,aeea58b37d53c6c6534055e5afc3570c1e595e6232593d41bccdf9ebfd34722f,0818754001,0.016932203389830508,1
2020-08-24,aeea58b37d53c6c6534055e5afc3570c1e595e6232593d41bccdf9ebfd34722f,0523489001,0.001677966101694915,1
2020-08-24,aeea58b37d53c6c6534055e5afc3570c1e595e6232593d41bccdf9ebfd34722f,0941976001,0.005067796610169492,1
2020-08-24,b4e56feba3fcfc5e6265a81f0098d98d6c550a846306bb5aab4354f19c0a7c00,0904567002,0.025406779661016947,2
2020-08-24,b55c7409405eb10caf672a7c4ebdc162fa9e46db4a50f53135911b57ce8bd7bc,0914868002,0.033881355932203386,1
2020-08-24,b55c7409405eb10caf672a7c4ebdc162fa9e46db4a50f53135911b57ce8bd7bc,0733097008,0.016932203389830508,1
2020-08-24,b6f8fe70ea1f79de6f3fdb0a69eef0df302dc6090a6be761ce7e0a1efb824f3a,0866117001,0.022016949152542376,1
2020-08-24,baef8e1eded5dd2419481175ba7d68333a7384162cbcf1f82b15ed2368f2d821,0894353002,0.025406779661016947,2
2020-08-24,baef8e1eded5dd2419481175ba7d68333a7384162cbcf1f82b15ed2368f2d821,0894353001,0.025406779661016947,2
2020-08-24,beb0682aa404363c66406d7eb290649106985f95ae73e736e2e3313b372f3acf,0770315026,0.016932203389830508,1
2020-08-24,beb0682aa404363c66406d7eb290649106985f95ae73e736e2e3313b372f3acf,0887654002,0.018627118644067797,1
2020-08-24,beb0682aa404363c66406d7eb290649106985f95ae73e736e2e3313b372f3acf,0644797006,0.013559322033898305,1
2020-08-24,c07afc014682c28f90f168da2f0debcc45d2ed518750e15b2460744b0ada396e,0832307003,0.050830508474576264,2
2020-08-24,c08cd80b3aa278e43e24e307382e30d63c20eb9d2b5046e1ebd20773d09c8872,0728156025,0.050830508474576264,1
2020-08-24,c08cd80b3aa278e43e24e307382e30d63c20eb9d2b5046e1ebd20773d09c8872,0770315015,0.016932203389830508,1
2020-08-24,c08cd80b3aa278e43e24e307382e30d63c20eb9d2b5046e1ebd20773d09c8872,0716672003,0.025406779661016947,1
2020-08-24,c35caa0657f370050392dc2d7bd2cb48357cfb098bc49389eb6f45b5239fd4cc,0710682003,0.025406779661016947,1
2020-08-24,c3952b6377841cc52dd4cc3876d78db72a7d8016079a33067efb6c9979191260,0573390001,0.013542372881355931,1
2020-08-24,c42ba9243a0f8e64d2f2335dab6514c1fca9f8bbb515aca1abedff55ee5da95b,0752657001,0.022016949152542376,2
2020-08-24,c42ba9243a0f8e64d2f2335dab6514c1fca9f8bbb515aca1abedff55ee5da95b,0810170016,0.06777966101694916,2
2020-08-24,c42ba9243a0f8e64d2f2335dab6514c1fca9f8bbb515aca1abedff55ee5da95b,0834063001,0.042355932203389825,2
2020-08-24,c500c012722e53dbdc4b269916e6bf8bffbdc70f16223870c63e7b04fa6e417a,0915526002,0.033881355932203386,2
2020-08-24,c500c012722e53dbdc4b269916e6bf8bffbdc70f16223870c63e7b04fa6e417a,0915526002,0.033881355932203386,2
2020-08-24,c500c012722e53dbdc4b269916e6bf8bffbdc70f16223870c63e7b04fa6e417a,0915526001,0.033881355932203386,2
2020-08-24,c7b92f8a65ec4272654090aafa4d2ae2b6cc2e0b58e5662f89c9dfd12afacd15,0860797004,0.022508474576271188,2
2020-08-24,c7b92f8a65ec4272654090aafa4d2ae2b6cc2e0b58e5662f89c9dfd12afacd15,0915529001,0.03,2
2020-08-24,cc0680987fdf6762ea42696d2a8e6cb9379a67ea9fb479ffba03aa4bed913b8e,0827704003,0.022016949152542376,1
2020-08-24,cc0680987fdf6762ea42696d2a8e6cb9379a67ea9fb479ffba03aa4bed913b8e,0916468003,0.033881355932203386,1
2020-08-24,cc3d262eb49dfc4c9991050fae3a904e7280546c3cb0e7a3f23eed2beb6a0d9c,0713986015,0.10167796610169492,2
2020-08-24,cc3d262eb49dfc4c9991050fae3a904e7280546c3cb0e7a3f23eed2beb6a0d9c,0714026012,0.050830508474576264,2
2020-08-24,d269870960e49021021e82258706f6651d4a33932e17256cf8a93180a73fc679,0915529001,0.02935593220338983,2
2020-08-24,d269870960e49021021e82258706f6651d4a33932e17256cf8a93180a73fc679,0685813037,0.014677966101694915,2
2020-08-24,d66c39407fe757eea0bb4d1d83dc37f09da7dd0a4102ba2018d4dc20832ca0e8,0868283001,0.016932203389830508,2
2020-08-24,d66c39407fe757eea0bb4d1d83dc37f09da7dd0a4102ba2018d4dc20832ca0e8,0894680001,0.025406779661016947,2
2020-08-24,d6913e3b6b65c730d45c1bf8749c9c29b179ef3926fc75446400ace655258697,0557599023,0.01566101694915254,1
2020-08-24,d6913e3b6b65c730d45c1bf8749c9c29b179ef3926fc75446400ace655258697,0737221008,0.015677966101694914,1
2020-08-24,d6913e3b6b65c730d45c1bf8749c9c29b179ef3926fc75446400ace655258697,0492897001,0.023508474576271185,1
2020-08-24,d6913e3b6b65c730d45c1bf8749c9c29b179ef3926fc75446400ace655258697,0464297007,0.01566101694915254,1
2020-08-24,d6913e3b6b65c730d45c1bf8749c9c29b179ef3926fc75446400ace655258697,0865470002,0.006254237288135593,1
2020-08-24,d89364541d4cb43d1ed7bf51a181ae6043b8df201d7b4a90762cad2dd19f306a,0908729001,0.042355932203389825,2
2020-08-24,d89364541d4cb43d1ed7bf51a181ae6043b8df201d7b4a90762cad2dd19f306a,0908729001,0.042355932203389825,2
2020-08-24,d94ee8c4726256ce1bd8af457375c7b2fd89b19282c07e3c3a02078335370a3d,0806451001,0.003135593220338983,2
2020-08-24,d94ee8c4726256ce1bd8af457375c7b2fd89b19282c07e3c3a02078335370a3d,0741848001,0.007847457627118644,2
2020-08-24,db3e5fac207f0f164c0d15fcdbc4cbbd8999081a864ad703bfa290c526af53b5,0714790024,0.050830508474576264,2
2020-08-24,db3e5fac207f0f164c0d15fcdbc4cbbd8999081a864ad703bfa290c526af53b5,0448509001,0.042355932203389825,2
2020-08-24,db3e5fac207f0f164c0d15fcdbc4cbbd8999081a864ad703bfa290c526af53b5,0719530003,0.033881355932203386,2
2020-08-24,db9b0858d11e4de12257f6825ebcb0fc09ad420f4fb98b1197aedeaf9e1741dc,0859737004,0.025406779661016947,1
2020-08-24,db9b0858d11e4de12257f6825ebcb0fc09ad420f4fb98b1197aedeaf9e1741dc,0859743003,0.022016949152542376,1
2020-08-24,db9b0858d11e4de12257f6825ebcb0fc09ad420f4fb98b1197aedeaf9e1741dc,0852109001,0.022016949152542376,1
2020-08-24,db9b0858d11e4de12257f6825ebcb0fc09ad420f4fb98b1197aedeaf9e1741dc,0849859003,0.008457627118644067,1
2020-08-24,dc48754bcc0565a52ce2fe739e8353b69f65c7d351606a6f691d22d80bb3dbf7,0921266001,0.016932203389830508,2
2020-08-24,dc48754bcc0565a52ce2fe739e8353b69f65c7d351606a6f691d22d80bb3dbf7,0914441005,0.033881355932203386,2
2020-08-24,dc48754bcc0565a52ce2fe739e8353b69f65c7d351606a6f691d22d80bb3dbf7,0914441005,0.033881355932203386,2
2020-08-24,dcf5950391d738889e0060ffb3237583a788611721405d63fe97ee1aee0051b0,0616598019,0.050830508474576264,1
2020-08-24,e28f7fdb01d15786f2bde5dcb734f953e344acac49b3973aa294042f7234168d,0864434004,0.025406779661016947,1
2020-08-24,e28f7fdb01d15786f2bde5dcb734f953e344acac49b3973aa294042f7234168d,0865980002,0.025406779661016947,1
2020-08-24,e28f7fdb01d15786f2bde5dcb734f953e344acac49b3973aa294042f7234168d,0534164001,0.033881355932203386,1
2020-08-24,e28f7fdb01d15786f2bde5dcb734f953e344acac49b3973aa294042f7234168d,0564311036,0.025406779661016947,1
2020-08-24,e28f7fdb01d15786f2bde5dcb734f953e344acac49b3973aa294042f7234168d,0564313003,0.025406779661016947,1
2020-08-24,e28f7fdb01d15786f2bde5dcb734f953e344acac49b3973aa294042f7234168d,0905914002,0.016932203389830508,1
2020-08-24,e515ec9d9b810de2d7f0b13a7b6df7d106a4e0d4ea140870c67b38579ddc9290,0775382001,0.050830508474576264,2
2020-08-24,e96e04eb29f84abe291ec208c32b971758242031414df42a43c6f1795acbcd04,0758034001,0.025406779661016947,2
2020-08-24,e96e04eb29f84abe291ec208c32b971758242031414df42a43c6f1795acbcd04,0868823007,0.025406779661016947,2
2020-08-24,e96e04eb29f84abe291ec208c32b971758242031414df42a43c6f1795acbcd04,0748355003,0.022016949152542376,2
2020-08-24,e96e04eb29f84abe291ec208c32b971758242031414df42a43c6f1795acbcd04,0894756002,0.022016949152542376,2
2020-08-24,e96e04eb29f84abe291ec208c32b971758242031414df42a43c6f1795acbcd04,0822344001,0.033881355932203386,2
2020-08-24,ea0dec251ee925a5ca8d938503a4c80c50b90328ce98a0389f3df849aa7d8b7d,0156231001,0.008457627118644067,1
2020-08-24,ef28ef874d76a214572bae6c2c5caff7464d9447edd6e630c5345b4526217a3e,0920610001,0.0457457627118644,2
2020-08-24,ef28ef874d76a214572bae6c2c5caff7464d9447edd6e630c5345b4526217a3e,0801673002,0.01523728813559322,2
2020-08-24,f0858267cf039c77be20bdcc13ff59e96044efa484e39c53971524e8880b5c24,0743840004,0.033881355932203386,2
2020-08-24,f0858267cf039c77be20bdcc13ff59e96044efa484e39c53971524e8880b5c24,0685813042,0.016932203389830508,2
2020-08-24,f14ebb0b2010c4150b5a4732a31296f6f18fb847358928b385bbd9d174de678c,0678942057,0.016932203389830508,1
2020-08-24,f1bc9adef943fc49819afaf782a526c9e816665dc59b6dd15dabc06e4351dde7,0523488001,0.001677966101694915,1
2020-08-24,f1bc9adef943fc49819afaf782a526c9e816665dc59b6dd15dabc06e4351dde7,0800245002,0.022016949152542376,1
2020-08-24,f1bc9adef943fc49819afaf782a526c9e816665dc59b6dd15dabc06e4351dde7,0736923009,0.016932203389830508,1
2020-08-24,f1bc9adef943fc49819afaf782a526c9e816665dc59b6dd15dabc06e4351dde7,0832795001,0.03049152542372881,1
2020-08-24,f1bc9adef943fc49819afaf782a526c9e816665dc59b6dd15dabc06e4351dde7,0779781013,0.042355932203389825,1
2020-08-24,f9e95c0dce3dcac9d775beab6fb84f7797c2fe0527d0e3105f37e5e5e3b7e2b6,0547780031,0.025406779661016947,1
2020-08-24,f9e95c0dce3dcac9d775beab6fb84f7797c2fe0527d0e3105f37e5e5e3b7e2b6,0806388005,0.013542372881355931,1
2020-08-24,fd5fca8ea90b3a27477d44f454523c1d90cdb3d407d2a31b0982744989aef174,0639448001,0.050830508474576264,2
2020-08-24,fd5fca8ea90b3a27477d44f454523c1d90cdb3d407d2a31b0982744989aef174,0842000001,0.033881355932203386,2
2020-08-24,fd5fca8ea90b3a27477d44f454523c1d90cdb3d407d2a31b0982744989aef174,0818754001,0.016932203389830508,2
2020-08-24,fd5fca8ea90b3a27477d44f454523c1d90cdb3d407d2a31b0982744989aef174,0640021023,0.050830508474576264,2
2020-08-25,0361c2b7a5abdf54d05b12f6afa5177883886ea897db750a3719a6f620d7a7b6,0873158008,0.016932203389830508,2
2020-08-25,0361c2b7a5abdf54d05b12f6afa5177883886ea897db750a3719a6f620d7a7b6,0883684001,0.025406779661016947,2
2020-08-25,04a99fd1188b3732cd1a24eff64b5c7746c8453be33f4e9f64d7fd0c761586ec,0706016015,0.033881355932203386,1
2020-08-25,04a99fd1188b3732cd1a24eff64b5c7746c8453be33f4e9f64d7fd0c761586ec,0464297007,0.016932203389830508,1
2020-08-25,06bd95a96229e5909b8840465304b401590021bf3e985a498a58f1116e04ca49,0908491005,0.018627118644067797,2
2020-08-25,07edcafa50f684edc2fc15a1bbf2f79973c896cad5b868b4e029be3732e0acc4,0824997001,0.03049152542372881,1
2020-08-25,07edcafa50f684edc2fc15a1bbf2f79973c896cad5b868b4e029be3732e0acc4,0824997001,0.03049152542372881,1
2020-08-25,0cc6859faa28c8bb74a9265e9eab5b29b53a6a1f57a59b163d7852f3e94bb895,0883015001,0.042355932203389825,2
2020-08-25,0cc6859faa28c8bb74a9265e9eab5b29b53a6a1f57a59b163d7852f3e94bb895,0889496001,0.03049152542372881,2
2020-08-25,0cc7c9da53e6aaab9759027d7ffc9b4d22c2a7e1cc650638d8c31de7f630a184,0706016002,0.033881355932203386,2
2020-08-25,0cc7c9da53e6aaab9759027d7ffc9b4d22c2a7e1cc650638d8c31de7f630a184,0936282001,0.025406779661016947,2
2020-08-25,0cc7c9da53e6aaab9759027d7ffc9b4d22c2a7e1cc650638d8c31de7f630a184,0748355003,0.022016949152542376,2
2020-08-25,0d3065f916c2abac9a168fdb46d7421ff1002f387a020f2e55999610c887bddd,0915523001,0.050830508474576264,2
2020-08-25,0d3065f916c2abac9a168fdb46d7421ff1002f387a020f2e55999610c887bddd,0748566033,0.042355932203389825,2
2020-08-25,0d3065f916c2abac9a168fdb46d7421ff1002f387a020f2e55999610c887bddd,0804992017,0.025406779661016947,2
2020-08-25,0dfd3e31e6ab82e771ef2be1aea95f27d6a7af097ea68907d3171bec585a91ae,0889652002,0.033881355932203386,2
2020-08-25,0dfd3e31e6ab82e771ef2be1aea95f27d6a7af097ea68907d3171bec585a91ae,0889652002,0.033881355932203386,2
2020-08-25,18e234ccbe67b37f4c6eb8d74928741417f19493c504da8334c70b3055d7ff06,0874113024,0.016932203389830508,1
2020-08-25,1f7b680d10cb19ad5811db367146af9b7a08af5ca0a39b592477b9f079f7c8d4,0557994003,0.03049152542372881,1
2020-08-25,1f7b680d10cb19ad5811db367146af9b7a08af5ca0a39b592477b9f079f7c8d4,0875082001,0.025406779661016947,1
2020-08-25,1f7b680d10cb19ad5811db367146af9b7a08af5ca0a39b592477b9f079f7c8d4,0700701003,0.025406779661016947,1
2020-08-25,214fc5f7e34d291e635d437c4a4511c7c108202001167ae742fc17cf2a635461,0751471038,0.033881355932203386,2
2020-08-25,214fc5f7e34d291e635d437c4a4511c7c108202001167ae742fc17cf2a635461,0751471038,0.033881355932203386,2
2020-08-25,214fc5f7e34d291e635d437c4a4511c7c108202001167ae742fc17cf2a635461,0857030003,0.08472881355932205,2
2020-08-25,214fc5f7e34d291e635d437c4a4511c7c108202001167ae742fc17cf2a635461,0751471023,0.033881355932203386,2
2020-08-25,252f1410ecfb7181ad84d9f522d2abbec636fa59d6a7d14f6a0f53a82dd087c7,0856840001,0.016932203389830508,1
2020-08-25,252f1410ecfb7181ad84d9f522d2abbec636fa59d6a7d14f6a0f53a82dd087c7,0816563004,0.025406779661016947,1
2020-08-25,25e0c6ac6ccb89c75d6e3be8c5fe9a10683afd50d7290d37984c6e97040cbdce,0832473001,0.0045593220338983045,2
2020-08-25,264afbf64f04479703b4433a8bc6534f8c1696beaa2a24c80bc5e1f8f8cb118b,0717490064,0.008457627118644067,1
2020-08-25,264afbf64f04479703b4433a8bc6534f8c1696beaa2a24c80bc5e1f8f8cb118b,0717490008,0.008457627118644067,1
2020-08-25,265fee170a8b82e39b2998587e354dcac6b30769feb39c6a1ff8d8660f3bba4d,0831610001,0.05252542372881356,2
2020-08-25,29b0dce3a8b673cfc558861d539a792c29beedad9f2f8630811450e5c66bd924,0863583002,0.033881355932203386,2
2020-08-25,29b0dce3a8b673cfc558861d539a792c29beedad9f2f8630811450e5c66bd924,0878190004,0.06777966101694916,2
2020-08-25,2ba92e06972f109cf6644d9fb63fa5ea8df9b2d9acdcab84d932ccdbfe9def59,0868258001,0.016932203389830508,1
2020-08-25,2fb56eb21d0a0dbc6e6ad65a6f1fc17bddebed368682d6f7300b82fba905a881,0762846031,0.01905084745762712,1
2020-08-25,2fb56eb21d0a0dbc6e6ad65a6f1fc17bddebed368682d6f7300b82fba905a881,0851010007,0.016932203389830508,1
2020-08-25,2fb56eb21d0a0dbc6e6ad65a6f1fc17bddebed368682d6f7300b82fba905a881,0871311003,0.025406779661016947,1
2020-08-25,384cca9b740b9b7d7b1fb67afddcb0010327f620127fc38ae22baf988e0d5ae9,0867260002,0.015983050847457627,1
2020-08-25,384cca9b740b9b7d7b1fb67afddcb0010327f620127fc38ae22baf988e0d5ae9,0611415001,0.015983050847457627,1
2020-08-25,384cca9b740b9b7d7b1fb67afddcb0010327f620127fc38ae22baf988e0d5ae9,0720125041,0.031999999999999994,1
2020-08-25,384cca9b740b9b7d7b1fb67afddcb0010327f620127fc38ae22baf988e0d5ae9,0571538003,0.0031864406779661017,1
2020-08-25,384cca9b740b9b7d7b1fb67afddcb0010327f620127fc38ae22baf988e0d5ae9,0791587006,0.024,1
2020-08-25,384cca9b740b9b7d7b1fb67afddcb0010327f620127fc38ae22baf988e0d5ae9,0791587010,0.024,1
2020-08-25,3a76c2852b0c16beb15bbaba6cee77d661f8130a548f600d0427706170c54c1f,0853612004,0.010152542372881357,1
2020-08-25,3a76c2852b0c16beb15bbaba6cee77d661f8130a548f600d0427706170c54c1f,0760084013,0.008457627118644067,1
2020-08-25,3aa2aefab6152c901068a5ac3bdb31c17ddb76bd69eb4800174e1d64aed3fe2f,0806225008,0.025406779661016947,2
2020-08-25,3aa2aefab6152c901068a5ac3bdb31c17ddb76bd69eb4800174e1d64aed3fe2f,0776237011,0.025406779661016947,2
2020-08-25,3aa2aefab6152c901068a5ac3bdb31c17ddb76bd69eb4800174e1d64aed3fe2f,0599580038,0.016932203389830508,2
2020-08-25,3aa2aefab6152c901068a5ac3bdb31c17ddb76bd69eb4800174e1d64aed3fe2f,0599580038,0.016932203389830508,2
2020-08-25,3b6999315f44bd6caa310fba4d3a7803e863b05b21bffa580692d319bae7eb29,0921347003,0.033881355932203386,2
2020-08-25,3b6999315f44bd6caa310fba4d3a7803e863b05b21bffa580692d319bae7eb29,0921298003,0.025406779661016947,2
2020-08-25,3e8300c60516a0f39fd1511bd141fd9bf41bb9f120ba647105e5d26de98a14e9,0818397001,0.033881355932203386,1
2020-08-25,444a6766d83a74eed4d72885fa26956c943987697984fa3afcec0130e6e42cf9,0736531001,0.00676271186440678,1
2020-08-25,448ac40d7cb954df91394b00a893c000d3d6686c4fba75765cb39d9be520beb4,0936282001,0.025406779661016947,2
2020-08-25,49049778f56a8998858143a32effdf73f78384f353bd23ae91a776a3cfa66f62,0829643003,0.042355932203389825,2
2020-08-25,49049778f56a8998858143a32effdf73f78384f353bd23ae91a776a3cfa66f62,0611635003,0.03049152542372881,2
2020-08-25,492096cac1439c3283d5b3a888d0f7087a377ac44df5779fd057ce4699aeb9ed,0839332008,0.06777966101694916,1
2020-08-25,492096cac1439c3283d5b3a888d0f7087a377ac44df5779fd057ce4699aeb9ed,0839332008,0.06777966101694916,1
2020-08-25,492096cac1439c3283d5b3a888d0f7087a377ac44df5779fd057ce4699aeb9ed,0851400015,0.05930508474576271,1
2020-08-25,492096cac1439c3283d5b3a888d0f7087a377ac44df5779fd057ce4699aeb9ed,0834906017,0.016932203389830508,1
2020-08-25,492096cac1439c3283d5b3a888d0f7087a377ac44df5779fd057ce4699aeb9ed,0834906017,0.016932203389830508,1
2020-08-25,492096cac1439c3283d5b3a888d0f7087a377ac44df5779fd057ce4699aeb9ed,0767605014,0.025406779661016947,1
2020-08-25,492096cac1439c3283d5b3a888d0f7087a377ac44df5779fd057ce4699aeb9ed,0742947001,0.001677966101694915,1
2020-08-25,492096cac1439c3283d5b3a888d0f7087a377ac44df5779fd057ce4699aeb9ed,0909832001,0.016932203389830508,1
2020-08-25,492096cac1439c3283d5b3a888d0f7087a377ac44df5779fd057ce4699aeb9ed,0708138037,0.06777966101694916,1
2020-08-25,4da683ce8ded712a4471ea9837c6f2bc08249c5d774e09f234816669d92a6f17,0916468001,0.033881355932203386,1
2020-08-25,4da683ce8ded712a4471ea9837c6f2bc08249c5d774e09f234816669d92a6f17,0926502001,0.05930508474576271,1
2020-08-25,4da683ce8ded712a4471ea9837c6f2bc08249c5d774e09f234816669d92a6f17,0915529001,0.033881355932203386,1
2020-08-25,4e84089cf77999897433cc40bbf9e6bd54143daadb3a35b466b0bd65d7eadb82,0902161006,0.027101694915254236,1
2020-08-25,4f8aaad94208ab6fb41a87f0542339b30fa8c372f79a2320bea9168576b12507,0698387022,0.08472881355932205,2
2020-08-25,4f8aaad94208ab6fb41a87f0542339b30fa8c372f79a2320bea9168576b12507,0610776001,0.008457627118644067,2
2020-08-25,4f8aaad94208ab6fb41a87f0542339b30fa8c372f79a2320bea9168576b12507,0794053001,0.08472881355932205,2
2020-08-25,55dcbdd717a5b0e9be21b2254dad81c0826c08e170112182fce55738d8c5de99,0891591001,0.06354237288135593,2
2020-08-25,55ed0071844c5507450114553dcf226b5d7e7ed9ef53357ed95ee814c5659200,0866482001,0.014389830508474576,1
2020-08-25,5a7e50f10bd4ef9c3a3711794f1bbf3b7171e23bea8d4ae43baafda0b0ee1c31,0877137001,0.01905084745762712,1
2020-08-25,5abd19a574a10287a737f4edbc7226262967ac44c0fca3ce7fa081dd9e1c4182,0920830001,0.033881355932203386,2
2020-08-25,5abd19a574a10287a737f4edbc7226262967ac44c0fca3ce7fa081dd9e1c4182,0918149001,0.022016949152542376,2
2020-08-25,5abd19a574a10287a737f4edbc7226262967ac44c0fca3ce7fa081dd9e1c4182,0903309001,0.010152542372881357,2
2020-08-25,5abd19a574a10287a737f4edbc7226262967ac44c0fca3ce7fa081dd9e1c4182,0915526001,0.033881355932203386,2
2020-08-25,5abd19a574a10287a737f4edbc7226262967ac44c0fca3ce7fa081dd9e1c4182,0797835014,0.06777966101694916,2
2020-08-25,5abd19a574a10287a737f4edbc7226262967ac44c0fca3ce7fa081dd9e1c4182,0839496002,0.00676271186440678,2
2020-08-25,5de866dc3b689d312f0163c3b33a1d1698d2efc451a9956cb717440cff67873c,0738713040,0.042355932203389825,1
2020-08-25,5de866dc3b689d312f0163c3b33a1d1698d2efc451a9956cb717440cff67873c,0456163060,0.033881355932203386,1
2020-08-25,5de866dc3b689d312f0163c3b33a1d1698d2efc451a9956cb717440cff67873c,0853612003,0.016932203389830508,1
2020-08-25,5efcb18472e0dc3e441a67e5a0fcb3a938a85e584d36d998e0784c9411b0e6b7,0237347063,0.033881355932203386,2
2020-08-25,5efcb18472e0dc3e441a67e5a0fcb3a938a85e584d36d998e0784c9411b0e6b7,0756320026,0.033881355932203386,2
2020-08-25,5efcb18472e0dc3e441a67e5a0fcb3a938a85e584d36d998e0784c9411b0e6b7,0908728001,0.06777966101694916,2
2020-08-25,612637291c0fe04a3dd662edab5de65bdc87721c6c72f592aa141196da23867f,0865598002,0.018627118644067797,1
2020-08-25,612637291c0fe04a3dd662edab5de65bdc87721c6c72f592aa141196da23867f,0874054002,0.00676271186440678,1
2020-08-25,612637291c0fe04a3dd662edab5de65bdc87721c6c72f592aa141196da23867f,0698276004,0.050830508474576264,1
2020-08-25,61ed09afefe82dc16d03e18e52e6f652a5356bb3dcf1b94032f6352f3a77dea9,0791587015,0.025406779661016947,2
2020-08-25,61ed09afefe82dc16d03e18e52e6f652a5356bb3dcf1b94032f6352f3a77dea9,0899499004,0.013542372881355931,2
2020-08-25,62af43408d49af28247b12c293ce92149ddbed9f3ecda7f98da16fafe297b900,0723469001,0.025406779661016947,2
2020-08-25,62c34cceeaea39d54223e4d444799eafff61ad081bccc06c025e7cfe4ea69f3b,0886903001,0.008457627118644067,1
2020-08-25,62c34cceeaea39d54223e4d444799eafff61ad081bccc06c025e7cfe4ea69f3b,0867292001,0.011847457627118646,1
2020-08-25,63b28ef8a026cd996180f58834c3897e45ef9112b4652b06418b6576b661deac,0902161005,0.030322033898305085,1
2020-08-25,63b28ef8a026cd996180f58834c3897e45ef9112b4652b06418b6576b661deac,0843777005,0.01059322033898305,1
2020-08-25,63b28ef8a026cd996180f58834c3897e45ef9112b4652b06418b6576b661deac,0861029002,0.016661016949152542,1
2020-08-25,677d9a29e480abf007f6c193efc7cc988cb8bdf259dc33053d38eca148558673,0610776071,0.008457627118644067,1
2020-08-25,677d9a29e480abf007f6c193efc7cc988cb8bdf259dc33053d38eca148558673,0554598001,0.016932203389830508,1
2020-08-25,677d9a29e480abf007f6c193efc7cc988cb8bdf259dc33053d38eca148558673,0599719001,0.010152542372881357,1
2020-08-25,6b83a20125e6d387ac5f905343dd5c6a3add532bf7f605ae542a72863551b1f0,0832253002,0.025406779661016947,2
2020-08-25,6b83a20125e6d387ac5f905343dd5c6a3add532bf7f605ae542a72863551b1f0,0599718043,0.016932203389830508,2
2020-08-25,6b83a20125e6d387ac5f905343dd5c6a3add532bf7f605ae542a72863551b1f0,0865468001,0.042355932203389825,2
2020-08-25,6ff89a1274ef8846ae29ddd38a7b15921dd9bde7fe4766474ab9403b3c2f7043,0559633023,0.03811864406779661,1
2020-08-25,6ff89a1274ef8846ae29ddd38a7b15921dd9bde7fe4766474ab9403b3c2f7043,0886697001,0.03811864406779661,1
2020-08-25,7505a283c95875563c7a94d84d09560bd5d93ccb1f50daf98dca40e7331e9b10,0911195004,0.03049152542372881,1
2020-08-25,7505a283c95875563c7a94d84d09560bd5d93ccb1f50daf98dca40e7331e9b10,0879287002,0.022864406779661017,1
2020-08-25,755e84f95d2ff537d765c934d5249d0a2ae0fa8a6faeb52263c59a2e434a1942,0918547001,0.008457627118644067,2
2020-08-25,7a7ae17a22d1ed94df872c334733c0e339a6c24735bb43dca2b0aa107c20c824,0888570001,0.050830508474576264,2
2020-08-25,7a7ae17a22d1ed94df872c334733c0e339a6c24735bb43dca2b0aa107c20c824,0808663001,0.033881355932203386,2
2020-08-25,7b93891ee69a9529a5aebadb6e385f5c41c9453afa16c4cc97a19d02cb3be65b,0730570029,0.025406779661016947,1
2020-08-25,7c6901773ca91da3806546c9cb6181d6cc1c8b64187e6ffc91ecb17be21b6c4f,0849588008,0.050830508474576264,2
2020-08-25,7c6901773ca91da3806546c9cb6181d6cc1c8b64187e6ffc91ecb17be21b6c4f,0863583002,0.033881355932203386,2
2020-08-25,7c6901773ca91da3806546c9cb6181d6cc1c8b64187e6ffc91ecb17be21b6c4f,0936282001,0.025406779661016947,2
2020-08-25,7c6901773ca91da3806546c9cb6181d6cc1c8b64187e6ffc91ecb17be21b6c4f,0906296001,0.042355932203389825,2
2020-08-25,7c6901773ca91da3806546c9cb6181d6cc1c8b64187e6ffc91ecb17be21b6c4f,0897167001,0.050830508474576264,2
2020-08-25,7c6901773ca91da3806546c9cb6181d6cc1c8b64187e6ffc91ecb17be21b6c4f,0906305002,0.033881355932203386,2
2020-08-25,7c6901773ca91da3806546c9cb6181d6cc1c8b64187e6ffc91ecb17be21b6c4f,0904584007,0.025406779661016947,2
2020-08-25,7f2d3fa72cdf42a99e4fd8dd7e57265331e7d7c551582e0dcde64ff21eee0e5e,0829643005,0.042355932203389825,1
2020-08-25,7f2d3fa72cdf42a99e4fd8dd7e57265331e7d7c551582e0dcde64ff21eee0e5e,0831547011,0.008457627118644067,1
2020-08-25,80c2917e3430c77d8828eaf18d6370d929c377cde77204d930e59b6dcc6175c7,0906794003,0.033881355932203386,2
2020-08-25,84126ede66017a59512bd6ccb03e460faf3c827ee4834ca362628429c42ee8de,0160442007,0.013542372881355931,2
2020-08-25,84126ede66017a59512bd6ccb03e460faf3c827ee4834ca362628429c42ee8de,0704754001,0.016932203389830508,2
2020-08-25,84126ede66017a59512bd6ccb03e460faf3c827ee4834ca362628429c42ee8de,0736870001,0.016932203389830508,2
2020-08-25,84126ede66017a59512bd6ccb03e460faf3c827ee4834ca362628429c42ee8de,0878096003,0.025406779661016947,2
2020-08-25,875fc513dde6a1feb6eb60cf59e06a1216e6b6705a725fbb3f9158cefaded7b0,0684021070,0.011847457627118646,1
2020-08-25,875fc513dde6a1feb6eb60cf59e06a1216e6b6705a725fbb3f9158cefaded7b0,0738713037,0.042355932203389825,1
2020-08-25,875fc513dde6a1feb6eb60cf59e06a1216e6b6705a725fbb3f9158cefaded7b0,0720125001,0.033881355932203386,1
2020-08-25,875fc513dde6a1feb6eb60cf59e06a1216e6b6705a725fbb3f9158cefaded7b0,0852584001,0.033881355932203386,1
2020-08-25,875fc513dde6a1feb6eb60cf59e06a1216e6b6705a725fbb3f9158cefaded7b0,0621381016,0.033881355932203386,1
2020-08-25,875fc513dde6a1feb6eb60cf59e06a1216e6b6705a725fbb3f9158cefaded7b0,0851374001,0.022016949152542376,1
2020-08-25,8cd31ae95e7f9027c482486e2e05d44e02a896da087b501ff8fa2dbc33060d22,0816598008,0.042355932203389825,1
2020-08-25,91f36ce7bbe378a4aff1e0026da4919b1a3b6c8e6903fe7a0b387ba5ec36083c,0886697001,0.042355932203389825,1
2020-08-25,9297c0cf81f6c18fa3e680aa2a13899265cff0dd1b66277e3fc7e9b6fef855e9,0158340001,0.013542372881355931,2
2020-08-25,9297c0cf81f6c18fa3e680aa2a13899265cff0dd1b66277e3fc7e9b6fef855e9,0179208001,0.013542372881355931,2
2020-08-25,9581baaea89edee99b0a63a297602fadc4c05b6b8a099ace48501fd2954df4b9,0860822001,0.025406779661016947,2
2020-08-25,9b76cb7a17d787ad960c2b3691e7d38c015895dc68af7f8521f75c19e24b4fd5,0852584006,0.033881355932203386,2
2020-08-25,9b76cb7a17d787ad960c2b3691e7d38c015895dc68af7f8521f75c19e24b4fd5,0852584006,0.033881355932203386,2
2020-08-25,9b76cb7a17d787ad960c2b3691e7d38c015895dc68af7f8521f75c19e24b4fd5,0486639003,0.03049152542372881,2
2020-08-25,9b76cb7a17d787ad960c2b3691e7d38c015895dc68af7f8521f75c19e24b4fd5,0822888002,0.033881355932203386,2
2020-08-25,9c75d5dfd9294428a5b8fe4ff65c0c7ea1f2c72e58c766099b42bc1c32c63615,0838900001,0.025406779661016947,2
2020-08-25,a283535411a1fe6c84c01e6836912249c99f36ddafca1cbe5fd3dc4a51beac6e,0863595001,0.033881355932203386,1
2020-08-25,a3143df56e2405f4929c0213dd96093a9d99c489431581372a7c6453aa4a1615,0871376002,0.033881355932203386,2
2020-08-25,a3143df56e2405f4929c0213dd96093a9d99c489431581372a7c6453aa4a1615,0845790006,0.033881355932203386,2
2020-08-25,a3143df56e2405f4929c0213dd96093a9d99c489431581372a7c6453aa4a1615,0845790002,0.033881355932203386,2
2020-08-25,a3143df56e2405f4929c0213dd96093a9d99c489431581372a7c6453aa4a1615,0867966009,0.033881355932203386,2
2020-08-25,a998f707d6b88480ceb62f05c82d64616bee8cc5888f8521949aa35aec13e9a3,0879084001,0.033881355932203386,2
2020-08-25,a998f707d6b88480ceb62f05c82d64616bee8cc5888f8521949aa35aec13e9a3,0879084001,0.033881355932203386,2
2020-08-25,a998f707d6b88480ceb62f05c82d64616bee8cc5888f8521949aa35aec13e9a3,0611415034,0.016932203389830508,2
2020-08-25,a998f707d6b88480ceb62f05c82d64616bee8cc5888f8521949aa35aec13e9a3,0559601019,0.022016949152542376,2
2020-08-25,aa44671978078ca458dfe3bb9d7230e774633acb59f4f3a03f7e9e4054cf6640,0887303001,0.07625423728813559,2
2020-08-25,aa44671978078ca458dfe3bb9d7230e774633acb59f4f3a03f7e9e4054cf6640,0887303001,0.07625423728813559,2
2020-08-25,aa44671978078ca458dfe3bb9d7230e774633acb59f4f3a03f7e9e4054cf6640,0838321001,0.025406779661016947,2
2020-08-25,aa44671978078ca458dfe3bb9d7230e774633acb59f4f3a03f7e9e4054cf6640,0751471037,0.033881355932203386,2
2020-08-25,ade90dd5dba5237ad9470a8a38f56e4e47bc178ff5a4a5ea868dcea35f05b83c,0751471037,0.033881355932203386,1
2020-08-25,ade90dd5dba5237ad9470a8a38f56e4e47bc178ff5a4a5ea868dcea35f05b83c,0470789001,0.016932203389830508,1
2020-08-25,ade90dd5dba5237ad9470a8a38f56e4e47bc178ff5a4a5ea868dcea35f05b83c,0751471001,0.033881355932203386,1
2020-08-25,ade90dd5dba5237ad9470a8a38f56e4e47bc178ff5a4a5ea868dcea35f05b83c,0908230001,0.016932203389830508,1
2020-08-25,aeea58b37d53c6c6534055e5afc3570c1e595e6232593d41bccdf9ebfd34722f,0574109011,0.025406779661016947,1
2020-08-25,b0bb7f8b55416a707a2401fc93192d3a16312cb7f1e2d182ce2c8f9c754e5ce0,0794239003,0.025406779661016947,1
2020-08-25,b17adb5ebf381932a2e5eb0cfd8a6a8b34c2030d58aaec5c85d766a19edafec8,0871710001,0.033881355932203386,2
2020-08-25,b17adb5ebf381932a2e5eb0cfd8a6a8b34c2030d58aaec5c85d766a19edafec8,0894668002,0.025406779661016947,2
2020-08-25,b81a4f0f35481140b66722d11b0463d7d3fef81f4ef4111794bb9618bf110131,0608945008,0.016932203389830508,1
2020-08-25,b81a4f0f35481140b66722d11b0463d7d3fef81f4ef4111794bb9618bf110131,0608945019,0.016932203389830508,1
2020-08-25,b8544a1d1c6b06e297e6e6ba1784aaaba831b6272f4bc9c7ca18d66df8f80bbd,0810169017,0.050830508474576264,2
2020-08-25,bd02b4217bdf20ae7dab1c7ba799e6ade8da98f8143596ee932ecdd92494e972,0751788001,0.050830508474576264,1
2020-08-25,bd02b4217bdf20ae7dab1c7ba799e6ade8da98f8143596ee932ecdd92494e972,0778534008,0.042355932203389825,1
2020-08-25,bd02b4217bdf20ae7dab1c7ba799e6ade8da98f8143596ee932ecdd92494e972,0822238002,0.025406779661016947,1
2020-08-25,c0f325be80426e8ef9ea032e8e753d14ebed77b0fb930e2a31a70890170cd723,0542413002,0.009016949152542373,1
2020-08-25,c0f325be80426e8ef9ea032e8e753d14ebed77b0fb930e2a31a70890170cd723,0542413002,0.009033898305084746,1
2020-08-25,c0f325be80426e8ef9ea032e8e753d14ebed77b0fb930e2a31a70890170cd723,0542413002,0.009033898305084746,1
2020-08-25,c3e813b420808feed3119a5032d5e07a52a6426183a0f9b158116e10f5116ec2,0854683004,0.0033728813559322033,2
2020-08-25,c3e813b420808feed3119a5032d5e07a52a6426183a0f9b158116e10f5116ec2,0729860002,0.01523728813559322,2
2020-08-25,c3e813b420808feed3119a5032d5e07a52a6426183a0f9b158116e10f5116ec2,0824832001,0.011847457627118646,2
2020-08-25,c7a17a96ace4871043d8ae487a2e4d8b9fb5535aa29e8d9c4be91123405e989e,0816166011,0.033881355932203386,1
2020-08-25,c7a17a96ace4871043d8ae487a2e4d8b9fb5535aa29e8d9c4be91123405e989e,0921906001,0.033881355932203386,1
2020-08-25,c822bf5afe505d5abad03b0e42c19aedc3bdfc303edfa6c611282441e5d98872,0728156018,0.04676271186440678,1
2020-08-25,c822bf5afe505d5abad03b0e42c19aedc3bdfc303edfa6c611282441e5d98872,0554598087,0.015576271186440678,1
2020-08-25,caedd2c9b4c39ec93a4f9fe12a097073b60c6f59072cd308412f6a018fd9ba84,0570004108,0.008457627118644067,2
2020-08-25,caedd2c9b4c39ec93a4f9fe12a097073b60c6f59072cd308412f6a018fd9ba84,0669091044,0.033881355932203386,2
2020-08-25,caedd2c9b4c39ec93a4f9fe12a097073b60c6f59072cd308412f6a018fd9ba84,0542533019,0.033881355932203386,2
2020-08-25,caedd2c9b4c39ec93a4f9fe12a097073b60c6f59072cd308412f6a018fd9ba84,0720504010,0.033881355932203386,2
2020-08-25,caedd2c9b4c39ec93a4f9fe12a097073b60c6f59072cd308412f6a018fd9ba84,0720504002,0.033881355932203386,2
2020-08-25,cc0680987fdf6762ea42696d2a8e6cb9379a67ea9fb479ffba03aa4bed913b8e,0916468002,0.033881355932203386,1
2020-08-25,ce7f1a4d762f6b5a2a43ebcf388d6cedc7104fd85056490d77581d10297c088a,0894956006,0.023559322033898305,1
2020-08-25,ce7f1a4d762f6b5a2a43ebcf388d6cedc7104fd85056490d77581d10297c088a,0915292001,0.023559322033898305,1
2020-08-25,ce7f1a4d762f6b5a2a43ebcf388d6cedc7104fd85056490d77581d10297c088a,0918292001,0.039271186440677966,1
2020-08-25,d6271fdcbeeff6196d5e0e559b71f10a9a01cad4d89133bd2f1ba34a6a113d99,0836997014,0.013542372881355931,1
2020-08-25,d6271fdcbeeff6196d5e0e559b71f10a9a01cad4d89133bd2f1ba34a6a113d99,0570002085,0.013542372881355931,1
2020-08-25,d7e728405cacd097b0178a6447dbc4020d56565d2074f29b1f44a77f40408e52,0713993063,0.013542372881355931,1
2020-08-25,d7e728405cacd097b0178a6447dbc4020d56565d2074f29b1f44a77f40408e52,0859125004,0.033881355932203386,1
2020-08-25,d95dc603c731dc875ffc2d1f8d0320de78deee70af4293353ca9ca201c950015,0817354001,0.01523728813559322,1
2020-08-25,db3c4147986b7894cd368732912424d2a669734893f3d53ceb3bd0a3befb624c,0873217003,0.025406779661016947,1
2020-08-25,db3c4147986b7894cd368732912424d2a669734893f3d53ceb3bd0a3befb624c,0914441003,0.033881355932203386,1
2020-08-25,dc0b91a1e7fb002b90fe220cf246ebc87abf6cf2b1fcaeabf7488bbbc84ed2a4,0536139006,0.016932203389830508,2
2020-08-25,dc0b91a1e7fb002b90fe220cf246ebc87abf6cf2b1fcaeabf7488bbbc84ed2a4,0871710010,0.033881355932203386,2
2020-08-25,dc0b91a1e7fb002b90fe220cf246ebc87abf6cf2b1fcaeabf7488bbbc84ed2a4,0871710010,0.033881355932203386,2
2020-08-25,e56bdde812b81175891c6594903c6199ea7d49feac195ea2f180b6a621ac68b6,0872261002,0.033881355932203386,2
2020-08-25,e56bdde812b81175891c6594903c6199ea7d49feac195ea2f180b6a621ac68b6,0448509014,0.042355932203389825,2
2020-08-25,e56bdde812b81175891c6594903c6199ea7d49feac195ea2f180b6a621ac68b6,0448509014,0.042355932203389825,2
2020-08-25,e56bdde812b81175891c6594903c6199ea7d49feac195ea2f180b6a621ac68b6,0714790020,0.050830508474576264,2
2020-08-25,e7665b803009642d569cb3b36376d5445facc91fab2a912bbf0bbfdbbe5acafd,0863595001,0.033881355932203386,1
2020-08-25,e7665b803009642d569cb3b36376d5445facc91fab2a912bbf0bbfdbbe5acafd,0826492003,0.033881355932203386,1
2020-08-25,e7665b803009642d569cb3b36376d5445facc91fab2a912bbf0bbfdbbe5acafd,0736870001,0.016932203389830508,1
2020-08-25,e7665b803009642d569cb3b36376d5445facc91fab2a912bbf0bbfdbbe5acafd,0767605015,0.025406779661016947,1
2020-08-25,e7f20bbf9c0ac07b1986b30276092493709fa97f56944c83510e726f43b438a6,0685811022,0.016932203389830508,1
2020-08-25,e7f20bbf9c0ac07b1986b30276092493709fa97f56944c83510e726f43b438a6,0916468003,0.033881355932203386,1
2020-08-25,e80eb44784143240900a0c8478dcb72427ba15898f367ce510c9184103057e2c,0762846031,0.025406779661016947,1
2020-08-25,e80eb44784143240900a0c8478dcb72427ba15898f367ce510c9184103057e2c,0892857003,0.033881355932203386,1
2020-08-25,e80eb44784143240900a0c8478dcb72427ba15898f367ce510c9184103057e2c,0631536026,0.016932203389830508,1
2020-08-25,ec00b3ade836808579356a1b31ca7688b4161e472492ffd4ae4509dc57fa6be9,0795836006,0.033881355932203386,1
2020-08-25,f01a9460d1d3f038f5d133d20fefeec23d46a499775ed65b74aa6638167a3649,0884597001,0.013542372881355931,1
2020-08-25,f01a9460d1d3f038f5d133d20fefeec23d46a499775ed65b74aa6638167a3649,0883526001,0.022016949152542376,1
2020-08-25,f01a9460d1d3f038f5d133d20fefeec23d46a499775ed65b74aa6638167a3649,0791492010,0.013542372881355931,1
2020-08-25,f20309a9b880ce8a3fa48eed26330688bcfe04a67f97d10a8fd33b1dea1d6c1b,0866244003,0.10167796610169492,2
2020-08-25,f20309a9b880ce8a3fa48eed26330688bcfe04a67f97d10a8fd33b1dea1d6c1b,0868038001,0.050830508474576264,2
2020-08-25,f20309a9b880ce8a3fa48eed26330688bcfe04a67f97d10a8fd33b1dea1d6c1b,0868038001,0.050830508474576264,2
2020-08-25,f20309a9b880ce8a3fa48eed26330688bcfe04a67f97d10a8fd33b1dea1d6c1b,0878190004,0.06777966101694916,2
2020-08-25,f211d5c19efd5405057a093b503c0910d078003babfad79347d06133bd938907,0851094007,0.018864406779661017,2
2020-08-25,f211d5c19efd5405057a093b503c0910d078003babfad79347d06133bd938907,0894956001,0.021779661016949153,2
2020-08-25,f3f280a68895971c9a840b63d626e4b6437b339933d18d87fb4c250184847f36,0865076001,0.008457627118644067,2
2020-08-25,f3f280a68895971c9a840b63d626e4b6437b339933d18d87fb4c250184847f36,0911195002,0.033881355932203386,2
2020-08-25,f6a489d3eefbe2172ff50d120c3fc83cb5495327088bfee0fd9d3cc9bc3702a4,0778064001,0.005067796610169492,1
2020-08-25,f6a489d3eefbe2172ff50d120c3fc83cb5495327088bfee0fd9d3cc9bc3702a4,0778064041,0.005067796610169492,1
2020-08-25,f6e62e7bdf6ae0d444f7233b7a87fa8f15a91b670688201a6df8c7c734b67015,0880553002,0.025406779661016947,2
2020-08-25,f6e62e7bdf6ae0d444f7233b7a87fa8f15a91b670688201a6df8c7c734b67015,0880553002,0.025406779661016947,2
2020-08-25,f6e62e7bdf6ae0d444f7233b7a87fa8f15a91b670688201a6df8c7c734b67015,0506098006,0.03049152542372881,2
2020-08-25,f6e62e7bdf6ae0d444f7233b7a87fa8f15a91b670688201a6df8c7c734b67015,0506098006,0.03049152542372881,2
2020-08-25,f6e62e7bdf6ae0d444f7233b7a87fa8f15a91b670688201a6df8c7c734b67015,0707269003,0.033881355932203386,2
2020-08-25,f6e62e7bdf6ae0d444f7233b7a87fa8f15a91b670688201a6df8c7c734b67015,0707269003,0.033881355932203386,2
2020-08-25,f6e62e7bdf6ae0d444f7233b7a87fa8f15a91b670688201a6df8c7c734b67015,0748355003,0.022016949152542376,2
2020-08-25,f76c11c89dc55192cbb94fcd289b1c4e5e74ab5c678bcb42c4537115a12c401e,0873678003,0.025406779661016947,1
2020-08-25,f76c11c89dc55192cbb94fcd289b1c4e5e74ab5c678bcb42c4537115a12c401e,0636207014,0.033881355932203386,1
2020-08-25,f76c11c89dc55192cbb94fcd289b1c4e5e74ab5c678bcb42c4537115a12c401e,0685814003,0.033881355932203386,1
2020-08-25,f76c11c89dc55192cbb94fcd289b1c4e5e74ab5c678bcb42c4537115a12c401e,0832361001,0.016932203389830508,1
2020-08-25,f901835bb7c15f224cfd0b2c34a6ebe108e16eef6c40a3fe670bb0c86f19380b,0579541077,0.016932203389830508,1
2020-08-25,f901835bb7c15f224cfd0b2c34a6ebe108e16eef6c40a3fe670bb0c86f19380b,0829845006,0.033881355932203386,1
2020-08-25,f901835bb7c15f224cfd0b2c34a6ebe108e16eef6c40a3fe670bb0c86f19380b,0631536026,0.016932203389830508,1
2020-08-25,f9766aa5d4469f19617cd5094045d5fd7c3a05a8b395832746a30f6dac0dbd84,0513699009,0.033881355932203386,2
2020-08-25,f9766aa5d4469f19617cd5094045d5fd7c3a05a8b395832746a30f6dac0dbd84,0685814001,0.033881355932203386,2
2020-08-25,f9766aa5d4469f19617cd5094045d5fd7c3a05a8b395832746a30f6dac0dbd84,0685813039,0.016932203389830508,2
2020-08-25,f9766aa5d4469f19617cd5094045d5fd7c3a05a8b395832746a30f6dac0dbd84,0685813037,0.016932203389830508,2
2020-08-25,f9766aa5d4469f19617cd5094045d5fd7c3a05a8b395832746a30f6dac0dbd84,0685813001,0.016932203389830508,2
2020-08-25,fa8f1d52f4f0e3abb5d3ec01b831ab0dd86935bcc2ca1fcbc81201020e1b89a4,0785787003,0.050830508474576264,2
2020-08-25,fa8f1d52f4f0e3abb5d3ec01b831ab0dd86935bcc2ca1fcbc81201020e1b89a4,0895997001,0.08472881355932205,2
2020-08-25,fa8f1d52f4f0e3abb5d3ec01b831ab0dd86935bcc2ca1fcbc81201020e1b89a4,0708138026,0.06777966101694916,2
2020-08-25,fe413a477e78ae6eeae34244bb3d6b77443dde0eaf3ce39397d917fb3d8b50f2,0910264001,0.022016949152542376,1
2020-08-26,00fe8fb9b5a49ed8c38699c1860847c266f288da271b1c718f0179ac026080e4,0817401004,0.033881355932203386,2
2020-08-26,00fe8fb9b5a49ed8c38699c1860847c266f288da271b1c718f0179ac026080e4,0745219001,0.01523728813559322,2
2020-08-26,00fe8fb9b5a49ed8c38699c1860847c266f288da271b1c718f0179ac026080e4,0880599001,0.011847457627118646,2
2020-08-26,07dddd8766e24a16a71eb1fe51fe0c04cc4cb16fb168752442217b2462e8ea93,0863583001,0.033881355932203386,2
2020-08-26,07dddd8766e24a16a71eb1fe51fe0c04cc4cb16fb168752442217b2462e8ea93,0912204001,0.016932203389830508,2
2020-08-26,07dddd8766e24a16a71eb1fe51fe0c04cc4cb16fb168752442217b2462e8ea93,0918292001,0.042355932203389825,2
2020-08-26,07dddd8766e24a16a71eb1fe51fe0c04cc4cb16fb168752442217b2462e8ea93,0813538004,0.06777966101694916,2
2020-08-26,07dddd8766e24a16a71eb1fe51fe0c04cc4cb16fb168752442217b2462e8ea93,0909916001,0.033881355932203386,2
2020-08-26,0b841ead0a35b29f29999001165606da0022773dd906f1dfcbe4e0873ad706b2,0673677002,0.025406779661016947,2
2020-08-26,0b841ead0a35b29f29999001165606da0022773dd906f1dfcbe4e0873ad706b2,0795836001,0.033881355932203386,2
2020-08-26,0b841ead0a35b29f29999001165606da0022773dd906f1dfcbe4e0873ad706b2,0902358002,0.050830508474576264,2
2020-08-26,0eede8492257c5d672af1c0ccfaf3c76cc1fbf0b872f85be11766eaa4157e24e,0871376003,0.033881355932203386,2
2020-08-26,0eede8492257c5d672af1c0ccfaf3c76cc1fbf0b872f85be11766eaa4157e24e,0789049005,0.13557627118644067,2
2020-08-26,0f2e72a9dff681c2efb94ba007a165086e3b5ee51ba312a894a7dd56625684a8,0532578010,0.016932203389830508,2
2020-08-26,0f2e72a9dff681c2efb94ba007a165086e3b5ee51ba312a894a7dd56625684a8,0685814005,0.033881355932203386,2
2020-08-26,0f2e72a9dff681c2efb94ba007a165086e3b5ee51ba312a894a7dd56625684a8,0902518003,0.016932203389830508,2
2020-08-26,126f75d19719f1a816aa32ca836385fa6613d7f73dce1bfe60c7daf15d5d900e,0915529003,0.033881355932203386,2
2020-08-26,12ad37d8450ff1e1a81a7f17f3aa95a7ddd084e801c28e73441e18a6799fad47,0916468003,0.030508474576271188,2
2020-08-26,17c83ff1fa2873167a1627bd5384ccd0a29db78aeff444867d3666ed73a52f7a,0863583002,0.033881355932203386,2
2020-08-26,17c83ff1fa2873167a1627bd5384ccd0a29db78aeff444867d3666ed73a52f7a,0863583002,0.033881355932203386,2
2020-08-26,17c83ff1fa2873167a1627bd5384ccd0a29db78aeff444867d3666ed73a52f7a,0890095001,0.08472881355932205,2
2020-08-26,17c83ff1fa2873167a1627bd5384ccd0a29db78aeff444867d3666ed73a52f7a,0890095001,0.08472881355932205,2
2020-08-26,1b89ff39d3f2e835534fa66a84b491acbe0e0e2693d2948fcf749026d158361d,0871527003,0.033881355932203386,2
2020-08-26,1b89ff39d3f2e835534fa66a84b491acbe0e0e2693d2948fcf749026d158361d,0884319001,0.025406779661016947,2
2020-08-26,1b89ff39d3f2e835534fa66a84b491acbe0e0e2693d2948fcf749026d158361d,0697564011,0.016932203389830508,2
2020-08-26,205d77acab6bcfaa3cc81b09e78c5cc9a1e60dde229355a77c7cc01c840c8239,0903673001,0.033881355932203386,2
2020-08-26,205d77acab6bcfaa3cc81b09e78c5cc9a1e60dde229355a77c7cc01c840c8239,0854602005,0.050830508474576264,2
2020-08-26,205d77acab6bcfaa3cc81b09e78c5cc9a1e60dde229355a77c7cc01c840c8239,0918443004,0.050830508474576264,2
2020-08-26,2673ac2bb9a9c6a3c176ba838c2b27741997bbc0ea4592390c5f5330d4f6e8d2,0842004005,0.03049152542372881,2
2020-08-26,2673ac2bb9a9c6a3c176ba838c2b27741997bbc0ea4592390c5f5330d4f6e8d2,0828991003,0.03049152542372881,2
2020-08-26,29cdc5aacbece5f39e1dc17ecd4e1a9ed04dfcc09a89e8922be2fe92068a33be,0903309001,0.010152542372881357,2
2020-08-26,29cdc5aacbece5f39e1dc17ecd4e1a9ed04dfcc09a89e8922be2fe92068a33be,0903309001,0.010152542372881357,2
2020-08-26,29cdc5aacbece5f39e1dc17ecd4e1a9ed04dfcc09a89e8922be2fe92068a33be,0903309001,0.010152542372881357,2
2020-08-26,29cdc5aacbece5f39e1dc17ecd4e1a9ed04dfcc09a89e8922be2fe92068a33be,0903309001,0.010152542372881357,2
2020-08-26,2ad4d34fc2bd0338fed2c15997ba7ddb8f133ed3bd28aaba3116fbfec6030c2f,0861477003,0.025406779661016947,2
2020-08-26,332b9294b33785824b3495b88cd2f0c48efb5380eba52bfbc410cb3462390a91,0896343001,0.033881355932203386,2
2020-08-26,332b9294b33785824b3495b88cd2f0c48efb5380eba52bfbc410cb3462390a91,0832307007,0.06777966101694916,2
2020-08-26,332b9294b33785824b3495b88cd2f0c48efb5380eba52bfbc410cb3462390a91,0865926001,0.016932203389830508,2
2020-08-26,332b9294b33785824b3495b88cd2f0c48efb5380eba52bfbc410cb3462390a91,0865929004,0.016932203389830508,2
2020-08-26,332b9294b33785824b3495b88cd2f0c48efb5380eba52bfbc410cb3462390a91,0842000008,0.033881355932203386,2
2020-08-26,332b9294b33785824b3495b88cd2f0c48efb5380eba52bfbc410cb3462390a91,0891591001,0.08472881355932205,2
2020-08-26,359296b49ce6743b171f1c2c0becb5d45822ffb2adc5dbf3d68f48f71d827499,0783775004,0.020322033898305086,2
2020-08-26,359296b49ce6743b171f1c2c0becb5d45822ffb2adc5dbf3d68f48f71d827499,0834534004,0.022016949152542376,2
2020-08-26,373064343fdcd872ef064c140b55a214f17b442b5ce48f8df6ed0c4dac7abb1d,0879088001,0.042355932203389825,2
2020-08-26,373064343fdcd872ef064c140b55a214f17b442b5ce48f8df6ed0c4dac7abb1d,0898243002,0.022016949152542376,2
2020-08-26,3b6999315f44bd6caa310fba4d3a7803e863b05b21bffa580692d319bae7eb29,0818792003,0.025406779661016947,2
2020-08-26,3b6999315f44bd6caa310fba4d3a7803e863b05b21bffa580692d319bae7eb29,0902163001,0.042355932203389825,2
2020-08-26,3c3a079f36f3f9d3ddec741bdc128e7e00dc9b4699d8a5724f68f42861caeedb,0875856001,0.033881355932203386,2
2020-08-26,3c3a079f36f3f9d3ddec741bdc128e7e00dc9b4699d8a5724f68f42861caeedb,0875856001,0.033881355932203386,2
2020-08-26,3c3a079f36f3f9d3ddec741bdc128e7e00dc9b4699d8a5724f68f42861caeedb,0803757001,0.016932203389830508,2
2020-08-26,3c3a079f36f3f9d3ddec741bdc128e7e00dc9b4699d8a5724f68f42861caeedb,0803757001,0.016932203389830508,2
2020-08-26,3c3a079f36f3f9d3ddec741bdc128e7e00dc9b4699d8a5724f68f42861caeedb,0803757001,0.016932203389830508,2
2020-08-26,3c3a079f36f3f9d3ddec741bdc128e7e00dc9b4699d8a5724f68f42861caeedb,0803757001,0.016932203389830508,2
2020-08-26,3c3a079f36f3f9d3ddec741bdc128e7e00dc9b4699d8a5724f68f42861caeedb,0828536001,0.042355932203389825,2
2020-08-26,3c3a079f36f3f9d3ddec741bdc128e7e00dc9b4699d8a5724f68f42861caeedb,0875856003,0.033881355932203386,2
2020-08-26,3c3a079f36f3f9d3ddec741bdc128e7e00dc9b4699d8a5724f68f42861caeedb,0875856003,0.033881355932203386,2
2020-08-26,3c3a079f36f3f9d3ddec741bdc128e7e00dc9b4699d8a5724f68f42861caeedb,0875856004,0.033881355932203386,2
2020-08-26,3c3a079f36f3f9d3ddec741bdc128e7e00dc9b4699d8a5724f68f42861caeedb,0875856004,0.033881355932203386,2
2020-08-26,3ccfb584111622715f1696a4049378741ef481c78df8f6d2f1fa30833e702e0e,0902161004,0.033881355932203386,1
2020-08-26,3ccfb584111622715f1696a4049378741ef481c78df8f6d2f1fa30833e702e0e,0882899003,0.050830508474576264,1
2020-08-26,3cd8c616a753c858878100f59bc7b6d22232a5f38d1416fe98245f6d8d60c1c3,0915526001,0.033881355932203386,2
2020-08-26,3cd8c616a753c858878100f59bc7b6d22232a5f38d1416fe98245f6d8d60c1c3,0805308002,0.010152542372881357,2
2020-08-26,3cd8c616a753c858878100f59bc7b6d22232a5f38d1416fe98245f6d8d60c1c3,0915526002,0.033881355932203386,2
2020-08-26,3f82a90f4bd44f146f2a0b06c507e62f49be3fc6437912fc5a03910a2f4fa5aa,0877278002,0.02098305084745763,2
2020-08-26,3f82a90f4bd44f146f2a0b06c507e62f49be3fc6437912fc5a03910a2f4fa5aa,0884345003,0.0111864406779661,2
2020-08-26,41f40ccab92fe8550d3d8769a83fde709bde4a710e7ad7231b0aac8991d63a6b,0610776002,0.008457627118644067,2
2020-08-26,448ac40d7cb954df91394b00a893c000d3d6686c4fba75765cb39d9be520beb4,0774003001,0.022016949152542376,1
2020-08-26,4ccbe79f2ee1de68b4ca84146adc6802bc3ba1ff4aa4bbb7910574b4e2a7782e,0916775002,0.16779661016949152,2
2020-08-26,4f8aaad94208ab6fb41a87f0542339b30fa8c372f79a2320bea9168576b12507,0790505004,0.050830508474576264,2
2020-08-26,51a4dad29dfe6b6ef6edb87b9bb15613bccc1511beef4ea3179f9083f82c0371,0816423002,0.025406779661016947,1
2020-08-26,51a4dad29dfe6b6ef6edb87b9bb15613bccc1511beef4ea3179f9083f82c0371,0816586002,0.025406779661016947,1
2020-08-26,535a177b6b6f87a573abef2edd87154ad36e1b14481dce52e3d6d61fd96acaf3,0854075002,0.050830508474576264,1
2020-08-26,535a177b6b6f87a573abef2edd87154ad36e1b14481dce52e3d6d61fd96acaf3,0902518005,0.016932203389830508,1
2020-08-26,535a177b6b6f87a573abef2edd87154ad36e1b14481dce52e3d6d61fd96acaf3,0783346030,0.025406779661016947,1
2020-08-26,5476ab9f363c0abdc0e84a0df696748959643434696b943535bd335112a93056,0720125040,0.033881355932203386,1
2020-08-26,54ef52a753db788231480ca6e2b748d6f0aed06db4b97d50923c068784990c93,0751788002,0.050830508474576264,1
2020-08-26,54ef52a753db788231480ca6e2b748d6f0aed06db4b97d50923c068784990c93,0736511001,0.005067796610169492,1
2020-08-26,5798d40271480091f0c5fe4eea97f713c3a731ff7dc85a1161a94aac475d0986,0913341001,0.033881355932203386,2
2020-08-26,5798d40271480091f0c5fe4eea97f713c3a731ff7dc85a1161a94aac475d0986,0941005004,0.013542372881355931,2
2020-08-26,5798d40271480091f0c5fe4eea97f713c3a731ff7dc85a1161a94aac475d0986,0863937010,0.011847457627118646,2
2020-08-26,5798d40271480091f0c5fe4eea97f713c3a731ff7dc85a1161a94aac475d0986,0924625001,0.025406779661016947,2
2020-08-26,5798d40271480091f0c5fe4eea97f713c3a731ff7dc85a1161a94aac475d0986,0913340001,0.042355932203389825,2
2020-08-26,5798d40271480091f0c5fe4eea97f713c3a731ff7dc85a1161a94aac475d0986,0893133001,0.042355932203389825,2
2020-08-26,5798d40271480091f0c5fe4eea97f713c3a731ff7dc85a1161a94aac475d0986,0893133001,0.042355932203389825,2
2020-08-26,5798d40271480091f0c5fe4eea97f713c3a731ff7dc85a1161a94aac475d0986,0941005003,0.013542372881355931,2
2020-08-26,5798d40271480091f0c5fe4eea97f713c3a731ff7dc85a1161a94aac475d0986,0889828004,0.025406779661016947,2
2020-08-26,5798d40271480091f0c5fe4eea97f713c3a731ff7dc85a1161a94aac475d0986,0470789030,0.016932203389830508,2
2020-08-26,5798d40271480091f0c5fe4eea97f713c3a731ff7dc85a1161a94aac475d0986,0827968004,0.016932203389830508,2
2020-08-26,57ad68ed7fb132b9c3e91d354238991eb5c9f94c569f4b995b99b6e643c8e1c2,0898694001,0.050830508474576264,2
2020-08-26,57ad68ed7fb132b9c3e91d354238991eb5c9f94c569f4b995b99b6e643c8e1c2,0783346021,0.01523728813559322,2
2020-08-26,57ad68ed7fb132b9c3e91d354238991eb5c9f94c569f4b995b99b6e643c8e1c2,0910601002,0.042355932203389825,2
2020-08-26,57ad68ed7fb132b9c3e91d354238991eb5c9f94c569f4b995b99b6e643c8e1c2,0811525001,0.033881355932203386,2
2020-08-26,57ad68ed7fb132b9c3e91d354238991eb5c9f94c569f4b995b99b6e643c8e1c2,0783346032,0.025406779661016947,2
2020-08-26,57ad68ed7fb132b9c3e91d354238991eb5c9f94c569f4b995b99b6e643c8e1c2,0783346032,0.025406779661016947,2
2020-08-26,57ad68ed7fb132b9c3e91d354238991eb5c9f94c569f4b995b99b6e643c8e1c2,0791587015,0.025406779661016947,2
2020-08-26,5be1ebef039a19b9a937d252f5d93c2f4ffa3bfc6df2a1cac3d20b49bf7f73ed,0887593001,0.025406779661016947,1
2020-08-26,5be1ebef039a19b9a937d252f5d93c2f4ffa3bfc6df2a1cac3d20b49bf7f73ed,0902107001,0.042355932203389825,1
2020-08-26,5be1ebef039a19b9a937d252f5d93c2f4ffa3bfc6df2a1cac3d20b49bf7f73ed,0841383003,0.008457627118644067,1
2020-08-26,65f1ff1e4b857eb19f52b62eca01852c53f6899f5d45a5700a988d44e0d1405b,0624901018,0.016932203389830508,1
2020-08-26,65f1ff1e4b857eb19f52b62eca01852c53f6899f5d45a5700a988d44e0d1405b,0781758006,0.025406779661016947,1
2020-08-26,682f1131f5278b54bcd57350e56746436e23b698eef53071656949b28a1e0f5f,0871517008,0.025406779661016947,1
2020-08-26,682f1131f5278b54bcd57350e56746436e23b698eef53071656949b28a1e0f5f,0880312004,0.016932203389830508,1
2020-08-26,68fb25ce2e6ed8fb01e1e44444e738e175a0289bc2ff638c87da4d568b45fc11,0864415003,0.016932203389830508,2
2020-08-26,68fb25ce2e6ed8fb01e1e44444e738e175a0289bc2ff638c87da4d568b45fc11,0598515032,0.016932203389830508,2
2020-08-26,68fb25ce2e6ed8fb01e1e44444e738e175a0289bc2ff638c87da4d568b45fc11,0925763001,0.10167796610169492,2
2020-08-26,68fb25ce2e6ed8fb01e1e44444e738e175a0289bc2ff638c87da4d568b45fc11,0925763001,0.10167796610169492,2
2020-08-26,699de7ed34091858ed13a0d33c1ca9e72e54bd562dd3a204a892039f23a2e317,0730683050,0.042355932203389825,2
2020-08-26,699de7ed34091858ed13a0d33c1ca9e72e54bd562dd3a204a892039f23a2e317,0899499004,0.013542372881355931,2
2020-08-26,6a1f59eb1f11addfe9c1ec9ae72715346f2569bf78a93046f3fe545d5f2e44df,0879242005,0.016932203389830508,2
2020-08-26,70706711e47512667153034eab6aad458f0ea6c69a473f4159369d1d46f8e326,0863583001,0.03049152542372881,2
2020-08-26,70706711e47512667153034eab6aad458f0ea6c69a473f4159369d1d46f8e326,0863583002,0.03049152542372881,2
2020-08-26,71b1da32fef5cd27534f0083a5272a1e0e3577ef32234f7377aa350012a73ad2,0809961002,0.027101694915254236,1
2020-08-26,755f3114147ff6b37cba95dfaf31f666be5aad2c6e48114503259349d22c08f7,0836142003,0.016932203389830508,2
2020-08-26,755f3114147ff6b37cba95dfaf31f666be5aad2c6e48114503259349d22c08f7,0874113005,0.016932203389830508,2
2020-08-26,755f3114147ff6b37cba95dfaf31f666be5aad2c6e48114503259349d22c08f7,0677930086,0.016932203389830508,2
2020-08-26,79862833983638ee1908065dbcabc02d16001bcbc58c545b98a8788503538b1a,0715624051,0.025406779661016947,2
2020-08-26,79862833983638ee1908065dbcabc02d16001bcbc58c545b98a8788503538b1a,0715624002,0.025406779661016947,2
2020-08-26,7f2d3fa72cdf42a99e4fd8dd7e57265331e7d7c551582e0dcde64ff21eee0e5e,0684021070,0.011847457627118646,1
2020-08-26,7f2d3fa72cdf42a99e4fd8dd7e57265331e7d7c551582e0dcde64ff21eee0e5e,0880333004,0.022016949152542376,1
2020-08-26,7ffa9b84da22ba67095e433d703fa5793724e70c31e6e342da96b1ae1a3d107a,0806388002,0.013542372881355931,2
2020-08-26,7ffa9b84da22ba67095e433d703fa5793724e70c31e6e342da96b1ae1a3d107a,0806388002,0.013542372881355931,2
2020-08-26,8376c563a958015c0ea9b1d588b6428692e3732190df3ad6fe396cf40a89ee9f,0908729001,0.042355932203389825,2
2020-08-26,8376c563a958015c0ea9b1d588b6428692e3732190df3ad6fe396cf40a89ee9f,0908729001,0.042355932203389825,2
2020-08-26,8376c563a958015c0ea9b1d588b6428692e3732190df3ad6fe396cf40a89ee9f,0908729001,0.042355932203389825,2
2020-08-26,83f9637e6d854cc33f1d1aeba1887d33a620d101b3f4d2c4f98df83a70bf71e4,0554598003,0.016932203389830508,1
2020-08-26,83f9637e6d854cc33f1d1aeba1887d33a620d101b3f4d2c4f98df83a70bf71e4,0554598047,0.016932203389830508,1
2020-08-26,8895c940ce17eb6259bb326b21c860c886f98c578a3d9fb167195e85a34efbe2,0730863005,0.050830508474576264,1
2020-08-26,8895c940ce17eb6259bb326b21c860c886f98c578a3d9fb167195e85a34efbe2,0814620003,0.08472881355932205,1
2020-08-26,8895c940ce17eb6259bb326b21c860c886f98c578a3d9fb167195e85a34efbe2,0575347003,0.013542372881355931,1
2020-08-26,8895c940ce17eb6259bb326b21c860c886f98c578a3d9fb167195e85a34efbe2,0720504010,0.033881355932203386,1
2020-08-26,94efdf52688e8e1d306752b00e16b48a04c3a677f44fdea4b4d75ebf0ee9183e,0914441003,0.033881355932203386,1
2020-08-26,962429261e3daa94c8d0ffd1423b7f14eed9ac78066e308db3fda943dbf1f183,0889456001,0.025406779661016947,2
2020-08-26,962429261e3daa94c8d0ffd1423b7f14eed9ac78066e308db3fda943dbf1f183,0889456001,0.025406779661016947,2
2020-08-26,a1e65fabdd319304d161b067f3b78a3497977e3f626e7b3d3f141fd67c53cb2a,0894956006,0.025406779661016947,2
2020-08-26,a1e65fabdd319304d161b067f3b78a3497977e3f626e7b3d3f141fd67c53cb2a,0894956001,0.025406779661016947,2
2020-08-26,a2b171ce30081971eed0388d661bd033c8f99279a557197e79c04b7137106e2c,0552716001,0.033881355932203386,2
2020-08-26,a426b3cda265aaac367c649739c9748b47efc18ee505a631e9486ee321e7f7d4,0888570001,0.04744067796610169,2
2020-08-26,a426b3cda265aaac367c649739c9748b47efc18ee505a631e9486ee321e7f7d4,0903951001,0.04744067796610169,2
2020-08-26,b025d5d60f1cf0932d146ba8eafd0dcdb03c86c115ce1eccacfa163145cc8b41,0891591001,0.042355932203389825,1
2020-08-26,b025d5d60f1cf0932d146ba8eafd0dcdb03c86c115ce1eccacfa163145cc8b41,0905518001,0.016932203389830508,1
2020-08-26,b8964577c2571b2f892cb2719acd860e800dbee961826de43ddfa288632844b9,0758034001,0.025406779661016947,2
2020-08-26,b8964577c2571b2f892cb2719acd860e800dbee961826de43ddfa288632844b9,0557599022,0.016932203389830508,2
2020-08-26,b8a1a6052b53b579c5ef7716d04764b9a8cc73be86627bb73d4bfaf8869ef646,0801865005,0.010152542372881357,1
2020-08-26,bcfec2d7101524da45bfb78db0fe1f976df329c80352670559e13c726ba29918,0678942039,0.016932203389830508,1
2020-08-26,bcfec2d7101524da45bfb78db0fe1f976df329c80352670559e13c726ba29918,0678942001,0.016932203389830508,1
2020-08-26,bd02b4217bdf20ae7dab1c7ba799e6ade8da98f8143596ee932ecdd92494e972,0871243003,0.03049152542372881,1
2020-08-26,bd02b4217bdf20ae7dab1c7ba799e6ade8da98f8143596ee932ecdd92494e972,0707269003,0.033881355932203386,1
2020-08-26,c2597f1fbbaedfda9b33e9366fcfddc707916fda1b7c4fb0873793c9b19ee514,0865224001,0.013542372881355931,1
2020-08-26,c52cec643f5acceae09eb9435c8ce2028d414617f9a7d61ea1682136e63bfccf,0801447001,0.03049152542372881,1
2020-08-26,c52cec643f5acceae09eb9435c8ce2028d414617f9a7d61ea1682136e63bfccf,0904736001,0.033881355932203386,1
2020-08-26,c52cec643f5acceae09eb9435c8ce2028d414617f9a7d61ea1682136e63bfccf,0914441001,0.033881355932203386,1
2020-08-26,c52cec643f5acceae09eb9435c8ce2028d414617f9a7d61ea1682136e63bfccf,0914441003,0.033881355932203386,1
2020-08-26,c6f312b00ec321c02d4ea0b2146619e85e91e8de330dff77c84ade7714434f6f,0732206001,0.025406779661016947,2
2020-08-26,c6f312b00ec321c02d4ea0b2146619e85e91e8de330dff77c84ade7714434f6f,0732206004,0.025406779661016947,2
2020-08-26,c9fe458c9e76f0e96b9c9b03dc2a82beb4360b3cd6b03d5c0eb46f9bb9f44e93,0882146003,0.042355932203389825,2
2020-08-26,ccc9a3cd29308a5bb41a5a89aec9ae9d0b18c8d0993e91bf7d25d25597cb7c68,0751592001,0.025406779661016947,2
2020-08-26,ccc9a3cd29308a5bb41a5a89aec9ae9d0b18c8d0993e91bf7d25d25597cb7c68,0834368003,0.050830508474576264,2
2020-08-26,ccc9a3cd29308a5bb41a5a89aec9ae9d0b18c8d0993e91bf7d25d25597cb7c68,0812668001,0.033881355932203386,2
2020-08-26,ccc9a3cd29308a5bb41a5a89aec9ae9d0b18c8d0993e91bf7d25d25597cb7c68,0874891003,0.033881355932203386,2
2020-08-26,ce78137ceb608debecd29376edf11944170d8e5ce733907224c769eab6db0289,0918835001,0.025406779661016947,2
2020-08-26,ce78137ceb608debecd29376edf11944170d8e5ce733907224c769eab6db0289,0918836001,0.042355932203389825,2
2020-08-26,ce78137ceb608debecd29376edf11944170d8e5ce733907224c769eab6db0289,0896169002,0.050830508474576264,2
2020-08-26,ceabccdf1b286e9f1d378a9545da49508ee7726b5756459dd4c5f188146946a4,0871527003,0.033881355932203386,2
2020-08-26,ceabccdf1b286e9f1d378a9545da49508ee7726b5756459dd4c5f188146946a4,0877769001,0.05930508474576271,2
2020-08-26,d1404d9f0f0219456e746d4ae78e3e662d5f47678986657570fef59de3a613e9,0858161002,0.013542372881355931,2
2020-08-26,d6f3579352f36b2acd0f7b54fcbbb2bdba0c509fbe574df0ffc3a3f5779ffc96,0718982002,0.00376271186440678,1
2020-08-26,d6f3579352f36b2acd0f7b54fcbbb2bdba0c509fbe574df0ffc3a3f5779ffc96,0762096004,0.009406779661016948,1
2020-08-26,d7a718eb413ce9bc34669bcd17df56b67fce90c612e5654631c9f6f464dc14ad,0861731002,0.016932203389830508,2
2020-08-26,d7a718eb413ce9bc34669bcd17df56b67fce90c612e5654631c9f6f464dc14ad,0886241003,0.025406779661016947,2
2020-08-26,d7a718eb413ce9bc34669bcd17df56b67fce90c612e5654631c9f6f464dc14ad,0717727014,0.011847457627118646,2
2020-08-26,db5c04d9c046eddf53aa032eb84dca9e736e06da931ea6cd8a1deb0e113a9b9b,0920159002,0.016932203389830508,2
2020-08-26,db5c04d9c046eddf53aa032eb84dca9e736e06da931ea6cd8a1deb0e113a9b9b,0921226002,0.016932203389830508,2
2020-08-26,db5c04d9c046eddf53aa032eb84dca9e736e06da931ea6cd8a1deb0e113a9b9b,0920159001,0.016932203389830508,2
2020-08-26,db5c04d9c046eddf53aa032eb84dca9e736e06da931ea6cd8a1deb0e113a9b9b,0850241001,0.016932203389830508,2
2020-08-26,e184587be4130ea3054b0c99f6f4ada2fc157c3a34b4e266fc430e119d8d5bcd,0890074001,0.016932203389830508,2
2020-08-26,e184587be4130ea3054b0c99f6f4ada2fc157c3a34b4e266fc430e119d8d5bcd,0890074001,0.016932203389830508,2
2020-08-26,e184587be4130ea3054b0c99f6f4ada2fc157c3a34b4e266fc430e119d8d5bcd,0871376002,0.033881355932203386,2
2020-08-26,e7f20bbf9c0ac07b1986b30276092493709fa97f56944c83510e726f43b438a6,0685811002,0.016932203389830508,1
2020-08-26,ed6a573cd359f4fb5d5f1c867c75e2061d71abd982e9b3043846b06a14292271,0893351002,0.011847457627118646,2
2020-08-26,f0b2bad7e9833a61c060b450435f20d0b862ec7ee126dbc407783c40f35183b4,0903309001,0.010152542372881357,2
2020-08-26,f0b2bad7e9833a61c060b450435f20d0b862ec7ee126dbc407783c40f35183b4,0903309001,0.010152542372881357,2
2020-08-26,f288454a57892711402bcd1e0c3a0e8924fa7e857320bab171b89ed0a64c969b,0723371002,0.008457627118644067,2
2020-08-26,f288454a57892711402bcd1e0c3a0e8924fa7e857320bab171b89ed0a64c969b,0904424002,0.033881355932203386,2
2020-08-26,fb545628057cb1bfaeff36b59374ba1613088c556b479e113d7ac0c4811b6354,0757971001,0.02106779661016949,1
2020-08-26,fb545628057cb1bfaeff36b59374ba1613088c556b479e113d7ac0c4811b6354,0464297007,0.016203389830508477,1
2020-08-26,fb545628057cb1bfaeff36b59374ba1613088c556b479e113d7ac0c4811b6354,0464297007,0.016203389830508477,1
2020-08-26,fb545628057cb1bfaeff36b59374ba1613088c556b479e113d7ac0c4811b6354,0687704039,0.06486440677966102,1
2020-08-26,fb545628057cb1bfaeff36b59374ba1613088c556b479e113d7ac0c4811b6354,0399223029,0.03242372881355932,1
2020-08-26,fc25803a0c57bad0cdad160ad880617f88447a9bd8499d335d52d873839447bd,0835348006,0.06777966101694916,2
2020-08-26,fc25803a0c57bad0cdad160ad880617f88447a9bd8499d335d52d873839447bd,0835348006,0.06777966101694916,2
2020-08-26,fc25803a0c57bad0cdad160ad880617f88447a9bd8499d335d52d873839447bd,0835348011,0.06777966101694916,2
2020-08-26,fca0c29b5d0e26e01ffa25a4d6028cd58ca488ceac79214b675dcc1e14a03662,0789150001,0.03049152542372881,2
2020-08-26,fca0c29b5d0e26e01ffa25a4d6028cd58ca488ceac79214b675dcc1e14a03662,0789150001,0.03049152542372881,2
2020-08-27,00fe8fb9b5a49ed8c38699c1860847c266f288da271b1c718f0179ac026080e4,0876339001,0.06777966101694916,2
2020-08-27,00fe8fb9b5a49ed8c38699c1860847c266f288da271b1c718f0179ac026080e4,0876339002,0.06777966101694916,2
2020-08-27,0286813f82495eaa40c83b061cdd0bb67b27ca12ca2d140020783ece6563f873,0850917001,0.025406779661016947,1
2020-08-27,029e6a5c61424bbbf653fdff661beb6a4f2dab12ceb2374c2f13e1800aa73628,0799365027,0.0482542372881356,1
2020-08-27,029e6a5c61424bbbf653fdff661beb6a4f2dab12ceb2374c2f13e1800aa73628,0928813001,0.020898305084745765,1
2020-08-27,029e6a5c61424bbbf653fdff661beb6a4f2dab12ceb2374c2f13e1800aa73628,0399256001,0.016084745762711863,1
2020-08-27,029e6a5c61424bbbf653fdff661beb6a4f2dab12ceb2374c2f13e1800aa73628,0937466001,0.020898305084745765,1
2020-08-27,029e6a5c61424bbbf653fdff661beb6a4f2dab12ceb2374c2f13e1800aa73628,0894756002,0.020898305084745765,1
2020-08-27,03619a8b7c65a6f4d03161ed03fa3218e474f9d6b8474fe8405274fb71788391,0850277001,0.050830508474576264,2
2020-08-27,03619a8b7c65a6f4d03161ed03fa3218e474f9d6b8474fe8405274fb71788391,0865907001,0.050830508474576264,2
2020-08-27,0824ab25d3b054266a51dca288d04a923a7469426fe45e4f154fc5d5482a9c4b,0516859008,0.01083050847457627,2
2020-08-27,09f37656f3eb751a72bffe3702a1f99810c175de963340f6f9366a60705446cf,0927069001,0.008457627118644067,2
2020-08-27,09f37656f3eb751a72bffe3702a1f99810c175de963340f6f9366a60705446cf,0707269003,0.033881355932203386,2
2020-08-27,0af78753c56d0fff29bb52ac49b6c5295a880b8fb0850cfe7ccc79be9534206e,0492892001,0.025406779661016947,1
2020-08-27,0af78753c56d0fff29bb52ac49b6c5295a880b8fb0850cfe7ccc79be9534206e,0111586001,0.01130508474576271,1
2020-08-27,0af78753c56d0fff29bb52ac49b6c5295a880b8fb0850cfe7ccc79be9534206e,0158340001,0.01130508474576271,1
2020-08-27,0af78753c56d0fff29bb52ac49b6c5295a880b8fb0850cfe7ccc79be9534206e,0713997093,0.008457627118644067,1
2020-08-27,0af78753c56d0fff29bb52ac49b6c5295a880b8fb0850cfe7ccc79be9534206e,0850251002,0.010152542372881357,1
2020-08-27,0af78753c56d0fff29bb52ac49b6c5295a880b8fb0850cfe7ccc79be9534206e,0671607001,0.01130508474576271,1
2020-08-27,109ea00afe48d5522cbbca24853d9869a49d2f94cc945f86c93ee856d02212dd,0825109003,0.03049152542372881,2
2020-08-27,109ea00afe48d5522cbbca24853d9869a49d2f94cc945f86c93ee856d02212dd,0825109003,0.03049152542372881,2
2020-08-27,12f9bc7b7a7fd2dc53f43da3e71b97d7eea887d2d0c0efedd9640207d009d443,0733067001,0.016932203389830508,1
2020-08-27,12f9bc7b7a7fd2dc53f43da3e71b97d7eea887d2d0c0efedd9640207d009d443,0897682006,0.013542372881355931,1
2020-08-27,1369dcb7397219b68cabc3c75710cb38228a3636a0045fdf6109bd765d15c5c4,0778064001,0.008457627118644067,1
2020-08-27,1369dcb7397219b68cabc3c75710cb38228a3636a0045fdf6109bd765d15c5c4,0839332001,0.06777966101694916,1
2020-08-27,1369dcb7397219b68cabc3c75710cb38228a3636a0045fdf6109bd765d15c5c4,0863595004,0.033881355932203386,1
2020-08-27,1369dcb7397219b68cabc3c75710cb38228a3636a0045fdf6109bd765d15c5c4,0708138009,0.06777966101694916,1
2020-08-27,147a8beca6db139b49f5bb9d294410e4dfba200d2c8f89b0fcbd57bed34279be,0852149005,0.033881355932203386,2
2020-08-27,147a8beca6db139b49f5bb9d294410e4dfba200d2c8f89b0fcbd57bed34279be,0774038001,0.033881355932203386,2
2020-08-27,151618ac2e67d2db7cba1b89373f7074f262ea75d5d94c4a66fa5cf1428d898b,0902982001,0.05252542372881356,2
2020-08-27,17dca5477865218df7b63bdc2ef2d98aec411e1b011ed8e784799c07642ed95e,0710876035,0.042355932203389825,1
2020-08-27,17dca5477865218df7b63bdc2ef2d98aec411e1b011ed8e784799c07642ed95e,0860135003,0.042355932203389825,1
2020-08-27,17dca5477865218df7b63bdc2ef2d98aec411e1b011ed8e784799c07642ed95e,0710876019,0.042355932203389825,1
2020-08-27,17dca5477865218df7b63bdc2ef2d98aec411e1b011ed8e784799c07642ed95e,0710876019,0.042355932203389825,1
2020-08-27,17dca5477865218df7b63bdc2ef2d98aec411e1b011ed8e784799c07642ed95e,0710876036,0.042355932203389825,1
2020-08-27,1ec5d58bfde26c8dbfe8f15b30deb0f0e4bc29c7b010955ce09285183ebf1426,0894680001,0.025406779661016947,2
2020-08-27,1ec5d58bfde26c8dbfe8f15b30deb0f0e4bc29c7b010955ce09285183ebf1426,0894362001,0.05930508474576271,2
2020-08-27,1ec5d58bfde26c8dbfe8f15b30deb0f0e4bc29c7b010955ce09285183ebf1426,0894956006,0.025406779661016947,2
2020-08-27,1efa293ba2a3e14578c40dc5e10d4e2a2f230550bc6ae3de15f9edbea26a3f5d,0509091057,0.016932203389830508,1
2020-08-27,233b16b926f37cec5bde0bfee6d49c9c5445e927e516a25d0562f8faa26beaa0,0766402030,0.04320338983050847,1
2020-08-27,233b16b926f37cec5bde0bfee6d49c9c5445e927e516a25d0562f8faa26beaa0,0887299004,0.036,1
2020-08-27,25e0c6ac6ccb89c75d6e3be8c5fe9a10683afd50d7290d37984c6e97040cbdce,0832473003,0.008457627118644067,2
2020-08-27,2860d9887f80d55b9eb1c16823749fae9b01356cc537e105dddc173e67276a18,0938182001,0.016932203389830508,2
2020-08-27,289835c4387f57d6bbbf487086ea28111797074c316ac2c856facd4c745271b3,0757805001,0.008457627118644067,2
2020-08-27,289835c4387f57d6bbbf487086ea28111797074c316ac2c856facd4c745271b3,0757805001,0.008457627118644067,2
2020-08-27,289835c4387f57d6bbbf487086ea28111797074c316ac2c856facd4c745271b3,0757805002,0.008457627118644067,2
2020-08-27,289835c4387f57d6bbbf487086ea28111797074c316ac2c856facd4c745271b3,0874891001,0.033881355932203386,2
2020-08-27,289835c4387f57d6bbbf487086ea28111797074c316ac2c856facd4c745271b3,0908081003,0.042355932203389825,2
2020-08-27,2e0dc55ce7b495280a1d1a5eb6e539bc16ce6a9f4163fe6a1864cd726f2c619d,0759637004,0.033881355932203386,1
2020-08-27,2e0dc55ce7b495280a1d1a5eb6e539bc16ce6a9f4163fe6a1864cd726f2c619d,0215303005,0.006084745762711864,1
2020-08-27,2e0dc55ce7b495280a1d1a5eb6e539bc16ce6a9f4163fe6a1864cd726f2c619d,0869811001,0.006084745762711864,1
2020-08-27,2f0c3b0fa13563bb6820aeaba6bcacbcafb5b8ca9c96c2087976bf500c35ba3d,0783707106,0.0033728813559322033,1
2020-08-27,2f0c3b0fa13563bb6820aeaba6bcacbcafb5b8ca9c96c2087976bf500c35ba3d,0783707143,0.003389830508474576,1
2020-08-27,2f0c3b0fa13563bb6820aeaba6bcacbcafb5b8ca9c96c2087976bf500c35ba3d,0761018017,0.0033728813559322033,1
2020-08-27,386e33e36a377561444c0d90e05ba5e387371f38a44a7c74b268fbaaf448dd9e,0875978001,0.022016949152542376,2
2020-08-27,386e33e36a377561444c0d90e05ba5e387371f38a44a7c74b268fbaaf448dd9e,0839086001,0.013542372881355931,2
2020-08-27,3b84a6c32a459ed059833cc05b060bc56a110a7f4510e4f381c0b93262e68860,0890956001,0.010152542372881357,2
2020-08-27,3b84a6c32a459ed059833cc05b060bc56a110a7f4510e4f381c0b93262e68860,0889682001,0.025406779661016947,2
2020-08-27,3b84a6c32a459ed059833cc05b060bc56a110a7f4510e4f381c0b93262e68860,0861514001,0.025406779661016947,2
2020-08-27,3df8c7ad8628ff02b1b06a9919d41b88c50da4f156706c6a7ae283f0e97c7d1f,0763988006,0.025406779661016947,1
2020-08-27,40fcdff9785fd6dd1001e7a053b29417099e20696839b4cebbd7cf267e0aece9,0751592001,0.025406779661016947,1
2020-08-27,40fcdff9785fd6dd1001e7a053b29417099e20696839b4cebbd7cf267e0aece9,0828982001,0.025406779661016947,1
2020-08-27,4109762f45e492fc6de0b25f368a3e5c48c33bfd3c3a180f08b29ac64c3ca7ac,0806783001,0.013542372881355931,1
2020-08-27,43205e3aa14f60506c0695a332a92c94238bbbf167d691baacff4287c431bc2b,0924250001,0.050830508474576264,1
2020-08-27,43205e3aa14f60506c0695a332a92c94238bbbf167d691baacff4287c431bc2b,0915526002,0.033881355932203386,1
2020-08-27,43205e3aa14f60506c0695a332a92c94238bbbf167d691baacff4287c431bc2b,0896152003,0.033881355932203386,1
2020-08-27,43205e3aa14f60506c0695a332a92c94238bbbf167d691baacff4287c431bc2b,0883886001,0.025406779661016947,1
2020-08-27,464e7c8e2cc328c1d5a098525c2a4971a4a4b389b691b0fd114a03f2cc46fecf,0819113001,0.03049152542372881,2
2020-08-27,464e7c8e2cc328c1d5a098525c2a4971a4a4b389b691b0fd114a03f2cc46fecf,0885951003,0.03049152542372881,2
2020-08-27,464e7c8e2cc328c1d5a098525c2a4971a4a4b389b691b0fd114a03f2cc46fecf,0821397008,0.025406779661016947,2
2020-08-27,48d22fc368f8d73ef65d351f41e5ad84d223ec1ed787d23de3d4976989e6c628,0815537001,0.033881355932203386,2
2020-08-27,48d22fc368f8d73ef65d351f41e5ad84d223ec1ed787d23de3d4976989e6c628,0887659008,0.008457627118644067,2
2020-08-27,48d22fc368f8d73ef65d351f41e5ad84d223ec1ed787d23de3d4976989e6c628,0891591007,0.08472881355932205,2
2020-08-27,48d22fc368f8d73ef65d351f41e5ad84d223ec1ed787d23de3d4976989e6c628,0772785005,0.07625423728813559,2
2020-08-27,48d22fc368f8d73ef65d351f41e5ad84d223ec1ed787d23de3d4976989e6c628,0778064038,0.008457627118644067,2
2020-08-27,48d22fc368f8d73ef65d351f41e5ad84d223ec1ed787d23de3d4976989e6c628,0898694001,0.050830508474576264,2
2020-08-27,48d22fc368f8d73ef65d351f41e5ad84d223ec1ed787d23de3d4976989e6c628,0841402004,0.016932203389830508,2
2020-08-27,48d22fc368f8d73ef65d351f41e5ad84d223ec1ed787d23de3d4976989e6c628,0905811003,0.033881355932203386,2
2020-08-27,48d22fc368f8d73ef65d351f41e5ad84d223ec1ed787d23de3d4976989e6c628,0871079001,0.050830508474576264,2
2020-08-27,48d22fc368f8d73ef65d351f41e5ad84d223ec1ed787d23de3d4976989e6c628,0871079001,0.050830508474576264,2
2020-08-27,48d22fc368f8d73ef65d351f41e5ad84d223ec1ed787d23de3d4976989e6c628,0878190004,0.06777966101694916,2
2020-08-27,48d22fc368f8d73ef65d351f41e5ad84d223ec1ed787d23de3d4976989e6c628,0800691031,0.011847457627118646,2
2020-08-27,48d22fc368f8d73ef65d351f41e5ad84d223ec1ed787d23de3d4976989e6c628,0881916003,0.008457627118644067,2
2020-08-27,48d22fc368f8d73ef65d351f41e5ad84d223ec1ed787d23de3d4976989e6c628,0574109039,0.025406779661016947,2
2020-08-27,48d22fc368f8d73ef65d351f41e5ad84d223ec1ed787d23de3d4976989e6c628,0800691009,0.011847457627118646,2
2020-08-27,48d22fc368f8d73ef65d351f41e5ad84d223ec1ed787d23de3d4976989e6c628,0923157001,0.05930508474576271,2
2020-08-27,48d22fc368f8d73ef65d351f41e5ad84d223ec1ed787d23de3d4976989e6c628,0719530003,0.033881355932203386,2
2020-08-27,48d22fc368f8d73ef65d351f41e5ad84d223ec1ed787d23de3d4976989e6c628,0889753008,0.016932203389830508,2
2020-08-27,48d22fc368f8d73ef65d351f41e5ad84d223ec1ed787d23de3d4976989e6c628,0923361002,0.016932203389830508,2
2020-08-27,4b35a712ac28a0ada06fd7ed4cb3900934098667ae9c96bee2526edaf250809a,0556539043,0.005067796610169492,1
2020-08-27,4b35a712ac28a0ada06fd7ed4cb3900934098667ae9c96bee2526edaf250809a,0836959002,0.013542372881355931,1
2020-08-27,4b35a712ac28a0ada06fd7ed4cb3900934098667ae9c96bee2526edaf250809a,0832359001,0.016932203389830508,1
2020-08-27,4b35a712ac28a0ada06fd7ed4cb3900934098667ae9c96bee2526edaf250809a,0814230001,0.025406779661016947,1
2020-08-27,5062058b6e49b824b91422b28608e708c9c3e64435851a61623018607205186d,0693605001,0.01523728813559322,1
2020-08-27,5062058b6e49b824b91422b28608e708c9c3e64435851a61623018607205186d,0685816004,0.008457627118644067,1
2020-08-27,5062058b6e49b824b91422b28608e708c9c3e64435851a61623018607205186d,0747376003,0.011847457627118646,1
2020-08-27,5062058b6e49b824b91422b28608e708c9c3e64435851a61623018607205186d,0691861002,0.010152542372881357,1
2020-08-27,5062058b6e49b824b91422b28608e708c9c3e64435851a61623018607205186d,0685813003,0.016932203389830508,1
2020-08-27,581bc468946bcd5b617743dbc633e84ce5ca5ee4db6dd351ba56d69d8b5f875a,0827968001,0.016932203389830508,1
2020-08-27,581bc468946bcd5b617743dbc633e84ce5ca5ee4db6dd351ba56d69d8b5f875a,0720125040,0.033881355932203386,1
2020-08-27,5a8c971ec2eee04a6af245d498ec040cc0052dc806f0d0bd126cdabbe9f9e1f1,0877805001,0.08472881355932205,1
2020-08-27,5a8c971ec2eee04a6af245d498ec040cc0052dc806f0d0bd126cdabbe9f9e1f1,0898596001,0.016932203389830508,1
2020-08-27,5a8c971ec2eee04a6af245d498ec040cc0052dc806f0d0bd126cdabbe9f9e1f1,0898596005,0.016932203389830508,1
2020-08-27,60bb604c153786cb366de1522a501c0af5bcddb980755af4511ff35ef6a70727,0853558001,0.013542372881355931,1
2020-08-27,60bb604c153786cb366de1522a501c0af5bcddb980755af4511ff35ef6a70727,0877805001,0.08472881355932205,1
2020-08-27,60bb604c153786cb366de1522a501c0af5bcddb980755af4511ff35ef6a70727,0829302003,0.03049152542372881,1
2020-08-27,60bb604c153786cb366de1522a501c0af5bcddb980755af4511ff35ef6a70727,0829302002,0.03049152542372881,1
2020-08-27,60bb604c153786cb366de1522a501c0af5bcddb980755af4511ff35ef6a70727,0724399001,0.011847457627118646,1
2020-08-27,60f9cba2c7e33fdf90af75cda67d37d15ed1cea3cc2c08c57063af2e455b14a3,0916415002,0.008457627118644067,2
2020-08-27,60f9cba2c7e33fdf90af75cda67d37d15ed1cea3cc2c08c57063af2e455b14a3,0890074001,0.016932203389830508,2
2020-08-27,60f9cba2c7e33fdf90af75cda67d37d15ed1cea3cc2c08c57063af2e455b14a3,0878190004,0.06777966101694916,2
2020-08-27,60f9cba2c7e33fdf90af75cda67d37d15ed1cea3cc2c08c57063af2e455b14a3,0931720001,0.033881355932203386,2
2020-08-27,60f9cba2c7e33fdf90af75cda67d37d15ed1cea3cc2c08c57063af2e455b14a3,0908081004,0.042355932203389825,2
2020-08-27,60f9cba2c7e33fdf90af75cda67d37d15ed1cea3cc2c08c57063af2e455b14a3,0794575002,0.033881355932203386,2
2020-08-27,60f9cba2c7e33fdf90af75cda67d37d15ed1cea3cc2c08c57063af2e455b14a3,0884319006,0.025406779661016947,2
2020-08-27,60f9cba2c7e33fdf90af75cda67d37d15ed1cea3cc2c08c57063af2e455b14a3,0794575001,0.033881355932203386,2
2020-08-27,60f9cba2c7e33fdf90af75cda67d37d15ed1cea3cc2c08c57063af2e455b14a3,0868410002,0.013542372881355931,2
2020-08-27,60f9cba2c7e33fdf90af75cda67d37d15ed1cea3cc2c08c57063af2e455b14a3,0640021018,0.050830508474576264,2
2020-08-27,634fd344d4b313250b8967e6c076b34c262cb2f77bd9d7df67f5778dc02b8b59,0810169003,0.050830508474576264,2
2020-08-27,63b28ef8a026cd996180f58834c3897e45ef9112b4652b06418b6576b661deac,0857171003,0.011847457627118646,2
2020-08-27,63b28ef8a026cd996180f58834c3897e45ef9112b4652b06418b6576b661deac,0877087002,0.008457627118644067,2
2020-08-27,6ae348404ab58cf3534066a0c0d431343a2674a24cb54ed04c7be557979f704e,0903790001,0.033881355932203386,2
2020-08-27,6ae348404ab58cf3534066a0c0d431343a2674a24cb54ed04c7be557979f704e,0851675001,0.033881355932203386,2
2020-08-27,6ae348404ab58cf3534066a0c0d431343a2674a24cb54ed04c7be557979f704e,0904230003,0.033881355932203386,2
2020-08-27,6ae348404ab58cf3534066a0c0d431343a2674a24cb54ed04c7be557979f704e,0819520001,0.022016949152542376,2
2020-08-27,6ae348404ab58cf3534066a0c0d431343a2674a24cb54ed04c7be557979f704e,0905811001,0.033881355932203386,2
2020-08-27,6ec2a7d34d4ce3f9c1dbe21677329cadca702d049f4c137cf44a7cceefd00165,0594987024,0.016932203389830508,1
2020-08-27,6ec2a7d34d4ce3f9c1dbe21677329cadca702d049f4c137cf44a7cceefd00165,0594987024,0.014389830508474576,1
2020-08-27,6ec2a7d34d4ce3f9c1dbe21677329cadca702d049f4c137cf44a7cceefd00165,0610776068,0.008457627118644067,1
2020-08-27,6ec2a7d34d4ce3f9c1dbe21677329cadca702d049f4c137cf44a7cceefd00165,0610776068,0.007186440677966101,1
2020-08-27,70d1f75a1f8ea674f71186aad2a636fa507ad62533535d073e14f7fb082034c2,0896928001,0.06777966101694916,2
2020-08-27,70d1f75a1f8ea674f71186aad2a636fa507ad62533535d073e14f7fb082034c2,0921906002,0.027101694915254236,2
2020-08-27,70d1f75a1f8ea674f71186aad2a636fa507ad62533535d073e14f7fb082034c2,0896928002,0.06777966101694916,2
2020-08-27,70d1f75a1f8ea674f71186aad2a636fa507ad62533535d073e14f7fb082034c2,0865929003,0.016932203389830508,2
2020-08-27,70d1f75a1f8ea674f71186aad2a636fa507ad62533535d073e14f7fb082034c2,0806241008,0.025406779661016947,2
2020-08-27,732f66a4312031b67059f93bd0e312061b54ef2769d559d02230a24a32f32071,0786187002,0.03049152542372881,1
2020-08-27,732f66a4312031b67059f93bd0e312061b54ef2769d559d02230a24a32f32071,0892309005,0.016932203389830508,1
2020-08-27,7501263889087c3802d98146c1395b628e27dda426f0dc9c6b3bb91559552192,0826209001,0.025406779661016947,1
2020-08-27,7501263889087c3802d98146c1395b628e27dda426f0dc9c6b3bb91559552192,0631536026,0.016932203389830508,1
2020-08-27,7501263889087c3802d98146c1395b628e27dda426f0dc9c6b3bb91559552192,0873679001,0.025406779661016947,1
2020-08-27,7510bd95dac6c5e45a457871d7d730fd97eaba93d83e0bd090b79bda02697719,0237347055,0.033881355932203386,1
2020-08-27,7510bd95dac6c5e45a457871d7d730fd97eaba93d83e0bd090b79bda02697719,0904584009,0.025406779661016947,1
2020-08-27,7510bd95dac6c5e45a457871d7d730fd97eaba93d83e0bd090b79bda02697719,0904584007,0.025406779661016947,1
2020-08-27,776ff681e86b6e6d547ba53e39941092c64d590d84d05c26ab15fe00f01daeb5,0861442003,0.014677966101694915,2
2020-08-27,776ff681e86b6e6d547ba53e39941092c64d590d84d05c26ab15fe00f01daeb5,0685814022,0.02935593220338983,2
2020-08-27,7a78fcb65a534d8d0ad5bf2303762129e09fcaa47fde86d6cc44f00b6e2e00f4,0613521001,0.06777966101694916,2
2020-08-27,7b48800f6872111d89ff7d886a7ebce7dbb89eec143be05f7ff1380704949828,0921380001,0.06777966101694916,2
2020-08-27,7b763dfa2f6a4f7e8ee8909ccf41c161bc651299a4c5dbe3961231b5eaac2441,0915453002,0.033881355932203386,1
2020-08-27,7c8ec9971cb9386f02bc8e37c01525ebdc81e090c0c982465721d61e13730667,0794239001,0.025406779661016947,1
2020-08-27,7c8ec9971cb9386f02bc8e37c01525ebdc81e090c0c982465721d61e13730667,0770315007,0.016932203389830508,1
2020-08-27,80112260fab7708c1b9b6b909a91dcde7bb2383f5f719e43ca9381f2ae8d7708,0786304009,0.025406779661016947,2
2020-08-27,80112260fab7708c1b9b6b909a91dcde7bb2383f5f719e43ca9381f2ae8d7708,0800691007,0.011847457627118646,2
2020-08-27,80112260fab7708c1b9b6b909a91dcde7bb2383f5f719e43ca9381f2ae8d7708,0800691007,0.011847457627118646,2
2020-08-27,80112260fab7708c1b9b6b909a91dcde7bb2383f5f719e43ca9381f2ae8d7708,0685814063,0.033881355932203386,2
2020-08-27,80112260fab7708c1b9b6b909a91dcde7bb2383f5f719e43ca9381f2ae8d7708,0914351004,0.016932203389830508,2
2020-08-27,80112260fab7708c1b9b6b909a91dcde7bb2383f5f719e43ca9381f2ae8d7708,0897679002,0.042355932203389825,2
2020-08-27,80112260fab7708c1b9b6b909a91dcde7bb2383f5f719e43ca9381f2ae8d7708,0820484003,0.022016949152542376,2
2020-08-27,80112260fab7708c1b9b6b909a91dcde7bb2383f5f719e43ca9381f2ae8d7708,0806388002,0.013542372881355931,2
2020-08-27,80112260fab7708c1b9b6b909a91dcde7bb2383f5f719e43ca9381f2ae8d7708,0827370003,0.025406779661016947,2
2020-08-27,854cad904e5621ed68d8959fe0fd15edcb16afa410d0848caa3cfbd3e47478b3,0873678007,0.025406779661016947,1
2020-08-27,862035594bb6cdd456bf8e6eece56dcc71b95eeae3c53b31bbaede37fcb02a7d,0762846029,0.025406779661016947,2
2020-08-27,862035594bb6cdd456bf8e6eece56dcc71b95eeae3c53b31bbaede37fcb02a7d,0859136005,0.025406779661016947,2
2020-08-27,862035594bb6cdd456bf8e6eece56dcc71b95eeae3c53b31bbaede37fcb02a7d,0871527003,0.033881355932203386,2
2020-08-27,878dc8cd6dec863c77931c6495fa9ad218ddb8ebfa2c3e112f78d6b0d5bda368,0871517002,0.025406779661016947,1
2020-08-27,878dc8cd6dec863c77931c6495fa9ad218ddb8ebfa2c3e112f78d6b0d5bda368,0728876010,0.011847457627118646,1
2020-08-27,878dc8cd6dec863c77931c6495fa9ad218ddb8ebfa2c3e112f78d6b0d5bda368,0697564062,0.016932203389830508,1
2020-08-27,878dc8cd6dec863c77931c6495fa9ad218ddb8ebfa2c3e112f78d6b0d5bda368,0871517008,0.025406779661016947,1
2020-08-27,8817abc1686c22d65d4af00dc698c19801a884c60ed2ba572e19bd268bc4899d,0831684005,0.08472881355932205,2
2020-08-27,8c3f2a57b041181aa7c6b079937758d7758e186151c759e099cc8c530a6bfabf,0878190004,0.06777966101694916,2
2020-08-27,8c74d272649d7a4ffcdfa6e0f9f5ec41e09fd9c82fd12634a83d172031b4ea44,0855706001,0.01523728813559322,1
2020-08-27,8c74d272649d7a4ffcdfa6e0f9f5ec41e09fd9c82fd12634a83d172031b4ea44,0868405002,0.01523728813559322,1
2020-08-27,8c74d272649d7a4ffcdfa6e0f9f5ec41e09fd9c82fd12634a83d172031b4ea44,0855706002,0.01523728813559322,1
2020-08-27,8c74d272649d7a4ffcdfa6e0f9f5ec41e09fd9c82fd12634a83d172031b4ea44,0851010008,0.01523728813559322,1
2020-08-27,8e92b3abe8f8a800cc8c6be88e40665eb419d8071ac4ce9ea62950d94bee4547,0895487001,0.04320338983050847,1
2020-08-27,8e92b3abe8f8a800cc8c6be88e40665eb419d8071ac4ce9ea62950d94bee4547,0927922003,0.028796610169491522,1
2020-08-27,8ec2868b3ebb94aa71ee5f5edc0bb7d310582430d37701217164271aea39ed29,0685813001,0.016932203389830508,2
2020-08-27,8ec2868b3ebb94aa71ee5f5edc0bb7d310582430d37701217164271aea39ed29,0923460001,0.042355932203389825,2
2020-08-27,8ec2868b3ebb94aa71ee5f5edc0bb7d310582430d37701217164271aea39ed29,0685813018,0.016932203389830508,2
2020-08-27,9181c5f5c0235dd3d5cd294d343cbc2ff6561ba9207f658c08bd96f2b9f17a41,0855080005,0.02447457627118644,2
2020-08-27,9181c5f5c0235dd3d5cd294d343cbc2ff6561ba9207f658c08bd96f2b9f17a41,0855080010,0.024491525423728813,2
2020-08-27,9181c5f5c0235dd3d5cd294d343cbc2ff6561ba9207f658c08bd96f2b9f17a41,0855080002,0.02447457627118644,2
2020-08-27,9181c5f5c0235dd3d5cd294d343cbc2ff6561ba9207f658c08bd96f2b9f17a41,0730683050,0.04081355932203389,2
2020-08-27,9181c5f5c0235dd3d5cd294d343cbc2ff6561ba9207f658c08bd96f2b9f17a41,0794321011,0.06532203389830508,2
2020-08-27,94751ad64747c89e2f073587838c635649d3d79660eb62428e4d1a01598d4789,0922625003,0.025406779661016947,1
2020-08-27,97c054adb637b15292f466eb42885c4b68eeb6504513d19d1cc4269794c61130,0832253001,0.03049152542372881,2
2020-08-27,97c054adb637b15292f466eb42885c4b68eeb6504513d19d1cc4269794c61130,0635838001,0.025406779661016947,2
2020-08-27,9a21b58bc5499fb66d1ec7a783f824308c1adcad7cb6982cf91a4736622a50e6,0800396007,0.04828813559322033,1
2020-08-27,9a21b58bc5499fb66d1ec7a783f824308c1adcad7cb6982cf91a4736622a50e6,0863595004,0.0321864406779661,1
2020-08-27,9a21b58bc5499fb66d1ec7a783f824308c1adcad7cb6982cf91a4736622a50e6,0911870003,0.0321864406779661,1
2020-08-27,a2817c5d9a9c415d029d617dba54ada6f0cd78894d1547bb01f15ab494ea41f8,0724906006,0.06777966101694916,1
2020-08-27,a2817c5d9a9c415d029d617dba54ada6f0cd78894d1547bb01f15ab494ea41f8,0399256001,0.016932203389830508,1
2020-08-27,a283535411a1fe6c84c01e6836912249c99f36ddafca1cbe5fd3dc4a51beac6e,0861847004,0.022016949152542376,2
2020-08-27,a2a90579d6b479a8eacf3014ec21eb0366be55bbf94f72482b1b6bfdb19109a5,0794321011,0.06777966101694916,2
2020-08-27,a2a90579d6b479a8eacf3014ec21eb0366be55bbf94f72482b1b6bfdb19109a5,0868038004,0.050830508474576264,2
2020-08-27,a2a90579d6b479a8eacf3014ec21eb0366be55bbf94f72482b1b6bfdb19109a5,0897221001,0.06777966101694916,2
2020-08-27,a2a90579d6b479a8eacf3014ec21eb0366be55bbf94f72482b1b6bfdb19109a5,0868038001,0.050830508474576264,2
2020-08-27,a2a90579d6b479a8eacf3014ec21eb0366be55bbf94f72482b1b6bfdb19109a5,0852535001,0.06777966101694916,2
2020-08-27,a500a4eaed29a6d445fa733a67451706fb63ff2887fc89592c81c5753aecd076,0897221001,0.061000000000000006,1
2020-08-27,a52779ef1000cce18e4835c3173f22efc34e080c439e8866ff748ff1ccc44f1a,0818779003,0.00676271186440678,2
2020-08-27,a52779ef1000cce18e4835c3173f22efc34e080c439e8866ff748ff1ccc44f1a,0786542002,0.00676271186440678,2
2020-08-27,a52779ef1000cce18e4835c3173f22efc34e080c439e8866ff748ff1ccc44f1a,0536139071,0.016932203389830508,2
2020-08-27,a52779ef1000cce18e4835c3173f22efc34e080c439e8866ff748ff1ccc44f1a,0818779002,0.00676271186440678,2
2020-08-27,a82f8499b0dff7445aeb654803079ba37f54d18c5109d6df0232fdc401c79a57,0878725003,0.016932203389830508,1
2020-08-27,a86aa14989bcb0de0faae713e3417129f87ed6ca2503d7b1f333d63ececb4369,0782479005,0.033881355932203386,2
2020-08-27,a86aa14989bcb0de0faae713e3417129f87ed6ca2503d7b1f333d63ececb4369,0810557013,0.020322033898305086,2
2020-08-27,a9c369dd3ea852006b82f7cd71d437d6d32a613f2ebe929be1e72bf0f5b1e455,0786187001,0.03049152542372881,1
2020-08-27,a9c369dd3ea852006b82f7cd71d437d6d32a613f2ebe929be1e72bf0f5b1e455,0707269003,0.033881355932203386,1
2020-08-27,b499ab56a37de6bc9f68ada099cc04f24bc33206e8b44bb44f982386369df444,0867044004,0.022016949152542376,1
2020-08-27,b499ab56a37de6bc9f68ada099cc04f24bc33206e8b44bb44f982386369df444,0897687001,0.03049152542372881,1
2020-08-27,b8964577c2571b2f892cb2719acd860e800dbee961826de43ddfa288632844b9,0851622001,0.010661016949152542,1
2020-08-27,bb9a9faa15eb268b063d38b108b6554f876b17264745bb738338b4af4aaa4beb,0736923009,0.016932203389830508,1
2020-08-27,bb9a9faa15eb268b063d38b108b6554f876b17264745bb738338b4af4aaa4beb,0736923010,0.016932203389830508,1
2020-08-27,bb9a9faa15eb268b063d38b108b6554f876b17264745bb738338b4af4aaa4beb,0372860002,0.013542372881355931,1
2020-08-27,bb9a9faa15eb268b063d38b108b6554f876b17264745bb738338b4af4aaa4beb,0720125001,0.033881355932203386,1
2020-08-27,bb9a9faa15eb268b063d38b108b6554f876b17264745bb738338b4af4aaa4beb,0464297031,0.016932203389830508,1
2020-08-27,bf9a051f6cff83e3f2d79852e41add7ab8732876329f4985639006edcbdb7fde,0816588001,0.006084745762711864,1
2020-08-27,bf9a051f6cff83e3f2d79852e41add7ab8732876329f4985639006edcbdb7fde,0883686001,0.016932203389830508,1
2020-08-27,bf9a051f6cff83e3f2d79852e41add7ab8732876329f4985639006edcbdb7fde,0866943003,0.011847457627118646,1
2020-08-27,bfdea99466b72db13d5c8ea05a7f91bd6e157069394d4373bcf9dc3ccf4700e8,0814116004,0.022016949152542376,2
2020-08-27,bfdea99466b72db13d5c8ea05a7f91bd6e157069394d4373bcf9dc3ccf4700e8,0913272003,0.042355932203389825,2
2020-08-27,bfdea99466b72db13d5c8ea05a7f91bd6e157069394d4373bcf9dc3ccf4700e8,0814116005,0.022016949152542376,2
2020-08-27,c086bb597d27a02fcaa19917fb9d70834613bc4d681963bb921e6dfc9ac9f630,0751471001,0.033881355932203386,2
2020-08-27,c086bb597d27a02fcaa19917fb9d70834613bc4d681963bb921e6dfc9ac9f630,0881244001,0.033881355932203386,2
2020-08-27,c3bebb3cb4fd64df011aeb931708db0fe3a72719da9b3214ace3d799d1c01d3d,0740498006,0.013542372881355931,2
2020-08-27,c3bebb3cb4fd64df011aeb931708db0fe3a72719da9b3214ace3d799d1c01d3d,0859617001,0.042355932203389825,2
2020-08-27,c3bebb3cb4fd64df011aeb931708db0fe3a72719da9b3214ace3d799d1c01d3d,0888570001,0.050830508474576264,2
2020-08-27,c3bebb3cb4fd64df011aeb931708db0fe3a72719da9b3214ace3d799d1c01d3d,0547780003,0.025406779661016947,2
2020-08-27,c3bebb3cb4fd64df011aeb931708db0fe3a72719da9b3214ace3d799d1c01d3d,0867966009,0.033881355932203386,2
2020-08-27,c66fb513102731ede64dc99a50df512fabf5a3fb005f6d4723e4bbc90dfc86b0,0866731001,0.025406779661016947,1
2020-08-27,c66fb513102731ede64dc99a50df512fabf5a3fb005f6d4723e4bbc90dfc86b0,0905518003,0.016932203389830508,1
2020-08-27,c6f312b00ec321c02d4ea0b2146619e85e91e8de330dff77c84ade7714434f6f,0886862007,0.06777966101694916,2
2020-08-27,c78b251d8ea58407bf61aa4ae2b760eac4615745e5637af7c81c2b09e5250727,0742258025,0.033881355932203386,1
2020-08-27,c78b251d8ea58407bf61aa4ae2b760eac4615745e5637af7c81c2b09e5250727,0922987001,0.033881355932203386,1
2020-08-27,c9cf5180146fb1954dee52f43a0521195769d0a0c2c4e8a6f293929b1467d31c,0912204008,0.016932203389830508,1
2020-08-27,c9cf5180146fb1954dee52f43a0521195769d0a0c2c4e8a6f293929b1467d31c,0868405002,0.016932203389830508,1
2020-08-27,cc87e8e965349a016a6b79d249f1d18d71ffb08d0b57e3773b066dbbffe51b87,0832473003,0.010152542372881357,1
2020-08-27,cc87e8e965349a016a6b79d249f1d18d71ffb08d0b57e3773b066dbbffe51b87,0832473001,0.010152542372881357,1
2020-08-27,cc87e8e965349a016a6b79d249f1d18d71ffb08d0b57e3773b066dbbffe51b87,0832453007,0.010152542372881357,1
2020-08-27,ce61615e0ccf1a6c1f437d23675d21eaa7dd9ce5239455d0125b53d15e0f0e1d,0875826001,0.022016949152542376,1
2020-08-27,ce61615e0ccf1a6c1f437d23675d21eaa7dd9ce5239455d0125b53d15e0f0e1d,0685816002,0.008457627118644067,1
2020-08-27,d033c491afcaafec1563d5bb01c95d6ea9d0ea4a8b28c7e5f2914c3e48bfc8d1,0814116002,0.022016949152542376,1
2020-08-27,d033c491afcaafec1563d5bb01c95d6ea9d0ea4a8b28c7e5f2914c3e48bfc8d1,0673677002,0.025406779661016947,1
2020-08-27,d033c491afcaafec1563d5bb01c95d6ea9d0ea4a8b28c7e5f2914c3e48bfc8d1,0678942057,0.016932203389830508,1
2020-08-27,d2a4f3856f2d473b254b4c89fdfef94eb583e5319cac12a8c1fa66dd6085c6ea,0770315007,0.016932203389830508,1
2020-08-27,d2a4f3856f2d473b254b4c89fdfef94eb583e5319cac12a8c1fa66dd6085c6ea,0817416001,0.033881355932203386,1
2020-08-27,d2cb4d5ecab987cd57922304a1ad9c59bce032bda335629880312f9adac94884,0893059005,0.042355932203389825,2
2020-08-27,d7a718eb413ce9bc34669bcd17df56b67fce90c612e5654631c9f6f464dc14ad,0771605001,0.01523728813559322,2
2020-08-27,d8ef744e91214b7ff88e5b220a8faa12acaedb1785339fc2776620e8ccc03226,0873604007,0.033881355932203386,2
2020-08-27,d8ef744e91214b7ff88e5b220a8faa12acaedb1785339fc2776620e8ccc03226,0912095003,0.033881355932203386,2
2020-08-27,d8ef744e91214b7ff88e5b220a8faa12acaedb1785339fc2776620e8ccc03226,0836364002,0.033881355932203386,2
2020-08-27,db3c4147986b7894cd368732912424d2a669734893f3d53ceb3bd0a3befb624c,0873217004,0.025406779661016947,1
2020-08-27,db3c4147986b7894cd368732912424d2a669734893f3d53ceb3bd0a3befb624c,0910220001,0.011847457627118646,1
2020-08-27,db3c4147986b7894cd368732912424d2a669734893f3d53ceb3bd0a3befb624c,0866800001,0.008457627118644067,1
2020-08-27,db3c4147986b7894cd368732912424d2a669734893f3d53ceb3bd0a3befb624c,0918649001,0.011847457627118646,1
2020-08-27,db3c4147986b7894cd368732912424d2a669734893f3d53ceb3bd0a3befb624c,0797988005,0.025406779661016947,1
2020-08-27,db3c4147986b7894cd368732912424d2a669734893f3d53ceb3bd0a3befb624c,0892873001,0.016932203389830508,1
2020-08-27,db3c4147986b7894cd368732912424d2a669734893f3d53ceb3bd0a3befb624c,0910292001,0.016932203389830508,1
2020-08-27,db3c4147986b7894cd368732912424d2a669734893f3d53ceb3bd0a3befb624c,0827907001,0.025406779661016947,1
2020-08-27,db3c4147986b7894cd368732912424d2a669734893f3d53ceb3bd0a3befb624c,0860833013,0.025406779661016947,1
2020-08-27,dbfa9af0e24998ee9321e01ba852655a3e7661786c798031572e569b35af3e4d,0855706002,0.016932203389830508,1
2020-08-27,dbfa9af0e24998ee9321e01ba852655a3e7661786c798031572e569b35af3e4d,0851010008,0.016932203389830508,1
2020-08-27,dcf5950391d738889e0060ffb3237583a788611721405d63fe97ee1aee0051b0,0919894001,0.013542372881355931,1
2020-08-27,dcf5950391d738889e0060ffb3237583a788611721405d63fe97ee1aee0051b0,0640159003,0.013542372881355931,1
2020-08-27,dd77be623535c324f0cbc72bbb18646f87042f4a71700ddd85693927e20cd629,0915526001,0.033881355932203386,2
2020-08-27,dd77be623535c324f0cbc72bbb18646f87042f4a71700ddd85693927e20cd629,0915526002,0.033881355932203386,2
2020-08-27,dde5dcef48df4752869468c7c1fc8b1c18702c0e24412dac8a991d57af86855e,0543548001,0.06777966101694916,2
2020-08-27,dde5dcef48df4752869468c7c1fc8b1c18702c0e24412dac8a991d57af86855e,0441386001,0.042355932203389825,2
2020-08-27,e43cbd2a294b19d7402d5ec6d65bdff436b6ae66372f06046445f16b87636887,0786187002,0.03049152542372881,1
2020-08-27,e43cbd2a294b19d7402d5ec6d65bdff436b6ae66372f06046445f16b87636887,0473954014,0.016932203389830508,1
2020-08-27,e43cbd2a294b19d7402d5ec6d65bdff436b6ae66372f06046445f16b87636887,0902161005,0.033881355932203386,1
2020-08-27,ea84c220ec39eff9ec685f71eebf5d573f085014e754e3b71ccf1ce490a4042b,0878510002,0.01523728813559322,1
2020-08-27,eb688105aff99867a78d3337dbc992b17593934fb8947fccd31cc3a04d20dce2,0868054001,0.06777966101694916,1
2020-08-27,ed7592f7d1d4ab3f0d93c2bf11bb5433abae55f072173cd9de65659cabe03d98,0572998016,0.042355932203389825,1
2020-08-27,ef10c955310cfb0953af016ef897cffd1f91c416dd366a2f07c4ff65b68d0164,0905091001,0.12571186440677967,2
2020-08-27,ef10c955310cfb0953af016ef897cffd1f91c416dd366a2f07c4ff65b68d0164,0682236001,0.023576271186440678,2
2020-08-27,ef10c955310cfb0953af016ef897cffd1f91c416dd366a2f07c4ff65b68d0164,0883684001,0.023542372881355935,2
2020-08-27,f751b5c05ea4231cbf9d25e7191e098b35e5054e7caedd6288f47d6d3a22ba70,0579541075,0.016932203389830508,1
2020-08-27,fcf4ceb0fb5a593d25c53fbaceb5c359fe629dedc8e22a8fd43c8af27497b39f,0889828004,0.024,2
2020-08-27,fcf4ceb0fb5a593d25c53fbaceb5c359fe629dedc8e22a8fd43c8af27497b39f,0915526001,0.03201694915254238,2
2020-08-27,fcf4ceb0fb5a593d25c53fbaceb5c359fe629dedc8e22a8fd43c8af27497b39f,0877839001,0.06003389830508475,2
2020-08-27,ff02b27eeec6f8075cb9e6757bb2e87c451469de27776f09276f0e3d16d2753f,0512989022,0.013542372881355931,1
2020-08-27,ffddecde4ec38abb87e1b209c9f1e2e8922b2bd2a376c60d0876d434b73ae404,0864562001,0.016932203389830508,2
2020-08-27,ffddecde4ec38abb87e1b209c9f1e2e8922b2bd2a376c60d0876d434b73ae404,0881691002,0.025406779661016947,2
2020-08-27,ffddecde4ec38abb87e1b209c9f1e2e8922b2bd2a376c60d0876d434b73ae404,0702368018,0.03049152542372881,2
2020-08-27,ffddecde4ec38abb87e1b209c9f1e2e8922b2bd2a376c60d0876d434b73ae404,0859743004,0.022016949152542376,2
2020-08-28,00fe8fb9b5a49ed8c38699c1860847c266f288da271b1c718f0179ac026080e4,0789216001,0.050830508474576264,2
2020-08-28,00fe8fb9b5a49ed8c38699c1860847c266f288da271b1c718f0179ac026080e4,0880599001,0.011847457627118646,2
2020-08-28,00fe8fb9b5a49ed8c38699c1860847c266f288da271b1c718f0179ac026080e4,0880599001,0.011847457627118646,2
2020-08-28,031f727fde00e9576147f18dddc9d3a6a5c6205992942f97c2be0ec89c74980c,0887659008,0.008457627118644067,2
2020-08-28,031f727fde00e9576147f18dddc9d3a6a5c6205992942f97c2be0ec89c74980c,0811761001,0.033881355932203386,2
2020-08-28,031f727fde00e9576147f18dddc9d3a6a5c6205992942f97c2be0ec89c74980c,0887659004,0.008457627118644067,2
2020-08-28,04a99fd1188b3732cd1a24eff64b5c7746c8453be33f4e9f64d7fd0c761586ec,0880504001,0.013542372881355931,1
2020-08-28,04a99fd1188b3732cd1a24eff64b5c7746c8453be33f4e9f64d7fd0c761586ec,0868083001,0.008457627118644067,1
2020-08-28,06657572990e8934ca031addf79524ca1aae7c1c35e0b15a30433a5b71118579,0916468002,0.033881355932203386,1
2020-08-28,075083cf54e37abbfb4fc5be69b8556acc14008318f0537a26b0dca44439e238,0918418001,0.005067796610169492,1
2020-08-28,075083cf54e37abbfb4fc5be69b8556acc14008318f0537a26b0dca44439e238,0878013003,0.050830508474576264,1
2020-08-28,075e6e1edfc71fd110166f2ac72d9ea2614c3bd7b5b5ee50c41ce936a312d9be,0786304009,0.025406779661016947,1
2020-08-28,075e6e1edfc71fd110166f2ac72d9ea2614c3bd7b5b5ee50c41ce936a312d9be,0456163086,0.033881355932203386,1
2020-08-28,0ded45c66e08371ba218d70362e8eca68b040b88a49b1b1724350019eb2c694d,0853881001,0.016932203389830508,1
2020-08-28,0e5ae8c81e53e6e82ce8ae751f1af37cdfa0a043b8ee3cfdc62a4016146f8efc,0916468003,0.030576271186440677,1
2020-08-28,0e5ae8c81e53e6e82ce8ae751f1af37cdfa0a043b8ee3cfdc62a4016146f8efc,0878756001,0.027508474576271185,1
2020-08-28,0e5ae8c81e53e6e82ce8ae751f1af37cdfa0a043b8ee3cfdc62a4016146f8efc,0556539003,0.004576271186440678,1
2020-08-28,0e5faf5fb76e67a9d0f8920f7b6448ccc962ed801d0c264ef8edcc93739c7eab,0806131004,0.028796610169491522,1
2020-08-28,0e5faf5fb76e67a9d0f8920f7b6448ccc962ed801d0c264ef8edcc93739c7eab,0751471001,0.033881355932203386,1
2020-08-28,10b045b0f503b86cdbc8e4f48493a025fe2cdad077ca008b195e44fa10213675,0156231001,0.005627118644067797,1
2020-08-28,10b045b0f503b86cdbc8e4f48493a025fe2cdad077ca008b195e44fa10213675,0156231001,0.00564406779661017,1
2020-08-28,10b045b0f503b86cdbc8e4f48493a025fe2cdad077ca008b195e44fa10213675,0156231001,0.00564406779661017,1
2020-08-28,11e6084bb7269422967ca8db1323d73e0074b6c303c9982b5d2f972af3a1e623,0799365002,0.03811864406779661,2
2020-08-28,132135899e497c6b72787c986f2a9b49ad2e7cda78afa5c4e2eca6bc8a0206a9,0863587008,0.016932203389830508,1
2020-08-28,132135899e497c6b72787c986f2a9b49ad2e7cda78afa5c4e2eca6bc8a0206a9,0608945012,0.016932203389830508,1
2020-08-28,13d06f508cddb82c70746515dee9162b559812ed83b822b65567ef927a363817,0833098004,0.06777966101694916,1
2020-08-28,13d06f508cddb82c70746515dee9162b559812ed83b822b65567ef927a363817,0845906001,0.023711864406779665,1
2020-08-28,18bdbbe095bd7d51a2e6c126e2d6685dcc2186450a068e025f1a36911efeb117,0885919006,0.025406779661016947,1
2020-08-28,18bdbbe095bd7d51a2e6c126e2d6685dcc2186450a068e025f1a36911efeb117,0875950005,0.025406779661016947,1
2020-08-28,19a98b439c84f43d1054d6c7533b3eeb6fbffe23e8c338a2a96075a19cf79add,0456163060,0.033881355932203386,1
2020-08-28,19a98b439c84f43d1054d6c7533b3eeb6fbffe23e8c338a2a96075a19cf79add,0456163087,0.033881355932203386,1
2020-08-28,1a8ce3280ec501e1eb116473a71a60e8f1b5331e0519cb83cecf7cd9400cfb23,0875980003,0.022016949152542376,2
2020-08-28,1a8ce3280ec501e1eb116473a71a60e8f1b5331e0519cb83cecf7cd9400cfb23,0806766001,0.050830508474576264,2
2020-08-28,1c0ad361b9ebc5810231ee9219d95d6d862ccb03bd1d641a93dbeb22fbec994e,0452818031,0.013542372881355931,2
2020-08-28,1c0ad361b9ebc5810231ee9219d95d6d862ccb03bd1d641a93dbeb22fbec994e,0875073004,0.022016949152542376,2
2020-08-28,1c0ad361b9ebc5810231ee9219d95d6d862ccb03bd1d641a93dbeb22fbec994e,0875082003,0.025406779661016947,2
2020-08-28,1c0ad361b9ebc5810231ee9219d95d6d862ccb03bd1d641a93dbeb22fbec994e,0564310038,0.022016949152542376,2
2020-08-28,1e15b28075a5c979480ab690478dd8112499ffcfd249f74f97f1ff1ad3eca763,0892896004,0.08472881355932205,2
2020-08-28,1e15b28075a5c979480ab690478dd8112499ffcfd249f74f97f1ff1ad3eca763,0892896004,0.08472881355932205,2
2020-08-28,1e15b28075a5c979480ab690478dd8112499ffcfd249f74f97f1ff1ad3eca763,0861035002,0.016932203389830508,2
2020-08-28,1e15b28075a5c979480ab690478dd8112499ffcfd249f74f97f1ff1ad3eca763,0901480001,0.08472881355932205,2
2020-08-28,1e15b28075a5c979480ab690478dd8112499ffcfd249f74f97f1ff1ad3eca763,0901480001,0.08472881355932205,2
2020-08-28,20cf3cac6d136df47ac586b832c68501a9d6a0d54f21a1954a1482a80ec117f5,0781613006,0.050830508474576264,2
2020-08-28,20cf3cac6d136df47ac586b832c68501a9d6a0d54f21a1954a1482a80ec117f5,0595696005,0.010152542372881357,2
2020-08-28,228b6bd527e3ca0e024c21c3a76a13ff01cb5bb7e378919bca39f9c9a1ee63b2,0736870001,0.016932203389830508,1
2020-08-28,228b6bd527e3ca0e024c21c3a76a13ff01cb5bb7e378919bca39f9c9a1ee63b2,0841383003,0.008457627118644067,1
2020-08-28,228b6bd527e3ca0e024c21c3a76a13ff01cb5bb7e378919bca39f9c9a1ee63b2,0861803001,0.016932203389830508,1
2020-08-28,23dca1ff330291c748a104b217a901cbc3913cfcbcd2ea6d43da6db0ecc13714,0619075001,0.00947457627118644,2
2020-08-28,23dca1ff330291c748a104b217a901cbc3913cfcbcd2ea6d43da6db0ecc13714,0851606002,0.013542372881355931,2
2020-08-28,2c3434f9d7339bc1927b1095bf2535ca74ab2686629e3e147d1cab4858fc18b9,0919037002,0.042355932203389825,1
2020-08-28,3165555fb2f81090e102b4051e2e7e5c1b4b67736561065a4712c9ce332a9e8e,0894355001,0.03049152542372881,2
2020-08-28,3165555fb2f81090e102b4051e2e7e5c1b4b67736561065a4712c9ce332a9e8e,0868283001,0.016932203389830508,2
2020-08-28,329ed90d235ebadfd7a4819bd44b6b807700f75e56d84a4921cc952d0d9c5795,0456163086,0.033881355932203386,1
2020-08-28,329ed90d235ebadfd7a4819bd44b6b807700f75e56d84a4921cc952d0d9c5795,0863595004,0.033881355932203386,1
2020-08-28,336d9c8cc5f96d53cfaa5f937b0fe1e2a2e19158db450141706a9bfe9668457c,0685816046,0.007186440677966101,1
2020-08-28,336d9c8cc5f96d53cfaa5f937b0fe1e2a2e19158db450141706a9bfe9668457c,0918894001,0.014389830508474576,1
2020-08-28,3382005420551bc1fd0ad84e9e243d8082df116b1b7a51b0877e3a7d3367b60c,0870548001,0.03259322033898305,2
2020-08-28,3382005420551bc1fd0ad84e9e243d8082df116b1b7a51b0877e3a7d3367b60c,0714790020,0.04889830508474576,2
2020-08-28,3382005420551bc1fd0ad84e9e243d8082df116b1b7a51b0877e3a7d3367b60c,0928088001,0.05703389830508475,2
2020-08-28,3382005420551bc1fd0ad84e9e243d8082df116b1b7a51b0877e3a7d3367b60c,0870548003,0.03259322033898305,2
2020-08-28,353ef942dd7ad3be3e1ea71debf0bf167c9d78b28302082682b020eb0a87d4c6,0918705002,0.013542372881355931,1
2020-08-28,353ef942dd7ad3be3e1ea71debf0bf167c9d78b28302082682b020eb0a87d4c6,0608776024,0.013542372881355931,1
2020-08-28,353ef942dd7ad3be3e1ea71debf0bf167c9d78b28302082682b020eb0a87d4c6,0877769001,0.05930508474576271,1
2020-08-28,353ef942dd7ad3be3e1ea71debf0bf167c9d78b28302082682b020eb0a87d4c6,0664074001,0.016932203389830508,1
2020-08-28,3b6999315f44bd6caa310fba4d3a7803e863b05b21bffa580692d319bae7eb29,0921347003,0.033881355932203386,2
2020-08-28,3b6999315f44bd6caa310fba4d3a7803e863b05b21bffa580692d319bae7eb29,0921298001,0.025406779661016947,2
2020-08-28,3b6999315f44bd6caa310fba4d3a7803e863b05b21bffa580692d319bae7eb29,0921298003,0.025406779661016947,2
2020-08-28,3b6f4003c8fe60cac8f9fa85ee6a2dab46982c55f780a8ac498735df9dd0a2fe,0909592001,0.013542372881355931,1
2020-08-28,3b6f4003c8fe60cac8f9fa85ee6a2dab46982c55f780a8ac498735df9dd0a2fe,0915453002,0.033881355932203386,1
2020-08-28,3dfcc263fcaff877565c73972c2f3d0d2673cb15a4e883dd98904ffc9e4a938a,0886632001,0.008610169491525424,1
2020-08-28,3dfcc263fcaff877565c73972c2f3d0d2673cb15a4e883dd98904ffc9e4a938a,0718982001,0.003220338983050847,1
2020-08-28,3f445ed7f6d844648ee7310a59dc2e73602f75413156a200042397db59f067e3,0456163086,0.033881355932203386,1
2020-08-28,3f445ed7f6d844648ee7310a59dc2e73602f75413156a200042397db59f067e3,0871243002,0.03049152542372881,1
2020-08-28,3f445ed7f6d844648ee7310a59dc2e73602f75413156a200042397db59f067e3,0456163085,0.033881355932203386,1
2020-08-28,3f445ed7f6d844648ee7310a59dc2e73602f75413156a200042397db59f067e3,0507909030,0.025406779661016947,1
2020-08-28,45bb06f4d5d852c45cc75fb02f6869ed9ff69e3eb8f4b3f0b06a60a3ae4fa8b3,0855080005,0.023932203389830507,1
2020-08-28,45bb06f4d5d852c45cc75fb02f6869ed9ff69e3eb8f4b3f0b06a60a3ae4fa8b3,0831282001,0.028728813559322032,1
2020-08-28,45bb06f4d5d852c45cc75fb02f6869ed9ff69e3eb8f4b3f0b06a60a3ae4fa8b3,0786187001,0.028711864406779662,1
2020-08-28,45bb06f4d5d852c45cc75fb02f6869ed9ff69e3eb8f4b3f0b06a60a3ae4fa8b3,0851010001,0.01594915254237288,1
2020-08-28,45bb06f4d5d852c45cc75fb02f6869ed9ff69e3eb8f4b3f0b06a60a3ae4fa8b3,0912088001,0.01276271186440678,1
2020-08-28,45bb06f4d5d852c45cc75fb02f6869ed9ff69e3eb8f4b3f0b06a60a3ae4fa8b3,0816166011,0.033881355932203386,1
2020-08-28,4677595b38ebae06ec0021ed224517d4de8e1e9e715c3343b6865c3823c2a160,0715624001,0.025406779661016947,2
2020-08-28,4677595b38ebae06ec0021ed224517d4de8e1e9e715c3343b6865c3823c2a160,0827968002,0.016932203389830508,2
2020-08-28,4677595b38ebae06ec0021ed224517d4de8e1e9e715c3343b6865c3823c2a160,0915526002,0.033881355932203386,2
2020-08-28,4677595b38ebae06ec0021ed224517d4de8e1e9e715c3343b6865c3823c2a160,0751471043,0.033881355932203386,2
2020-08-28,4b25ef58909e15b6db973a5470c6aede5d45b2843f041ab2060e710e1d010a86,0768147001,0.011847457627118646,2
2020-08-28,4b25ef58909e15b6db973a5470c6aede5d45b2843f041ab2060e710e1d010a86,0862970001,0.022016949152542376,2
2020-08-28,4da683ce8ded712a4471ea9837c6f2bc08249c5d774e09f234816669d92a6f17,0933891001,0.025406779661016947,1
2020-08-28,4de6cf3dec6b2c97225b6f52088b682fc4b19efca45f6fd6e666235f75f228a1,0903359001,0.036,1
2020-08-28,5220ac21754650a62dd07d2db1d38b088e2a045ecc16b97ea1ad0f16a8fc5668,0570002096,0.011898305084745762,1
2020-08-28,5220ac21754650a62dd07d2db1d38b088e2a045ecc16b97ea1ad0f16a8fc5668,0820065001,0.03722033898305085,1
2020-08-28,5537e3b4ed68388b4f08f824199cef3f16fa79f577acbe6224ec663e2fafdb0a,0849257002,0.025406779661016947,2
2020-08-28,56b46811886837047d2de87c2fcdf71e3383da74c191bfc4e4655b60e7ce6bf7,0762846031,0.025406779661016947,1
2020-08-28,56b46811886837047d2de87c2fcdf71e3383da74c191bfc4e4655b60e7ce6bf7,0927491001,0.050830508474576264,1
2020-08-28,5a9981ec5ebfafb736b227aeb9b93ac08553c854b88af4b3a64d1012564c7484,0924606002,0.033881355932203386,1
2020-08-28,5efcb18472e0dc3e441a67e5a0fcb3a938a85e584d36d998e0784c9411b0e6b7,0827635002,0.050830508474576264,2
2020-08-28,64910e40eff3175ca2abb32689891cba2dcfc4eaa1564e2351c62fb978bdb4fb,0933706001,0.016932203389830508,2
2020-08-28,64910e40eff3175ca2abb32689891cba2dcfc4eaa1564e2351c62fb978bdb4fb,0915526001,0.033881355932203386,2
2020-08-28,66f5fb0e68e8019bf03c4d83aca24020bc196ab820307888d06fcb31a39f6dbd,0574109012,0.0033728813559322033,1
2020-08-28,6a1f59eb1f11addfe9c1ec9ae72715346f2569bf78a93046f3fe545d5f2e44df,0912100003,0.050830508474576264,2
2020-08-28,6d342430875af8c3465d27645766989ca09a51b3dab96879b9ec1ce25d83b89e,0759814035,0.033881355932203386,2
2020-08-28,6d342430875af8c3465d27645766989ca09a51b3dab96879b9ec1ce25d83b89e,0878502001,0.00676271186440678,2
2020-08-28,6d6b2c488cec8a945d378efc53a59ae7524d2431d8e784831c3b47b55de93028,0685816053,0.007949152542372882,1
2020-08-28,6d6b2c488cec8a945d378efc53a59ae7524d2431d8e784831c3b47b55de93028,0882840001,0.01593220338983051,1
2020-08-28,6d6b2c488cec8a945d378efc53a59ae7524d2431d8e784831c3b47b55de93028,0865490001,0.01752542372881356,1
2020-08-28,6d6b2c488cec8a945d378efc53a59ae7524d2431d8e784831c3b47b55de93028,0892446001,0.005728813559322034,1
2020-08-28,6d6b2c488cec8a945d378efc53a59ae7524d2431d8e784831c3b47b55de93028,0899749003,0.01593220338983051,1
2020-08-28,6d6b2c488cec8a945d378efc53a59ae7524d2431d8e784831c3b47b55de93028,0685816048,0.007949152542372882,1
2020-08-28,6d6b2c488cec8a945d378efc53a59ae7524d2431d8e784831c3b47b55de93028,0685816017,0.007949152542372882,1
2020-08-28,6d6b2c488cec8a945d378efc53a59ae7524d2431d8e784831c3b47b55de93028,0684021053,0.011152542372881356,1
2020-08-28,6d6b2c488cec8a945d378efc53a59ae7524d2431d8e784831c3b47b55de93028,0827799002,0.009559322033898305,1
2020-08-28,732f66a4312031b67059f93bd0e312061b54ef2769d559d02230a24a32f32071,0786187001,0.03049152542372881,1
2020-08-28,732f66a4312031b67059f93bd0e312061b54ef2769d559d02230a24a32f32071,0786187001,0.03049152542372881,1
2020-08-28,732f66a4312031b67059f93bd0e312061b54ef2769d559d02230a24a32f32071,0892309002,0.016932203389830508,1
2020-08-28,732f66a4312031b67059f93bd0e312061b54ef2769d559d02230a24a32f32071,0892309002,0.016932203389830508,1
2020-08-28,7b763dfa2f6a4f7e8ee8909ccf41c161bc651299a4c5dbe3961231b5eaac2441,0855748002,0.018627118644067797,1
2020-08-28,7cd0fb69f1275d4a9283939d0b28e6a19c4f82207cfd339d5b8e9d36a9e50caf,0857163001,0.013542372881355931,1
2020-08-28,7cd0fb69f1275d4a9283939d0b28e6a19c4f82207cfd339d5b8e9d36a9e50caf,0825585001,0.025406779661016947,1
2020-08-28,7d163de97894f717966c064117fe4fd1c43d2de9a9a44dd81d46b91928c6904a,0864716001,0.005067796610169492,2
2020-08-28,7d163de97894f717966c064117fe4fd1c43d2de9a9a44dd81d46b91928c6904a,0905811003,0.033881355932203386,2
2020-08-28,8172ddb72a03eb7df256d5d7978f2f9d28a901cbba596c9aa9d555d902a04b1d,0801512004,0.01694915254237288,1
2020-08-28,8172ddb72a03eb7df256d5d7978f2f9d28a901cbba596c9aa9d555d902a04b1d,0842302001,0.022016949152542376,1
2020-08-28,838a784dcf9a0831fd2bacae117519f80c023451c107d3bc81df455c6cbe3428,0751471038,0.03049152542372881,1
2020-08-28,838a784dcf9a0831fd2bacae117519f80c023451c107d3bc81df455c6cbe3428,0772234002,0.01523728813559322,1
2020-08-28,9038f64581365fe484afb4a2d720a69a763d0d3b7a74a26aac89ea2a6ae71103,0910477001,0.033881355932203386,1
2020-08-28,92e5af0b5e79cdbedd8aaab47d603079a7138c6546a2665a8750fe2f345bfde5,0806131004,0.033881355932203386,2
2020-08-28,9410281dbe431bab3585c283f95cfdfb22dcbdf340043af68c15e9193030fad5,0678942001,0.016932203389830508,1
2020-08-28,9b5f33b750f2990efcbb5802dde8d868b9843778c0d68f3848940c52f66855b3,0651591001,0.025406779661016947,2
2020-08-28,9b5f33b750f2990efcbb5802dde8d868b9843778c0d68f3848940c52f66855b3,0690644003,0.00676271186440678,2
2020-08-28,9b5f33b750f2990efcbb5802dde8d868b9843778c0d68f3848940c52f66855b3,0914441007,0.033881355932203386,2
2020-08-28,9b5f33b750f2990efcbb5802dde8d868b9843778c0d68f3848940c52f66855b3,0697201002,0.011847457627118646,2
2020-08-28,9cf3b32f76c1278cd7696725e7b0eb54b567f49e7a8e6dd8a88268185e696d47,0906729001,0.025406779661016947,2
2020-08-28,9cf3b32f76c1278cd7696725e7b0eb54b567f49e7a8e6dd8a88268185e696d47,0809500002,0.03049152542372881,2
2020-08-28,9df3aa765a2111e26c5983127809977b5ae178e6244d7c9234dc0c3454ba8904,0554450026,0.033881355932203386,1
2020-08-28,9e9818854dcc998a85c531cacbcfd14460b4a5ab9b16a0ca88a2f3b663d88183,0572998001,0.042355932203389825,2
2020-08-28,9e9818854dcc998a85c531cacbcfd14460b4a5ab9b16a0ca88a2f3b663d88183,0572998001,0.042355932203389825,2
2020-08-28,a283535411a1fe6c84c01e6836912249c99f36ddafca1cbe5fd3dc4a51beac6e,0855249007,0.025406779661016947,2
2020-08-28,a4f6b120b8e614d73706ad04505b3062fdcb748934c406d21fb0b9abba41c963,0707269007,0.033881355932203386,2
2020-08-28,a4f6b120b8e614d73706ad04505b3062fdcb748934c406d21fb0b9abba41c963,0707269007,0.033881355932203386,2
2020-08-28,a546076b2aa9a4437387783deb84f7ba760de1d6260330789837761c7cb50e67,0808168005,0.08472881355932205,2
2020-08-28,a6018f44704ddf6a93a7c9c4ff0000c14c652e7224a5603dab088b123c58196b,0803468002,0.025406779661016947,2
2020-08-28,a6018f44704ddf6a93a7c9c4ff0000c14c652e7224a5603dab088b123c58196b,0803468002,0.025406779661016947,2
2020-08-28,a6018f44704ddf6a93a7c9c4ff0000c14c652e7224a5603dab088b123c58196b,0864415003,0.016932203389830508,2
2020-08-28,a6018f44704ddf6a93a7c9c4ff0000c14c652e7224a5603dab088b123c58196b,0864415003,0.016932203389830508,2
2020-08-28,b73718418f59fdf09cf5ce0135c0e1c05b99f0c7a073ccac95097bd366376502,0824752001,0.025406779661016947,2
2020-08-28,b73718418f59fdf09cf5ce0135c0e1c05b99f0c7a073ccac95097bd366376502,0859401001,0.025406779661016947,2
2020-08-28,b73718418f59fdf09cf5ce0135c0e1c05b99f0c7a073ccac95097bd366376502,0618287009,0.016932203389830508,2
2020-08-28,b73718418f59fdf09cf5ce0135c0e1c05b99f0c7a073ccac95097bd366376502,0846581002,0.022016949152542376,2
2020-08-28,b77f542f4130ec9de8c60e9c24cad74833f444478a015dd3df051b3a2cc551cd,0723469018,0.025406779661016947,1
2020-08-28,b77f542f4130ec9de8c60e9c24cad74833f444478a015dd3df051b3a2cc551cd,0802461005,0.00676271186440678,1
2020-08-28,bc637017ad4848778ee382dbbdbbdfb5b07a7d1c74a995e59cfba2492b577666,0916468003,0.032288135593220336,2
2020-08-28,bc637017ad4848778ee382dbbdbbdfb5b07a7d1c74a995e59cfba2492b577666,0922381001,0.04035593220338983,2
2020-08-28,bc637017ad4848778ee382dbbdbbdfb5b07a7d1c74a995e59cfba2492b577666,0915526001,0.032288135593220336,2
2020-08-28,bc637017ad4848778ee382dbbdbbdfb5b07a7d1c74a995e59cfba2492b577666,0811525001,0.032288135593220336,2
2020-08-28,bd23de4aaf7aa76197b99f03c44ec537aa1710eacf95c34bee719d564c24e68b,0926502001,0.05040677966101694,1
2020-08-28,bd23de4aaf7aa76197b99f03c44ec537aa1710eacf95c34bee719d564c24e68b,0933891001,0.02159322033898305,1
2020-08-28,c52064c1777231ff76fa78e734f48a37d5d45999205b356844d143005255bf4a,0904584002,0.02159322033898305,1
2020-08-28,c52064c1777231ff76fa78e734f48a37d5d45999205b356844d143005255bf4a,0770315014,0.014389830508474576,1
2020-08-28,c52064c1777231ff76fa78e734f48a37d5d45999205b356844d143005255bf4a,0770315006,0.014389830508474576,1
2020-08-28,c56a9b5e0cad2386b73fa8a448fbb4582e4afd483377f32f5b118c2f85ec3c07,0856270002,0.033881355932203386,2
2020-08-28,c56a9b5e0cad2386b73fa8a448fbb4582e4afd483377f32f5b118c2f85ec3c07,0720125039,0.033881355932203386,2
2020-08-28,c56a9b5e0cad2386b73fa8a448fbb4582e4afd483377f32f5b118c2f85ec3c07,0918292001,0.042355932203389825,2
2020-08-28,c56a9b5e0cad2386b73fa8a448fbb4582e4afd483377f32f5b118c2f85ec3c07,0914537001,0.025406779661016947,2
2020-08-28,cc3d262eb49dfc4c9991050fae3a904e7280546c3cb0e7a3f23eed2beb6a0d9c,0337991001,0.025406779661016947,1
2020-08-28,cc973c0a22d92e2d1e05142f723deab7954daaca884111716dba7c7d2b6615b3,0803757001,0.016932203389830508,1
2020-08-28,cc973c0a22d92e2d1e05142f723deab7954daaca884111716dba7c7d2b6615b3,0893798001,0.05930508474576271,1
2020-08-28,cd7160d274070e3a5803921673f06ab9b9dabc35966b01a34b1cdfc9f3751e71,0915160002,0.001677966101694915,1
2020-08-28,d079d7d11f601638a5ab395a1372e199b97bec9ce0153fd4508fd0b57f9e6976,0554450001,0.033881355932203386,1
2020-08-28,d079d7d11f601638a5ab395a1372e199b97bec9ce0153fd4508fd0b57f9e6976,0873217001,0.025406779661016947,1
2020-08-28,d079d7d11f601638a5ab395a1372e199b97bec9ce0153fd4508fd0b57f9e6976,0372860002,0.013542372881355931,1
2020-08-28,d3af88646674e50f0d84b0deffc17cddf994fa1547bfb2aa1f51514a0cf37b23,0720504001,0.025406779661016947,1
2020-08-28,d3af88646674e50f0d84b0deffc17cddf994fa1547bfb2aa1f51514a0cf37b23,0720504001,0.033881355932203386,1
2020-08-28,d3af88646674e50f0d84b0deffc17cddf994fa1547bfb2aa1f51514a0cf37b23,0866529002,0.025406779661016947,1
2020-08-28,d3af88646674e50f0d84b0deffc17cddf994fa1547bfb2aa1f51514a0cf37b23,0584298032,0.033881355932203386,1
2020-08-28,d52b2a0df9a1714ed7315b949a9bfe4923969cb9bc4bdb4b2b5a6054d480bf5e,0739819010,0.011847457627118646,2
2020-08-28,d52b2a0df9a1714ed7315b949a9bfe4923969cb9bc4bdb4b2b5a6054d480bf5e,0879242005,0.016932203389830508,2
2020-08-28,d52b2a0df9a1714ed7315b949a9bfe4923969cb9bc4bdb4b2b5a6054d480bf5e,0867365001,0.013542372881355931,2
2020-08-28,d7323c01e263bb9954f0e7249aebd38b2399bc82ddf6cb95acbdc58cbbe2302e,0870328003,0.033881355932203386,2
2020-08-28,d7323c01e263bb9954f0e7249aebd38b2399bc82ddf6cb95acbdc58cbbe2302e,0885543003,0.033881355932203386,2
2020-08-28,d7323c01e263bb9954f0e7249aebd38b2399bc82ddf6cb95acbdc58cbbe2302e,0885543003,0.033881355932203386,2
2020-08-28,d7323c01e263bb9954f0e7249aebd38b2399bc82ddf6cb95acbdc58cbbe2302e,0762846031,0.025406779661016947,2
2020-08-28,d9a1b351d1351da7f37c88e7f8808fe3fccccbd1da632099d96484042c05c10f,0855477001,0.025406779661016947,2
2020-08-28,d9a1b351d1351da7f37c88e7f8808fe3fccccbd1da632099d96484042c05c10f,0884847004,0.033881355932203386,2
2020-08-28,d9a1b351d1351da7f37c88e7f8808fe3fccccbd1da632099d96484042c05c10f,0874891001,0.033881355932203386,2
2020-08-28,d9a1b351d1351da7f37c88e7f8808fe3fccccbd1da632099d96484042c05c10f,0832307007,0.06777966101694916,2
2020-08-28,de365f2133436e6c570dbfc0120e02b7a2754330d51e86f7ef06a48451c035dc,0852584022,0.033881355932203386,1
2020-08-28,de365f2133436e6c570dbfc0120e02b7a2754330d51e86f7ef06a48451c035dc,0752689002,0.016932203389830508,1
2020-08-28,de365f2133436e6c570dbfc0120e02b7a2754330d51e86f7ef06a48451c035dc,0905518001,0.016932203389830508,1
2020-08-28,de365f2133436e6c570dbfc0120e02b7a2754330d51e86f7ef06a48451c035dc,0682238030,0.033881355932203386,1
2020-08-28,df9369af7fe19730be08d713aa1e77cf964179473293069d525980b4449615d7,0860336002,0.008457627118644067,1
2020-08-28,df9369af7fe19730be08d713aa1e77cf964179473293069d525980b4449615d7,0885624002,0.01523728813559322,1
2020-08-28,e270a3903c671e207541a560ea479e5da45f90e54aced23e5adf5d35f530ccd7,0869331002,0.03049152542372881,1
2020-08-28,e270a3903c671e207541a560ea479e5da45f90e54aced23e5adf5d35f530ccd7,0914453001,0.042355932203389825,1
2020-08-28,e270a3903c671e207541a560ea479e5da45f90e54aced23e5adf5d35f530ccd7,0922130001,0.025406779661016947,1
2020-08-28,e270a3903c671e207541a560ea479e5da45f90e54aced23e5adf5d35f530ccd7,0598515033,0.016932203389830508,1
2020-08-28,e528be3075585775948bb09a760a2c375950db495068832e1aced9b72b72ae12,0598515033,0.016932203389830508,1
2020-08-28,e528be3075585775948bb09a760a2c375950db495068832e1aced9b72b72ae12,0768847001,0.016932203389830508,1
2020-08-28,eb688105aff99867a78d3337dbc992b17593934fb8947fccd31cc3a04d20dce2,0857163001,0.013542372881355931,1
2020-08-28,eb688105aff99867a78d3337dbc992b17593934fb8947fccd31cc3a04d20dce2,0891322006,0.042355932203389825,1
2020-08-28,eeea76953969acfc97e3b46d9181e7402e2d58a3a22b20b658b732e898fd647a,0865932001,0.02159322033898305,1
2020-08-28,f4c14bad10b2dcf2344f80aa868ee81d7bd8da470f421717be1e6ddfdb458b70,0917016001,0.010152542372881357,2
2020-08-28,f6c3a578adc7fe87ff152329652a26b5cf879c0008e6172753d9f09ec83f5530,0872233001,0.033881355932203386,1
2020-08-29,008011b65328e91de7dca4172d414872040ca1efd18a713420f565e898276628,0658298001,0.016932203389830508,2
2020-08-29,008011b65328e91de7dca4172d414872040ca1efd18a713420f565e898276628,0796059001,0.03049152542372881,2
2020-08-29,0196e614bdffd9963ae9eed1e547c84233bb7bf6b6b7bbe4fe0f8b68662ff995,0922987001,0.033881355932203386,1
2020-08-29,0196e614bdffd9963ae9eed1e547c84233bb7bf6b6b7bbe4fe0f8b68662ff995,0695324015,0.033881355932203386,1
2020-08-29,01bb2dbff001cf89f573edc97044fe95db2d50e88674fb8731e6906590d2bdde,0914956001,0.02159322033898305,1
2020-08-29,01bb2dbff001cf89f573edc97044fe95db2d50e88674fb8731e6906590d2bdde,0914956001,0.02159322033898305,1
2020-08-29,01bb2dbff001cf89f573edc97044fe95db2d50e88674fb8731e6906590d2bdde,0914956001,0.02159322033898305,1
2020-08-29,02ba264ea5c7130504924f49228bcbaaa9ee96b76a6b4b0a16e19e691cf59f7b,0877769001,0.05930508474576271,2
2020-08-29,02ba264ea5c7130504924f49228bcbaaa9ee96b76a6b4b0a16e19e691cf59f7b,0574109043,0.025406779661016947,2
2020-08-29,02ba264ea5c7130504924f49228bcbaaa9ee96b76a6b4b0a16e19e691cf59f7b,0574109043,0.025406779661016947,2
2020-08-29,0548af1193ff05e1bf7e8afb4ba8e9a13d49ebc21b72e4d24c0768798eb1e258,0867966002,0.033881355932203386,2
2020-08-29,0548af1193ff05e1bf7e8afb4ba8e9a13d49ebc21b72e4d24c0768798eb1e258,0874891002,0.033881355932203386,2
2020-08-29,06cdea1dfa5654b05d646b59dff9ee55d7bac643745add709d94717f37bfe114,0556255001,0.01,2
2020-08-29,06cdea1dfa5654b05d646b59dff9ee55d7bac643745add709d94717f37bfe114,0556255001,0.01,2
2020-08-29,06cdea1dfa5654b05d646b59dff9ee55d7bac643745add709d94717f37bfe114,0902518001,0.016677966101694915,2
2020-08-29,06cdea1dfa5654b05d646b59dff9ee55d7bac643745add709d94717f37bfe114,0857778011,0.03338983050847458,2
2020-08-29,06cdea1dfa5654b05d646b59dff9ee55d7bac643745add709d94717f37bfe114,0882942002,0.05844067796610169,2
2020-08-29,06cdea1dfa5654b05d646b59dff9ee55d7bac643745add709d94717f37bfe114,0882942002,0.05844067796610169,2
2020-08-29,06cdea1dfa5654b05d646b59dff9ee55d7bac643745add709d94717f37bfe114,0570003002,0.013338983050847457,2
2020-08-29,06cdea1dfa5654b05d646b59dff9ee55d7bac643745add709d94717f37bfe114,0570003002,0.01335593220338983,2
2020-08-29,06cdea1dfa5654b05d646b59dff9ee55d7bac643745add709d94717f37bfe114,0797988002,0.025033898305084745,2
2020-08-29,06cdea1dfa5654b05d646b59dff9ee55d7bac643745add709d94717f37bfe114,0399087015,0.03337288135593221,2
2020-08-29,06cdea1dfa5654b05d646b59dff9ee55d7bac643745add709d94717f37bfe114,0892558004,0.016677966101694915,2
2020-08-29,06cdea1dfa5654b05d646b59dff9ee55d7bac643745add709d94717f37bfe114,0863646002,0.03338983050847458,2
2020-08-29,06cdea1dfa5654b05d646b59dff9ee55d7bac643745add709d94717f37bfe114,0882942004,0.05844067796610169,2
2020-08-29,06cdea1dfa5654b05d646b59dff9ee55d7bac643745add709d94717f37bfe114,0882942004,0.05844067796610169,2
2020-08-29,06cdea1dfa5654b05d646b59dff9ee55d7bac643745add709d94717f37bfe114,0677930077,0.016677966101694915,2
2020-08-29,0bc994e3aa3207f71efb2a960226247334f1665888a454523dad5815f8a74bb2,0873678002,0.025406779661016947,1
2020-08-29,0bc994e3aa3207f71efb2a960226247334f1665888a454523dad5815f8a74bb2,0915611001,0.033881355932203386,1
2020-08-29,0bc994e3aa3207f71efb2a960226247334f1665888a454523dad5815f8a74bb2,0873678007,0.025406779661016947,1
2020-08-29,0eede8492257c5d672af1c0ccfaf3c76cc1fbf0b872f85be11766eaa4157e24e,0789049005,0.13557627118644067,2
2020-08-29,117b80b9b4c334d2a8bf67a29e7216ed1943b714c6d6919c681df77b73f4b3c1,0717816001,0.025406779661016947,2
2020-08-29,117b80b9b4c334d2a8bf67a29e7216ed1943b714c6d6919c681df77b73f4b3c1,0706016003,0.033881355932203386,2
2020-08-29,14977fc5fdaa37dba19c1ada183173eb45b2eb3f9eda1661ec9a8921819f4ea9,0857778011,0.033881355932203386,2
2020-08-29,14977fc5fdaa37dba19c1ada183173eb45b2eb3f9eda1661ec9a8921819f4ea9,0892643001,0.016932203389830508,2
2020-08-29,189553f818d9e8a13a70764c6770fdf6c6bc875915c20d4b4cb97766d653a09a,0912820001,0.042355932203389825,2
2020-08-29,189553f818d9e8a13a70764c6770fdf6c6bc875915c20d4b4cb97766d653a09a,0753475001,0.033881355932203386,2
2020-08-29,1e15eef82f867c7ab9dfeb9bfbe7c549432a32ad33fd37320761c571941edb8a,0598755031,0.013542372881355931,2
2020-08-29,1e15eef82f867c7ab9dfeb9bfbe7c549432a32ad33fd37320761c571941edb8a,0921298003,0.025406779661016947,2
2020-08-29,1e15eef82f867c7ab9dfeb9bfbe7c549432a32ad33fd37320761c571941edb8a,0598755001,0.013542372881355931,2
2020-08-29,1e15eef82f867c7ab9dfeb9bfbe7c549432a32ad33fd37320761c571941edb8a,0598755003,0.013542372881355931,2
2020-08-29,1eea3aa7bb7d76c66656e7f734a4047ac59eba075526ac4c501992b87c2f8a2c,0523489001,0.005067796610169492,1
2020-08-29,1eea3aa7bb7d76c66656e7f734a4047ac59eba075526ac4c501992b87c2f8a2c,0716672003,0.025406779661016947,1
2020-08-29,1fe60f6bdbfb4a1355b394dcc4da7630bd22f17ad70b0b63fd9017fe3dc90fdf,0687704022,0.061000000000000006,1
2020-08-29,203589faff688c82f153a5f6be49eab81ff38354e95f874af34ff7e1ee8a8236,0762143002,0.013542372881355931,2
2020-08-29,203589faff688c82f153a5f6be49eab81ff38354e95f874af34ff7e1ee8a8236,0762143001,0.013542372881355931,2
2020-08-29,2056d178431aa427f7d9ab912da0e24de9f1f149dc0715c77dabea70e9265049,0829991003,0.008627118644067797,1
2020-08-29,2056d178431aa427f7d9ab912da0e24de9f1f149dc0715c77dabea70e9265049,0832036003,0.014389830508474576,1
2020-08-29,23dca1ff330291c748a104b217a901cbc3913cfcbcd2ea6d43da6db0ecc13714,0589835001,0.013542372881355931,2
2020-08-29,23dca1ff330291c748a104b217a901cbc3913cfcbcd2ea6d43da6db0ecc13714,0714620005,0.00676271186440678,2
2020-08-29,25ebefe6b7dcbd7383c7c7b5c672522f45fc9264f5a795608c41f1402b987f8b,0873678003,0.023372881355932202,1
2020-08-29,25ebefe6b7dcbd7383c7c7b5c672522f45fc9264f5a795608c41f1402b987f8b,0884319003,0.023372881355932202,1
2020-08-29,25ebefe6b7dcbd7383c7c7b5c672522f45fc9264f5a795608c41f1402b987f8b,0750422038,0.03116949152542373,1
2020-08-29,28ac56055621889c2628b2786fb27302cb4dedd5d0be578e6b63fe397f14b816,0874826001,0.013542372881355931,2
2020-08-29,28ac56055621889c2628b2786fb27302cb4dedd5d0be578e6b63fe397f14b816,0448509035,0.042355932203389825,2
2020-08-29,28ac56055621889c2628b2786fb27302cb4dedd5d0be578e6b63fe397f14b816,0685814061,0.033881355932203386,2
2020-08-29,28ac56055621889c2628b2786fb27302cb4dedd5d0be578e6b63fe397f14b816,0759482001,0.016932203389830508,2
2020-08-29,28ac56055621889c2628b2786fb27302cb4dedd5d0be578e6b63fe397f14b816,0729928001,0.025406779661016947,2
2020-08-29,28ac56055621889c2628b2786fb27302cb4dedd5d0be578e6b63fe397f14b816,0926500001,0.05930508474576271,2
2020-08-29,2f9c2b3cc9981cb19b9683d3d4db7e5f0ec405d977d52b5b1f50632cfe3ff024,0811871002,0.01523728813559322,2
2020-08-29,34d834be1b9cf00a8a3c294b8fdf8eba80f4a2dad817f722c87445b4becc8a40,0774043004,0.013542372881355931,1
2020-08-29,34d834be1b9cf00a8a3c294b8fdf8eba80f4a2dad817f722c87445b4becc8a40,0710876035,0.042355932203389825,1
2020-08-29,34d834be1b9cf00a8a3c294b8fdf8eba80f4a2dad817f722c87445b4becc8a40,0710876035,0.042355932203389825,1
2020-08-29,390e255dc16b15c7eb01bed19e30564f337a5d051d931d7425b003a1430c205b,0568601030,0.050830508474576264,1
2020-08-29,390e255dc16b15c7eb01bed19e30564f337a5d051d931d7425b003a1430c205b,0842605014,0.025406779661016947,1
2020-08-29,390e255dc16b15c7eb01bed19e30564f337a5d051d931d7425b003a1430c205b,0842605012,0.025406779661016947,1
2020-08-29,3b1d07141cd49e434d09d8613cf018c9477c92bd76fcc0afa8cf24017c0f63b1,0894956001,0.025406779661016947,1
2020-08-29,3b1d07141cd49e434d09d8613cf018c9477c92bd76fcc0afa8cf24017c0f63b1,0894956001,0.025406779661016947,1
2020-08-29,3ce0562355edc565a56ea1f6ce62d2a0e00ab6539f453709d40c112c68613f30,0841544010,0.013542372881355931,1
2020-08-29,3ce0562355edc565a56ea1f6ce62d2a0e00ab6539f453709d40c112c68613f30,0743904016,0.013542372881355931,1
2020-08-29,40c20a4143eacc56c19a0a974a6e9dcc6ec8660a7b0ec8e196a3fe9cd663de88,0775382001,0.04320338983050847,1
2020-08-29,40c20a4143eacc56c19a0a974a6e9dcc6ec8660a7b0ec8e196a3fe9cd663de88,0598515031,0.014389830508474576,1
2020-08-29,437a8d46e23e7e700501c714fb6916916601534a8e23d9e9c503865a4c9ca9d8,0750232001,0.033881355932203386,2
2020-08-29,437a8d46e23e7e700501c714fb6916916601534a8e23d9e9c503865a4c9ca9d8,0600791002,0.033881355932203386,2
2020-08-29,437a8d46e23e7e700501c714fb6916916601534a8e23d9e9c503865a4c9ca9d8,0497464003,0.03049152542372881,2
2020-08-29,437a8d46e23e7e700501c714fb6916916601534a8e23d9e9c503865a4c9ca9d8,0513371001,0.033881355932203386,2
2020-08-29,437a8d46e23e7e700501c714fb6916916601534a8e23d9e9c503865a4c9ca9d8,0916273002,0.01523728813559322,2
2020-08-29,437a8d46e23e7e700501c714fb6916916601534a8e23d9e9c503865a4c9ca9d8,0884405001,0.011847457627118646,2
2020-08-29,437a8d46e23e7e700501c714fb6916916601534a8e23d9e9c503865a4c9ca9d8,0844745001,0.020322033898305086,2
2020-08-29,437a8d46e23e7e700501c714fb6916916601534a8e23d9e9c503865a4c9ca9d8,0803324004,0.033881355932203386,2
2020-08-29,437a8d46e23e7e700501c714fb6916916601534a8e23d9e9c503865a4c9ca9d8,0889010003,0.03049152542372881,2
2020-08-29,437a8d46e23e7e700501c714fb6916916601534a8e23d9e9c503865a4c9ca9d8,0904357001,0.025406779661016947,2
2020-08-29,437a8d46e23e7e700501c714fb6916916601534a8e23d9e9c503865a4c9ca9d8,0832860002,0.042355932203389825,2
2020-08-29,437a8d46e23e7e700501c714fb6916916601534a8e23d9e9c503865a4c9ca9d8,0834383002,0.042355932203389825,2
2020-08-29,445d138d47c0de161ce983379cc00e13b8d452c1b193c5f568009d046f790326,0891630001,0.050830508474576264,2
2020-08-29,445d138d47c0de161ce983379cc00e13b8d452c1b193c5f568009d046f790326,0891630001,0.050830508474576264,2
2020-08-29,445d138d47c0de161ce983379cc00e13b8d452c1b193c5f568009d046f790326,0714790028,0.050830508474576264,2
2020-08-29,445d138d47c0de161ce983379cc00e13b8d452c1b193c5f568009d046f790326,0714790028,0.050830508474576264,2
2020-08-29,445d138d47c0de161ce983379cc00e13b8d452c1b193c5f568009d046f790326,0898713001,0.06777966101694916,2
2020-08-29,445d138d47c0de161ce983379cc00e13b8d452c1b193c5f568009d046f790326,0898713001,0.06777966101694916,2
2020-08-29,445d138d47c0de161ce983379cc00e13b8d452c1b193c5f568009d046f790326,0893141002,0.050830508474576264,2
2020-08-29,46b5ea38a49aac0dddb085ace95520c3380608ebfdefb6b1519ae69e6770b7ee,0611415001,0.016932203389830508,2
2020-08-29,46b5ea38a49aac0dddb085ace95520c3380608ebfdefb6b1519ae69e6770b7ee,0860797002,0.025406779661016947,2
2020-08-29,4da683ce8ded712a4471ea9837c6f2bc08249c5d774e09f234816669d92a6f17,0896152001,0.033881355932203386,1
2020-08-29,4da683ce8ded712a4471ea9837c6f2bc08249c5d774e09f234816669d92a6f17,0866714014,0.016932203389830508,1
2020-08-29,4e7dfd881d66db1a7b135afad5c8b94069533b25bad0a5d99161372081253403,0706016015,0.033881355932203386,2
2020-08-29,53982652c03bdb6f41255d45a87d8f8587047dfceedd95fa88188fe577915521,0732311003,0.016932203389830508,1
2020-08-29,5430a8f36fc097000b8eac9d5eb89ff143a42e102ddf82f4916b9f63d30635bf,0783625001,0.013542372881355931,1
2020-08-29,5887a8256c7f0fa71b9ac6a93c8e56160836c38742f89bc639c232b91dd263e6,0874113004,0.016932203389830508,1
2020-08-29,5b29e9738692006746839c16db1e96460d10e00f120550ec139f7e9ddf8715f8,0806131004,0.02542372881355932,1
2020-08-29,5b29e9738692006746839c16db1e96460d10e00f120550ec139f7e9ddf8715f8,0905365001,0.02542372881355932,1
2020-08-29,5be6566b5e4931559f71f5e4bb32350ce13a6a3754517b1dd5485f9cd4595aba,0706271032,0.004915254237288135,1
2020-08-29,5be6566b5e4931559f71f5e4bb32350ce13a6a3754517b1dd5485f9cd4595aba,0801447001,0.03049152542372881,1
2020-08-29,5be6566b5e4931559f71f5e4bb32350ce13a6a3754517b1dd5485f9cd4595aba,0890261001,0.004915254237288135,1
2020-08-29,5be6566b5e4931559f71f5e4bb32350ce13a6a3754517b1dd5485f9cd4595aba,0742400043,0.0036949152542372883,1
2020-08-29,5cd46eb4278ef60b4483b78df949f07f728c6b2b7bf65ab969c47ed147a7d5c2,0890380001,0.025406779661016947,1
2020-08-29,5cd46eb4278ef60b4483b78df949f07f728c6b2b7bf65ab969c47ed147a7d5c2,0638242031,0.008457627118644067,1
2020-08-29,5cd46eb4278ef60b4483b78df949f07f728c6b2b7bf65ab969c47ed147a7d5c2,0743904016,0.013542372881355931,1
2020-08-29,5d078925f673bdb0cdd07c1d54171e4be62093d88a4aa1f480a8e34076563f64,0890862001,0.038830508474576274,1
2020-08-29,5d078925f673bdb0cdd07c1d54171e4be62093d88a4aa1f480a8e34076563f64,0883021003,0.03571186440677966,1
2020-08-29,5ef0ae46bad3b6d2fc8b5e3ad89faa67c6f81a39dd9664441232bfeecd871a11,0882882015,0.050830508474576264,2
2020-08-29,5ef0ae46bad3b6d2fc8b5e3ad89faa67c6f81a39dd9664441232bfeecd871a11,0822344008,0.033881355932203386,2
2020-08-29,5ef0ae46bad3b6d2fc8b5e3ad89faa67c6f81a39dd9664441232bfeecd871a11,0894141003,0.025406779661016947,2
2020-08-29,5ef0ae46bad3b6d2fc8b5e3ad89faa67c6f81a39dd9664441232bfeecd871a11,0859174003,0.010152542372881357,2
2020-08-29,5ef0ae46bad3b6d2fc8b5e3ad89faa67c6f81a39dd9664441232bfeecd871a11,0896161002,0.05930508474576271,2
2020-08-29,60afcc62945128bcfa7c5105b4d0757a614d270f7d857a1744b7f5eb4d9ab2c5,0924243001,0.042355932203389825,1
2020-08-29,61b906e2a3153e43f323efe6dbeb3dd94ee8ac8a8f38709e38fbe0f3a8a41e84,0805000010,0.050830508474576264,1
2020-08-29,62aeca6af2e0f49af15023933fda4b8f7b6b5b9b723f60c86b0dc2bbc0d2f15d,0807005003,0.050830508474576264,2
2020-08-29,62aeca6af2e0f49af15023933fda4b8f7b6b5b9b723f60c86b0dc2bbc0d2f15d,0685814048,0.033881355932203386,2
2020-08-29,634b68576d108ea03d10ec16f59bec36af1bfae6cf9bb75174d6b445c6915090,0892093002,0.050830508474576264,1
2020-08-29,634b68576d108ea03d10ec16f59bec36af1bfae6cf9bb75174d6b445c6915090,0872517001,0.011847457627118646,1
2020-08-29,634fd344d4b313250b8967e6c076b34c262cb2f77bd9d7df67f5778dc02b8b59,0534164001,0.033881355932203386,2
2020-08-29,634fd344d4b313250b8967e6c076b34c262cb2f77bd9d7df67f5778dc02b8b59,0810170016,0.06777966101694916,2
2020-08-29,63b28ef8a026cd996180f58834c3897e45ef9112b4652b06418b6576b661deac,0877087002,0.008457627118644067,2
2020-08-29,66ddc767bc5d43d596b7972465fc6fe439bcb096f97288f937d8c8c64baae844,0910292002,0.016932203389830508,1
2020-08-29,66ddc767bc5d43d596b7972465fc6fe439bcb096f97288f937d8c8c64baae844,0832359001,0.016932203389830508,1
2020-08-29,6862fb635baed953694146e2e095c5ee68c9bcd59a5801297ef544c14fe55404,0717490064,0.008457627118644067,1
2020-08-29,6862fb635baed953694146e2e095c5ee68c9bcd59a5801297ef544c14fe55404,0717490057,0.008457627118644067,1
2020-08-29,693db450338c9ee4505716b27115225540091c0181dbc97ed33eced266ae6e16,0673677002,0.020322033898305086,1
2020-08-29,6ad34b1bf7d68431c1aa2bf8671714ce77c115a6b204a4b754bd7145637682ad,0868874006,0.033881355932203386,1
2020-08-29,6ad34b1bf7d68431c1aa2bf8671714ce77c115a6b204a4b754bd7145637682ad,0878502003,0.022016949152542376,1
2020-08-29,6c5031555bf9d96703a13c38d061652cf996a77103eae3a2d41a7d5a5181ad75,0909081004,0.033881355932203386,2
2020-08-29,6c5031555bf9d96703a13c38d061652cf996a77103eae3a2d41a7d5a5181ad75,0846581002,0.022016949152542376,2
2020-08-29,6c5031555bf9d96703a13c38d061652cf996a77103eae3a2d41a7d5a5181ad75,0881111001,0.08472881355932205,2
2020-08-29,6c5031555bf9d96703a13c38d061652cf996a77103eae3a2d41a7d5a5181ad75,0884319006,0.025406779661016947,2
2020-08-29,77294759bd698c64b0e73caffad60b97984658ea3104c2e7ebb377aee60f81d3,0835008011,0.02128813559322034,2
2020-08-29,77294759bd698c64b0e73caffad60b97984658ea3104c2e7ebb377aee60f81d3,0762205002,0.029457627118644067,2
2020-08-29,77294759bd698c64b0e73caffad60b97984658ea3104c2e7ebb377aee60f81d3,0863595002,0.032745762711864405,2
2020-08-29,77294759bd698c64b0e73caffad60b97984658ea3104c2e7ebb377aee60f81d3,0768912001,0.01635593220338983,2
2020-08-29,77294759bd698c64b0e73caffad60b97984658ea3104c2e7ebb377aee60f81d3,0768912001,0.016372881355932203,2
2020-08-29,77294759bd698c64b0e73caffad60b97984658ea3104c2e7ebb377aee60f81d3,0863595006,0.032745762711864405,2
2020-08-29,77294759bd698c64b0e73caffad60b97984658ea3104c2e7ebb377aee60f81d3,0803757001,0.01635593220338983,2
2020-08-29,77294759bd698c64b0e73caffad60b97984658ea3104c2e7ebb377aee60f81d3,0762205001,0.029457627118644067,2
2020-08-29,7ce7a83a47e00f86818f1b93e2ce9a249d5a4772b646bb2ec37ffe33f2d3af3b,0824194002,0.033881355932203386,1
2020-08-29,7ce7a83a47e00f86818f1b93e2ce9a249d5a4772b646bb2ec37ffe33f2d3af3b,0863595006,0.033881355932203386,1
2020-08-29,80a7df5938883cda1858a5df27ab6910391af412030fb082a7fc46b6a1d98f20,0934296001,0.025406779661016947,2
2020-08-29,80a7df5938883cda1858a5df27ab6910391af412030fb082a7fc46b6a1d98f20,0879287001,0.025406779661016947,2
2020-08-29,87d331526ff2d5efd4fa06e1c1175e4e3834431594b6f941b6135807a0f8079c,0760084003,0.025406779661016947,2
2020-08-29,87d331526ff2d5efd4fa06e1c1175e4e3834431594b6f941b6135807a0f8079c,0760084003,0.025406779661016947,2
2020-08-29,8a0f9a897ed2b625b8810f5d9ca2a225c6be2aad22de3808547497025388fc79,0806388001,0.013542372881355931,1
2020-08-29,8a0f9a897ed2b625b8810f5d9ca2a225c6be2aad22de3808547497025388fc79,0562245102,0.033881355932203386,1
2020-08-29,8a0f9a897ed2b625b8810f5d9ca2a225c6be2aad22de3808547497025388fc79,0456163084,0.033881355932203386,1
2020-08-29,8a0f9a897ed2b625b8810f5d9ca2a225c6be2aad22de3808547497025388fc79,0456163086,0.033881355932203386,1
2020-08-29,8a0f9a897ed2b625b8810f5d9ca2a225c6be2aad22de3808547497025388fc79,0608776025,0.013542372881355931,1
2020-08-29,8bae3a8a40c9dedf2a13d92219c73214079377a1a8838cf52c47790aaa67e562,0808349001,0.06777966101694916,2
2020-08-29,8bae3a8a40c9dedf2a13d92219c73214079377a1a8838cf52c47790aaa67e562,0880973001,0.033881355932203386,2
2020-08-29,8fc36b4761fda0e0f1c26bd03459ad5242967b6e0b1d4b9ca5f0847cbb65d90e,0897682003,0.013542372881355931,1
2020-08-29,8fc36b4761fda0e0f1c26bd03459ad5242967b6e0b1d4b9ca5f0847cbb65d90e,0897682006,0.013542372881355931,1
2020-08-29,94b8763211db382a76bf8dd03fa63f079d94a99242f7f49cea8ad2987c25fde0,0915526001,0.033881355932203386,2
2020-08-29,94b8763211db382a76bf8dd03fa63f079d94a99242f7f49cea8ad2987c25fde0,0697564042,0.016932203389830508,2
2020-08-29,97eec10b75b74f7ded3d85608d083eecab15463be98d305e012b4585f68448d6,0811913001,0.010152542372881357,1
2020-08-29,97eec10b75b74f7ded3d85608d083eecab15463be98d305e012b4585f68448d6,0895098002,0.010152542372881357,1
2020-08-29,98aea0239a95433350f59513e76d361e7fde64222a936a1f5695dc59a63705ad,0815456003,0.031762711864406774,2
2020-08-29,9ace51e6c0ef2ed14679acb54f74abd381a67907da11e17dde543edce6ec743a,0933032001,0.11862711864406779,1
2020-08-29,9b5f33b750f2990efcbb5802dde8d868b9843778c0d68f3848940c52f66855b3,0690644003,0.00676271186440678,2
2020-08-29,9b5f33b750f2990efcbb5802dde8d868b9843778c0d68f3848940c52f66855b3,0914441007,0.033881355932203386,2
2020-08-29,a0ea9f0a497ba4fbf3af657604a0ac3a34770284de846eb418803fb644e2d196,0839915001,0.03244067796610169,2
2020-08-29,a0ea9f0a497ba4fbf3af657604a0ac3a34770284de846eb418803fb644e2d196,0863595004,0.03245762711864407,2
2020-08-29,a0ea9f0a497ba4fbf3af657604a0ac3a34770284de846eb418803fb644e2d196,0845241001,0.016220338983050846,2
2020-08-29,a0ea9f0a497ba4fbf3af657604a0ac3a34770284de846eb418803fb644e2d196,0884319006,0.024338983050847456,2
2020-08-29,a0ea9f0a497ba4fbf3af657604a0ac3a34770284de846eb418803fb644e2d196,0714790024,0.04869491525423729,2
2020-08-29,a2a90579d6b479a8eacf3014ec21eb0366be55bbf94f72482b1b6bfdb19109a5,0794321011,0.06777966101694916,2
2020-08-29,a2a90579d6b479a8eacf3014ec21eb0366be55bbf94f72482b1b6bfdb19109a5,0897221001,0.06777966101694916,2
2020-08-29,a2fab644a5463d725fd0ff4f65ba01062eabd6ff04ef9bb2af97b598cb18a81b,0925246001,0.13557627118644067,2
2020-08-29,a2fab644a5463d725fd0ff4f65ba01062eabd6ff04ef9bb2af97b598cb18a81b,0819520001,0.022016949152542376,2
2020-08-29,a37b8eb26fc5785b64612adfb5e301c3017aaf253677462c8ad6c4ba1bd8393b,0752814018,0.033881355932203386,1
2020-08-29,a37b8eb26fc5785b64612adfb5e301c3017aaf253677462c8ad6c4ba1bd8393b,0903918001,0.011847457627118646,1
2020-08-29,a6388b3e6c2b5147de613f8870c733d2f3e2801736d7c35612ff23cf08e7d78f,0918292004,0.042355932203389825,1
2020-08-29,a6388b3e6c2b5147de613f8870c733d2f3e2801736d7c35612ff23cf08e7d78f,0769748014,0.050830508474576264,1
2020-08-29,aa0306a21273d43ba06566881242a60fffad842a6cb4fa11e166ec5eddae076b,0799365028,0.050830508474576264,2
2020-08-29,aa0306a21273d43ba06566881242a60fffad842a6cb4fa11e166ec5eddae076b,0799365028,0.050830508474576264,2
2020-08-29,aa0306a21273d43ba06566881242a60fffad842a6cb4fa11e166ec5eddae076b,0907527001,0.042355932203389825,2
2020-08-29,aa0306a21273d43ba06566881242a60fffad842a6cb4fa11e166ec5eddae076b,0882900004,0.06777966101694916,2
2020-08-29,aa0306a21273d43ba06566881242a60fffad842a6cb4fa11e166ec5eddae076b,0882900004,0.06777966101694916,2
2020-08-29,aa0306a21273d43ba06566881242a60fffad842a6cb4fa11e166ec5eddae076b,0891630001,0.050830508474576264,2
2020-08-29,ac0be7483fe3b356ab5486ecdbb8b8c87804eeb742db34569ead162e5d5990d8,0804992033,0.025406779661016947,1
2020-08-29,ac0be7483fe3b356ab5486ecdbb8b8c87804eeb742db34569ead162e5d5990d8,0859737001,0.025406779661016947,1
2020-08-29,ac0be7483fe3b356ab5486ecdbb8b8c87804eeb742db34569ead162e5d5990d8,0851608002,0.011847457627118646,1
2020-08-29,ac0be7483fe3b356ab5486ecdbb8b8c87804eeb742db34569ead162e5d5990d8,0816598007,0.042355932203389825,1
2020-08-29,ac0be7483fe3b356ab5486ecdbb8b8c87804eeb742db34569ead162e5d5990d8,0570319001,0.022016949152542376,1
2020-08-29,ac0be7483fe3b356ab5486ecdbb8b8c87804eeb742db34569ead162e5d5990d8,0750519006,0.025406779661016947,1
2020-08-29,b1cff73848efa8e33db6a37828f0458936dfd3452bc7570e9b6770588377f1ee,0537116012,0.016932203389830508,1
2020-08-29,b3cc80a5909387c78d3cacd58dd3db842989e248200f656bd07cadbb99373bc0,0896152003,0.033881355932203386,1
2020-08-29,b67f837781f6ee1121cf9abf2efe2322d5a61dfb20c94ebdef7cb1f55bd599a5,0903333001,0.033881355932203386,1
2020-08-29,b68ee50959321bb5d9baded96c9abb9db134daf391af3b643f23a6b0b7b0f0c7,0844111001,0.050830508474576264,2
2020-08-29,b7f764d57bd6feb72bc8bef21b0e3da0856c4bac2741f6ac5c27255c20ede2b2,0797988001,0.025406779661016947,1
2020-08-29,bc5b8e34cb02f7d76d095e607c30066d38471684729217bdaadae2970badb37d,0900279001,0.042355932203389825,2
2020-08-29,bc5b8e34cb02f7d76d095e607c30066d38471684729217bdaadae2970badb37d,0828991003,0.033881355932203386,2
2020-08-29,bc5b8e34cb02f7d76d095e607c30066d38471684729217bdaadae2970badb37d,0872537004,0.08472881355932205,2
2020-08-29,bc5b8e34cb02f7d76d095e607c30066d38471684729217bdaadae2970badb37d,0880553001,0.025406779661016947,2
2020-08-29,bd2ec7180d370bfea1ec131fc6a4aea2bb3405c684930b8bf5fc2df7f62539f3,0871311002,0.025406779661016947,1
2020-08-29,bd2ec7180d370bfea1ec131fc6a4aea2bb3405c684930b8bf5fc2df7f62539f3,0610776002,0.008457627118644067,2
2020-08-29,bd2ec7180d370bfea1ec131fc6a4aea2bb3405c684930b8bf5fc2df7f62539f3,0803468002,0.025406779661016947,2
2020-08-29,bd2ec7180d370bfea1ec131fc6a4aea2bb3405c684930b8bf5fc2df7f62539f3,0875272001,0.050830508474576264,2
2020-08-29,bd2ec7180d370bfea1ec131fc6a4aea2bb3405c684930b8bf5fc2df7f62539f3,0919741001,0.033881355932203386,2
2020-08-29,bd2ec7180d370bfea1ec131fc6a4aea2bb3405c684930b8bf5fc2df7f62539f3,0900176002,0.033881355932203386,2
2020-08-29,bd2ec7180d370bfea1ec131fc6a4aea2bb3405c684930b8bf5fc2df7f62539f3,0906305001,0.033881355932203386,1
2020-08-29,bd2ec7180d370bfea1ec131fc6a4aea2bb3405c684930b8bf5fc2df7f62539f3,0821398002,0.016932203389830508,1
2020-08-29,bd2ec7180d370bfea1ec131fc6a4aea2bb3405c684930b8bf5fc2df7f62539f3,0706016015,0.033881355932203386,1
2020-08-29,bd2ec7180d370bfea1ec131fc6a4aea2bb3405c684930b8bf5fc2df7f62539f3,0464297007,0.016932203389830508,1
2020-08-29,bd2ec7180d370bfea1ec131fc6a4aea2bb3405c684930b8bf5fc2df7f62539f3,0464297007,0.016932203389830508,1
2020-08-29,bd2ec7180d370bfea1ec131fc6a4aea2bb3405c684930b8bf5fc2df7f62539f3,0610776074,0.008457627118644067,2
2020-08-29,c164bf0d4521170d80020c32ff6ea39b5acfa56ca22bbf71fd82d3fc1accf4cb,0750422041,0.033881355932203386,1
2020-08-29,c164bf0d4521170d80020c32ff6ea39b5acfa56ca22bbf71fd82d3fc1accf4cb,0874113002,0.016932203389830508,1
2020-08-29,c164bf0d4521170d80020c32ff6ea39b5acfa56ca22bbf71fd82d3fc1accf4cb,0653188023,0.011847457627118646,1
2020-08-29,c368d9937d5d0dfed63310e1e497098cd23c631c5313340e9f46a99f6fa13e22,0828928001,0.016932203389830508,1
2020-08-29,c368d9937d5d0dfed63310e1e497098cd23c631c5313340e9f46a99f6fa13e22,0828938001,0.010152542372881357,1
2020-08-29,c70412b3be388cd78d21a2290adc02df10df3e7a9654d0eeef3ba0073fa37a78,0678942001,0.016932203389830508,1
2020-08-29,c70412b3be388cd78d21a2290adc02df10df3e7a9654d0eeef3ba0073fa37a78,0678942001,0.016932203389830508,1
2020-08-29,c70412b3be388cd78d21a2290adc02df10df3e7a9654d0eeef3ba0073fa37a78,0591334019,0.016932203389830508,1
2020-08-29,c739f3e84abc7a3cdf3d1422d9fb09145dec63293899cd41169ff2a98f06f081,0762143011,0.00676271186440678,2
2020-08-29,c9cf5180146fb1954dee52f43a0521195769d0a0c2c4e8a6f293929b1467d31c,0873276003,0.033881355932203386,1
2020-08-29,cc0680987fdf6762ea42696d2a8e6cb9379a67ea9fb479ffba03aa4bed913b8e,0699755071,0.042355932203389825,1
2020-08-29,d2872063b95a9d83d6a2fa37db9d2bece84b62230d86a4d0a2e7572d58763a18,0933032003,0.08896610169491524,1
2020-08-29,d2872063b95a9d83d6a2fa37db9d2bece84b62230d86a4d0a2e7572d58763a18,0895002002,0.010152542372881357,2
2020-08-29,d2872063b95a9d83d6a2fa37db9d2bece84b62230d86a4d0a2e7572d58763a18,0717727014,0.011847457627118646,2
2020-08-29,d2872063b95a9d83d6a2fa37db9d2bece84b62230d86a4d0a2e7572d58763a18,0910601001,0.031762711864406774,2
2020-08-29,d2872063b95a9d83d6a2fa37db9d2bece84b62230d86a4d0a2e7572d58763a18,0894481002,0.013542372881355931,2
2020-08-29,d2f46c218919fb77d8e2f5030124f1b7277bf5bd2a4dfe71071e998edf7660df,0614854016,0.014389830508474576,1
2020-08-29,d2f46c218919fb77d8e2f5030124f1b7277bf5bd2a4dfe71071e998edf7660df,0683001016,0.014389830508474576,1
2020-08-29,d375896a5bd2c67e17be2f85a9dcf89f050ecc2032d4055f5a8d07fb842f395b,0854602010,0.050830508474576264,2
2020-08-29,d375896a5bd2c67e17be2f85a9dcf89f050ecc2032d4055f5a8d07fb842f395b,0889753008,0.016932203389830508,2
2020-08-29,d375896a5bd2c67e17be2f85a9dcf89f050ecc2032d4055f5a8d07fb842f395b,0762143001,0.013542372881355931,2
2020-08-29,d375896a5bd2c67e17be2f85a9dcf89f050ecc2032d4055f5a8d07fb842f395b,0610776002,0.008457627118644067,2
2020-08-29,d375896a5bd2c67e17be2f85a9dcf89f050ecc2032d4055f5a8d07fb842f395b,0785018008,0.016932203389830508,2
2020-08-29,d42962b5824c2d1a470c405784804a619042506a7552943b8503b62ce31c4f5b,0831611001,0.022864406779661017,1
2020-08-29,d4e867441b2a27a9848ef37089f0bae9e3edca6771919d192e6ba02d480f4258,0865926002,0.01552542372881356,2
2020-08-29,d4e867441b2a27a9848ef37089f0bae9e3edca6771919d192e6ba02d480f4258,0673677002,0.02328813559322034,2
2020-08-29,d4e867441b2a27a9848ef37089f0bae9e3edca6771919d192e6ba02d480f4258,0574109039,0.02328813559322034,2
2020-08-29,d4e867441b2a27a9848ef37089f0bae9e3edca6771919d192e6ba02d480f4258,0762143001,0.01240677966101695,2
2020-08-29,d63bae4d02057616ca31e7e33c0e1901fd4d0db51547888610ee047877da98b4,0720504008,0.033881355932203386,1
2020-08-29,d63bae4d02057616ca31e7e33c0e1901fd4d0db51547888610ee047877da98b4,0730863040,0.050830508474576264,1
2020-08-29,d7a718eb413ce9bc34669bcd17df56b67fce90c612e5654631c9f6f464dc14ad,0850984002,0.008457627118644067,2
2020-08-29,d7a718eb413ce9bc34669bcd17df56b67fce90c612e5654631c9f6f464dc14ad,0863000004,0.020322033898305086,2
2020-08-29,d7a718eb413ce9bc34669bcd17df56b67fce90c612e5654631c9f6f464dc14ad,0878456001,0.011847457627118646,2
2020-08-29,d96ee03ec9d361a4c73daacde8158da3ecdeabb5704edd7447823b8df6bd1815,0743616009,0.08472881355932205,2
2020-08-29,d96ee03ec9d361a4c73daacde8158da3ecdeabb5704edd7447823b8df6bd1815,0743616009,0.08472881355932205,2
2020-08-29,d9d5db3823864dbc3b2788d789d0134e62368c40dfc9788eca0824a4d13d0d0f,0916468001,0.033881355932203386,1
2020-08-29,d9d5db3823864dbc3b2788d789d0134e62368c40dfc9788eca0824a4d13d0d0f,0925290006,0.033881355932203386,1
2020-08-29,db0acea13eddc7429d74d40e839803fe31baa241fc81b1e579c6f062d608bec2,0889870001,0.025406779661016947,1
2020-08-29,db0acea13eddc7429d74d40e839803fe31baa241fc81b1e579c6f062d608bec2,0898889001,0.044474576271186436,2
2020-08-29,db0acea13eddc7429d74d40e839803fe31baa241fc81b1e579c6f062d608bec2,0898889001,0.05930508474576271,1
2020-08-29,db0acea13eddc7429d74d40e839803fe31baa241fc81b1e579c6f062d608bec2,0893798001,0.05930508474576271,2
2020-08-29,db0acea13eddc7429d74d40e839803fe31baa241fc81b1e579c6f062d608bec2,0893798001,0.05930508474576271,1
2020-08-29,dd77be623535c324f0cbc72bbb18646f87042f4a71700ddd85693927e20cd629,0915526001,0.033881355932203386,2
2020-08-29,dd77be623535c324f0cbc72bbb18646f87042f4a71700ddd85693927e20cd629,0915526002,0.033881355932203386,2
2020-08-29,de31c02a6965e552aabf1a2db6380b8fd28d4423e43d5a6df508747e8c3a34bc,0857621001,0.013542372881355931,1
2020-08-29,de31c02a6965e552aabf1a2db6380b8fd28d4423e43d5a6df508747e8c3a34bc,0880738003,0.013542372881355931,1
2020-08-29,de31c02a6965e552aabf1a2db6380b8fd28d4423e43d5a6df508747e8c3a34bc,0914907001,0.025406779661016947,1
2020-08-29,de31c02a6965e552aabf1a2db6380b8fd28d4423e43d5a6df508747e8c3a34bc,0865072005,0.01523728813559322,1
2020-08-29,de31c02a6965e552aabf1a2db6380b8fd28d4423e43d5a6df508747e8c3a34bc,0865072005,0.01523728813559322,1
2020-08-29,dff1bfbdcd825cdeb731f8eafadaa9499923aa08ce636ff89bdddc9bf9c568cb,0861767002,0.022016949152542376,1
2020-08-29,e9f95ad79d6ace1aea4400d271feca6c59228a12866a5a6dfa663ec6df17461a,0827968004,0.016932203389830508,1
2020-08-29,e9f95ad79d6ace1aea4400d271feca6c59228a12866a5a6dfa663ec6df17461a,0556539003,0.005067796610169492,1
2020-08-29,e9f95ad79d6ace1aea4400d271feca6c59228a12866a5a6dfa663ec6df17461a,0827968001,0.016932203389830508,1
2020-08-29,ed87afdb2eee2b360f734229bbfc6c11bc19a67a395e2cad3575fb9fb97ba8b5,0884174003,0.015576271186440678,1
2020-08-29,ed87afdb2eee2b360f734229bbfc6c11bc19a67a395e2cad3575fb9fb97ba8b5,0833098001,0.06235593220338982,1
2020-08-29,ee325bdc12b00acc8e61cf0fe83e2d78dee009d145af0702d1d2342296ed056e,0843793001,0.033881355932203386,2
2020-08-29,ee325bdc12b00acc8e61cf0fe83e2d78dee009d145af0702d1d2342296ed056e,0871311002,0.025406779661016947,2
2020-08-29,ee325bdc12b00acc8e61cf0fe83e2d78dee009d145af0702d1d2342296ed056e,0863001002,0.020322033898305086,2
2020-08-29,ee325bdc12b00acc8e61cf0fe83e2d78dee009d145af0702d1d2342296ed056e,0758034001,0.025406779661016947,2
2020-08-29,ee325bdc12b00acc8e61cf0fe83e2d78dee009d145af0702d1d2342296ed056e,0824752001,0.025406779661016947,2
2020-08-29,eeaf238236a0161eb1a31cc4acd65b7daf2de5c21f943e8dbda66a54bc1103f4,0849182001,0.022016949152542376,1
2020-08-29,f0c5a5d45525ecbc7ad774aa71b698018b5ce59186344f7e9404cf280fcbfe7f,0856270002,0.033881355932203386,2
2020-08-29,f0c5a5d45525ecbc7ad774aa71b698018b5ce59186344f7e9404cf280fcbfe7f,0720125039,0.033881355932203386,2
2020-08-29,f0c5a5d45525ecbc7ad774aa71b698018b5ce59186344f7e9404cf280fcbfe7f,0876043004,0.025406779661016947,2
2020-08-29,f0c5a5d45525ecbc7ad774aa71b698018b5ce59186344f7e9404cf280fcbfe7f,0918292001,0.042355932203389825,2
2020-08-29,f0c5a5d45525ecbc7ad774aa71b698018b5ce59186344f7e9404cf280fcbfe7f,0894956001,0.025406779661016947,2
2020-08-29,f358c3a448195a4f259bf7e2b1b9d33fa711aa3e66997c82f08ed1a55b0344c3,0822344001,0.028796610169491522,2
2020-08-29,f358c3a448195a4f259bf7e2b1b9d33fa711aa3e66997c82f08ed1a55b0344c3,0822344009,0.028796610169491522,2
2020-08-29,f358c3a448195a4f259bf7e2b1b9d33fa711aa3e66997c82f08ed1a55b0344c3,0851010008,0.014389830508474576,2
2020-08-29,f6c3a578adc7fe87ff152329652a26b5cf879c0008e6172753d9f09ec83f5530,0865458003,0.029644067796610166,1
2020-08-29,f751b5c05ea4231cbf9d25e7191e098b35e5054e7caedd6288f47d6d3a22ba70,0896152002,0.033881355932203386,2
2020-08-29,fd319b513217616adce7f6f39cd005e9ffe11d589c0b48a92352869438765278,0914441001,0.033881355932203386,2
2020-08-29,fd319b513217616adce7f6f39cd005e9ffe11d589c0b48a92352869438765278,0896260001,0.03049152542372881,2
2020-08-30,03e243ef4f6917ae50fc1511455178a58942cd24eff55f4b9a5a6ce12de01afd,0783346032,0.025406779661016947,2
2020-08-30,03e243ef4f6917ae50fc1511455178a58942cd24eff55f4b9a5a6ce12de01afd,0751471039,0.033881355932203386,2
2020-08-30,056c5e93bd38bb8969ef2452b9853c0d40e40caf0ab0231e62c598efb7eae0db,0301227002,0.025406779661016947,2
2020-08-30,056c5e93bd38bb8969ef2452b9853c0d40e40caf0ab0231e62c598efb7eae0db,0697920055,0.050830508474576264,2
2020-08-30,05713fc2a5697b32c1d28fa225804a6a4539cb7f076928ce6c362860f84c0434,0706016006,0.033881355932203386,1
2020-08-30,05713fc2a5697b32c1d28fa225804a6a4539cb7f076928ce6c362860f84c0434,0579541076,0.016932203389830508,1
2020-08-30,05713fc2a5697b32c1d28fa225804a6a4539cb7f076928ce6c362860f84c0434,0579541001,0.016932203389830508,1
2020-08-30,05713fc2a5697b32c1d28fa225804a6a4539cb7f076928ce6c362860f84c0434,0898107001,0.025406779661016947,1
2020-08-30,066b223b159e0d22966e838bcaba0f4152b788fdfa51d651067451141a3ca72f,0865086006,0.042355932203389825,2
2020-08-30,066b223b159e0d22966e838bcaba0f4152b788fdfa51d651067451141a3ca72f,0868283004,0.016932203389830508,2
2020-08-30,066b223b159e0d22966e838bcaba0f4152b788fdfa51d651067451141a3ca72f,0730683050,0.042355932203389825,2
2020-08-30,066b223b159e0d22966e838bcaba0f4152b788fdfa51d651067451141a3ca72f,0809961007,0.033881355932203386,2
2020-08-30,066b223b159e0d22966e838bcaba0f4152b788fdfa51d651067451141a3ca72f,0861803014,0.016932203389830508,2
2020-08-30,07733b8d7c1025a1684b2b82ea52d53544e01a1517559beca542ef441da1d8ba,0804992016,0.025406779661016947,2
2020-08-30,07733b8d7c1025a1684b2b82ea52d53544e01a1517559beca542ef441da1d8ba,0804992017,0.025406779661016947,2
2020-08-30,07733b8d7c1025a1684b2b82ea52d53544e01a1517559beca542ef441da1d8ba,0914293001,0.06777966101694916,2
2020-08-30,1d5ccf180072990c49b61159272cb8c690279e0ddf385f35455822cf0857ad9a,0579541001,0.016932203389830508,2
2020-08-30,1d5ccf180072990c49b61159272cb8c690279e0ddf385f35455822cf0857ad9a,0883307001,0.033881355932203386,2
2020-08-30,1d5ccf180072990c49b61159272cb8c690279e0ddf385f35455822cf0857ad9a,0892519001,0.033881355932203386,2
2020-08-30,1d5ccf180072990c49b61159272cb8c690279e0ddf385f35455822cf0857ad9a,0863595004,0.033881355932203386,2
2020-08-30,1d5ccf180072990c49b61159272cb8c690279e0ddf385f35455822cf0857ad9a,0781591001,0.08472881355932205,2
2020-08-30,1d5ccf180072990c49b61159272cb8c690279e0ddf385f35455822cf0857ad9a,0781591001,0.08472881355932205,2
2020-08-30,28a006e9f0c8fa1edc8e6565e25603819abd010825e0148bb69adb8a3fe99fab,0677930077,0.008457627118644067,1
2020-08-30,29ac4afda880b47e78da2d17fa0b61d89beb67a3b9d0c29586d24fe79c612a79,0863595006,0.033881355932203386,1
2020-08-30,2dfc6e84f65851b2fda043bc3856e66443743642b2d0f49fe9031ead93320c96,0214844001,0.0033728813559322033,1
2020-08-30,2dfc6e84f65851b2fda043bc3856e66443743642b2d0f49fe9031ead93320c96,0620425001,0.0009999999999999998,1
2020-08-30,2dfc6e84f65851b2fda043bc3856e66443743642b2d0f49fe9031ead93320c96,0620425001,0.0009999999999999998,1
2020-08-30,2f9c2b3cc9981cb19b9683d3d4db7e5f0ec405d977d52b5b1f50632cfe3ff024,0865929003,0.010152542372881357,1
2020-08-30,33cc99d912437678f2d699c139ac2bb5a5c1cba67081a7a8817c9c31a1dcb903,0610776071,0.008457627118644067,1
2020-08-30,33cc99d912437678f2d699c139ac2bb5a5c1cba67081a7a8817c9c31a1dcb903,0610776068,0.008457627118644067,1
2020-08-30,33d2051874d5dfc312ea92e6d7e9430fd7db6e7281826f263809a41f9bbda9f4,0832473005,0.0033728813559322033,1
2020-08-30,33d2051874d5dfc312ea92e6d7e9430fd7db6e7281826f263809a41f9bbda9f4,0906305001,0.033881355932203386,1
2020-08-30,33d2051874d5dfc312ea92e6d7e9430fd7db6e7281826f263809a41f9bbda9f4,0909093003,0.033881355932203386,1
2020-08-30,33d2051874d5dfc312ea92e6d7e9430fd7db6e7281826f263809a41f9bbda9f4,0898713001,0.06777966101694916,1
2020-08-30,33d2051874d5dfc312ea92e6d7e9430fd7db6e7281826f263809a41f9bbda9f4,0902107001,0.042355932203389825,1
2020-08-30,33d2051874d5dfc312ea92e6d7e9430fd7db6e7281826f263809a41f9bbda9f4,0868691001,0.050830508474576264,1
2020-08-30,33d2051874d5dfc312ea92e6d7e9430fd7db6e7281826f263809a41f9bbda9f4,0915526001,0.033881355932203386,1
2020-08-30,33d2051874d5dfc312ea92e6d7e9430fd7db6e7281826f263809a41f9bbda9f4,0915526001,0.033881355932203386,1
2020-08-30,358406c7c3f73047d5f44ca20858814ec34bc7a94a5dc9e6dbed5848795425f2,0679854025,0.016932203389830508,2
2020-08-30,358406c7c3f73047d5f44ca20858814ec34bc7a94a5dc9e6dbed5848795425f2,0679854025,0.016932203389830508,2
2020-08-30,36fc30cb36f890a676e03da5b72fe90008df40d4fca3cadff7decbb2bf188e9f,0896559001,0.025406779661016947,2
2020-08-30,36fc30cb36f890a676e03da5b72fe90008df40d4fca3cadff7decbb2bf188e9f,0408875001,0.013542372881355931,2
2020-08-30,36fc30cb36f890a676e03da5b72fe90008df40d4fca3cadff7decbb2bf188e9f,0408875001,0.013542372881355931,2
2020-08-30,36fc30cb36f890a676e03da5b72fe90008df40d4fca3cadff7decbb2bf188e9f,0826205001,0.013542372881355931,2
2020-08-30,36fc30cb36f890a676e03da5b72fe90008df40d4fca3cadff7decbb2bf188e9f,0826205001,0.013542372881355931,2
2020-08-30,36fc30cb36f890a676e03da5b72fe90008df40d4fca3cadff7decbb2bf188e9f,0826205001,0.013542372881355931,2
2020-08-30,36fc30cb36f890a676e03da5b72fe90008df40d4fca3cadff7decbb2bf188e9f,0825771001,0.025406779661016947,2
2020-08-30,36fc30cb36f890a676e03da5b72fe90008df40d4fca3cadff7decbb2bf188e9f,0896559002,0.025406779661016947,2
2020-08-30,36fc30cb36f890a676e03da5b72fe90008df40d4fca3cadff7decbb2bf188e9f,0826205002,0.013542372881355931,2
2020-08-30,3a446a3f94ae96cfb8012422c64aca59d296f00fc6e5c8d0c4dab00a911fa9d7,0684209013,0.018627118644067797,1
2020-08-30,3a446a3f94ae96cfb8012422c64aca59d296f00fc6e5c8d0c4dab00a911fa9d7,0688537011,0.013542372881355931,1
2020-08-30,3b6f4003c8fe60cac8f9fa85ee6a2dab46982c55f780a8ac498735df9dd0a2fe,0897319002,0.025406779661016947,2
2020-08-30,47f54db21d765c5bddd91e03e71aa69a8ac03bb4c44b85925808ab4d66e1ffab,0685814022,0.033881355932203386,1
2020-08-30,47f54db21d765c5bddd91e03e71aa69a8ac03bb4c44b85925808ab4d66e1ffab,0715828013,0.033881355932203386,1
2020-08-30,4c5b5ba61051b639966446cb2be5efdeed444bade2810e6457faa88577d90990,0905803004,0.06777966101694916,2
2020-08-30,4c5b5ba61051b639966446cb2be5efdeed444bade2810e6457faa88577d90990,0898694001,0.050830508474576264,2
2020-08-30,4c5b5ba61051b639966446cb2be5efdeed444bade2810e6457faa88577d90990,0898694001,0.050830508474576264,2
2020-08-30,4c5b5ba61051b639966446cb2be5efdeed444bade2810e6457faa88577d90990,0905914002,0.016932203389830508,2
2020-08-30,4c5b5ba61051b639966446cb2be5efdeed444bade2810e6457faa88577d90990,0825720004,0.008457627118644067,2
2020-08-30,4c5b5ba61051b639966446cb2be5efdeed444bade2810e6457faa88577d90990,0762143009,0.013542372881355931,2
2020-08-30,4c5b5ba61051b639966446cb2be5efdeed444bade2810e6457faa88577d90990,0706016003,0.033881355932203386,2
2020-08-30,4c5b5ba61051b639966446cb2be5efdeed444bade2810e6457faa88577d90990,0706016003,0.033881355932203386,2
2020-08-30,4c5b5ba61051b639966446cb2be5efdeed444bade2810e6457faa88577d90990,0801673001,0.016932203389830508,2
2020-08-30,4c5b5ba61051b639966446cb2be5efdeed444bade2810e6457faa88577d90990,0762143002,0.013542372881355931,2
2020-08-30,502eb36b08f1b9a24c41462bac763da172dc6a0c032446177587bb446851a246,0728156014,0.050830508474576264,1
2020-08-30,5201b57f4b14528e31b86c4367ad3f2bbbf5486c0a1082b9ad8403684de84dd4,0620425001,0.007389830508474577,1
2020-08-30,5201b57f4b14528e31b86c4367ad3f2bbbf5486c0a1082b9ad8403684de84dd4,0880597001,0.010372881355932204,1
2020-08-30,5201b57f4b14528e31b86c4367ad3f2bbbf5486c0a1082b9ad8403684de84dd4,0851062005,0.029644067796610166,1
2020-08-30,55dcbdd717a5b0e9be21b2254dad81c0826c08e170112182fce55738d8c5de99,0547780001,0.025406779661016947,2
2020-08-30,55dcbdd717a5b0e9be21b2254dad81c0826c08e170112182fce55738d8c5de99,0715624001,0.025406779661016947,2
2020-08-30,57e61273d1edb8ea7e0d79a7778a66b619b71870403c481d53eaf17de15cf2fe,0873103001,0.01905084745762712,2
2020-08-30,57e61273d1edb8ea7e0d79a7778a66b619b71870403c481d53eaf17de15cf2fe,0912204001,0.016932203389830508,2
2020-08-30,5ac849edf5251fc33858d195fcaa07d2c390f6af12764b5ae6fcd5f6a50e69e6,0904823002,0.06777966101694916,2
2020-08-30,5d040700b0b1db95a4cf9029ff5fb247e8c0e02a738daee64a76214602396e14,0701046002,0.016932203389830508,2
2020-08-30,5d040700b0b1db95a4cf9029ff5fb247e8c0e02a738daee64a76214602396e14,0914404002,0.042355932203389825,2
2020-08-30,5d040700b0b1db95a4cf9029ff5fb247e8c0e02a738daee64a76214602396e14,0802529001,0.022016949152542376,2
2020-08-30,5d040700b0b1db95a4cf9029ff5fb247e8c0e02a738daee64a76214602396e14,0888570001,0.050830508474576264,2
2020-08-30,5d040700b0b1db95a4cf9029ff5fb247e8c0e02a738daee64a76214602396e14,0701046001,0.016932203389830508,2
2020-08-30,5f7ce6ba7bea3ad8edf17885a86f2b9069dd335357a6eae9f910e24d408ae696,0915453002,0.033881355932203386,1
2020-08-30,61845d2f8a7bd6a42a3c40126f0ad67a9c34358d2026f4dca89811e3afa329ea,0754238024,0.033881355932203386,2
2020-08-30,61845d2f8a7bd6a42a3c40126f0ad67a9c34358d2026f4dca89811e3afa329ea,0814833005,0.03049152542372881,2
2020-08-30,65edb3e05df4977ce84c3c66ac1372db490bc0258ba556601fcb93ad6bd6a139,0868195004,0.025406779661016947,2
2020-08-30,65edb3e05df4977ce84c3c66ac1372db490bc0258ba556601fcb93ad6bd6a139,0918292011,0.042355932203389825,2
2020-08-30,65edb3e05df4977ce84c3c66ac1372db490bc0258ba556601fcb93ad6bd6a139,0748355002,0.022016949152542376,2
2020-08-30,66d9c99dbd10b54d79a008137bb0f5f4acebdaffee3889a90d80bebc1a87da3b,0436261001,0.009593220338983051,2
2020-08-30,66d9c99dbd10b54d79a008137bb0f5f4acebdaffee3889a90d80bebc1a87da3b,0671607001,0.009593220338983051,2
2020-08-30,66d9c99dbd10b54d79a008137bb0f5f4acebdaffee3889a90d80bebc1a87da3b,0158340001,0.009593220338983051,2
2020-08-30,6701a5dbddd7b86271156a7bad0e571a354da7250bd4a0482e8aed1434ee06b4,0783707147,0.005067796610169492,1
2020-08-30,6701a5dbddd7b86271156a7bad0e571a354da7250bd4a0482e8aed1434ee06b4,0652356065,0.033881355932203386,1
2020-08-30,687cf59d16b153b6c640074b7f1e55d0125f93c3f4596e49e848523e24ce4c3b,0877527001,0.033881355932203386,2
2020-08-30,687cf59d16b153b6c640074b7f1e55d0125f93c3f4596e49e848523e24ce4c3b,0877641001,0.042355932203389825,2
2020-08-30,687cf59d16b153b6c640074b7f1e55d0125f93c3f4596e49e848523e24ce4c3b,0877641001,0.042355932203389825,2
2020-08-30,6c1a3ea050750083abdfbfd1dbd2358ba7aecd14cda98f046bc305e730cdff6d,0636323001,0.016932203389830508,1
2020-08-30,6c1a3ea050750083abdfbfd1dbd2358ba7aecd14cda98f046bc305e730cdff6d,0874116015,0.014389830508474576,1
2020-08-30,6c8b612f3fde6051e9389a481968b447165d4b811127d12cc6a114a61f7304d3,0685816037,0.008457627118644067,1
2020-08-30,73017ed6fe0b5efccf0994d3c7d957d4fdc5550f9e58d49c522fcd94bdf8eded,0557994014,0.03049152542372881,2
2020-08-30,73017ed6fe0b5efccf0994d3c7d957d4fdc5550f9e58d49c522fcd94bdf8eded,0749699032,0.025406779661016947,2
2020-08-30,73017ed6fe0b5efccf0994d3c7d957d4fdc5550f9e58d49c522fcd94bdf8eded,0783346018,0.025406779661016947,2
2020-08-30,73017ed6fe0b5efccf0994d3c7d957d4fdc5550f9e58d49c522fcd94bdf8eded,0835851005,0.042355932203389825,2
2020-08-30,73017ed6fe0b5efccf0994d3c7d957d4fdc5550f9e58d49c522fcd94bdf8eded,0916866002,0.042355932203389825,2
2020-08-30,73017ed6fe0b5efccf0994d3c7d957d4fdc5550f9e58d49c522fcd94bdf8eded,0923037003,0.033881355932203386,2
2020-08-30,73017ed6fe0b5efccf0994d3c7d957d4fdc5550f9e58d49c522fcd94bdf8eded,0919741001,0.033881355932203386,2
2020-08-30,73017ed6fe0b5efccf0994d3c7d957d4fdc5550f9e58d49c522fcd94bdf8eded,0859808002,0.025406779661016947,2
2020-08-30,73017ed6fe0b5efccf0994d3c7d957d4fdc5550f9e58d49c522fcd94bdf8eded,0762856008,0.025406779661016947,2
2020-08-30,73017ed6fe0b5efccf0994d3c7d957d4fdc5550f9e58d49c522fcd94bdf8eded,0749615009,0.03049152542372881,2
2020-08-30,73017ed6fe0b5efccf0994d3c7d957d4fdc5550f9e58d49c522fcd94bdf8eded,0749615009,0.03049152542372881,2
2020-08-30,73017ed6fe0b5efccf0994d3c7d957d4fdc5550f9e58d49c522fcd94bdf8eded,0573716012,0.025406779661016947,2
2020-08-30,73017ed6fe0b5efccf0994d3c7d957d4fdc5550f9e58d49c522fcd94bdf8eded,0783346001,0.025406779661016947,2
2020-08-30,75f67fe3ec18dfab9b15f0561f295a20602d324c53418873f2cff3d627a892db,0706016001,0.033881355932203386,2
2020-08-30,75f67fe3ec18dfab9b15f0561f295a20602d324c53418873f2cff3d627a892db,0677930077,0.016932203389830508,2
2020-08-30,795c3c1ac440ccadaa81bd4489775bdd9b24ed9695e1fdb4da09129fed19784f,0906635001,0.013542372881355931,1
2020-08-30,795c3c1ac440ccadaa81bd4489775bdd9b24ed9695e1fdb4da09129fed19784f,0372860002,0.013542372881355931,1
2020-08-30,795c3c1ac440ccadaa81bd4489775bdd9b24ed9695e1fdb4da09129fed19784f,0714790020,0.025406779661016947,1
2020-08-30,7b8a908906d0b054b083fc79716ad38036cb0ab96ee38ad5dc6573cefb18c62c,0896064002,0.04630508474576272,2
2020-08-30,7b8a908906d0b054b083fc79716ad38036cb0ab96ee38ad5dc6573cefb18c62c,0844294002,0.02315254237288136,2
2020-08-30,7bcd9155c9b9f4e350d39e9f66bf0b635c8f597f937d6b7fd34498b6832e40c9,0720125041,0.033881355932203386,1
2020-08-30,7bcd9155c9b9f4e350d39e9f66bf0b635c8f597f937d6b7fd34498b6832e40c9,0852584006,0.033881355932203386,1
2020-08-30,7bcd9155c9b9f4e350d39e9f66bf0b635c8f597f937d6b7fd34498b6832e40c9,0804992017,0.025406779661016947,1
2020-08-30,7bcd9155c9b9f4e350d39e9f66bf0b635c8f597f937d6b7fd34498b6832e40c9,0804992013,0.025406779661016947,1
2020-08-30,7c6901773ca91da3806546c9cb6181d6cc1c8b64187e6ffc91ecb17be21b6c4f,0906296001,0.042355932203389825,2
2020-08-30,8311e3432456f4b78fad4db040a07d5c194b49ceced373df0d2a5fcf6032b8a9,0863937003,0.011847457627118646,1
2020-08-30,8311e3432456f4b78fad4db040a07d5c194b49ceced373df0d2a5fcf6032b8a9,0863937010,0.011847457627118646,1
2020-08-30,84b1e6e355a6e4207005fe4b90c764b4ae35c97feb793e8b1d75d53787bfc278,0610776002,0.008457627118644067,2
2020-08-30,8760a235be1ca902f240cc55a0cd975371fee97a1170fd3e6d5c31cef5c29fe6,0916468002,0.033881355932203386,1
2020-08-30,8760a235be1ca902f240cc55a0cd975371fee97a1170fd3e6d5c31cef5c29fe6,0556539003,0.005067796610169492,1
2020-08-30,8760a235be1ca902f240cc55a0cd975371fee97a1170fd3e6d5c31cef5c29fe6,0713997002,0.008457627118644067,1
2020-08-30,8ae75953edf5816fd91d497ed3e91ccec8916816025ed42132022cd0c50091a7,0680391030,0.016932203389830508,1
2020-08-30,8ae75953edf5816fd91d497ed3e91ccec8916816025ed42132022cd0c50091a7,0730683001,0.042355932203389825,1
2020-08-30,8bfef853ee3a80efe6806ce0087e7c7e4558861ee4f27343108b8628ba88f178,0683001019,0.016932203389830508,2
2020-08-30,8bfef853ee3a80efe6806ce0087e7c7e4558861ee4f27343108b8628ba88f178,0806605001,0.009423728813559322,2
2020-08-30,8bfef853ee3a80efe6806ce0087e7c7e4558861ee4f27343108b8628ba88f178,0201219011,0.008237288135593221,2
2020-08-30,8bfef853ee3a80efe6806ce0087e7c7e4558861ee4f27343108b8628ba88f178,0146730001,0.009423728813559322,2
2020-08-30,8fb77080492c651592aa56ffaebff6331f0e49eaa7a4b94032a93948f9f4e07b,0863583002,0.033881355932203386,2
2020-08-30,8fb77080492c651592aa56ffaebff6331f0e49eaa7a4b94032a93948f9f4e07b,0815542002,0.042355932203389825,2
2020-08-30,8fb77080492c651592aa56ffaebff6331f0e49eaa7a4b94032a93948f9f4e07b,0923037003,0.033881355932203386,2
2020-08-30,97c204518eae0bcacc642d57b04fd5bfbfd9174f90b37d7f3a41933f18953b7b,0568601043,0.050830508474576264,1
2020-08-30,97c204518eae0bcacc642d57b04fd5bfbfd9174f90b37d7f3a41933f18953b7b,0865929001,0.016932203389830508,1
2020-08-30,97c204518eae0bcacc642d57b04fd5bfbfd9174f90b37d7f3a41933f18953b7b,0865929004,0.016932203389830508,1
2020-08-30,99e9e0a7fd77a7506caac1f1a6fc44be15772078599ea147044f3c89326fe020,0779781013,0.042355932203389825,1
2020-08-30,99e9e0a7fd77a7506caac1f1a6fc44be15772078599ea147044f3c89326fe020,0568601044,0.050830508474576264,1
2020-08-30,9ace51e6c0ef2ed14679acb54f74abd381a67907da11e17dde543edce6ec743a,0938804001,0.06777966101694916,1
2020-08-30,9ace51e6c0ef2ed14679acb54f74abd381a67907da11e17dde543edce6ec743a,0925666003,0.033881355932203386,1
2020-08-30,9bcfff8e070df2c22af529e341bdf0fd8a69fd6d5e40be7a70a4358821f08960,0914441003,0.033881355932203386,1
2020-08-30,9bcfff8e070df2c22af529e341bdf0fd8a69fd6d5e40be7a70a4358821f08960,0899749003,0.016932203389830508,1
2020-08-30,a2f44beeb5668b750b15ffbfb852d83c1abb648f4ac839d7b23227b554fe19a8,0865929003,0.0148135593220339,1
2020-08-30,a2f44beeb5668b750b15ffbfb852d83c1abb648f4ac839d7b23227b554fe19a8,0850251002,0.00888135593220339,1
2020-08-30,a2f44beeb5668b750b15ffbfb852d83c1abb648f4ac839d7b23227b554fe19a8,0682261004,0.00740677966101695,1
2020-08-30,a2f44beeb5668b750b15ffbfb852d83c1abb648f4ac839d7b23227b554fe19a8,0865490001,0.016288135593220336,1
2020-08-30,a3b3c0727bb1842bf9ccdb8d62500927917ff20532a8979d8550c76caa5bc1b7,0811835002,0.022016949152542376,2
2020-08-30,a3b3c0727bb1842bf9ccdb8d62500927917ff20532a8979d8550c76caa5bc1b7,0843738004,0.008457627118644067,2
2020-08-30,a3b3c0727bb1842bf9ccdb8d62500927917ff20532a8979d8550c76caa5bc1b7,0873966005,0.016932203389830508,2
2020-08-30,a3b3c0727bb1842bf9ccdb8d62500927917ff20532a8979d8550c76caa5bc1b7,0851317003,0.011847457627118646,2
2020-08-30,a500a4eaed29a6d445fa733a67451706fb63ff2887fc89592c81c5753aecd076,0509091026,0.016932203389830508,1
2020-08-30,a500a4eaed29a6d445fa733a67451706fb63ff2887fc89592c81c5753aecd076,0807704001,0.008457627118644067,1
2020-08-30,a500a4eaed29a6d445fa733a67451706fb63ff2887fc89592c81c5753aecd076,0519930001,0.010152542372881357,1
2020-08-30,a500a4eaed29a6d445fa733a67451706fb63ff2887fc89592c81c5753aecd076,0928808001,0.016932203389830508,1
2020-08-30,a982b80ac16b825d7604d15845222613ffac8a66dc8c1211c6fb8e98d2e67209,0862970001,0.022016949152542376,2
2020-08-30,a982b80ac16b825d7604d15845222613ffac8a66dc8c1211c6fb8e98d2e67209,0795338001,0.022016949152542376,2
2020-08-30,a982b80ac16b825d7604d15845222613ffac8a66dc8c1211c6fb8e98d2e67209,0795338001,0.022016949152542376,2
2020-08-30,ab7ce42f0e20d1b9443e14edfbaa7f01c864a8d0fa2fa48930720d9d6512b4e3,0556255001,0.010152542372881357,2
2020-08-30,ab7ce42f0e20d1b9443e14edfbaa7f01c864a8d0fa2fa48930720d9d6512b4e3,0562245018,0.016932203389830508,2
2020-08-30,ab993ec811fb1a533bf8506515521e93da16c8a1ca782a34422d1071bef76185,0868751002,0.022457627118644068,2
2020-08-30,ab993ec811fb1a533bf8506515521e93da16c8a1ca782a34422d1071bef76185,0719655024,0.019474576271186442,2
2020-08-30,ab993ec811fb1a533bf8506515521e93da16c8a1ca782a34422d1071bef76185,0868751001,0.022423728813559324,2
2020-08-30,ab993ec811fb1a533bf8506515521e93da16c8a1ca782a34422d1071bef76185,0885408001,0.019474576271186442,2
2020-08-30,ab993ec811fb1a533bf8506515521e93da16c8a1ca782a34422d1071bef76185,0757971001,0.019474576271186442,2
2020-08-30,aeb2735950a4f4c799c03cd58d2070803865c18899b03befb3695d43e6680dc9,0783978004,0.022016949152542376,2
2020-08-30,aeb2735950a4f4c799c03cd58d2070803865c18899b03befb3695d43e6680dc9,0908491005,0.025406779661016947,2
2020-08-30,aeb2735950a4f4c799c03cd58d2070803865c18899b03befb3695d43e6680dc9,0794454002,0.01523728813559322,2
2020-08-30,afa8f19ffb1a8bdfde0ff01b023df817a80f43fa42fdefb71035fe69e20fa5a2,0536139069,0.016932203389830508,2
2020-08-30,b06c69f907c910af30ef9522c3aede77e6993ac27882a692dfbe59263d3accb0,0864500002,0.03813559322033898,1
2020-08-30,b06c69f907c910af30ef9522c3aede77e6993ac27882a692dfbe59263d3accb0,0728156024,0.0457457627118644,1
2020-08-30,b06c69f907c910af30ef9522c3aede77e6993ac27882a692dfbe59263d3accb0,0863595004,0.03049152542372881,1
2020-08-30,b06c69f907c910af30ef9522c3aede77e6993ac27882a692dfbe59263d3accb0,0912100004,0.0457457627118644,1
2020-08-30,b06c69f907c910af30ef9522c3aede77e6993ac27882a692dfbe59263d3accb0,0639448011,0.0457457627118644,1
2020-08-30,b06c69f907c910af30ef9522c3aede77e6993ac27882a692dfbe59263d3accb0,0749974001,0.019813559322033897,1
2020-08-30,b3514f63e2a328a81a7e5bb066359488c85fbf3711aafa1031c5ed2babe7ccd1,0882900008,0.061000000000000006,1
2020-08-30,b4ed484c5de5afa66e514a0cdb2f17efb2a8bd28829c1161a446aa24ee933298,0852369006,0.013542372881355931,1
2020-08-30,b747262051d17ff281f8793a7b83d975c6483d716c6dd4ff5ab19e80fa5e51f2,0707269007,0.033881355932203386,2
2020-08-30,b747262051d17ff281f8793a7b83d975c6483d716c6dd4ff5ab19e80fa5e51f2,0803468002,0.025406779661016947,2
2020-08-30,beb2aeef9f55d1dab9935287090cadc61aec93945c57813d5ea2e63686bb04d0,0373506001,0.013542372881355931,1
2020-08-30,beb2aeef9f55d1dab9935287090cadc61aec93945c57813d5ea2e63686bb04d0,0373506004,0.013542372881355931,1
2020-08-30,beb2aeef9f55d1dab9935287090cadc61aec93945c57813d5ea2e63686bb04d0,0373506004,0.013542372881355931,1
2020-08-30,c07afc014682c28f90f168da2f0debcc45d2ed518750e15b2460744b0ada396e,0815808001,0.050830508474576264,2
2020-08-30,c09a1e976baa70d02f17ac937ea54e485213795a54078709804c2809dfdead38,0872066002,0.016932203389830508,1
2020-08-30,c09a1e976baa70d02f17ac937ea54e485213795a54078709804c2809dfdead38,0853717001,0.006084745762711864,1
2020-08-30,c09a1e976baa70d02f17ac937ea54e485213795a54078709804c2809dfdead38,0908654001,0.013542372881355931,1
2020-08-30,c09a1e976baa70d02f17ac937ea54e485213795a54078709804c2809dfdead38,0908652001,0.011847457627118646,1
2020-08-30,c68bdfb8061a4f18562c3615a419f2033f923ff44a64889a751a01b2fb08782a,0927336001,0.050830508474576264,2
2020-08-30,c68bdfb8061a4f18562c3615a419f2033f923ff44a64889a751a01b2fb08782a,0927336001,0.050830508474576264,2
2020-08-30,c68bdfb8061a4f18562c3615a419f2033f923ff44a64889a751a01b2fb08782a,0786022007,0.050830508474576264,2
2020-08-30,c68bdfb8061a4f18562c3615a419f2033f923ff44a64889a751a01b2fb08782a,0786022007,0.050830508474576264,2
2020-08-30,cd4e53a9880e0cbd4ef3e61be41061b052deae7a5ce40a78dee5723e49715d69,0875728001,0.022016949152542376,1
2020-08-30,cd7160d274070e3a5803921673f06ab9b9dabc35966b01a34b1cdfc9f3751e71,0905091001,0.13557627118644067,2
2020-08-30,cd7160d274070e3a5803921673f06ab9b9dabc35966b01a34b1cdfc9f3751e71,0903735003,0.042355932203389825,2
2020-08-30,d00bde7fdc14646fa77a1cccdc5805a8ef488643ca8eab27aa4a8d25c033e4f8,0750424021,0.042355932203389825,2
2020-08-30,d00bde7fdc14646fa77a1cccdc5805a8ef488643ca8eab27aa4a8d25c033e4f8,0750424021,0.042355932203389825,2
2020-08-30,d00bde7fdc14646fa77a1cccdc5805a8ef488643ca8eab27aa4a8d25c033e4f8,0817110002,0.033881355932203386,2
2020-08-30,d00bde7fdc14646fa77a1cccdc5805a8ef488643ca8eab27aa4a8d25c033e4f8,0904374002,0.050830508474576264,2
2020-08-30,d00bde7fdc14646fa77a1cccdc5805a8ef488643ca8eab27aa4a8d25c033e4f8,0855055001,0.08472881355932205,2
2020-08-30,d00bde7fdc14646fa77a1cccdc5805a8ef488643ca8eab27aa4a8d25c033e4f8,0855055001,0.08472881355932205,2
2020-08-30,d00bde7fdc14646fa77a1cccdc5805a8ef488643ca8eab27aa4a8d25c033e4f8,0790365001,0.033881355932203386,2
2020-08-30,d00bde7fdc14646fa77a1cccdc5805a8ef488643ca8eab27aa4a8d25c033e4f8,0790365001,0.033881355932203386,2
2020-08-30,d00bde7fdc14646fa77a1cccdc5805a8ef488643ca8eab27aa4a8d25c033e4f8,0795417003,0.025406779661016947,2
2020-08-30,d00bde7fdc14646fa77a1cccdc5805a8ef488643ca8eab27aa4a8d25c033e4f8,0718278001,0.008457627118644067,2
2020-08-30,d2872063b95a9d83d6a2fa37db9d2bece84b62230d86a4d0a2e7572d58763a18,0914441003,0.033881355932203386,1
2020-08-30,d2872063b95a9d83d6a2fa37db9d2bece84b62230d86a4d0a2e7572d58763a18,0882900008,0.06777966101694916,1
2020-08-30,d2872063b95a9d83d6a2fa37db9d2bece84b62230d86a4d0a2e7572d58763a18,0868035001,0.06777966101694916,1
2020-08-30,d411111746d565624f4449bb80121ed0c2a7b7f4a0c68e44cac07f33514de9e9,0536139006,0.016932203389830508,2
2020-08-30,d411111746d565624f4449bb80121ed0c2a7b7f4a0c68e44cac07f33514de9e9,0715624001,0.025406779661016947,2
2020-08-30,d52b2a0df9a1714ed7315b949a9bfe4923969cb9bc4bdb4b2b5a6054d480bf5e,0825550002,0.022016949152542376,2
2020-08-30,d52b2a0df9a1714ed7315b949a9bfe4923969cb9bc4bdb4b2b5a6054d480bf5e,0916273002,0.01523728813559322,2
2020-08-30,d52b2a0df9a1714ed7315b949a9bfe4923969cb9bc4bdb4b2b5a6054d480bf5e,0921096003,0.016932203389830508,2
2020-08-30,d802e036df02e3e395010440fa82aa1b52b212ee5d5bfb83ebcfe09ac5a0e1a3,0906657001,0.05930508474576271,2
2020-08-30,d802e036df02e3e395010440fa82aa1b52b212ee5d5bfb83ebcfe09ac5a0e1a3,0927922001,0.033881355932203386,2
2020-08-30,da5bf0ef28de8671babf2b290fc2c23b88b1643df3a54b559f0dffd8b67d4978,0715828028,0.033881355932203386,1
2020-08-30,da5bf0ef28de8671babf2b290fc2c23b88b1643df3a54b559f0dffd8b67d4978,0575347011,0.013542372881355931,1
2020-08-30,da5bf0ef28de8671babf2b290fc2c23b88b1643df3a54b559f0dffd8b67d4978,0685813039,0.016932203389830508,1
2020-08-30,e139bc20e2f11317cfa0024b6cddf24f61f2758c01e967b3fb54a85f541a10f8,0700765009,0.025406779661016947,2
2020-08-30,e139bc20e2f11317cfa0024b6cddf24f61f2758c01e967b3fb54a85f541a10f8,0819113001,0.03049152542372881,2
2020-08-30,e44fc361c6d923336a6781907f0c9fe60d4f0996d9b6ceaab6a7423ac1cb07b5,0821140001,0.025406779661016947,2
2020-08-30,e44fc361c6d923336a6781907f0c9fe60d4f0996d9b6ceaab6a7423ac1cb07b5,0733067001,0.016932203389830508,2
2020-08-30,e44fc361c6d923336a6781907f0c9fe60d4f0996d9b6ceaab6a7423ac1cb07b5,0733067001,0.016932203389830508,2
2020-08-30,e44fc361c6d923336a6781907f0c9fe60d4f0996d9b6ceaab6a7423ac1cb07b5,0733067001,0.016932203389830508,2
2020-08-30,e515ec9d9b810de2d7f0b13a7b6df7d106a4e0d4ea140870c67b38579ddc9290,0810169001,0.044050847457627114,2
2020-08-30,ed6a573cd359f4fb5d5f1c867c75e2061d71abd982e9b3043846b06a14292271,0873158008,0.016932203389830508,2
2020-08-30,f2b8e7ec157ffc37a719cf261306122141f6c1bec45cd8411d980f4fa30460b9,0697564062,0.016932203389830508,1
2020-08-30,f5dab969e4b980f9041346389d3108814c7e402ee8fe311e2b85fac250b244c4,0916058001,0.033881355932203386,2
2020-08-30,f5dab969e4b980f9041346389d3108814c7e402ee8fe311e2b85fac250b244c4,0923134001,0.025406779661016947,2
2020-08-30,f5dab969e4b980f9041346389d3108814c7e402ee8fe311e2b85fac250b244c4,0547780003,0.025406779661016947,2
2020-08-30,f63cdcecbbdb5b971218d098444593f061a2f48dafceb3cfa5dc8160cff559e8,0874754001,0.033881355932203386,2
2020-08-30,f63cdcecbbdb5b971218d098444593f061a2f48dafceb3cfa5dc8160cff559e8,0874754002,0.033881355932203386,2
2020-08-30,f65fe0e0ca9b53da543f90367f0b9154f41410dc569d8f8e0de2b08e539b86ad,0921380001,0.06777966101694916,2
2020-08-30,f65fe0e0ca9b53da543f90367f0b9154f41410dc569d8f8e0de2b08e539b86ad,0875082001,0.025406779661016947,2
2020-08-30,f7ea9273b67e001dc6e5df81250221aebc6f7339fcd16b5fabbdd9a72950ad96,0880099003,0.010152542372881357,1
2020-08-30,f7ea9273b67e001dc6e5df81250221aebc6f7339fcd16b5fabbdd9a72950ad96,0706016002,0.033881355932203386,1
2020-08-30,f9df8f1761fdbc406e7a754c891660f4b3c24dfb89fc953e43ee8956164ae859,0899976004,0.05930508474576271,2
2020-08-30,f9df8f1761fdbc406e7a754c891660f4b3c24dfb89fc953e43ee8956164ae859,0900279001,0.042355932203389825,2
2020-08-30,f9df8f1761fdbc406e7a754c891660f4b3c24dfb89fc953e43ee8956164ae859,0921918001,0.042355932203389825,2
2020-08-30,f9df8f1761fdbc406e7a754c891660f4b3c24dfb89fc953e43ee8956164ae859,0914071001,0.050830508474576264,2
2020-08-30,f9df8f1761fdbc406e7a754c891660f4b3c24dfb89fc953e43ee8956164ae859,0894320001,0.033881355932203386,2
2020-08-30,f9df8f1761fdbc406e7a754c891660f4b3c24dfb89fc953e43ee8956164ae859,0654590001,0.03049152542372881,2
2020-08-30,f9df8f1761fdbc406e7a754c891660f4b3c24dfb89fc953e43ee8956164ae859,0839677001,0.042355932203389825,2
2020-08-30,f9df8f1761fdbc406e7a754c891660f4b3c24dfb89fc953e43ee8956164ae859,0851936002,0.033881355932203386,2
2020-08-30,ff327e939fdf1b2bbcc5a8ee734a93e584da11ea239b958f2bdd32affa2280e6,0502522001,0.013542372881355931,2
2020-08-30,ff327e939fdf1b2bbcc5a8ee734a93e584da11ea239b958f2bdd32affa2280e6,0502522001,0.013542372881355931,2
2020-08-30,ff327e939fdf1b2bbcc5a8ee734a93e584da11ea239b958f2bdd32affa2280e6,0706016001,0.033881355932203386,2
2020-08-30,ff327e939fdf1b2bbcc5a8ee734a93e584da11ea239b958f2bdd32affa2280e6,0706016001,0.033881355932203386,2
2020-08-31,00fe8fb9b5a49ed8c38699c1860847c266f288da271b1c718f0179ac026080e4,0891591003,0.08472881355932205,2
2020-08-31,00fe8fb9b5a49ed8c38699c1860847c266f288da271b1c718f0179ac026080e4,0849637002,0.10167796610169492,2
2020-08-31,06308b6282b73106fc4468d1d0b3f6739e656a57c3635ed32e2782bb68dfcb89,0791589011,0.02903389830508474,2
2020-08-31,06308b6282b73106fc4468d1d0b3f6739e656a57c3635ed32e2782bb68dfcb89,0796600003,0.011610169491525423,2
2020-08-31,0a566bb8f82aed3af4484fe9cea31692e123c4c97181423d38610fd3837c1df5,0868134001,0.06777966101694916,2
2020-08-31,0a566bb8f82aed3af4484fe9cea31692e123c4c97181423d38610fd3837c1df5,0874891001,0.033881355932203386,2
2020-08-31,0a566bb8f82aed3af4484fe9cea31692e123c4c97181423d38610fd3837c1df5,0936862001,0.050830508474576264,2
2020-08-31,0a566bb8f82aed3af4484fe9cea31692e123c4c97181423d38610fd3837c1df5,0885543003,0.033881355932203386,2
2020-08-31,0a566bb8f82aed3af4484fe9cea31692e123c4c97181423d38610fd3837c1df5,0762846029,0.025406779661016947,2
2020-08-31,0a566bb8f82aed3af4484fe9cea31692e123c4c97181423d38610fd3837c1df5,0889460003,0.025406779661016947,2
2020-08-31,0c68ed871d2e2eda1e5ea517d9d308eae2f38a2c228118c8796b3a76d167e407,0896170005,0.016932203389830508,2
2020-08-31,0c68ed871d2e2eda1e5ea517d9d308eae2f38a2c228118c8796b3a76d167e407,0805000007,0.050830508474576264,2
2020-08-31,0c68ed871d2e2eda1e5ea517d9d308eae2f38a2c228118c8796b3a76d167e407,0931720001,0.033881355932203386,2
2020-08-31,0c68ed871d2e2eda1e5ea517d9d308eae2f38a2c228118c8796b3a76d167e407,0918292001,0.042355932203389825,2
2020-08-31,0c68ed871d2e2eda1e5ea517d9d308eae2f38a2c228118c8796b3a76d167e407,0778745009,0.033881355932203386,2
2020-08-31,0c68ed871d2e2eda1e5ea517d9d308eae2f38a2c228118c8796b3a76d167e407,0822115004,0.025406779661016947,2
2020-08-31,0c68ed871d2e2eda1e5ea517d9d308eae2f38a2c228118c8796b3a76d167e407,0856270002,0.033881355932203386,2
2020-08-31,0c68ed871d2e2eda1e5ea517d9d308eae2f38a2c228118c8796b3a76d167e407,0804992016,0.025406779661016947,2
2020-08-31,0c68ed871d2e2eda1e5ea517d9d308eae2f38a2c228118c8796b3a76d167e407,0730683019,0.042355932203389825,2
2020-08-31,0c68ed871d2e2eda1e5ea517d9d308eae2f38a2c228118c8796b3a76d167e407,0804992014,0.025406779661016947,2
2020-08-31,0c68ed871d2e2eda1e5ea517d9d308eae2f38a2c228118c8796b3a76d167e407,0868823008,0.025406779661016947,2
2020-08-31,0c68ed871d2e2eda1e5ea517d9d308eae2f38a2c228118c8796b3a76d167e407,0748566033,0.042355932203389825,2
2020-08-31,0c68ed871d2e2eda1e5ea517d9d308eae2f38a2c228118c8796b3a76d167e407,0804992017,0.025406779661016947,2
2020-08-31,0c68ed871d2e2eda1e5ea517d9d308eae2f38a2c228118c8796b3a76d167e407,0887681002,0.022016949152542376,2
2020-08-31,0c68ed871d2e2eda1e5ea517d9d308eae2f38a2c228118c8796b3a76d167e407,0730683052,0.042355932203389825,2
2020-08-31,0c68ed871d2e2eda1e5ea517d9d308eae2f38a2c228118c8796b3a76d167e407,0803685001,0.042355932203389825,2
2020-08-31,0c68ed871d2e2eda1e5ea517d9d308eae2f38a2c228118c8796b3a76d167e407,0730683062,0.042355932203389825,2
2020-08-31,0c68ed871d2e2eda1e5ea517d9d308eae2f38a2c228118c8796b3a76d167e407,0819113003,0.03049152542372881,2
2020-08-31,0c68ed871d2e2eda1e5ea517d9d308eae2f38a2c228118c8796b3a76d167e407,0885951002,0.03049152542372881,2
2020-08-31,0c68ed871d2e2eda1e5ea517d9d308eae2f38a2c228118c8796b3a76d167e407,0885951002,0.03049152542372881,2
2020-08-31,0c68ed871d2e2eda1e5ea517d9d308eae2f38a2c228118c8796b3a76d167e407,0882902001,0.042355932203389825,2
2020-08-31,0c68ed871d2e2eda1e5ea517d9d308eae2f38a2c228118c8796b3a76d167e407,0882902001,0.042355932203389825,2
2020-08-31,108d5023e912532d1c85da61bb2e1775c1dda887626102077590e2e75e39e793,0399223059,0.033881355932203386,1
2020-08-31,108d5023e912532d1c85da61bb2e1775c1dda887626102077590e2e75e39e793,0751994006,0.050830508474576264,1
2020-08-31,1371f1e54a47a578584c65d0ccc42a071bf33942b2e11e122e31bfcca071ad7e,0751471042,0.033881355932203386,2
2020-08-31,1371f1e54a47a578584c65d0ccc42a071bf33942b2e11e122e31bfcca071ad7e,0751471037,0.025406779661016947,2
2020-08-31,1783290127d32b90aa63a5bf8fd67b18a0415550f1433244faac7a88956f92c3,0921571001,0.08472881355932205,2
2020-08-31,1fa3dc78cc88f6ac32e23067fecbe1073ed62a1748b5f34955cf594c763526ae,0865935001,0.025406779661016947,1
2020-08-31,1fa3dc78cc88f6ac32e23067fecbe1073ed62a1748b5f34955cf594c763526ae,0865799002,0.033881355932203386,1
2020-08-31,257f1dd897f764444f4501f84141aff5bc76ff58a5ce10108266f66ec1b5ba59,0158340001,0.01128813559322034,2
2020-08-31,257f1dd897f764444f4501f84141aff5bc76ff58a5ce10108266f66ec1b5ba59,0158340001,0.01128813559322034,2
2020-08-31,257f1dd897f764444f4501f84141aff5bc76ff58a5ce10108266f66ec1b5ba59,0158340001,0.01128813559322034,2
2020-08-31,257f1dd897f764444f4501f84141aff5bc76ff58a5ce10108266f66ec1b5ba59,0933214001,0.06777966101694916,2
2020-08-31,257f1dd897f764444f4501f84141aff5bc76ff58a5ce10108266f66ec1b5ba59,0921906003,0.033881355932203386,2
2020-08-31,27c1db523798bb83beb57408590bab5ba74145bd0af9f0a964f21290c99db637,0905957001,0.035576271186440675,2
2020-08-31,2f08bf8a20ee8dcb9de8b6e9c24841d7968720f77c74fb1b2a9bbceea8300b12,0846600002,0.06777966101694916,2
2020-08-31,2f08bf8a20ee8dcb9de8b6e9c24841d7968720f77c74fb1b2a9bbceea8300b12,0909717001,0.033881355932203386,2
2020-08-31,32d6de7dac8f8c53750a1ef0495d1a2b39eb0a4a1b8279c55989efd7b31c78e1,0879605003,0.017610169491525426,2
2020-08-31,32d6de7dac8f8c53750a1ef0495d1a2b39eb0a4a1b8279c55989efd7b31c78e1,0879605003,0.017610169491525426,2
2020-08-31,32d6de7dac8f8c53750a1ef0495d1a2b39eb0a4a1b8279c55989efd7b31c78e1,0879605001,0.017610169491525426,2
2020-08-31,32d6de7dac8f8c53750a1ef0495d1a2b39eb0a4a1b8279c55989efd7b31c78e1,0879605001,0.017610169491525426,2
2020-08-31,32d6de7dac8f8c53750a1ef0495d1a2b39eb0a4a1b8279c55989efd7b31c78e1,0904201002,0.02711864406779661,2
2020-08-31,32d6de7dac8f8c53750a1ef0495d1a2b39eb0a4a1b8279c55989efd7b31c78e1,0904201002,0.027101694915254236,2
2020-08-31,32d6de7dac8f8c53750a1ef0495d1a2b39eb0a4a1b8279c55989efd7b31c78e1,0904201002,0.02711864406779661,2
2020-08-31,32d6de7dac8f8c53750a1ef0495d1a2b39eb0a4a1b8279c55989efd7b31c78e1,0904201002,0.027101694915254236,2
2020-08-31,32d6de7dac8f8c53750a1ef0495d1a2b39eb0a4a1b8279c55989efd7b31c78e1,0923466001,0.01083050847457627,2
2020-08-31,32d6de7dac8f8c53750a1ef0495d1a2b39eb0a4a1b8279c55989efd7b31c78e1,0923466001,0.01083050847457627,2
2020-08-31,32d6de7dac8f8c53750a1ef0495d1a2b39eb0a4a1b8279c55989efd7b31c78e1,0839496002,0.005406779661016949,2
2020-08-31,32d6de7dac8f8c53750a1ef0495d1a2b39eb0a4a1b8279c55989efd7b31c78e1,0839496002,0.005406779661016949,2
2020-08-31,352e0b66c6e3af64c20bd42a0fa80a3886b8810911c6e0c1320edcfb688e4084,0894320001,0.033881355932203386,2
2020-08-31,352e0b66c6e3af64c20bd42a0fa80a3886b8810911c6e0c1320edcfb688e4084,0913341002,0.033881355932203386,2
2020-08-31,352e0b66c6e3af64c20bd42a0fa80a3886b8810911c6e0c1320edcfb688e4084,0768912001,0.016932203389830508,2
2020-08-31,352e0b66c6e3af64c20bd42a0fa80a3886b8810911c6e0c1320edcfb688e4084,0891591003,0.08472881355932205,2
2020-08-31,352e0b66c6e3af64c20bd42a0fa80a3886b8810911c6e0c1320edcfb688e4084,0913340002,0.042355932203389825,2
2020-08-31,35ce9e98b090835bfb629d97b25f4a90234d7d748fb821b9d64268d4baa2974d,0843873007,0.010152542372881357,2
2020-08-31,386e33e36a377561444c0d90e05ba5e387371f38a44a7c74b268fbaaf448dd9e,0519583013,0.016932203389830508,2
2020-08-31,3902fbf1a05fe4501b2a9d6ab373ca5919ae971f9589c11c2eab8bae04ee91f2,0839521001,0.011847457627118646,2
2020-08-31,3902fbf1a05fe4501b2a9d6ab373ca5919ae971f9589c11c2eab8bae04ee91f2,0845610003,0.025406779661016947,2
2020-08-31,3a3520c931abee33224e10ea47bcc54315c7a6c2ff93f3e5368bd4447ae26262,0871655002,0.03049152542372881,2
2020-08-31,3a3520c931abee33224e10ea47bcc54315c7a6c2ff93f3e5368bd4447ae26262,0926603001,0.008457627118644067,2
2020-08-31,3a3520c931abee33224e10ea47bcc54315c7a6c2ff93f3e5368bd4447ae26262,0610776072,0.008457627118644067,2
2020-08-31,3a3520c931abee33224e10ea47bcc54315c7a6c2ff93f3e5368bd4447ae26262,0916058002,0.033881355932203386,2
2020-08-31,3a3520c931abee33224e10ea47bcc54315c7a6c2ff93f3e5368bd4447ae26262,0265630006,0.016932203389830508,2
2020-08-31,3a3520c931abee33224e10ea47bcc54315c7a6c2ff93f3e5368bd4447ae26262,0759814009,0.033881355932203386,2
2020-08-31,3a3520c931abee33224e10ea47bcc54315c7a6c2ff93f3e5368bd4447ae26262,0889669001,0.05930508474576271,2
2020-08-31,3a3520c931abee33224e10ea47bcc54315c7a6c2ff93f3e5368bd4447ae26262,0905811001,0.033881355932203386,2
2020-08-31,3a3520c931abee33224e10ea47bcc54315c7a6c2ff93f3e5368bd4447ae26262,0905811002,0.033881355932203386,2
2020-08-31,3adc77ff2e7dfb36111f1a7459b489b5e68bedf0664076b49610215f96803136,0919978001,0.033881355932203386,2
2020-08-31,3adc77ff2e7dfb36111f1a7459b489b5e68bedf0664076b49610215f96803136,0933706001,0.016932203389830508,2
2020-08-31,3c18421d1814df14b96a9d797c7d2e4d324d8e815cf0ba12cd0aed79d3e1fd01,0806847009,0.005067796610169492,1
2020-08-31,40c53e31948a0e8c75f2292d2e0aad61e560e1a7307ae8cdcfa3a6cac106a9e6,0778064003,0.007711864406779661,1
2020-08-31,40c53e31948a0e8c75f2292d2e0aad61e560e1a7307ae8cdcfa3a6cac106a9e6,0778064003,0.007711864406779661,1
2020-08-31,40c53e31948a0e8c75f2292d2e0aad61e560e1a7307ae8cdcfa3a6cac106a9e6,0673677002,0.023135593220338986,1
2020-08-31,40c53e31948a0e8c75f2292d2e0aad61e560e1a7307ae8cdcfa3a6cac106a9e6,0920529001,0.030864406779661017,1
2020-08-31,45c8861ad1b45ede66e7e1ee58bec4ed90392e369283cec197e077ea9c5cacbc,0554450004,0.033881355932203386,1
2020-08-31,45c8861ad1b45ede66e7e1ee58bec4ed90392e369283cec197e077ea9c5cacbc,0770315005,0.016932203389830508,1
2020-08-31,45c8861ad1b45ede66e7e1ee58bec4ed90392e369283cec197e077ea9c5cacbc,0826508010,0.016932203389830508,1
2020-08-31,45c8861ad1b45ede66e7e1ee58bec4ed90392e369283cec197e077ea9c5cacbc,0736923003,0.016932203389830508,1
2020-08-31,45c8861ad1b45ede66e7e1ee58bec4ed90392e369283cec197e077ea9c5cacbc,0841383002,0.008457627118644067,1
2020-08-31,4850dca99ecdc15b64d136de57042b4653c6ece3b81ed79a1d4bcbe7c9fdc576,0893141002,0.050830508474576264,2
2020-08-31,4850dca99ecdc15b64d136de57042b4653c6ece3b81ed79a1d4bcbe7c9fdc576,0898694001,0.050830508474576264,2
2020-08-31,4850dca99ecdc15b64d136de57042b4653c6ece3b81ed79a1d4bcbe7c9fdc576,0863583002,0.033881355932203386,2
2020-08-31,4850dca99ecdc15b64d136de57042b4653c6ece3b81ed79a1d4bcbe7c9fdc576,0878190004,0.06777966101694916,2
2020-08-31,4850dca99ecdc15b64d136de57042b4653c6ece3b81ed79a1d4bcbe7c9fdc576,0916468003,0.033881355932203386,2
2020-08-31,4c9621a8f3c38da1a8953e8c88e6d19ca4a3ddba431a1db7803d45eef61d1433,0706016001,0.03049152542372881,2
2020-08-31,4c9621a8f3c38da1a8953e8c88e6d19ca4a3ddba431a1db7803d45eef61d1433,0877795002,0.03049152542372881,2
2020-08-31,4c9621a8f3c38da1a8953e8c88e6d19ca4a3ddba431a1db7803d45eef61d1433,0905914001,0.01523728813559322,2
2020-08-31,4de6cf3dec6b2c97225b6f52088b682fc4b19efca45f6fd6e666235f75f228a1,0914441007,0.033881355932203386,2
2020-08-31,4de6cf3dec6b2c97225b6f52088b682fc4b19efca45f6fd6e666235f75f228a1,0933706001,0.016932203389830508,2
2020-08-31,4de6cf3dec6b2c97225b6f52088b682fc4b19efca45f6fd6e666235f75f228a1,0933706001,0.016932203389830508,2
2020-08-31,4e0d0333d07ba867b12f9d9def4be7e0fac712cf6ff619cd4c769464b28fc5ec,0736923011,0.01523728813559322,1
2020-08-31,4e0d0333d07ba867b12f9d9def4be7e0fac712cf6ff619cd4c769464b28fc5ec,0594987024,0.01523728813559322,1
2020-08-31,4e0d0333d07ba867b12f9d9def4be7e0fac712cf6ff619cd4c769464b28fc5ec,0837249012,0.01523728813559322,1
2020-08-31,4e0d0333d07ba867b12f9d9def4be7e0fac712cf6ff619cd4c769464b28fc5ec,0736923009,0.01523728813559322,1
2020-08-31,4e0d0333d07ba867b12f9d9def4be7e0fac712cf6ff619cd4c769464b28fc5ec,0859736002,0.0274406779661017,1
2020-08-31,4e5c6ea532d2f634d38a91dadedb75a121545a98fae2e599d2bb2ae5e10c2296,0817354001,0.025406779661016947,2
2020-08-31,4e5c6ea532d2f634d38a91dadedb75a121545a98fae2e599d2bb2ae5e10c2296,0803592003,0.011847457627118646,2
2020-08-31,4e5c6ea532d2f634d38a91dadedb75a121545a98fae2e599d2bb2ae5e10c2296,0796210012,0.025406779661016947,2
2020-08-31,5648111118bc0209c367f30e3731456bc1428b62021fd5e26ac38839eeac1a5c,0898694001,0.050830508474576264,2
2020-08-31,5648111118bc0209c367f30e3731456bc1428b62021fd5e26ac38839eeac1a5c,0736870001,0.016932203389830508,2
2020-08-31,5887a8256c7f0fa71b9ac6a93c8e56160836c38742f89bc639c232b91dd263e6,0921380001,0.050830508474576264,1
2020-08-31,58be376fd7eef1c5d27f77d34ccc0ac8862df9bb412d9fe8b07cbacb802dde0d,0758034001,0.025406779661016947,2
2020-08-31,58be376fd7eef1c5d27f77d34ccc0ac8862df9bb412d9fe8b07cbacb802dde0d,0557599022,0.016932203389830508,2
2020-08-31,5bea34c3a7f799da851d05c237c011cb38b1d030df2790001526e29cc1e91694,0797892005,0.042355932203389825,2
2020-08-31,5bea34c3a7f799da851d05c237c011cb38b1d030df2790001526e29cc1e91694,0856047003,0.016932203389830508,2
2020-08-31,5bea34c3a7f799da851d05c237c011cb38b1d030df2790001526e29cc1e91694,0856047004,0.033881355932203386,2
2020-08-31,5bea34c3a7f799da851d05c237c011cb38b1d030df2790001526e29cc1e91694,0797892006,0.042355932203389825,2
2020-08-31,5bea34c3a7f799da851d05c237c011cb38b1d030df2790001526e29cc1e91694,0911813001,0.033881355932203386,2
2020-08-31,5bea34c3a7f799da851d05c237c011cb38b1d030df2790001526e29cc1e91694,0830489002,0.033881355932203386,2
2020-08-31,60f9cba2c7e33fdf90af75cda67d37d15ed1cea3cc2c08c57063af2e455b14a3,0794575002,0.033881355932203386,2
2020-08-31,60f9cba2c7e33fdf90af75cda67d37d15ed1cea3cc2c08c57063af2e455b14a3,0794575001,0.033881355932203386,2
2020-08-31,65bb2296597c805172476953a24f75b7d92647c715fe18d7b788dfa2b9668b66,0890197001,0.033881355932203386,1
2020-08-31,65bb2296597c805172476953a24f75b7d92647c715fe18d7b788dfa2b9668b66,0759871034,0.00676271186440678,1
2020-08-31,65bb2296597c805172476953a24f75b7d92647c715fe18d7b788dfa2b9668b66,0916468002,0.033881355932203386,1
2020-08-31,65bb2296597c805172476953a24f75b7d92647c715fe18d7b788dfa2b9668b66,0921906001,0.033881355932203386,1
2020-08-31,66434191ea1209f09274b7c36d1edce79537a548f4c8e7030a8aada7659baaa3,0856270002,0.030864406779661017,2
2020-08-31,66434191ea1209f09274b7c36d1edce79537a548f4c8e7030a8aada7659baaa3,0918292001,0.03859322033898305,2
2020-08-31,6ba2dd2d3d80d899b2cab46a2990278847c40af54d25b255731c780a266b7da3,0881111001,0.08472881355932205,2
2020-08-31,6ba2dd2d3d80d899b2cab46a2990278847c40af54d25b255731c780a266b7da3,0897730004,0.025406779661016947,2
2020-08-31,6ba2dd2d3d80d899b2cab46a2990278847c40af54d25b255731c780a266b7da3,0903910001,0.08472881355932205,2
2020-08-31,6ba2dd2d3d80d899b2cab46a2990278847c40af54d25b255731c780a266b7da3,0858542001,0.016932203389830508,2
2020-08-31,6ba2dd2d3d80d899b2cab46a2990278847c40af54d25b255731c780a266b7da3,0297067002,0.016932203389830508,2
2020-08-31,76226a9fd72098bdce8cfcd3601f339f720df8f3ff581bd0c556763be11aef99,0895997001,0.08472881355932205,2
2020-08-31,76226a9fd72098bdce8cfcd3601f339f720df8f3ff581bd0c556763be11aef99,0907696002,0.016932203389830508,2
2020-08-31,76226a9fd72098bdce8cfcd3601f339f720df8f3ff581bd0c556763be11aef99,0912095007,0.033881355932203386,2
2020-08-31,76226a9fd72098bdce8cfcd3601f339f720df8f3ff581bd0c556763be11aef99,0724773005,0.05930508474576271,2
2020-08-31,76226a9fd72098bdce8cfcd3601f339f720df8f3ff581bd0c556763be11aef99,0891322006,0.042355932203389825,2
2020-08-31,76226a9fd72098bdce8cfcd3601f339f720df8f3ff581bd0c556763be11aef99,0828991003,0.033881355932203386,2
2020-08-31,76226a9fd72098bdce8cfcd3601f339f720df8f3ff581bd0c556763be11aef99,0896851001,0.033881355932203386,2
2020-08-31,76226a9fd72098bdce8cfcd3601f339f720df8f3ff581bd0c556763be11aef99,0764073004,0.042355932203389825,2
2020-08-31,76226a9fd72098bdce8cfcd3601f339f720df8f3ff581bd0c556763be11aef99,0708138026,0.06777966101694916,2
2020-08-31,76226a9fd72098bdce8cfcd3601f339f720df8f3ff581bd0c556763be11aef99,0901330002,0.050830508474576264,2
2020-08-31,76226a9fd72098bdce8cfcd3601f339f720df8f3ff581bd0c556763be11aef99,0850917001,0.025406779661016947,2
2020-08-31,7764fcfa4501fc8b9922486073d495b19ef82b702c88967742511972be4d614d,0851094009,0.022016949152542376,2
2020-08-31,7764fcfa4501fc8b9922486073d495b19ef82b702c88967742511972be4d614d,0730683050,0.042355932203389825,2
2020-08-31,7764fcfa4501fc8b9922486073d495b19ef82b702c88967742511972be4d614d,0804992017,0.025406779661016947,2
2020-08-31,7764fcfa4501fc8b9922486073d495b19ef82b702c88967742511972be4d614d,0678707012,0.033881355932203386,2
2020-08-31,7a972cda02dcbbc9ffb13f5b83239d0e832050339033adf2eca5e5fe6fe26f34,0871243001,0.03049152542372881,2
2020-08-31,7a972cda02dcbbc9ffb13f5b83239d0e832050339033adf2eca5e5fe6fe26f34,0860797001,0.025406779661016947,2
2020-08-31,7a972cda02dcbbc9ffb13f5b83239d0e832050339033adf2eca5e5fe6fe26f34,0858147005,0.033881355932203386,2
2020-08-31,7b28e85e353dde6db94f724fb85cd7da570664a2d8eb85d9a680b3858e9cba9c,0933706001,0.016932203389830508,2
2020-08-31,7b28e85e353dde6db94f724fb85cd7da570664a2d8eb85d9a680b3858e9cba9c,0893141002,0.050830508474576264,2
2020-08-31,7b28e85e353dde6db94f724fb85cd7da570664a2d8eb85d9a680b3858e9cba9c,0910477001,0.033881355932203386,2
2020-08-31,7b763dfa2f6a4f7e8ee8909ccf41c161bc651299a4c5dbe3961231b5eaac2441,0851400020,0.05252542372881356,2
2020-08-31,7dec6b979724e168adeff45c1a833720347c914ccbc6e9f07112c527073d14a6,0903473003,0.10167796610169492,1
2020-08-31,804dc1f8041c074cb736d4651a13c433c1daf35d29068e8da4f2ffa0526aa4cc,0786978007,0.15720338983050847,2
2020-08-31,80c2917e3430c77d8828eaf18d6370d929c377cde77204d930e59b6dcc6175c7,0881882002,0.016932203389830508,2
2020-08-31,8128a76126eb9f24f54de3dd5fed538453dfa8fd1952d543488b4bfd674c6a87,0875856001,0.033881355932203386,2
2020-08-31,8128a76126eb9f24f54de3dd5fed538453dfa8fd1952d543488b4bfd674c6a87,0911813001,0.033881355932203386,2
2020-08-31,81a15e396bcb94b60b994cacf6f8d0ab37780b0103ec11c94e858eebd4bc28d2,0880333001,0.022016949152542376,2
2020-08-31,81a15e396bcb94b60b994cacf6f8d0ab37780b0103ec11c94e858eebd4bc28d2,0879084001,0.033881355932203386,2
2020-08-31,837afdb418e7baf1da34941807b1d89a5ceeb6123be8dbe074bd0305ebdf5ce7,0762173005,0.044050847457627114,2
2020-08-31,859ff9c1affeb4f16afbcf0c8621d7ae64b3e3fcb28be5c22b6643c0b9f08da0,0874113004,0.015576271186440678,2
2020-08-31,859ff9c1affeb4f16afbcf0c8621d7ae64b3e3fcb28be5c22b6643c0b9f08da0,0881691003,0.023372881355932202,2
2020-08-31,859ff9c1affeb4f16afbcf0c8621d7ae64b3e3fcb28be5c22b6643c0b9f08da0,0907527001,0.038966101694915246,2
2020-08-31,859ff9c1affeb4f16afbcf0c8621d7ae64b3e3fcb28be5c22b6643c0b9f08da0,0865086004,0.042355932203389825,2
2020-08-31,859ff9c1affeb4f16afbcf0c8621d7ae64b3e3fcb28be5c22b6643c0b9f08da0,0730683050,0.042355932203389825,2
2020-08-31,8879a01a85c11545b7e3a510c3683c5ad8f54eb1b85e2b488fd851584e332517,0933706001,0.016932203389830508,2
2020-08-31,8e67eedf1da92abc5e25392fcef551ac03a2937692f60b0fffdd0825690154ef,0714790020,0.050830508474576264,2
2020-08-31,8e67eedf1da92abc5e25392fcef551ac03a2937692f60b0fffdd0825690154ef,0931769003,0.042355932203389825,2
2020-08-31,8e67eedf1da92abc5e25392fcef551ac03a2937692f60b0fffdd0825690154ef,0928088001,0.05930508474576271,2
2020-08-31,8e67eedf1da92abc5e25392fcef551ac03a2937692f60b0fffdd0825690154ef,0884520001,0.050830508474576264,2
2020-08-31,9146dab6b549a256d1c948c37166804f0ffb2bc802b75657047a37ce9dda8d94,0673677023,0.025406779661016947,1
2020-08-31,9146dab6b549a256d1c948c37166804f0ffb2bc802b75657047a37ce9dda8d94,0749974009,0.022016949152542376,1
2020-08-31,9146dab6b549a256d1c948c37166804f0ffb2bc802b75657047a37ce9dda8d94,0752814017,0.033881355932203386,1
2020-08-31,9146dab6b549a256d1c948c37166804f0ffb2bc802b75657047a37ce9dda8d94,0920610001,0.050830508474576264,1
2020-08-31,9146dab6b549a256d1c948c37166804f0ffb2bc802b75657047a37ce9dda8d94,0751471001,0.033881355932203386,1
2020-08-31,92cd8e0ec2f25df69860c6d5c0e83eeefa9218a3e5f64053b3367e9a81cf03c0,0791587001,0.025406779661016947,2
2020-08-31,92cd8e0ec2f25df69860c6d5c0e83eeefa9218a3e5f64053b3367e9a81cf03c0,0851400015,0.033881355932203386,2
2020-08-31,92cd8e0ec2f25df69860c6d5c0e83eeefa9218a3e5f64053b3367e9a81cf03c0,0842028004,0.033881355932203386,2
2020-08-31,92cd8e0ec2f25df69860c6d5c0e83eeefa9218a3e5f64053b3367e9a81cf03c0,0865086006,0.042355932203389825,2
2020-08-31,92cd8e0ec2f25df69860c6d5c0e83eeefa9218a3e5f64053b3367e9a81cf03c0,0918292004,0.042355932203389825,2
2020-08-31,92cd8e0ec2f25df69860c6d5c0e83eeefa9218a3e5f64053b3367e9a81cf03c0,0918292001,0.042355932203389825,2
2020-08-31,92cd8e0ec2f25df69860c6d5c0e83eeefa9218a3e5f64053b3367e9a81cf03c0,0791587015,0.025406779661016947,2
2020-08-31,92cd8e0ec2f25df69860c6d5c0e83eeefa9218a3e5f64053b3367e9a81cf03c0,0892643002,0.016932203389830508,2
2020-08-31,952530dbf3b949437a0cdc53eb27ead923002bee5807d18f0b57e16624de02e2,0720504008,0.033881355932203386,1
2020-08-31,952530dbf3b949437a0cdc53eb27ead923002bee5807d18f0b57e16624de02e2,0781758057,0.025406779661016947,1
2020-08-31,952530dbf3b949437a0cdc53eb27ead923002bee5807d18f0b57e16624de02e2,0781758006,0.025406779661016947,1
2020-08-31,952530dbf3b949437a0cdc53eb27ead923002bee5807d18f0b57e16624de02e2,0781758002,0.025406779661016947,1
2020-08-31,9878ad33a9c10243493fc53fc52c087bce82d8711b116836ca4208f7b8b5661d,0554450001,0.033881355932203386,1
2020-08-31,9878ad33a9c10243493fc53fc52c087bce82d8711b116836ca4208f7b8b5661d,0838770002,0.008457627118644067,1
2020-08-31,99e4d982c2c1a016ef25372946affab521056f4a5cf63a6c33b39833f1321b6f,0903773005,0.016932203389830508,2
2020-08-31,99e4d982c2c1a016ef25372946affab521056f4a5cf63a6c33b39833f1321b6f,0883807001,0.025406779661016947,2
2020-08-31,a0673ad7ddaf01317e2fe2a42c36cb12a8d4ccd763e38bdd943a9cd77bfbbd34,0706016003,0.033881355932203386,2
2020-08-31,a0673ad7ddaf01317e2fe2a42c36cb12a8d4ccd763e38bdd943a9cd77bfbbd34,0399087047,0.033881355932203386,2
2020-08-31,a0673ad7ddaf01317e2fe2a42c36cb12a8d4ccd763e38bdd943a9cd77bfbbd34,0554450036,0.033881355932203386,2
2020-08-31,a37b8eb26fc5785b64612adfb5e301c3017aaf253677462c8ad6c4ba1bd8393b,0751471041,0.033881355932203386,1
2020-08-31,a46148b322ed000dd3f294ed5ca32e665ddb8dfd67a3ed3c146227768c65f20e,0732842001,0.06777966101694916,1
2020-08-31,a46148b322ed000dd3f294ed5ca32e665ddb8dfd67a3ed3c146227768c65f20e,0788575003,0.042355932203389825,1
2020-08-31,a46148b322ed000dd3f294ed5ca32e665ddb8dfd67a3ed3c146227768c65f20e,0905914002,0.016932203389830508,1
2020-08-31,a46148b322ed000dd3f294ed5ca32e665ddb8dfd67a3ed3c146227768c65f20e,0816588001,0.006084745762711864,1
2020-08-31,a46148b322ed000dd3f294ed5ca32e665ddb8dfd67a3ed3c146227768c65f20e,0706016001,0.033881355932203386,1
2020-08-31,a46148b322ed000dd3f294ed5ca32e665ddb8dfd67a3ed3c146227768c65f20e,0788575002,0.042355932203389825,1
2020-08-31,a46b800050e0a28d82d28ed33767e651d951eefcafdadd22ea30e686bdd1f818,0868034001,0.06777966101694916,1
2020-08-31,a46b800050e0a28d82d28ed33767e651d951eefcafdadd22ea30e686bdd1f818,0915526001,0.033881355932203386,2
2020-08-31,a46b800050e0a28d82d28ed33767e651d951eefcafdadd22ea30e686bdd1f818,0911870003,0.033881355932203386,1
2020-08-31,a46b800050e0a28d82d28ed33767e651d951eefcafdadd22ea30e686bdd1f818,0859125001,0.033881355932203386,2
2020-08-31,a46b800050e0a28d82d28ed33767e651d951eefcafdadd22ea30e686bdd1f818,0879132001,0.050830508474576264,2
2020-08-31,a46b800050e0a28d82d28ed33767e651d951eefcafdadd22ea30e686bdd1f818,0685814003,0.03049152542372881,1
2020-08-31,a46b800050e0a28d82d28ed33767e651d951eefcafdadd22ea30e686bdd1f818,0863595005,0.03049152542372881,1
2020-08-31,a4efbb0d4e96d4ae40a422c8d313834ab0a7b174724326dffe4d4feeedd4ba5c,0823359005,0.05930508474576271,2
2020-08-31,a4efbb0d4e96d4ae40a422c8d313834ab0a7b174724326dffe4d4feeedd4ba5c,0823359005,0.05930508474576271,2
2020-08-31,a76c980d5fe8bd7825993368fed2827852c2869317d9a2f30b31df61ebbcc76d,0620425001,0.008457627118644067,1
2020-08-31,a76c980d5fe8bd7825993368fed2827852c2869317d9a2f30b31df61ebbcc76d,0874113004,0.016932203389830508,1
2020-08-31,a81eaa4609bda432070fa25f7139b88bacc1ae2d972dfb29006e496bc5003385,0919365003,0.042355932203389825,2
2020-08-31,a81eaa4609bda432070fa25f7139b88bacc1ae2d972dfb29006e496bc5003385,0919365003,0.042355932203389825,2
2020-08-31,a81eaa4609bda432070fa25f7139b88bacc1ae2d972dfb29006e496bc5003385,0448509026,0.042355932203389825,2
2020-08-31,a9c5b226a7ce9490f52e99c963124d5e7fa533d474c83c885c5c3772c516d34e,0708464006,0.011847457627118646,2
2020-08-31,a9c5b226a7ce9490f52e99c963124d5e7fa533d474c83c885c5c3772c516d34e,0923361001,0.016932203389830508,2
2020-08-31,a9c5b226a7ce9490f52e99c963124d5e7fa533d474c83c885c5c3772c516d34e,0836142003,0.016932203389830508,2
2020-08-31,b8324284e81de0f67a22d7ce6fa24d483cab79052da6d8d99510769a77bc8864,0822311001,0.013542372881355931,2
2020-08-31,b8324284e81de0f67a22d7ce6fa24d483cab79052da6d8d99510769a77bc8864,0822311001,0.013542372881355931,2
2020-08-31,b8324284e81de0f67a22d7ce6fa24d483cab79052da6d8d99510769a77bc8864,0829618006,0.025406779661016947,2
2020-08-31,b8324284e81de0f67a22d7ce6fa24d483cab79052da6d8d99510769a77bc8864,0806241009,0.025406779661016947,2
2020-08-31,b8324284e81de0f67a22d7ce6fa24d483cab79052da6d8d99510769a77bc8864,0829618004,0.025406779661016947,2
2020-08-31,bc637017ad4848778ee382dbbdbbdfb5b07a7d1c74a995e59cfba2492b577666,0863583001,0.033881355932203386,2
2020-08-31,bc637017ad4848778ee382dbbdbbdfb5b07a7d1c74a995e59cfba2492b577666,0880815006,0.050830508474576264,2
2020-08-31,bc637017ad4848778ee382dbbdbbdfb5b07a7d1c74a995e59cfba2492b577666,0918892001,0.033881355932203386,2
2020-08-31,be8edf6f058e9ced542d028730c8155f83978bb832f10b0dcfa072c177642b7e,0913113001,0.050830508474576264,2
2020-08-31,be8edf6f058e9ced542d028730c8155f83978bb832f10b0dcfa072c177642b7e,0913113001,0.050830508474576264,2
2020-08-31,c22e0fbf12c330287a4875a34d79f02b8e31143c7f7405d71f704cc5d60d54ef,0818754007,0.016932203389830508,1
2020-08-31,c22e0fbf12c330287a4875a34d79f02b8e31143c7f7405d71f704cc5d60d54ef,0874113024,0.016932203389830508,1
2020-08-31,c3952b6377841cc52dd4cc3876d78db72a7d8016079a33067efb6c9979191260,0594987002,0.010152542372881357,1
2020-08-31,c3952b6377841cc52dd4cc3876d78db72a7d8016079a33067efb6c9979191260,0562613013,0.013542372881355931,1
2020-08-31,c50e5294828667195087675aab7e8db7891debdadd668b94e73e2058901ef5f4,0578478001,0.050830508474576264,2
2020-08-31,c50e5294828667195087675aab7e8db7891debdadd668b94e73e2058901ef5f4,0903049004,0.06777966101694916,2
2020-08-31,ca93ee1dcd3f45bdead4c68ce6586f689576e0c48087b6b86c6eb69f65110bde,0874110002,0.025406779661016947,2
2020-08-31,ca93ee1dcd3f45bdead4c68ce6586f689576e0c48087b6b86c6eb69f65110bde,0715624052,0.025406779661016947,2
2020-08-31,ca93ee1dcd3f45bdead4c68ce6586f689576e0c48087b6b86c6eb69f65110bde,0911214001,0.016932203389830508,2
2020-08-31,cd7160d274070e3a5803921673f06ab9b9dabc35966b01a34b1cdfc9f3751e71,0872537004,0.08472881355932205,1
2020-08-31,cdd4385a8e7dce0508e6300faf8008d6f013edfe25e7fe929fbab6a0c822cc29,0905091001,0.13040677966101696,2
2020-08-31,cdd4385a8e7dce0508e6300faf8008d6f013edfe25e7fe929fbab6a0c822cc29,0897684001,0.040745762711864406,2
2020-08-31,ced019e90194bb864f33e92a26f727da1d0cd93e7541fd075217e386ea5cac1b,0469562002,0.016932203389830508,1
2020-08-31,ced019e90194bb864f33e92a26f727da1d0cd93e7541fd075217e386ea5cac1b,0775414001,0.050830508474576264,1
2020-08-31,ced019e90194bb864f33e92a26f727da1d0cd93e7541fd075217e386ea5cac1b,0845116001,0.050830508474576264,1
2020-08-31,ced019e90194bb864f33e92a26f727da1d0cd93e7541fd075217e386ea5cac1b,0810169016,0.050830508474576264,1
2020-08-31,ced019e90194bb864f33e92a26f727da1d0cd93e7541fd075217e386ea5cac1b,0933802002,0.025406779661016947,1
2020-08-31,d433d404c3b48f8ae41500e05662eb2a563aa20dfbd6434efcacca53fea5e0f7,0868134001,0.05422033898305084,2
2020-08-31,d433d404c3b48f8ae41500e05662eb2a563aa20dfbd6434efcacca53fea5e0f7,0868134001,0.06777966101694916,2
2020-08-31,d433d404c3b48f8ae41500e05662eb2a563aa20dfbd6434efcacca53fea5e0f7,0868134001,0.06777966101694916,2
2020-08-31,d433d404c3b48f8ae41500e05662eb2a563aa20dfbd6434efcacca53fea5e0f7,0868134001,0.06777966101694916,2
2020-08-31,d52b2a0df9a1714ed7315b949a9bfe4923969cb9bc4bdb4b2b5a6054d480bf5e,0568601023,0.050830508474576264,2
2020-08-31,d52b2a0df9a1714ed7315b949a9bfe4923969cb9bc4bdb4b2b5a6054d480bf5e,0903207003,0.042355932203389825,2
2020-08-31,d52b2a0df9a1714ed7315b949a9bfe4923969cb9bc4bdb4b2b5a6054d480bf5e,0679977003,0.050830508474576264,2
2020-08-31,d7323c01e263bb9954f0e7249aebd38b2399bc82ddf6cb95acbdc58cbbe2302e,0849257001,0.013542372881355931,2
2020-08-31,d7323c01e263bb9954f0e7249aebd38b2399bc82ddf6cb95acbdc58cbbe2302e,0762846006,0.025406779661016947,2
2020-08-31,dbe7406e2866454873c0f634587923585a32db4bba647b170838c6729f9b860b,0904545002,0.042355932203389825,2
2020-08-31,dbe7406e2866454873c0f634587923585a32db4bba647b170838c6729f9b860b,0904545002,0.042355932203389825,2
2020-08-31,dd77be623535c324f0cbc72bbb18646f87042f4a71700ddd85693927e20cd629,0891322004,0.042355932203389825,2
2020-08-31,dfac8b641205d9cb87d084b7a6e62283b1dfbc981f5cc983a56b4bbb29451b93,0816521002,0.011847457627118646,2
2020-08-31,dfac8b641205d9cb87d084b7a6e62283b1dfbc981f5cc983a56b4bbb29451b93,0854021001,0.010152542372881357,2
2020-08-31,dfac8b641205d9cb87d084b7a6e62283b1dfbc981f5cc983a56b4bbb29451b93,0913717001,0.00676271186440678,2
2020-08-31,dfac8b641205d9cb87d084b7a6e62283b1dfbc981f5cc983a56b4bbb29451b93,0849327001,0.010152542372881357,2
2020-08-31,edcdc4d635a27013942838bf773fe01dc88682896252aefda738ace77a38c74c,0579010041,0.013542372881355931,2
2020-08-31,edcdc4d635a27013942838bf773fe01dc88682896252aefda738ace77a38c74c,0805000007,0.050830508474576264,2
2020-08-31,edf996fe0a11892129ea7eb46a63c0f23a70935b557e924a093c9ae13c92c87a,0554598086,0.016932203389830508,2
2020-08-31,edf996fe0a11892129ea7eb46a63c0f23a70935b557e924a093c9ae13c92c87a,0706016003,0.033881355932203386,2
2020-08-31,edf996fe0a11892129ea7eb46a63c0f23a70935b557e924a093c9ae13c92c87a,0826646012,0.016932203389830508,2
2020-08-31,ef4604815ff803904b169500d8ad9b955b5408ccc9f437c70c33b04a87660257,0470789031,0.016932203389830508,1
2020-08-31,ef4604815ff803904b169500d8ad9b955b5408ccc9f437c70c33b04a87660257,0700701005,0.025406779661016947,1
2020-08-31,f11d48e644ddba037772c70c5717abd84a1cf9247ae7413bcc8219981da0f464,0811835002,0.022016949152542376,2
2020-08-31,f11d48e644ddba037772c70c5717abd84a1cf9247ae7413bcc8219981da0f464,0599580046,0.016932203389830508,2
2020-08-31,f269fa8fa0668b6ad9f1c4e66a633dd78281b478b5d7f76c403477b6e31d04b3,0863595004,0.033881355932203386,2
2020-08-31,f269fa8fa0668b6ad9f1c4e66a633dd78281b478b5d7f76c403477b6e31d04b3,0863595002,0.033881355932203386,2
2020-08-31,f269fa8fa0668b6ad9f1c4e66a633dd78281b478b5d7f76c403477b6e31d04b3,0863595006,0.033881355932203386,2
2020-08-31,f269fa8fa0668b6ad9f1c4e66a633dd78281b478b5d7f76c403477b6e31d04b3,0863595006,0.033881355932203386,2
2020-08-31,f269fa8fa0668b6ad9f1c4e66a633dd78281b478b5d7f76c403477b6e31d04b3,0863595006,0.033881355932203386,2
2020-08-31,f269fa8fa0668b6ad9f1c4e66a633dd78281b478b5d7f76c403477b6e31d04b3,0863595001,0.033881355932203386,2
2020-08-31,f3c285ae5fb8212fa502fda151b8b44891661d345efb85fe6c4324770ffe8f26,0856786003,0.04969491525423728,2
2020-08-31,f3c285ae5fb8212fa502fda151b8b44891661d345efb85fe6c4324770ffe8f26,0825195008,0.06628813559322035,2
2020-08-31,f3c285ae5fb8212fa502fda151b8b44891661d345efb85fe6c4324770ffe8f26,0673396002,0.013237288135593219,2
2020-08-31,f3c285ae5fb8212fa502fda151b8b44891661d345efb85fe6c4324770ffe8f26,0902288001,0.021525423728813557,2
2020-08-31,f3c285ae5fb8212fa502fda151b8b44891661d345efb85fe6c4324770ffe8f26,0874754002,0.03313559322033899,2
2020-08-31,f3c285ae5fb8212fa502fda151b8b44891661d345efb85fe6c4324770ffe8f26,0898694001,0.04971186440677965,2
2020-08-31,f3c285ae5fb8212fa502fda151b8b44891661d345efb85fe6c4324770ffe8f26,0878190004,0.06628813559322035,2
2020-08-31,fa527f135f32e0499e26a3f253d71a64c704f3b70ffc137364b51b54f22226ef,0728156006,0.050830508474576264,2
2020-08-31,faca2611247cc2462f7db77917ee81726e41abe2c263385b78f6415505c0edef,0611020026,0.03049152542372881,2
2020-09-01,02ba264ea5c7130504924f49228bcbaaa9ee96b76a6b4b0a16e19e691cf59f7b,0801765001,0.05930508474576271,1
2020-09-01,02ba264ea5c7130504924f49228bcbaaa9ee96b76a6b4b0a16e19e691cf59f7b,0877769001,0.05930508474576271,2
2020-09-01,02ba264ea5c7130504924f49228bcbaaa9ee96b76a6b4b0a16e19e691cf59f7b,0877769001,0.05930508474576271,2
2020-09-01,02ba264ea5c7130504924f49228bcbaaa9ee96b76a6b4b0a16e19e691cf59f7b,0872834001,0.042355932203389825,2
2020-09-01,092a52a1a79d92e186667e3193ab5dd537384b13be4106bffc84df89ee6271b0,0838099001,0.013542372881355931,1
2020-09-01,092a52a1a79d92e186667e3193ab5dd537384b13be4106bffc84df89ee6271b0,0849859005,0.011847457627118646,1
2020-09-01,092a52a1a79d92e186667e3193ab5dd537384b13be4106bffc84df89ee6271b0,0589748001,0.01523728813559322,1
2020-09-01,092a52a1a79d92e186667e3193ab5dd537384b13be4106bffc84df89ee6271b0,0824148002,0.01523728813559322,1
2020-09-01,0aeda2862497a705128b5fc675789635156e9bc15e846737ac4a624c2a4e2357,0869459002,0.04857627118644067,2
2020-09-01,0aeda2862497a705128b5fc675789635156e9bc15e846737ac4a624c2a4e2357,0909185002,0.0485593220338983,2
2020-09-01,0aeda2862497a705128b5fc675789635156e9bc15e846737ac4a624c2a4e2357,0871527003,0.032372881355932207,2
2020-09-01,0aeda2862497a705128b5fc675789635156e9bc15e846737ac4a624c2a4e2357,0933706001,0.016186440677966103,2
2020-09-01,11dba79122988639688bccf2d41c6d36453f42aea9ddfe7799531ff02c266688,0201219003,0.00676271186440678,1
2020-09-01,11dba79122988639688bccf2d41c6d36453f42aea9ddfe7799531ff02c266688,0828938001,0.00676271186440678,1
2020-09-01,144781cb72f33841363b6c5ea478a907afed243f5d899e96dbba762a36030123,0783346001,0.025406779661016947,2
2020-09-01,144781cb72f33841363b6c5ea478a907afed243f5d899e96dbba762a36030123,0636323001,0.016932203389830508,2
2020-09-01,156a4f8daa96a2213b6dc312f1228c4d188b55770cb28924d0e2ed9e11d71ace,0678707005,0.033881355932203386,2
2020-09-01,156a4f8daa96a2213b6dc312f1228c4d188b55770cb28924d0e2ed9e11d71ace,0574109012,0.008457627118644067,2
2020-09-01,156a4f8daa96a2213b6dc312f1228c4d188b55770cb28924d0e2ed9e11d71ace,0762143004,0.013542372881355931,2
2020-09-01,15ac48418d6bf0e8080a58ddd3980fc71eb50ace10a1fcdc8fbecc46943c476b,0904545002,0.042355932203389825,1
2020-09-01,1681f59cb8b1925f037e5e494279068fed4289e88b9e226973eb9e9977a8dabe,0863595004,0.033881355932203386,1
2020-09-01,1681f59cb8b1925f037e5e494279068fed4289e88b9e226973eb9e9977a8dabe,0554598001,0.016932203389830508,1
2020-09-01,17c81d8a08e453b478d1d704f1872e1d1d304a54362f0d59da7de7e6c740c04e,0900169001,0.050830508474576264,2
2020-09-01,17c81d8a08e453b478d1d704f1872e1d1d304a54362f0d59da7de7e6c740c04e,0900169001,0.050830508474576264,2
2020-09-01,1f8261101623653a208345e05cb69c17cb41cc6b956a1d20acdbbe92ac41d507,0570319001,0.022016949152542376,1
2020-09-01,1f8261101623653a208345e05cb69c17cb41cc6b956a1d20acdbbe92ac41d507,0542413002,0.013542372881355931,1
2020-09-01,2601b300a4195c807b11db070198ae51da410a2da61d4756ab1713a34c23f716,0611415001,0.016932203389830508,2
2020-09-01,2601b300a4195c807b11db070198ae51da410a2da61d4756ab1713a34c23f716,0700765001,0.025406779661016947,2
2020-09-01,2601b300a4195c807b11db070198ae51da410a2da61d4756ab1713a34c23f716,0700765001,0.025406779661016947,2
2020-09-01,2601b300a4195c807b11db070198ae51da410a2da61d4756ab1713a34c23f716,0885951003,0.03049152542372881,2
2020-09-01,2601b300a4195c807b11db070198ae51da410a2da61d4756ab1713a34c23f716,0887681001,0.022016949152542376,2
2020-09-01,2688c0c43c8ac74356212ed06e0eb30f9d6f78872de1721496e3fa397c2cb367,0574109011,0.021898305084745762,1
2020-09-01,2688c0c43c8ac74356212ed06e0eb30f9d6f78872de1721496e3fa397c2cb367,0806388001,0.011677966101694914,1
2020-09-01,2688c0c43c8ac74356212ed06e0eb30f9d6f78872de1721496e3fa397c2cb367,0803609004,0.008745762711864407,1
2020-09-01,27f3e54bd0ddf111d335f137e11ad321b72db2b8f58fa7d0c86ea6baad6dac72,0567532015,0.031762711864406774,2
2020-09-01,27f3e54bd0ddf111d335f137e11ad321b72db2b8f58fa7d0c86ea6baad6dac72,0253448003,0.025406779661016947,2
2020-09-01,27f3e54bd0ddf111d335f137e11ad321b72db2b8f58fa7d0c86ea6baad6dac72,0880553001,0.025406779661016947,2
2020-09-01,2aecabcda96fa02f4aa0496aee911d0afcef55318efe06c8bcf3d78e35515df5,0867948001,0.022016949152542376,2
2020-09-01,2aecabcda96fa02f4aa0496aee911d0afcef55318efe06c8bcf3d78e35515df5,0904820001,0.033881355932203386,2
2020-09-01,2aecabcda96fa02f4aa0496aee911d0afcef55318efe06c8bcf3d78e35515df5,0923460001,0.042355932203389825,2
2020-09-01,32c092a0482297e897e96986d41fd19d0650e4c0ab0469bea2f4762d0062b9d0,0850277001,0.050830508474576264,2
2020-09-01,32c092a0482297e897e96986d41fd19d0650e4c0ab0469bea2f4762d0062b9d0,0850277001,0.050830508474576264,2
2020-09-01,35ce9e98b090835bfb629d97b25f4a90234d7d748fb821b9d64268d4baa2974d,0902023002,0.03049152542372881,1
2020-09-01,35ce9e98b090835bfb629d97b25f4a90234d7d748fb821b9d64268d4baa2974d,0882146003,0.042355932203389825,1
2020-09-01,35ce9e98b090835bfb629d97b25f4a90234d7d748fb821b9d64268d4baa2974d,0866731001,0.025406779661016947,1
2020-09-01,35ce9e98b090835bfb629d97b25f4a90234d7d748fb821b9d64268d4baa2974d,0915292001,0.025406779661016947,1
2020-09-01,378c72a31666003322facdc0141751119e155676b2919d35e5b0f8619845642e,0803757001,0.013169491525423727,1
2020-09-01,378c72a31666003322facdc0141751119e155676b2919d35e5b0f8619845642e,0372860001,0.010525423728813559,1
2020-09-01,381a11b2b4133acf5321a97fefd8294c95566d0d17297e3b4b4f0204bc4cdd61,0825771004,0.021338983050847457,2
2020-09-01,381a11b2b4133acf5321a97fefd8294c95566d0d17297e3b4b4f0204bc4cdd61,0875580001,0.014220338983050848,2
2020-09-01,386e33e36a377561444c0d90e05ba5e387371f38a44a7c74b268fbaaf448dd9e,0822344008,0.033881355932203386,2
2020-09-01,3db94b63388222357eec7561f44395d084aa48bd7fa7ce52f7e9d1540ba49cd9,0874113005,0.016932203389830508,2
2020-09-01,45a8d9cf504a3193286ba7fd122ac7b03ce3423d9590e81174f6886765729ce9,0760084011,0.025406779661016947,2
2020-09-01,45a8d9cf504a3193286ba7fd122ac7b03ce3423d9590e81174f6886765729ce9,0894668003,0.025406779661016947,2
2020-09-01,4c26714477541b1c159a74949fe4e79b7aa5d3a1f6c08100b86f63dc4c99dc7b,0894141006,0.025406779661016947,2
2020-09-01,4c26714477541b1c159a74949fe4e79b7aa5d3a1f6c08100b86f63dc4c99dc7b,0767605014,0.025406779661016947,2
2020-09-01,4c26714477541b1c159a74949fe4e79b7aa5d3a1f6c08100b86f63dc4c99dc7b,0905914001,0.016932203389830508,2
2020-09-01,4c26714477541b1c159a74949fe4e79b7aa5d3a1f6c08100b86f63dc4c99dc7b,0825564001,0.016932203389830508,2
2020-09-01,4c2ed49907f163a120f416fbb4cbe31efffaf13ccfa152d5d2a9247c56e36e2b,0907527001,0.027338983050847452,2
2020-09-01,4c2ed49907f163a120f416fbb4cbe31efffaf13ccfa152d5d2a9247c56e36e2b,0905914002,0.014576271186440677,2
2020-09-01,4c859be81050ddd3176a342f35061e713727c782f17b36978d606cef96436232,0751471001,0.033881355932203386,2
2020-09-01,4c859be81050ddd3176a342f35061e713727c782f17b36978d606cef96436232,0751471001,0.033881355932203386,1
2020-09-01,4da683ce8ded712a4471ea9837c6f2bc08249c5d774e09f234816669d92a6f17,0904422001,0.050830508474576264,2
2020-09-01,5075b8be21cd69d205e61a50f222fed61df7c9432e73dd7e9b1c0ce1df293854,0821163003,0.01523728813559322,1
2020-09-01,5075b8be21cd69d205e61a50f222fed61df7c9432e73dd7e9b1c0ce1df293854,0820613001,0.025406779661016947,1
2020-09-01,5075b8be21cd69d205e61a50f222fed61df7c9432e73dd7e9b1c0ce1df293854,0770315017,0.016932203389830508,1
2020-09-01,54cd1105dba15a1de25c69411784bbcb9a26eca5abcffba65c3a6141c290236c,0828934001,0.016932203389830508,1
2020-09-01,54cd1105dba15a1de25c69411784bbcb9a26eca5abcffba65c3a6141c290236c,0827968004,0.016932203389830508,1
2020-09-01,54cd1105dba15a1de25c69411784bbcb9a26eca5abcffba65c3a6141c290236c,0873217001,0.025406779661016947,1
2020-09-01,54cd1105dba15a1de25c69411784bbcb9a26eca5abcffba65c3a6141c290236c,0806388009,0.013542372881355931,1
2020-09-01,54cd1105dba15a1de25c69411784bbcb9a26eca5abcffba65c3a6141c290236c,0937466001,0.022016949152542376,1
2020-09-01,5a3aa81342c4b9d6ed9e2d7a78d1f6026957c020e882388294c52585dcc37e4d,0866610001,0.050830508474576264,2
2020-09-01,5a3aa81342c4b9d6ed9e2d7a78d1f6026957c020e882388294c52585dcc37e4d,0794321011,0.06777966101694916,2
2020-09-01,5c71c5fc464f00125cd97265cf287204ce30118e1b685c45b1f5ba7e29c139ad,0799365002,0.050830508474576264,2
2020-09-01,5c71c5fc464f00125cd97265cf287204ce30118e1b685c45b1f5ba7e29c139ad,0799365002,0.050830508474576264,2
2020-09-01,5cff3d22a366f1626d54ab348573f45f99ef6da52d6d1767b8f67cb32f2793d2,0854663002,0.016932203389830508,1
2020-09-01,5cff3d22a366f1626d54ab348573f45f99ef6da52d6d1767b8f67cb32f2793d2,0854663002,0.016932203389830508,1
2020-09-01,5fb33f6b9cf7b8eee960e2caa7a5e31df9577a0527d79037651a945b856d53fc,0863583001,0.033881355932203386,1
2020-09-01,5feb16a17225ebd88d55ba3890d546608e1cab22534434ebbc553390ad5d602b,0697564010,0.016932203389830508,1
2020-09-01,62af43408d49af28247b12c293ce92149ddbed9f3ecda7f98da16fafe297b900,0806388005,0.013542372881355931,1
2020-09-01,62af43408d49af28247b12c293ce92149ddbed9f3ecda7f98da16fafe297b900,0759814010,0.033881355932203386,1
2020-09-01,6419de6b6e866967c7087457268bd05abbc24dfa6b6ca709caf03902b0ee89fd,0914868004,0.025406779661016947,1
2020-09-01,6419de6b6e866967c7087457268bd05abbc24dfa6b6ca709caf03902b0ee89fd,0677917002,0.025406779661016947,1
2020-09-01,6419de6b6e866967c7087457268bd05abbc24dfa6b6ca709caf03902b0ee89fd,0564313017,0.025406779661016947,1
2020-09-01,6419de6b6e866967c7087457268bd05abbc24dfa6b6ca709caf03902b0ee89fd,0516859013,0.013542372881355931,1
2020-09-01,6419de6b6e866967c7087457268bd05abbc24dfa6b6ca709caf03902b0ee89fd,0797302001,0.050830508474576264,1
2020-09-01,65c21b91e51f9b5973f27edac0f033336c3067b88ae531fcf723f66984be8a70,0917296005,0.050830508474576264,1
2020-09-01,65c21b91e51f9b5973f27edac0f033336c3067b88ae531fcf723f66984be8a70,0743840027,0.033881355932203386,1
2020-09-01,65cf6377d4c43657b8d8785c3df6ccdf2f586ece719223e89a299b67281376aa,0874754001,0.033881355932203386,2
2020-09-01,65cf6377d4c43657b8d8785c3df6ccdf2f586ece719223e89a299b67281376aa,0796210001,0.025406779661016947,2
2020-09-01,65cf6377d4c43657b8d8785c3df6ccdf2f586ece719223e89a299b67281376aa,0750422039,0.033881355932203386,2
2020-09-01,7518c923459873988bb23ac5ca7fedb2dec9e61445867a4161c8411887de9a98,0918292001,0.042355932203389825,2
2020-09-01,7518c923459873988bb23ac5ca7fedb2dec9e61445867a4161c8411887de9a98,0905957001,0.042355932203389825,2
2020-09-01,7671fc4620162c5a3295379260725514eaa9f204191816da5127af924f996ff9,0699755072,0.042355932203389825,1
2020-09-01,797637d841a890f5b0cdaaaaac18e723b421e30ef91fa1e1ad9278c02d585f9a,0825771001,0.023372881355932202,2
2020-09-01,797637d841a890f5b0cdaaaaac18e723b421e30ef91fa1e1ad9278c02d585f9a,0799365004,0.04676271186440678,2
2020-09-01,797637d841a890f5b0cdaaaaac18e723b421e30ef91fa1e1ad9278c02d585f9a,0799365028,0.04676271186440678,2
2020-09-01,797637d841a890f5b0cdaaaaac18e723b421e30ef91fa1e1ad9278c02d585f9a,0933706001,0.015576271186440678,2
2020-09-01,797637d841a890f5b0cdaaaaac18e723b421e30ef91fa1e1ad9278c02d585f9a,0825771006,0.023372881355932202,2
2020-09-01,7f03be2b0f8d5c3d309db46086c3cd78c52e01c992abc2b7106df9ba13619d03,0762846027,0.025406779661016947,1
2020-09-01,80ef510fd369862d700496807e7227cfd1e345ed1a58ebfe0d5c4717b49b6ade,0568601006,0.050830508474576264,1
2020-09-01,80ef510fd369862d700496807e7227cfd1e345ed1a58ebfe0d5c4717b49b6ade,0850917001,0.025406779661016947,1
2020-09-01,83606e7996062257a6c5719f05bfde3e2715a0458573b742517d241b6adf3a87,0820032003,0.010152542372881357,2
2020-09-01,83606e7996062257a6c5719f05bfde3e2715a0458573b742517d241b6adf3a87,0820032003,0.010152542372881357,2
2020-09-01,83606e7996062257a6c5719f05bfde3e2715a0458573b742517d241b6adf3a87,0843940001,0.033881355932203386,2
2020-09-01,83606e7996062257a6c5719f05bfde3e2715a0458573b742517d241b6adf3a87,0929866001,0.042355932203389825,2
2020-09-01,84b1e6e355a6e4207005fe4b90c764b4ae35c97feb793e8b1d75d53787bfc278,0767862001,0.016932203389830508,2
2020-09-01,8879a01a85c11545b7e3a510c3683c5ad8f54eb1b85e2b488fd851584e332517,0902982001,0.05930508474576271,2
2020-09-01,8a3e654101814986eb4b09430f01a88c32d964df7a6f854fbb62b46cee5045d8,0808685005,0.01523728813559322,1
2020-09-01,8a3e654101814986eb4b09430f01a88c32d964df7a6f854fbb62b46cee5045d8,0808029001,0.022016949152542376,1
2020-09-01,8cd31ae95e7f9027c482486e2e05d44e02a896da087b501ff8fa2dbc33060d22,0896152001,0.033881355932203386,1
2020-09-01,908c7a3c894b5172172c5e261150c7d963964311cc4f2d3ca15830e0802a0c95,0873796002,0.02328813559322034,1
2020-09-01,908c7a3c894b5172172c5e261150c7d963964311cc4f2d3ca15830e0802a0c95,0870579002,0.03105084745762712,1
2020-09-01,908c7a3c894b5172172c5e261150c7d963964311cc4f2d3ca15830e0802a0c95,0871501002,0.0201864406779661,1
2020-09-01,9a3d4d858b4a2c0a1fac926247cf0c6b66c47b9704c6709fd5ac0d54d1f619a3,0237347059,0.033881355932203386,2
2020-09-01,9a3d4d858b4a2c0a1fac926247cf0c6b66c47b9704c6709fd5ac0d54d1f619a3,0919786002,0.042355932203389825,2
2020-09-01,9a3d4d858b4a2c0a1fac926247cf0c6b66c47b9704c6709fd5ac0d54d1f619a3,0934380001,0.050830508474576264,2
2020-09-01,a1e65fabdd319304d161b067f3b78a3497977e3f626e7b3d3f141fd67c53cb2a,0894956006,0.025406779661016947,2
2020-09-01,a1e65fabdd319304d161b067f3b78a3497977e3f626e7b3d3f141fd67c53cb2a,0894956001,0.025406779661016947,2
2020-09-01,a676110e92b336369cdaebdba59d9e8b114501e4cb93429992a07dd6d1c96275,0714790020,0.050830508474576264,1
2020-09-01,a676110e92b336369cdaebdba59d9e8b114501e4cb93429992a07dd6d1c96275,0914441004,0.033881355932203386,1
2020-09-01,a962a49dd6b621e9b57b11f674ddda299583b69a3a49b425f5d375f7b0226a32,0764919001,0.033881355932203386,2
2020-09-01,a962a49dd6b621e9b57b11f674ddda299583b69a3a49b425f5d375f7b0226a32,0786542002,0.00676271186440678,2
2020-09-01,aa44671978078ca458dfe3bb9d7230e774633acb59f4f3a03f7e9e4054cf6640,0825782001,0.03049152542372881,2
2020-09-01,aa44671978078ca458dfe3bb9d7230e774633acb59f4f3a03f7e9e4054cf6640,0751471001,0.033881355932203386,2
2020-09-01,aa44671978078ca458dfe3bb9d7230e774633acb59f4f3a03f7e9e4054cf6640,0751471041,0.033881355932203386,2
2020-09-01,abfe0f03d93fd3084311af4f79682c57a5040eef47e91531737362287eae50cb,0857812004,0.025406779661016947,2
2020-09-01,ad9f3125ba62cf411289ecda5a725e6b4a013b3f4badec93b3647960fd6a375e,0898378003,0.050830508474576264,2
2020-09-01,ad9f3125ba62cf411289ecda5a725e6b4a013b3f4badec93b3647960fd6a375e,0862106006,0.050830508474576264,2
2020-09-01,ad9f3125ba62cf411289ecda5a725e6b4a013b3f4badec93b3647960fd6a375e,0800881006,0.06777966101694916,2
2020-09-01,ad9f3125ba62cf411289ecda5a725e6b4a013b3f4badec93b3647960fd6a375e,0898378003,0.050830508474576264,2
2020-09-01,ad9f3125ba62cf411289ecda5a725e6b4a013b3f4badec93b3647960fd6a375e,0800881006,0.06777966101694916,2
2020-09-01,ad9f3125ba62cf411289ecda5a725e6b4a013b3f4badec93b3647960fd6a375e,0862106006,0.050830508474576264,2
2020-09-01,b03d7c96e03ca3e827922bcd8e13d11b3e40e870f42a4d8b9698a881e87726b5,0873678007,0.025406779661016947,1
2020-09-01,b03d7c96e03ca3e827922bcd8e13d11b3e40e870f42a4d8b9698a881e87726b5,0832458001,0.016932203389830508,1
2020-09-01,b103e060c49a15dbef01529336a56159b2508b6fe2e3adb9adb9e1ffc6400581,0896152001,0.033881355932203386,2
2020-09-01,b103e060c49a15dbef01529336a56159b2508b6fe2e3adb9adb9e1ffc6400581,0896152003,0.033881355932203386,2
2020-09-01,b169d05c68e859e71d4e00f8be39b93ab27949928fdbb69b3583320e6de17fbc,0745686008,0.03049152542372881,1
2020-09-01,b169d05c68e859e71d4e00f8be39b93ab27949928fdbb69b3583320e6de17fbc,0854384001,0.016932203389830508,1
2020-09-01,b169d05c68e859e71d4e00f8be39b93ab27949928fdbb69b3583320e6de17fbc,0872924001,0.033881355932203386,1
2020-09-01,b169d05c68e859e71d4e00f8be39b93ab27949928fdbb69b3583320e6de17fbc,0492897002,0.025406779661016947,1
2020-09-01,b169d05c68e859e71d4e00f8be39b93ab27949928fdbb69b3583320e6de17fbc,0771970006,0.025406779661016947,1
2020-09-01,ba3dc106edcab4399f7cabd3560ee1fda4effa0f87985572bf784b92b9cf2a6b,0921380001,0.06777966101694916,2
2020-09-01,bb3c7a14a68eb6252b4fbcc3dccc3d7475bd6847a47afa4f382459513f9a25f6,0868283001,0.014220338983050848,2
2020-09-01,bb3c7a14a68eb6252b4fbcc3dccc3d7475bd6847a47afa4f382459513f9a25f6,0894956001,0.021338983050847457,2
2020-09-01,bcf3f833be658ee5d9bf0a931613e270df3f7d56729f98f4cbc7fbc131040023,0911214001,0.016932203389830508,2
2020-09-01,bcf3f833be658ee5d9bf0a931613e270df3f7d56729f98f4cbc7fbc131040023,0715624053,0.025406779661016947,2
2020-09-01,c5036ea4cf179c4d2c35dee3bb5eeaa655e764c8c3090c4452e3b10a09285e7a,0399136004,0.06493220338983051,2
2020-09-01,c5036ea4cf179c4d2c35dee3bb5eeaa655e764c8c3090c4452e3b10a09285e7a,0889460001,0.024322033898305083,2
2020-09-01,c5036ea4cf179c4d2c35dee3bb5eeaa655e764c8c3090c4452e3b10a09285e7a,0399136011,0.06493220338983051,2
2020-09-01,c6c943a8b03ab3b101e84c2cfc3d8910cfd17d78bb9490864075771b8329aa3f,0870328003,0.033881355932203386,2
2020-09-01,c6c943a8b03ab3b101e84c2cfc3d8910cfd17d78bb9490864075771b8329aa3f,0905811003,0.033881355932203386,2
2020-09-01,c8e1a9d9a67fc8298544c5a24ae31c7c4df9ad72ca4bb7fe54675578c2ed5f2d,0875855001,0.033881355932203386,2
2020-09-01,c8e1a9d9a67fc8298544c5a24ae31c7c4df9ad72ca4bb7fe54675578c2ed5f2d,0921918001,0.042355932203389825,2
2020-09-01,c8e1a9d9a67fc8298544c5a24ae31c7c4df9ad72ca4bb7fe54675578c2ed5f2d,0882336002,0.033881355932203386,2
2020-09-01,c8e1a9d9a67fc8298544c5a24ae31c7c4df9ad72ca4bb7fe54675578c2ed5f2d,0882336002,0.033881355932203386,2
2020-09-01,c8e1a9d9a67fc8298544c5a24ae31c7c4df9ad72ca4bb7fe54675578c2ed5f2d,0900256001,0.03049152542372881,2
2020-09-01,c9fe458c9e76f0e96b9c9b03dc2a82beb4360b3cd6b03d5c0eb46f9bb9f44e93,0715624001,0.025406779661016947,2
2020-09-01,cd54017f5f40150f047bd1280f4b2ad8519ffedcdb53d748a9f94650203cb2ce,0785515002,0.05930508474576271,1
2020-09-01,cd54017f5f40150f047bd1280f4b2ad8519ffedcdb53d748a9f94650203cb2ce,0889669001,0.05930508474576271,1
2020-09-01,cda69577ca92c9e4b820a59d00532794c9d7f051a070ec01e79c9c5c8dcd783d,0857778011,0.033881355932203386,2
2020-09-01,cda69577ca92c9e4b820a59d00532794c9d7f051a070ec01e79c9c5c8dcd783d,0883307001,0.033881355932203386,2
2020-09-01,ced019e90194bb864f33e92a26f727da1d0cd93e7541fd075217e386ea5cac1b,0362219001,0.006084745762711864,1
2020-09-01,ced019e90194bb864f33e92a26f727da1d0cd93e7541fd075217e386ea5cac1b,0439285001,0.016932203389830508,1
2020-09-01,cfbedf259775bd07b5c38b8ca8f391850b7982e89c88e44492879f0ca40b0a50,0853881001,0.016932203389830508,1
2020-09-01,d1a9930fd8b9f6788bff8d097de78038aa5f548aa0a12f4204708eb050c6e3cd,0901813001,0.06438983050847458,2
2020-09-01,d1a9930fd8b9f6788bff8d097de78038aa5f548aa0a12f4204708eb050c6e3cd,0854794001,0.06438983050847458,2
2020-09-01,db3e5fac207f0f164c0d15fcdbc4cbbd8999081a864ad703bfa290c526af53b5,0573085028,0.033881355932203386,1
2020-09-01,db9fdc2927726a59f141fba7e37eb3b47eb374d184d1429ed57439ff703474c8,0874754002,0.033881355932203386,2
2020-09-01,df5d56667399673ac0525cc13ddd90a9b97acfd6952d2cc5cc316eab6311f9c8,0822115004,0.018627118644067797,2
2020-09-01,e317469e9c6c18cea6eef0bc7a5364d4204eb15574937b68be6b7d970b0c5e5f,0933889001,0.015423728813559322,1
2020-09-01,e317469e9c6c18cea6eef0bc7a5364d4204eb15574937b68be6b7d970b0c5e5f,0918292004,0.03859322033898305,1
2020-09-01,e317469e9c6c18cea6eef0bc7a5364d4204eb15574937b68be6b7d970b0c5e5f,0903590001,0.015423728813559322,1
2020-09-01,e8f7185cc34dc808ff3523e761e727edf9af4216b4a58d893e6d220ef03196f1,0891591007,0.08472881355932205,2
2020-09-01,e8f7185cc34dc808ff3523e761e727edf9af4216b4a58d893e6d220ef03196f1,0921380001,0.06777966101694916,2
2020-09-01,e8f7185cc34dc808ff3523e761e727edf9af4216b4a58d893e6d220ef03196f1,0888908001,0.08472881355932205,2
2020-09-01,eb58e5b66765fc855d23b20fd0a0fc8f45e941bab0451fd24a8ab80d9b5f3ed5,0748355012,0.022016949152542376,2
2020-09-01,eb58e5b66765fc855d23b20fd0a0fc8f45e941bab0451fd24a8ab80d9b5f3ed5,0723469018,0.025406779661016947,2
2020-09-01,ebe39ec22aa900f8833260cb80c37e3eb22aa12a5557de25cbc9bceb7644ab66,0906741001,0.06438983050847458,1
2020-09-01,ebe39ec22aa900f8833260cb80c37e3eb22aa12a5557de25cbc9bceb7644ab66,0887748001,0.04023728813559321,1
2020-09-01,ebe39ec22aa900f8833260cb80c37e3eb22aa12a5557de25cbc9bceb7644ab66,0786304008,0.024135593220338983,1
2020-09-01,ec00b3ade836808579356a1b31ca7688b4161e472492ffd4ae4509dc57fa6be9,0892051004,0.022016949152542376,1
2020-09-01,ef28ef874d76a214572bae6c2c5caff7464d9447edd6e630c5345b4526217a3e,0762846031,0.025406779661016947,1
2020-09-01,ef7dc0e436bf114e4bfba1271dfb12bf53539f4671803b79e3ab10f2b555c47c,0810170022,0.06777966101694916,1
2020-09-01,f49bc5c839556fb6fa4f5321f7045a223f813e7951f92ca371cacf2378dcabfe,0907696002,0.016932203389830508,1
2020-09-01,f49bc5c839556fb6fa4f5321f7045a223f813e7951f92ca371cacf2378dcabfe,0372860068,0.013542372881355931,1
2020-09-01,f7266595076d2554ad432d2dc9ffe6eddf8acb265ec40eaf56a2a5f3b0280fb2,0921906001,0.033881355932203386,1
2020-09-01,f7266595076d2554ad432d2dc9ffe6eddf8acb265ec40eaf56a2a5f3b0280fb2,0921906001,0.033881355932203386,1
2020-09-01,f7a707e1fa0f5b318de84c7c3ca21fd29b5c08b58f3ee0837f9c8214fa16f97d,0859743004,0.022016949152542376,2
2020-09-01,f7a707e1fa0f5b318de84c7c3ca21fd29b5c08b58f3ee0837f9c8214fa16f97d,0859737001,0.025406779661016947,2
2020-09-01,f7a707e1fa0f5b318de84c7c3ca21fd29b5c08b58f3ee0837f9c8214fa16f97d,0859743002,0.022016949152542376,2
2020-09-01,f7a707e1fa0f5b318de84c7c3ca21fd29b5c08b58f3ee0837f9c8214fa16f97d,0859743002,0.022016949152542376,2
2020-09-02,018226b16cdedadc1e73bad99ed0605bac5c8d7ffa57c9eb527b24301f2d036a,0700758001,0.022016949152542376,1
2020-09-02,018226b16cdedadc1e73bad99ed0605bac5c8d7ffa57c9eb527b24301f2d036a,0801447001,0.03049152542372881,1
2020-09-02,018226b16cdedadc1e73bad99ed0605bac5c8d7ffa57c9eb527b24301f2d036a,0918292001,0.042355932203389825,1
2020-09-02,02ba264ea5c7130504924f49228bcbaaa9ee96b76a6b4b0a16e19e691cf59f7b,0826218002,0.005067796610169492,2
2020-09-02,0689c095203d37e702e809cb3cbabc49144aeb7729dd52c9555f02a7de5e7906,0916468001,0.033881355932203386,1
2020-09-02,0dfbe8513c84406814488493c20a51c7635af0d89b37f96f77b207d64bab665e,0849886010,0.025406779661016947,1
2020-09-02,0eb837d98896dc9b8fd57ef7ad8691b4103c72a9e2044b28d31053bb87c63f17,0912088001,0.013542372881355931,1
2020-09-02,0eb837d98896dc9b8fd57ef7ad8691b4103c72a9e2044b28d31053bb87c63f17,0912088001,0.013542372881355931,1
2020-09-02,116188f49cd07b712694f8c327f5549a3bd4e0240952a134fe500d0bfc6c33dc,0685814033,0.033881355932203386,1
2020-09-02,116188f49cd07b712694f8c327f5549a3bd4e0240952a134fe500d0bfc6c33dc,0902731001,0.050830508474576264,1
2020-09-02,1344c9216ab07e526016616e787d16a2b0c3014cef334f558c81cbebce063a1e,0913688003,0.033881355932203386,1
2020-09-02,1344c9216ab07e526016616e787d16a2b0c3014cef334f558c81cbebce063a1e,0904260002,0.08472881355932205,1
2020-09-02,15cec0ef11a3614f9c6fc97c8b988b788bb539efc94d88c2fa914feb861e401e,0871243001,0.03049152542372881,2
2020-09-02,15cec0ef11a3614f9c6fc97c8b988b788bb539efc94d88c2fa914feb861e401e,0858147001,0.033881355932203386,2
2020-09-02,1783290127d32b90aa63a5bf8fd67b18a0415550f1433244faac7a88956f92c3,0868823007,0.025406779661016947,2
2020-09-02,1783290127d32b90aa63a5bf8fd67b18a0415550f1433244faac7a88956f92c3,0914537002,0.025406779661016947,2
2020-09-02,1783290127d32b90aa63a5bf8fd67b18a0415550f1433244faac7a88956f92c3,0921571001,0.08472881355932205,2
2020-09-02,1783290127d32b90aa63a5bf8fd67b18a0415550f1433244faac7a88956f92c3,0918292004,0.042355932203389825,2
2020-09-02,1783290127d32b90aa63a5bf8fd67b18a0415550f1433244faac7a88956f92c3,0918292004,0.042355932203389825,2
2020-09-02,18515d86c0d0e779fe04dc60e40ba594b45c970f4f14d42d77969d23b47c4e0a,0882418002,0.018627118644067797,1
2020-09-02,18515d86c0d0e779fe04dc60e40ba594b45c970f4f14d42d77969d23b47c4e0a,0812375006,0.010152542372881357,1
2020-09-02,1ec5d58bfde26c8dbfe8f15b30deb0f0e4bc29c7b010955ce09285183ebf1426,0736870001,0.016932203389830508,1
2020-09-02,1ec5d58bfde26c8dbfe8f15b30deb0f0e4bc29c7b010955ce09285183ebf1426,0843555003,0.033881355932203386,1
2020-09-02,2317635e0544be4edcaddbf185efeb19d078f22a7992eb7448cbb72b6f727df1,0919365008,0.042355932203389825,2
2020-09-02,2a9a673132be0cd904d19d18f5d37b8616d92c668cffc7d096d1d4f59df9b099,0399223059,0.033881355932203386,1
2020-09-02,2a9a673132be0cd904d19d18f5d37b8616d92c668cffc7d096d1d4f59df9b099,0914441001,0.033881355932203386,1
2020-09-02,2a9a673132be0cd904d19d18f5d37b8616d92c668cffc7d096d1d4f59df9b099,0914441004,0.033881355932203386,1
2020-09-02,2fb56eb21d0a0dbc6e6ad65a6f1fc17bddebed368682d6f7300b82fba905a881,0871311002,0.025406779661016947,1
2020-09-02,2fb56eb21d0a0dbc6e6ad65a6f1fc17bddebed368682d6f7300b82fba905a881,0762846031,0.01905084745762712,1
2020-09-02,2fb56eb21d0a0dbc6e6ad65a6f1fc17bddebed368682d6f7300b82fba905a881,0611415001,0.016932203389830508,1
2020-09-02,30b5f1dcbc29d4aebd55ddde9e4d7dfbb782e3ef6701e168ac08a756c91b1317,0179950001,0.025406779661016947,2
2020-09-02,30b5f1dcbc29d4aebd55ddde9e4d7dfbb782e3ef6701e168ac08a756c91b1317,0897901003,0.042355932203389825,2
2020-09-02,30b5f1dcbc29d4aebd55ddde9e4d7dfbb782e3ef6701e168ac08a756c91b1317,0923460001,0.042355932203389825,2
2020-09-02,30b5f1dcbc29d4aebd55ddde9e4d7dfbb782e3ef6701e168ac08a756c91b1317,0918835001,0.025406779661016947,2
2020-09-02,30b5f1dcbc29d4aebd55ddde9e4d7dfbb782e3ef6701e168ac08a756c91b1317,0871527003,0.033881355932203386,2
2020-09-02,30b5f1dcbc29d4aebd55ddde9e4d7dfbb782e3ef6701e168ac08a756c91b1317,0902175002,0.033881355932203386,2
2020-09-02,30b5f1dcbc29d4aebd55ddde9e4d7dfbb782e3ef6701e168ac08a756c91b1317,0900169005,0.050830508474576264,2
2020-09-02,30b5f1dcbc29d4aebd55ddde9e4d7dfbb782e3ef6701e168ac08a756c91b1317,0914319002,0.050830508474576264,2
2020-09-02,30b5f1dcbc29d4aebd55ddde9e4d7dfbb782e3ef6701e168ac08a756c91b1317,0832307007,0.06777966101694916,2
2020-09-02,30b5f1dcbc29d4aebd55ddde9e4d7dfbb782e3ef6701e168ac08a756c91b1317,0885239002,0.013542372881355931,2
2020-09-02,30b5f1dcbc29d4aebd55ddde9e4d7dfbb782e3ef6701e168ac08a756c91b1317,0883533003,0.025406779661016947,2
2020-09-02,30b5f1dcbc29d4aebd55ddde9e4d7dfbb782e3ef6701e168ac08a756c91b1317,0903266001,0.050830508474576264,2
2020-09-02,30b5f1dcbc29d4aebd55ddde9e4d7dfbb782e3ef6701e168ac08a756c91b1317,0827487003,0.042355932203389825,2
2020-09-02,30b5f1dcbc29d4aebd55ddde9e4d7dfbb782e3ef6701e168ac08a756c91b1317,0883533002,0.025406779661016947,2
2020-09-02,30b5f1dcbc29d4aebd55ddde9e4d7dfbb782e3ef6701e168ac08a756c91b1317,0572998009,0.042355932203389825,2
2020-09-02,30b5f1dcbc29d4aebd55ddde9e4d7dfbb782e3ef6701e168ac08a756c91b1317,0900169001,0.050830508474576264,2
2020-09-02,30b73635d2c07e42bd7bf2141156dc3260bceb4e61c956653dc13d05de0f8b5e,0714790028,0.050830508474576264,2
2020-09-02,39fea1c920d6c1219fe3ca67c9851c4b3763aab290067b35c2762c151583776e,0829302002,0.03049152542372881,1
2020-09-02,3df8c7ad8628ff02b1b06a9919d41b88c50da4f156706c6a7ae283f0e97c7d1f,0685815001,0.033881355932203386,1
2020-09-02,409b95dd4d1304024678c702dd15e9abe2feddf40d8415511cd057603d41ba57,0918171001,0.03811864406779661,2
2020-09-02,409b95dd4d1304024678c702dd15e9abe2feddf40d8415511cd057603d41ba57,0918171001,0.050830508474576264,2
2020-09-02,40f394c99f80481cd85005f74cce018ff32ebe39b06307f1521888f4b6883e43,0715624013,0.025406779661016947,2
2020-09-02,40f394c99f80481cd85005f74cce018ff32ebe39b06307f1521888f4b6883e43,0922619001,0.050830508474576264,2
2020-09-02,42601f637b8b06154a21b9717843620dad76cc20845422bdf06f50c88ef277c1,0929397001,0.022016949152542376,2
2020-09-02,42601f637b8b06154a21b9717843620dad76cc20845422bdf06f50c88ef277c1,0839287007,0.025406779661016947,2
2020-09-02,42601f637b8b06154a21b9717843620dad76cc20845422bdf06f50c88ef277c1,0865086004,0.042355932203389825,2
2020-09-02,42601f637b8b06154a21b9717843620dad76cc20845422bdf06f50c88ef277c1,0724906006,0.06777966101694916,2
2020-09-02,42601f637b8b06154a21b9717843620dad76cc20845422bdf06f50c88ef277c1,0876339002,0.06777966101694916,2
2020-09-02,42601f637b8b06154a21b9717843620dad76cc20845422bdf06f50c88ef277c1,0839496002,0.00676271186440678,2
2020-09-02,42d28c13776b342ffc13d27460087121144c8ea85967b04f855f49fbf201f848,0916468001,0.033881355932203386,1
2020-09-02,430e2c9a4229bb161dfc31bc3483d6e1209bea0520b6e45b9275bb88bcc27043,0441386001,0.042355932203389825,2
2020-09-02,430e2c9a4229bb161dfc31bc3483d6e1209bea0520b6e45b9275bb88bcc27043,0927347001,0.016932203389830508,2
2020-09-02,430e2c9a4229bb161dfc31bc3483d6e1209bea0520b6e45b9275bb88bcc27043,0921918001,0.042355932203389825,2
2020-09-02,4490f08b6bfa616520d26fa90e8a5a887120411ffe1bbe4c48c787100abaa6bb,0840351002,0.008457627118644067,1
2020-09-02,4490f08b6bfa616520d26fa90e8a5a887120411ffe1bbe4c48c787100abaa6bb,0759871001,0.0033728813559322033,1
2020-09-02,4490f08b6bfa616520d26fa90e8a5a887120411ffe1bbe4c48c787100abaa6bb,0826205002,0.013542372881355931,1
2020-09-02,4490f08b6bfa616520d26fa90e8a5a887120411ffe1bbe4c48c787100abaa6bb,0759871002,0.00676271186440678,1
2020-09-02,469dddbdc4f12ed5607d429e8d5ef1eea67921462dfb5fdc9d3ad2b225c13aad,0826492004,0.033881355932203386,2
2020-09-02,469dddbdc4f12ed5607d429e8d5ef1eea67921462dfb5fdc9d3ad2b225c13aad,0680391017,0.016932203389830508,2
2020-09-02,469dddbdc4f12ed5607d429e8d5ef1eea67921462dfb5fdc9d3ad2b225c13aad,0815550003,0.042355932203389825,2
2020-09-02,469dddbdc4f12ed5607d429e8d5ef1eea67921462dfb5fdc9d3ad2b225c13aad,0787946002,0.016932203389830508,2
2020-09-02,4715bfe4fe902998a45b102663516ac60e1639d759a7019366b54af8e421849b,0631536041,0.01523728813559322,1
2020-09-02,4715bfe4fe902998a45b102663516ac60e1639d759a7019366b54af8e421849b,0715624062,0.022864406779661017,1
2020-09-02,4f00a0713d5d7bca89c7ab95a3afaf2123a38eae40fd3a79406feb96c5b5fe3f,0889370001,0.025406779661016947,2
2020-09-02,4f468f76a568420291f283f4370d8807006ee658f17aeddaf8ffe381266a4248,0827968016,0.01523728813559322,2
2020-09-02,5a9981ec5ebfafb736b227aeb9b93ac08553c854b88af4b3a64d1012564c7484,0869473003,0.025406779661016947,2
2020-09-02,5a9981ec5ebfafb736b227aeb9b93ac08553c854b88af4b3a64d1012564c7484,0933408001,0.013542372881355931,2
2020-09-02,5a9981ec5ebfafb736b227aeb9b93ac08553c854b88af4b3a64d1012564c7484,0918640001,0.022016949152542376,2
2020-09-02,623ffa36e72dde35eb577c5757e61780b75625e5de60aca69c145a8ba9321722,0674606025,0.008457627118644067,2
2020-09-02,623ffa36e72dde35eb577c5757e61780b75625e5de60aca69c145a8ba9321722,0768921001,0.013542372881355931,2
2020-09-02,659f54156d632b72b1938603b06cae19149645095bb7bec5f1c2df94eee143e3,0871710001,0.033881355932203386,1
2020-09-02,6822e414bb9dc23f1adb362a29eca83382951baf6034767a3a9690d1af92c1e9,0909081004,0.022016949152542376,2
2020-09-02,6822e414bb9dc23f1adb362a29eca83382951baf6034767a3a9690d1af92c1e9,0818264004,0.022016949152542376,2
2020-09-02,6f56291b459392ee00180b3ed91cc87e20a2823e7502f805c168f64bc2f2da8f,0751471042,0.033881355932203386,2
2020-09-02,6f56291b459392ee00180b3ed91cc87e20a2823e7502f805c168f64bc2f2da8f,0568601007,0.050830508474576264,2
2020-09-02,6f56291b459392ee00180b3ed91cc87e20a2823e7502f805c168f64bc2f2da8f,0568601007,0.050830508474576264,2
2020-09-02,6f56291b459392ee00180b3ed91cc87e20a2823e7502f805c168f64bc2f2da8f,0751471042,0.033881355932203386,2
2020-09-02,6fe8d8ee596f9cd7906b6f8eaf7fddef3829a8afe9b4a680353ae52cb717fb9a,0717490008,0.007898305084745762,2
2020-09-02,6fe8d8ee596f9cd7906b6f8eaf7fddef3829a8afe9b4a680353ae52cb717fb9a,0714790028,0.04744067796610169,2
2020-09-02,6fe8d8ee596f9cd7906b6f8eaf7fddef3829a8afe9b4a680353ae52cb717fb9a,0867966009,0.031627118644067795,2
2020-09-02,6fe8d8ee596f9cd7906b6f8eaf7fddef3829a8afe9b4a680353ae52cb717fb9a,0717490057,0.00788135593220339,2
2020-09-02,725f0159281473a681af34ec4c467cda2d44a58fd2f91f3c0d5213714d54f4a6,0895002002,0.010152542372881357,2
2020-09-02,725f0159281473a681af34ec4c467cda2d44a58fd2f91f3c0d5213714d54f4a6,0895002002,0.010152542372881357,2
2020-09-02,725f0159281473a681af34ec4c467cda2d44a58fd2f91f3c0d5213714d54f4a6,0572998001,0.042355932203389825,2
2020-09-02,72d5f11d26ddbbc6bf7eda636813367bb79cd1aff89affa2969e9a3d0e0d30a0,0568601044,0.050830508474576264,1
2020-09-02,72d5f11d26ddbbc6bf7eda636813367bb79cd1aff89affa2969e9a3d0e0d30a0,0884174003,0.016932203389830508,1
2020-09-02,7505c1e8209bfe13c15ed2c2f10b9711db3b6365a44a394cf9dc1e93ef6ff00c,0915529001,0.033881355932203386,2
2020-09-02,7e06b519b08d1ff9636b1aad25a815291e9f40a59ba0bb9cbcde69b0174f7c5f,0928331002,0.027101694915254236,1
2020-09-02,7f474dd9e028e6898664559a91e6eed07f2c90e7c1d42c957e4635b9e290f7a9,0599580038,0.016932203389830508,2
2020-09-02,7f474dd9e028e6898664559a91e6eed07f2c90e7c1d42c957e4635b9e290f7a9,0882759003,0.016932203389830508,2
2020-09-02,7f474dd9e028e6898664559a91e6eed07f2c90e7c1d42c957e4635b9e290f7a9,0882759003,0.016932203389830508,2
2020-09-02,7f474dd9e028e6898664559a91e6eed07f2c90e7c1d42c957e4635b9e290f7a9,0688537021,0.016932203389830508,2
2020-09-02,7f474dd9e028e6898664559a91e6eed07f2c90e7c1d42c957e4635b9e290f7a9,0832298006,0.01523728813559322,2
2020-09-02,7f474dd9e028e6898664559a91e6eed07f2c90e7c1d42c957e4635b9e290f7a9,0832298006,0.01523728813559322,2
2020-09-02,7f474dd9e028e6898664559a91e6eed07f2c90e7c1d42c957e4635b9e290f7a9,0834258001,0.03049152542372881,2
2020-09-02,7f474dd9e028e6898664559a91e6eed07f2c90e7c1d42c957e4635b9e290f7a9,0834258001,0.03049152542372881,2
2020-09-02,7f474dd9e028e6898664559a91e6eed07f2c90e7c1d42c957e4635b9e290f7a9,0823505001,0.03049152542372881,2
2020-09-02,7f474dd9e028e6898664559a91e6eed07f2c90e7c1d42c957e4635b9e290f7a9,0599580038,0.016932203389830508,2
2020-09-02,7f474dd9e028e6898664559a91e6eed07f2c90e7c1d42c957e4635b9e290f7a9,0351484039,0.022016949152542376,2
2020-09-02,7f474dd9e028e6898664559a91e6eed07f2c90e7c1d42c957e4635b9e290f7a9,0351484039,0.022016949152542376,2
2020-09-02,7f474dd9e028e6898664559a91e6eed07f2c90e7c1d42c957e4635b9e290f7a9,0832298003,0.033881355932203386,2
2020-09-02,7f474dd9e028e6898664559a91e6eed07f2c90e7c1d42c957e4635b9e290f7a9,0832298003,0.033881355932203386,2
2020-09-02,7f474dd9e028e6898664559a91e6eed07f2c90e7c1d42c957e4635b9e290f7a9,0823505001,0.03049152542372881,2
2020-09-02,7f474dd9e028e6898664559a91e6eed07f2c90e7c1d42c957e4635b9e290f7a9,0834258001,0.03049152542372881,2
2020-09-02,833d28d3eda04bfea95481c7e321edb2c6680445fddd88e52835c7b8d40173e0,0822238002,0.01905084745762712,1
2020-09-02,833d28d3eda04bfea95481c7e321edb2c6680445fddd88e52835c7b8d40173e0,0832359001,0.014389830508474576,1
2020-09-02,833d28d3eda04bfea95481c7e321edb2c6680445fddd88e52835c7b8d40173e0,0678942054,0.014389830508474576,1
2020-09-02,85adc56396e696925edf7b2cf8d6d95321248a8c3a92cecd0d2573d9448d1360,0824995001,0.025406779661016947,2
2020-09-02,85adc56396e696925edf7b2cf8d6d95321248a8c3a92cecd0d2573d9448d1360,0927922001,0.033881355932203386,2
2020-09-02,85adc56396e696925edf7b2cf8d6d95321248a8c3a92cecd0d2573d9448d1360,0918836001,0.042355932203389825,2
2020-09-02,8773ccddedfd01ae37a6a2892e0948f4edc77d3ccbd6078f4340a226b1cfd1a1,0902518001,0.016932203389830508,2
2020-09-02,8773ccddedfd01ae37a6a2892e0948f4edc77d3ccbd6078f4340a226b1cfd1a1,0799365011,0.050830508474576264,2
2020-09-02,8773ccddedfd01ae37a6a2892e0948f4edc77d3ccbd6078f4340a226b1cfd1a1,0874754004,0.033881355932203386,2
2020-09-02,8773ccddedfd01ae37a6a2892e0948f4edc77d3ccbd6078f4340a226b1cfd1a1,0573085047,0.033881355932203386,2
2020-09-02,8773ccddedfd01ae37a6a2892e0948f4edc77d3ccbd6078f4340a226b1cfd1a1,0867966002,0.033881355932203386,2
2020-09-02,8773ccddedfd01ae37a6a2892e0948f4edc77d3ccbd6078f4340a226b1cfd1a1,0822180001,0.042355932203389825,2
2020-09-02,8773ccddedfd01ae37a6a2892e0948f4edc77d3ccbd6078f4340a226b1cfd1a1,0874754003,0.033881355932203386,2
2020-09-02,8773ccddedfd01ae37a6a2892e0948f4edc77d3ccbd6078f4340a226b1cfd1a1,0881111008,0.08472881355932205,2
2020-09-02,8773ccddedfd01ae37a6a2892e0948f4edc77d3ccbd6078f4340a226b1cfd1a1,0902518003,0.016932203389830508,2
2020-09-02,8773ccddedfd01ae37a6a2892e0948f4edc77d3ccbd6078f4340a226b1cfd1a1,0554450036,0.033881355932203386,2
2020-09-02,8773ccddedfd01ae37a6a2892e0948f4edc77d3ccbd6078f4340a226b1cfd1a1,0882900007,0.06777966101694916,2
2020-09-02,8773ccddedfd01ae37a6a2892e0948f4edc77d3ccbd6078f4340a226b1cfd1a1,0799365011,0.050830508474576264,2
2020-09-02,8773ccddedfd01ae37a6a2892e0948f4edc77d3ccbd6078f4340a226b1cfd1a1,0867966010,0.033881355932203386,2
2020-09-02,8779c5f49c63a6c0f36157bd16ac3e0e6bebc5a7ecef641724d09e24611db785,0882882015,0.050830508474576264,2
2020-09-02,8779c5f49c63a6c0f36157bd16ac3e0e6bebc5a7ecef641724d09e24611db785,0677930086,0.016932203389830508,2
2020-09-02,8779c5f49c63a6c0f36157bd16ac3e0e6bebc5a7ecef641724d09e24611db785,0677930086,0.016932203389830508,2
2020-09-02,8779c5f49c63a6c0f36157bd16ac3e0e6bebc5a7ecef641724d09e24611db785,0677930086,0.016932203389830508,2
2020-09-02,8779c5f49c63a6c0f36157bd16ac3e0e6bebc5a7ecef641724d09e24611db785,0677930086,0.016932203389830508,2
2020-09-02,8779c5f49c63a6c0f36157bd16ac3e0e6bebc5a7ecef641724d09e24611db785,0179950001,0.025406779661016947,2
2020-09-02,8779c5f49c63a6c0f36157bd16ac3e0e6bebc5a7ecef641724d09e24611db785,0179950001,0.025406779661016947,2
2020-09-02,8779c5f49c63a6c0f36157bd16ac3e0e6bebc5a7ecef641724d09e24611db785,0882882015,0.050830508474576264,2
2020-09-02,88ec8a386102564183b0542bcd606343093270ba46b4aba0e091f92d119beefa,0911870002,0.033881355932203386,1
2020-09-02,88ec8a386102564183b0542bcd606343093270ba46b4aba0e091f92d119beefa,0372860068,0.013542372881355931,1
2020-09-02,88ec8a386102564183b0542bcd606343093270ba46b4aba0e091f92d119beefa,0926500001,0.05930508474576271,1
2020-09-02,8df8b29f686bae353eb54100791fa427bf43a38fc04c6f318a4364c4b94218be,0877274001,0.033881355932203386,1
2020-09-02,8df8b29f686bae353eb54100791fa427bf43a38fc04c6f318a4364c4b94218be,0860833013,0.025406779661016947,1
2020-09-02,8fb77080492c651592aa56ffaebff6331f0e49eaa7a4b94032a93948f9f4e07b,0757805013,0.006084745762711864,1
2020-09-02,8fb77080492c651592aa56ffaebff6331f0e49eaa7a4b94032a93948f9f4e07b,0156231001,0.008457627118644067,1
2020-09-02,8fe375f66e3462ce52ae61e9c75f79254c1d2f2b14b1ea78a32fcba6b1291c68,0904961001,0.040661016949152536,2
2020-09-02,8fe375f66e3462ce52ae61e9c75f79254c1d2f2b14b1ea78a32fcba6b1291c68,0904961003,0.040661016949152536,2
2020-09-02,9146dab6b549a256d1c948c37166804f0ffb2bc802b75657047a37ce9dda8d94,0783346001,0.025406779661016947,2
2020-09-02,9146dab6b549a256d1c948c37166804f0ffb2bc802b75657047a37ce9dda8d94,0783346023,0.025406779661016947,2
2020-09-02,9146dab6b549a256d1c948c37166804f0ffb2bc802b75657047a37ce9dda8d94,0783346023,0.025406779661016947,2
2020-09-02,9146dab6b549a256d1c948c37166804f0ffb2bc802b75657047a37ce9dda8d94,0896064002,0.050830508474576264,2
2020-09-02,9146dab6b549a256d1c948c37166804f0ffb2bc802b75657047a37ce9dda8d94,0783346001,0.025406779661016947,2
2020-09-02,9146dab6b549a256d1c948c37166804f0ffb2bc802b75657047a37ce9dda8d94,0783346001,0.025406779661016947,2
2020-09-02,9146dab6b549a256d1c948c37166804f0ffb2bc802b75657047a37ce9dda8d94,0906741002,0.06777966101694916,2
2020-09-02,9146dab6b549a256d1c948c37166804f0ffb2bc802b75657047a37ce9dda8d94,0871997001,0.033881355932203386,2
2020-09-02,95a442fe594e0fc48f167cfa4f51ba4c54501203610d3772fdd0fb6ff7a2dc09,0822888002,0.033881355932203386,2
2020-09-02,95a442fe594e0fc48f167cfa4f51ba4c54501203610d3772fdd0fb6ff7a2dc09,0778745009,0.033881355932203386,2
2020-09-02,95a442fe594e0fc48f167cfa4f51ba4c54501203610d3772fdd0fb6ff7a2dc09,0868283001,0.016932203389830508,2
2020-09-02,95a442fe594e0fc48f167cfa4f51ba4c54501203610d3772fdd0fb6ff7a2dc09,0822888002,0.033881355932203386,2
2020-09-02,95a442fe594e0fc48f167cfa4f51ba4c54501203610d3772fdd0fb6ff7a2dc09,0906094004,0.06777966101694916,2
2020-09-02,95a442fe594e0fc48f167cfa4f51ba4c54501203610d3772fdd0fb6ff7a2dc09,0785034008,0.050830508474576264,2
2020-09-02,95a442fe594e0fc48f167cfa4f51ba4c54501203610d3772fdd0fb6ff7a2dc09,0822888002,0.033881355932203386,2
2020-09-02,95a442fe594e0fc48f167cfa4f51ba4c54501203610d3772fdd0fb6ff7a2dc09,0868283001,0.016932203389830508,2
2020-09-02,95a442fe594e0fc48f167cfa4f51ba4c54501203610d3772fdd0fb6ff7a2dc09,0868283001,0.016932203389830508,2
2020-09-02,95a442fe594e0fc48f167cfa4f51ba4c54501203610d3772fdd0fb6ff7a2dc09,0868283001,0.016932203389830508,2
2020-09-02,9882cf6a6b72cf44860e2051af370bd62450fa14e5c44e9294d1fd19a0f17721,0861583001,0.050830508474576264,1
2020-09-02,98b6b1ff88f142c06f7034bf16d842935315f5c129985737800c0c0dd537fcb6,0914441005,0.033881355932203386,1
2020-09-02,98b6b1ff88f142c06f7034bf16d842935315f5c129985737800c0c0dd537fcb6,0914441004,0.033881355932203386,1
2020-09-02,9c250874f4196a077e06d717c70473c205cd363ef81442561adf92a893ef5bd7,0803757004,0.016932203389830508,2
2020-09-02,9c250874f4196a077e06d717c70473c205cd363ef81442561adf92a893ef5bd7,0715624053,0.025406779661016947,2
2020-09-02,9e9853afee619d3c63ff13147968d20c5d7b429a93d8e2a8f03a7d18c53a39d5,0818754007,0.016932203389830508,1
2020-09-02,9e9853afee619d3c63ff13147968d20c5d7b429a93d8e2a8f03a7d18c53a39d5,0874110002,0.025406779661016947,1
2020-09-02,9e9853afee619d3c63ff13147968d20c5d7b429a93d8e2a8f03a7d18c53a39d5,0574109011,0.025406779661016947,1
2020-09-02,aa294e670c529f1c227d75b5db746ed1ec1c4a38714d9ca9bde538589c209441,0751471042,0.03049152542372881,2
2020-09-02,aa294e670c529f1c227d75b5db746ed1ec1c4a38714d9ca9bde538589c209441,0783346001,0.022864406779661017,2
2020-09-02,ab0eaaebdf89e68aaa1f16295997d3724dce04e8a5896014bcaf3ccab80aa96f,0863156003,0.01523728813559322,2
2020-09-02,ab0eaaebdf89e68aaa1f16295997d3724dce04e8a5896014bcaf3ccab80aa96f,0663282006,0.011847457627118646,2
2020-09-02,ab0eaaebdf89e68aaa1f16295997d3724dce04e8a5896014bcaf3ccab80aa96f,0941005004,0.013542372881355931,2
2020-09-02,ab419a03cfab270216a78fb057fcc41f58e3929cc6208e2394fe7091905b9dea,0906729003,0.022864406779661017,2
2020-09-02,ab419a03cfab270216a78fb057fcc41f58e3929cc6208e2394fe7091905b9dea,0905957001,0.03811864406779661,2
2020-09-02,abfe0f03d93fd3084311af4f79682c57a5040eef47e91531737362287eae50cb,0903096004,0.021169491525423727,1
2020-09-02,abfe0f03d93fd3084311af4f79682c57a5040eef47e91531737362287eae50cb,0781758001,0.012694915254237289,1
2020-09-02,abfe0f03d93fd3084311af4f79682c57a5040eef47e91531737362287eae50cb,0815456022,0.021169491525423727,1
2020-09-02,accb1bc6b9cfe43e7c97b3af4c881cdc756c7a6975334ac837fb877ecec2391f,0812375006,0.00676271186440678,2
2020-09-02,accb1bc6b9cfe43e7c97b3af4c881cdc756c7a6975334ac837fb877ecec2391f,0868230010,0.016932203389830508,2
2020-09-02,accb1bc6b9cfe43e7c97b3af4c881cdc756c7a6975334ac837fb877ecec2391f,0843380005,0.03049152542372881,2
2020-09-02,accb1bc6b9cfe43e7c97b3af4c881cdc756c7a6975334ac837fb877ecec2391f,0843380004,0.03049152542372881,2
2020-09-02,accb1bc6b9cfe43e7c97b3af4c881cdc756c7a6975334ac837fb877ecec2391f,0812375006,0.00676271186440678,2
2020-09-02,b6aa1cdc5a03867490b9ce05fb03836eabeeab5d264d9a2be6c475ebb40da5c5,0677930037,0.016932203389830508,1
2020-09-02,b6aa1cdc5a03867490b9ce05fb03836eabeeab5d264d9a2be6c475ebb40da5c5,0372860073,0.013542372881355931,1
2020-09-02,b7e320f069a3187fe408ea784771ac2fc1dc2774f4a41dc17ef5e9bdbd81a072,0891591003,0.08472881355932205,2
2020-09-02,b7e320f069a3187fe408ea784771ac2fc1dc2774f4a41dc17ef5e9bdbd81a072,0763469002,0.042355932203389825,2
2020-09-02,bc637017ad4848778ee382dbbdbbdfb5b07a7d1c74a995e59cfba2492b577666,0525500032,0.042355932203389825,2
2020-09-02,bd09b75556dbfa40ed0e5d07d2d534b3180f28c2e83a33a84be06e99bfaeb09a,0800245001,0.022016949152542376,2
2020-09-02,bd09b75556dbfa40ed0e5d07d2d534b3180f28c2e83a33a84be06e99bfaeb09a,0822115004,0.025406779661016947,2
2020-09-02,bd09b75556dbfa40ed0e5d07d2d534b3180f28c2e83a33a84be06e99bfaeb09a,0790368006,0.033881355932203386,2
2020-09-02,bd09b75556dbfa40ed0e5d07d2d534b3180f28c2e83a33a84be06e99bfaeb09a,0790368006,0.033881355932203386,2
2020-09-02,bd09b75556dbfa40ed0e5d07d2d534b3180f28c2e83a33a84be06e99bfaeb09a,0924453003,0.033881355932203386,2
2020-09-02,c0c51d089bfc2e71a7b628a21b29253854ec21f14e11a0bd947d7201b2e41d3a,0751471041,0.033881355932203386,2
2020-09-02,c0c51d089bfc2e71a7b628a21b29253854ec21f14e11a0bd947d7201b2e41d3a,0751471043,0.033881355932203386,2
2020-09-02,c0c51d089bfc2e71a7b628a21b29253854ec21f14e11a0bd947d7201b2e41d3a,0751471041,0.033881355932203386,2
2020-09-02,c0c51d089bfc2e71a7b628a21b29253854ec21f14e11a0bd947d7201b2e41d3a,0751471043,0.033881355932203386,2
2020-09-02,c0c51d089bfc2e71a7b628a21b29253854ec21f14e11a0bd947d7201b2e41d3a,0848355001,0.08472881355932205,2
2020-09-02,c0c51d089bfc2e71a7b628a21b29253854ec21f14e11a0bd947d7201b2e41d3a,0751471043,0.033881355932203386,2
2020-09-02,c2dee3a41506670c860274f8895efeddc7c1187856a4df9cccfffe50021e7d07,0893454005,0.010152542372881357,1
2020-09-02,cc39afdbcf5aa560f4443928e43aeaa6010d9e3dd68f30fad777ecb12e20ecd8,0815808001,0.050830508474576264,2
2020-09-02,cc39afdbcf5aa560f4443928e43aeaa6010d9e3dd68f30fad777ecb12e20ecd8,0815808001,0.050830508474576264,2
2020-09-02,ccc9a3cd29308a5bb41a5a89aec9ae9d0b18c8d0993e91bf7d25d25597cb7c68,0897089001,0.1826271186440678,2
2020-09-02,cdd4385a8e7dce0508e6300faf8008d6f013edfe25e7fe929fbab6a0c822cc29,0829152002,0.03049152542372881,2
2020-09-02,d1a9930fd8b9f6788bff8d097de78038aa5f548aa0a12f4204708eb050c6e3cd,0808699003,0.010203389830508473,2
2020-09-02,d1a9930fd8b9f6788bff8d097de78038aa5f548aa0a12f4204708eb050c6e3cd,0878456001,0.010203389830508473,2
2020-09-02,d1a9930fd8b9f6788bff8d097de78038aa5f548aa0a12f4204708eb050c6e3cd,0890272001,0.021915254237288136,2
2020-09-02,d52b2a0df9a1714ed7315b949a9bfe4923969cb9bc4bdb4b2b5a6054d480bf5e,0679977002,0.050830508474576264,2
2020-09-02,d52b2a0df9a1714ed7315b949a9bfe4923969cb9bc4bdb4b2b5a6054d480bf5e,0861731002,0.016932203389830508,2
2020-09-02,d52b2a0df9a1714ed7315b949a9bfe4923969cb9bc4bdb4b2b5a6054d480bf5e,0568601023,0.050830508474576264,2
2020-09-02,d52b2a0df9a1714ed7315b949a9bfe4923969cb9bc4bdb4b2b5a6054d480bf5e,0739819010,0.011847457627118646,2
2020-09-02,ddcfc78a177de2d9943fd12b649d0303bcceed4d217ac089e24d54bae58b7991,0826646009,0.01523728813559322,2
2020-09-02,ddcfc78a177de2d9943fd12b649d0303bcceed4d217ac089e24d54bae58b7991,0874816003,0.03049152542372881,2
2020-09-02,df05d0d3c422c96121a9b9fe4102612f22eeff021b1a747e861d2f287bcaaec5,0751471001,0.029644067796610166,2
2020-09-02,df05d0d3c422c96121a9b9fe4102612f22eeff021b1a747e861d2f287bcaaec5,0751471001,0.029644067796610166,2
2020-09-02,e25a435fa400a99d8665eac8544016f4a4dc11c4d48f96912567ad27b49aa8b4,0904567002,0.025406779661016947,2
2020-09-02,e8f7185cc34dc808ff3523e761e727edf9af4216b4a58d893e6d220ef03196f1,0835348001,0.06777966101694916,2
2020-09-02,eab5301e94fa1cc4f4a35ddfb6e557361ccae25d28b937658d52d861daa2c296,0829302001,0.027457627118644065,1
2020-09-02,eab5301e94fa1cc4f4a35ddfb6e557361ccae25d28b937658d52d861daa2c296,0829302001,0.0274406779661017,1
2020-09-02,eab5301e94fa1cc4f4a35ddfb6e557361ccae25d28b937658d52d861daa2c296,0608776025,0.012186440677966101,1
2020-09-02,eab5301e94fa1cc4f4a35ddfb6e557361ccae25d28b937658d52d861daa2c296,0608776025,0.012186440677966101,1
2020-09-02,eab5301e94fa1cc4f4a35ddfb6e557361ccae25d28b937658d52d861daa2c296,0562245104,0.03049152542372881,1
2020-09-02,eab5301e94fa1cc4f4a35ddfb6e557361ccae25d28b937658d52d861daa2c296,0562245104,0.03049152542372881,1
2020-09-02,efc79d9551af529eaa1078b8096e0d3c7778167a1b19094baa5f85603b762406,0700765001,0.025406779661016947,2
2020-09-02,efc79d9551af529eaa1078b8096e0d3c7778167a1b19094baa5f85603b762406,0888570001,0.050830508474576264,2
2020-09-02,f6ecfe494fa9fa48101d2e2019db396127e27a16eb0e749795a2fb645c54851b,0804992017,0.025406779661016947,2
2020-09-02,f6ecfe494fa9fa48101d2e2019db396127e27a16eb0e749795a2fb645c54851b,0899499004,0.013542372881355931,2
2020-09-02,fa6faa54c539cd08c576bf25b89e1993aeae24f584192b44b44fdce89260c572,0865663003,0.03049152542372881,2
2020-09-02,fa6faa54c539cd08c576bf25b89e1993aeae24f584192b44b44fdce89260c572,0865663005,0.03049152542372881,2
2020-09-02,fe452b72e97790e68dcf79f49521782d486c345981f773a16160db6fa2b28567,0831987001,0.020322033898305086,2
2020-09-02,fe452b72e97790e68dcf79f49521782d486c345981f773a16160db6fa2b28567,0456163085,0.027101694915254236,2
2020-09-02,fe452b72e97790e68dcf79f49521782d486c345981f773a16160db6fa2b28567,0890866001,0.00947457627118644,2
2020-09-02,fe452b72e97790e68dcf79f49521782d486c345981f773a16160db6fa2b28567,0911214001,0.013542372881355931,2
2020-09-02,fe452b72e97790e68dcf79f49521782d486c345981f773a16160db6fa2b28567,0865929003,0.013542372881355931,2
2020-09-02,fe452b72e97790e68dcf79f49521782d486c345981f773a16160db6fa2b28567,0772902011,0.01083050847457627,2
2020-09-02,fe452b72e97790e68dcf79f49521782d486c345981f773a16160db6fa2b28567,0467557008,0.017610169491525426,2
2020-09-02,fe452b72e97790e68dcf79f49521782d486c345981f773a16160db6fa2b28567,0748355012,0.01764406779661017,2
2020-09-02,fe452b72e97790e68dcf79f49521782d486c345981f773a16160db6fa2b28567,0873217004,0.020322033898305086,2
2020-09-03,0043d69dcca282763b8db18f967a2d301e69d5966bebd74291c49a0812663223,0929165002,0.050830508474576264,1
2020-09-03,0043d69dcca282763b8db18f967a2d301e69d5966bebd74291c49a0812663223,0751471043,0.033881355932203386,1
2020-09-03,03619a8b7c65a6f4d03161ed03fa3218e474f9d6b8474fe8405274fb71788391,0850277001,0.050830508474576264,2
2020-09-03,05713fc2a5697b32c1d28fa225804a6a4539cb7f076928ce6c362860f84c0434,0706016006,0.033881355932203386,1
2020-09-03,05713fc2a5697b32c1d28fa225804a6a4539cb7f076928ce6c362860f84c0434,0898107001,0.025406779661016947,1
2020-09-03,0640c78bc263b3e31c0d5e6e41082beb28ab86d481fcd7c7b32a9819dcb88d7a,0892624001,0.028932203389830508,2
2020-09-03,0640c78bc263b3e31c0d5e6e41082beb28ab86d481fcd7c7b32a9819dcb88d7a,0892624001,0.029,2
2020-09-03,0640c78bc263b3e31c0d5e6e41082beb28ab86d481fcd7c7b32a9819dcb88d7a,0892558001,0.01606779661016949,2
2020-09-03,0640c78bc263b3e31c0d5e6e41082beb28ab86d481fcd7c7b32a9819dcb88d7a,0892558001,0.01611864406779661,2
2020-09-03,0640c78bc263b3e31c0d5e6e41082beb28ab86d481fcd7c7b32a9819dcb88d7a,0799853003,0.042355932203389825,2
2020-09-03,0640c78bc263b3e31c0d5e6e41082beb28ab86d481fcd7c7b32a9819dcb88d7a,0824526001,0.03213559322033898,2
2020-09-03,0640c78bc263b3e31c0d5e6e41082beb28ab86d481fcd7c7b32a9819dcb88d7a,0824526001,0.0322542372881356,2
2020-09-03,0640c78bc263b3e31c0d5e6e41082beb28ab86d481fcd7c7b32a9819dcb88d7a,0884319005,0.02410169491525424,2
2020-09-03,0640c78bc263b3e31c0d5e6e41082beb28ab86d481fcd7c7b32a9819dcb88d7a,0884319005,0.0241864406779661,2
2020-09-03,0640c78bc263b3e31c0d5e6e41082beb28ab86d481fcd7c7b32a9819dcb88d7a,0915529001,0.0322542372881356,2
2020-09-03,0640c78bc263b3e31c0d5e6e41082beb28ab86d481fcd7c7b32a9819dcb88d7a,0918835001,0.02410169491525424,2
2020-09-03,0ecc6006cd35b79feeaf9fb186c907f5586e302d240924e1e3fb6e76f11a617e,0791587009,0.025406779661016947,2
2020-09-03,0ecc6006cd35b79feeaf9fb186c907f5586e302d240924e1e3fb6e76f11a617e,0907527001,0.042355932203389825,2
2020-09-03,0ecc6006cd35b79feeaf9fb186c907f5586e302d240924e1e3fb6e76f11a617e,0804992017,0.025406779661016947,2
2020-09-03,126f75d19719f1a816aa32ca836385fa6613d7f73dce1bfe60c7daf15d5d900e,0816832001,0.025406779661016947,2
2020-09-03,12784a9b78f34078e4b2da0ee47aa88341fd98f16d04b9ebd80d5c9461114e74,0870611003,0.033881355932203386,2
2020-09-03,12784a9b78f34078e4b2da0ee47aa88341fd98f16d04b9ebd80d5c9461114e74,0751342007,0.016932203389830508,2
2020-09-03,12784a9b78f34078e4b2da0ee47aa88341fd98f16d04b9ebd80d5c9461114e74,0706016015,0.033881355932203386,2
2020-09-03,12aaa0c7b8ad4e2b2c41c2b586cc6865502aa377781c9d2acfefdd1f06e109c3,0790368005,0.025406779661016947,2
2020-09-03,12aaa0c7b8ad4e2b2c41c2b586cc6865502aa377781c9d2acfefdd1f06e109c3,0856270002,0.033881355932203386,2
2020-09-03,13cf94687ca2aab634b38b5bdad6abef1f14603b1933c8b58c98dbe62ded90c9,0683001020,0.016932203389830508,1
2020-09-03,13cf94687ca2aab634b38b5bdad6abef1f14603b1933c8b58c98dbe62ded90c9,0890683001,0.050830508474576264,1
2020-09-03,15d4901883ccd81bba9216f073ab17c12725527612321cddca36613c8d97d255,0762846027,0.025406779661016947,1
2020-09-03,21dd704ee4bb40c33c500870535c4cef8d18cd275e171115f38930f974debcca,0896152002,0.03145762711864406,2
2020-09-03,21dd704ee4bb40c33c500870535c4cef8d18cd275e171115f38930f974debcca,0824118001,0.03145762711864406,2
2020-09-03,28a228adc9572f6bf91691f14e05bf63b054f0ea5f75208bc424211941ff1c7c,0918292004,0.042355932203389825,1
2020-09-03,28a228adc9572f6bf91691f14e05bf63b054f0ea5f75208bc424211941ff1c7c,0918292001,0.042355932203389825,1
2020-09-03,2a9a673132be0cd904d19d18f5d37b8616d92c668cffc7d096d1d4f59df9b099,0899155001,0.013542372881355931,1
2020-09-03,2a9a673132be0cd904d19d18f5d37b8616d92c668cffc7d096d1d4f59df9b099,0914441001,0.033881355932203386,1
2020-09-03,2d1740350e01919c7dc7e0930d39601a38d2df71cfbc9f53a1b7a89f2e61f953,0751471001,0.033881355932203386,2
2020-09-03,2d1740350e01919c7dc7e0930d39601a38d2df71cfbc9f53a1b7a89f2e61f953,0865935001,0.025406779661016947,2
2020-09-03,2d1740350e01919c7dc7e0930d39601a38d2df71cfbc9f53a1b7a89f2e61f953,0762846006,0.025406779661016947,2
2020-09-03,2d1740350e01919c7dc7e0930d39601a38d2df71cfbc9f53a1b7a89f2e61f953,0906296001,0.042355932203389825,2
2020-09-03,308a07114024f2c7c273d78fcc2a111287396e8e9df7dfe21a2a76dc48b64fcb,0936979001,0.008457627118644067,1
2020-09-03,308a07114024f2c7c273d78fcc2a111287396e8e9df7dfe21a2a76dc48b64fcb,0708311020,0.050830508474576264,1
2020-09-03,308a07114024f2c7c273d78fcc2a111287396e8e9df7dfe21a2a76dc48b64fcb,0921380001,0.06777966101694916,1
2020-09-03,308a07114024f2c7c273d78fcc2a111287396e8e9df7dfe21a2a76dc48b64fcb,0751664001,0.025406779661016947,1
2020-09-03,308a07114024f2c7c273d78fcc2a111287396e8e9df7dfe21a2a76dc48b64fcb,0819051001,0.013542372881355931,1
2020-09-03,308a07114024f2c7c273d78fcc2a111287396e8e9df7dfe21a2a76dc48b64fcb,0777070004,0.022016949152542376,1
2020-09-03,30a155e660af9fc1338a91ef376f784dbc3899fe6e487d7eb8ad00106bd174bb,0863583001,0.033881355932203386,2
2020-09-03,30a155e660af9fc1338a91ef376f784dbc3899fe6e487d7eb8ad00106bd174bb,0707269007,0.033881355932203386,2
2020-09-03,377e976bf6a8db2c43cf432b2fb76cc04a38df5abdf5abaedbfb4ce51b57365f,0751471039,0.033881355932203386,2
2020-09-03,377e976bf6a8db2c43cf432b2fb76cc04a38df5abdf5abaedbfb4ce51b57365f,0678942057,0.016932203389830508,2
2020-09-03,3e217c344d681452d746aa9997882ebd9838f02302ed2bae201e7d1357c8905b,0883307001,0.033881355932203386,2
2020-09-03,3e217c344d681452d746aa9997882ebd9838f02302ed2bae201e7d1357c8905b,0883307001,0.033881355932203386,2
2020-09-03,436d49d0d3ac3b20d38a0c2dc9fd48714dfc37920a9daebde7c4526cb12bd89b,0523490003,0.005067796610169492,1
2020-09-03,436d49d0d3ac3b20d38a0c2dc9fd48714dfc37920a9daebde7c4526cb12bd89b,0763469001,0.042355932203389825,1
2020-09-03,436d49d0d3ac3b20d38a0c2dc9fd48714dfc37920a9daebde7c4526cb12bd89b,0832520002,0.025406779661016947,1
2020-09-03,436d49d0d3ac3b20d38a0c2dc9fd48714dfc37920a9daebde7c4526cb12bd89b,0906305002,0.033881355932203386,1
2020-09-03,436d49d0d3ac3b20d38a0c2dc9fd48714dfc37920a9daebde7c4526cb12bd89b,0873678003,0.025406779661016947,1
2020-09-03,4490f08b6bfa616520d26fa90e8a5a887120411ffe1bbe4c48c787100abaa6bb,0826205002,0.013542372881355931,1
2020-09-03,47d6dc09cb5df00e5c7109ff1864c470549f2963c6403b4519d00177214aa8f0,0797892006,0.042355932203389825,2
2020-09-03,47d6dc09cb5df00e5c7109ff1864c470549f2963c6403b4519d00177214aa8f0,0797892006,0.042355932203389825,2
2020-09-03,47d6dc09cb5df00e5c7109ff1864c470549f2963c6403b4519d00177214aa8f0,0921918001,0.042355932203389825,2
2020-09-03,47d6dc09cb5df00e5c7109ff1864c470549f2963c6403b4519d00177214aa8f0,0921918001,0.042355932203389825,2
2020-09-03,47d6dc09cb5df00e5c7109ff1864c470549f2963c6403b4519d00177214aa8f0,0881244001,0.033881355932203386,2
2020-09-03,47d6dc09cb5df00e5c7109ff1864c470549f2963c6403b4519d00177214aa8f0,0881244001,0.033881355932203386,2
2020-09-03,543defbf9f580745511800f4f6b81773c9a3063b76009b4a94825428d96c7392,0921226001,0.016932203389830508,1
2020-09-03,543defbf9f580745511800f4f6b81773c9a3063b76009b4a94825428d96c7392,0700758016,0.022016949152542376,1
2020-09-03,543defbf9f580745511800f4f6b81773c9a3063b76009b4a94825428d96c7392,0624486064,0.013542372881355931,1
2020-09-03,5b75236afcc010d9b75c75559eb198e7960794211a91a85d2cd8a8fd47967f14,0870989001,0.09150847457627118,1
2020-09-03,5b75236afcc010d9b75c75559eb198e7960794211a91a85d2cd8a8fd47967f14,0902518007,0.01523728813559322,1
2020-09-03,5be1ebef039a19b9a937d252f5d93c2f4ffa3bfc6df2a1cac3d20b49bf7f73ed,0631744007,0.016932203389830508,1
2020-09-03,5be1ebef039a19b9a937d252f5d93c2f4ffa3bfc6df2a1cac3d20b49bf7f73ed,0918517001,0.050830508474576264,1
2020-09-03,61b906e2a3153e43f323efe6dbeb3dd94ee8ac8a8f38709e38fbe0f3a8a41e84,0805000010,0.050830508474576264,1
2020-09-03,62e9302f0aae9ef4e8e7fc04b92ffc4ee64bc9c4b15e28922f3158422b498d4d,0614854005,0.016932203389830508,2
2020-09-03,62e9302f0aae9ef4e8e7fc04b92ffc4ee64bc9c4b15e28922f3158422b498d4d,0909916001,0.033881355932203386,2
2020-09-03,62e9302f0aae9ef4e8e7fc04b92ffc4ee64bc9c4b15e28922f3158422b498d4d,0909916001,0.033881355932203386,2
2020-09-03,6a729a50c433b6a612beb5bde0b14dc357d269da85fbfb0f7dcb5c6d954a4480,0614854005,0.016932203389830508,2
2020-09-03,6a729a50c433b6a612beb5bde0b14dc357d269da85fbfb0f7dcb5c6d954a4480,0614854005,0.016932203389830508,2
2020-09-03,6a729a50c433b6a612beb5bde0b14dc357d269da85fbfb0f7dcb5c6d954a4480,0759814009,0.033881355932203386,2
2020-09-03,6a729a50c433b6a612beb5bde0b14dc357d269da85fbfb0f7dcb5c6d954a4480,0794575001,0.033881355932203386,2
2020-09-03,6a729a50c433b6a612beb5bde0b14dc357d269da85fbfb0f7dcb5c6d954a4480,0866455003,0.016932203389830508,2
2020-09-03,6a729a50c433b6a612beb5bde0b14dc357d269da85fbfb0f7dcb5c6d954a4480,0866455003,0.016932203389830508,2
2020-09-03,70a99bc2bf173c906067a0ecfa6721a1473637b443d5718c5b2bfb46d9980135,0755759004,0.01523728813559322,2
2020-09-03,70a99bc2bf173c906067a0ecfa6721a1473637b443d5718c5b2bfb46d9980135,0772902001,0.012186440677966101,2
2020-09-03,70a99bc2bf173c906067a0ecfa6721a1473637b443d5718c5b2bfb46d9980135,0772902001,0.012186440677966101,2
2020-09-03,71b1da32fef5cd27534f0083a5272a1e0e3577ef32234f7377aa350012a73ad2,0863937010,0.011847457627118646,1
2020-09-03,723ec322ed58ffa53971a153aff95e43487fb06856a31e8ed355a21c42c079cc,0579541001,0.016932203389830508,2
2020-09-03,723ec322ed58ffa53971a153aff95e43487fb06856a31e8ed355a21c42c079cc,0884212003,0.06777966101694916,2
2020-09-03,72b3255ee7639b0096f2c0966bae22b7b62edd51fe73a7d0488a4c12f4b79eab,0808552005,0.005067796610169492,1
2020-09-03,72b3255ee7639b0096f2c0966bae22b7b62edd51fe73a7d0488a4c12f4b79eab,0827907001,0.02159322033898305,1
2020-09-03,72b3255ee7639b0096f2c0966bae22b7b62edd51fe73a7d0488a4c12f4b79eab,0811500001,0.025915254237288132,1
2020-09-03,72b3255ee7639b0096f2c0966bae22b7b62edd51fe73a7d0488a4c12f4b79eab,0377436002,0.0033728813559322033,1
2020-09-03,7839e09a85cdc41146a6312a6496fd8709a77db58f47cbe3c4d74cd8c43d8085,0896161001,0.05930508474576271,2
2020-09-03,7a22317e161fa1da7882dd9c55fb6d783226dfc8156f524429d17c1fcdb977e4,0819113001,0.03049152542372881,2
2020-09-03,7a22317e161fa1da7882dd9c55fb6d783226dfc8156f524429d17c1fcdb977e4,0819113001,0.03049152542372881,2
2020-09-03,7a22317e161fa1da7882dd9c55fb6d783226dfc8156f524429d17c1fcdb977e4,0909916001,0.033881355932203386,2
2020-09-03,7a22317e161fa1da7882dd9c55fb6d783226dfc8156f524429d17c1fcdb977e4,0860797003,0.025406779661016947,2
2020-09-03,7a22317e161fa1da7882dd9c55fb6d783226dfc8156f524429d17c1fcdb977e4,0700765001,0.025406779661016947,2
2020-09-03,7a22317e161fa1da7882dd9c55fb6d783226dfc8156f524429d17c1fcdb977e4,0700765001,0.025406779661016947,2
2020-09-03,7bd3e58e519ca9267a359cf7957036bb7935bce0cf4cc43528f1673e3805bca1,0815851001,0.06777966101694916,2
2020-09-03,7bd3e58e519ca9267a359cf7957036bb7935bce0cf4cc43528f1673e3805bca1,0868037001,0.06777966101694916,2
2020-09-03,7dec6b979724e168adeff45c1a833720347c914ccbc6e9f07112c527073d14a6,0907527001,0.042355932203389825,2
2020-09-03,7dec6b979724e168adeff45c1a833720347c914ccbc6e9f07112c527073d14a6,0900279001,0.042355932203389825,2
2020-09-03,84264feb45487d3404c865ece2c4d2c6c5b66473b759e90a346a070bb2e935a9,0733749010,0.005067796610169492,1
2020-09-03,88187f7c699b5cf58439647424bb581630f7d2a1d9a9282d215c6def5c632b42,0898596004,0.016932203389830508,1
2020-09-03,88187f7c699b5cf58439647424bb581630f7d2a1d9a9282d215c6def5c632b42,0821140001,0.025406779661016947,1
2020-09-03,8a0f9a897ed2b625b8810f5d9ca2a225c6be2aad22de3808547497025388fc79,0685814022,0.033881355932203386,2
2020-09-03,8a0f9a897ed2b625b8810f5d9ca2a225c6be2aad22de3808547497025388fc79,0685814006,0.033881355932203386,2
2020-09-03,8a0f9a897ed2b625b8810f5d9ca2a225c6be2aad22de3808547497025388fc79,0685814001,0.033881355932203386,2
2020-09-03,8a0f9a897ed2b625b8810f5d9ca2a225c6be2aad22de3808547497025388fc79,0685814001,0.033881355932203386,2
2020-09-03,8b50c38cd7dee014e13926e1854f762605ff91ba8213aa96ae96fc569643d0f0,0898195001,0.031627118644067795,1
2020-09-03,8b50c38cd7dee014e13926e1854f762605ff91ba8213aa96ae96fc569643d0f0,0730683001,0.03952542372881356,1
2020-09-03,8b50c38cd7dee014e13926e1854f762605ff91ba8213aa96ae96fc569643d0f0,0804992017,0.023711864406779665,1
2020-09-03,8c3f2a57b041181aa7c6b079937758d7758e186151c759e099cc8c530a6bfabf,0685814001,0.033881355932203386,1
2020-09-03,8c3f2a57b041181aa7c6b079937758d7758e186151c759e099cc8c530a6bfabf,0898694001,0.050830508474576264,1
2020-09-03,8fa213ec6299a8075a6e01516f4f6d57075dba670fef6fc85b8ec91e2fbea3b2,0872537002,0.07794915254237289,2
2020-09-03,90b4bd76c63e1046df080ac54f4eb2268085ff7ab8ea5e1169b4b5431d0d0b74,0866731001,0.025406779661016947,2
2020-09-03,90b4bd76c63e1046df080ac54f4eb2268085ff7ab8ea5e1169b4b5431d0d0b74,0852585002,0.042355932203389825,2
2020-09-03,944c08a92563fbe8cc8a53756a13b8ca2f7af422d422a4ddced7e5dd02008aaa,0636323001,0.016932203389830508,2
2020-09-03,944c08a92563fbe8cc8a53756a13b8ca2f7af422d422a4ddced7e5dd02008aaa,0677930086,0.016932203389830508,2
2020-09-03,944c08a92563fbe8cc8a53756a13b8ca2f7af422d422a4ddced7e5dd02008aaa,0536139069,0.016932203389830508,2
2020-09-03,944c08a92563fbe8cc8a53756a13b8ca2f7af422d422a4ddced7e5dd02008aaa,0636323002,0.016932203389830508,2
2020-09-03,944c08a92563fbe8cc8a53756a13b8ca2f7af422d422a4ddced7e5dd02008aaa,0677930023,0.016932203389830508,2
2020-09-03,944c08a92563fbe8cc8a53756a13b8ca2f7af422d422a4ddced7e5dd02008aaa,0904567001,0.025406779661016947,2
2020-09-03,9578351c4a2edabbb5132576ce819a2b31b08de01d3c5f373e1486be9738aa41,0910264001,0.022016949152542376,1
2020-09-03,9578351c4a2edabbb5132576ce819a2b31b08de01d3c5f373e1486be9738aa41,0631744011,0.016932203389830508,1
2020-09-03,95a442fe594e0fc48f167cfa4f51ba4c54501203610d3772fdd0fb6ff7a2dc09,0865799003,0.033881355932203386,1
2020-09-03,95a442fe594e0fc48f167cfa4f51ba4c54501203610d3772fdd0fb6ff7a2dc09,0934122004,0.050830508474576264,1
2020-09-03,95a442fe594e0fc48f167cfa4f51ba4c54501203610d3772fdd0fb6ff7a2dc09,0906226001,0.033881355932203386,1
2020-09-03,95a442fe594e0fc48f167cfa4f51ba4c54501203610d3772fdd0fb6ff7a2dc09,0889870001,0.025406779661016947,1
2020-09-03,961f7e01345a684fa4f5c69ace8e0ae67bf2ce35857604d4324cbb13f1544695,0916598001,0.04659322033898305,2
2020-09-03,961f7e01345a684fa4f5c69ace8e0ae67bf2ce35857604d4324cbb13f1544695,0865444002,0.027949152542372877,2
2020-09-03,a0673ad7ddaf01317e2fe2a42c36cb12a8d4ccd763e38bdd943a9cd77bfbbd34,0554450036,0.033881355932203386,2
2020-09-03,a752c6ebfe483901ae72399650b0daf2cbf607690b1fa9b2a83f18e2e79e807d,0867969002,0.03049152542372881,2
2020-09-03,a752c6ebfe483901ae72399650b0daf2cbf607690b1fa9b2a83f18e2e79e807d,0640021019,0.0457457627118644,2
2020-09-03,ab0eaaebdf89e68aaa1f16295997d3724dce04e8a5896014bcaf3ccab80aa96f,0772902004,0.013542372881355931,2
2020-09-03,aeb2735950a4f4c799c03cd58d2070803865c18899b03befb3695d43e6680dc9,0794454002,0.01523728813559322,2
2020-09-03,aeb2735950a4f4c799c03cd58d2070803865c18899b03befb3695d43e6680dc9,0884319003,0.025406779661016947,1
2020-09-03,af01a16a88d1dc040e2c74b735b88a03800c14460d9e9ee6935bf0117e31bfd2,0575347014,0.010152542372881357,1
2020-09-03,af01a16a88d1dc040e2c74b735b88a03800c14460d9e9ee6935bf0117e31bfd2,0575347003,0.010152542372881357,1
2020-09-03,b17ecafee6b1e8c51032ef560fe8a565c151ddabf63cef2f132fd71883e0b8f6,0876043001,0.022864406779661017,2
2020-09-03,b17ecafee6b1e8c51032ef560fe8a565c151ddabf63cef2f132fd71883e0b8f6,0897089003,0.2272881355932203,2
2020-09-03,b17ecafee6b1e8c51032ef560fe8a565c151ddabf63cef2f132fd71883e0b8f6,0893141002,0.0457457627118644,2
2020-09-03,b17ecafee6b1e8c51032ef560fe8a565c151ddabf63cef2f132fd71883e0b8f6,0885547001,0.03049152542372881,2
2020-09-03,b2dfc84cfde042d2d109b9e5bdfbbbe80fec63dca4b96914a633c2804a78b25c,0677999006,0.06777966101694916,2
2020-09-03,b3822737e9844ab7f725de2c515060491366791b963a0a7daab8c519e765cc55,0795790001,0.025406779661016947,2
2020-09-03,b3822737e9844ab7f725de2c515060491366791b963a0a7daab8c519e765cc55,0754132019,0.050830508474576264,2
2020-09-03,b5afffc9472f3fccfbaf147276cf9500cd7ee0d72352f8248ddad42ba617fbf6,0801673001,0.01523728813559322,2
2020-09-03,b5afffc9472f3fccfbaf147276cf9500cd7ee0d72352f8248ddad42ba617fbf6,0879084004,0.03049152542372881,2
2020-09-03,b5afffc9472f3fccfbaf147276cf9500cd7ee0d72352f8248ddad42ba617fbf6,0801673014,0.01523728813559322,2
2020-09-03,bb3c7a14a68eb6252b4fbcc3dccc3d7475bd6847a47afa4f382459513f9a25f6,0894956006,0.025406779661016947,2
2020-09-03,bf44d2feead59923d1d516055b08a641fbb8701bb797e097b9ae7f96e79a15ee,0863595006,0.033881355932203386,1
2020-09-03,c759ce04f60b428a2995811695e8d12ae4ce4412da036814f0d61dd146ab02bb,0909916001,0.033881355932203386,2
2020-09-03,c759ce04f60b428a2995811695e8d12ae4ce4412da036814f0d61dd146ab02bb,0909916002,0.033881355932203386,2
2020-09-03,cd7160d274070e3a5803921673f06ab9b9dabc35966b01a34b1cdfc9f3751e71,0873276004,0.033881355932203386,1
2020-09-03,cd7160d274070e3a5803921673f06ab9b9dabc35966b01a34b1cdfc9f3751e71,0828116003,0.042355932203389825,2
2020-09-03,d1a9930fd8b9f6788bff8d097de78038aa5f548aa0a12f4204708eb050c6e3cd,0901813001,0.06777966101694916,2
2020-09-03,d1a9930fd8b9f6788bff8d097de78038aa5f548aa0a12f4204708eb050c6e3cd,0854794001,0.06777966101694916,2
2020-09-03,d2872063b95a9d83d6a2fa37db9d2bece84b62230d86a4d0a2e7572d58763a18,0894481001,0.013542372881355931,2
2020-09-03,d3b9875e5f41c1b1434e3737dcfc5a392dc22f90a5dea88f5704665b358b3034,0715624002,0.025406779661016947,2
2020-09-03,d7cd4df072e67fb91405b61268aad60c9bb443e9263862b3a73fd6673d3baf81,0853572001,0.010152542372881357,1
2020-09-03,d8c03bf68922bc42b624ebaf3c038a2e601db34064efdf9dfbd3c3805506a764,0812660001,0.025406779661016947,2
2020-09-03,d9ee46b3675fb09608fb900d0a52172f2e18cb7f072416dd024a35a2d2369fea,0807743001,0.03049152542372881,2
2020-09-03,d9ee46b3675fb09608fb900d0a52172f2e18cb7f072416dd024a35a2d2369fea,0918645001,0.033881355932203386,2
2020-09-03,d9ee46b3675fb09608fb900d0a52172f2e18cb7f072416dd024a35a2d2369fea,0874754002,0.033881355932203386,2
2020-09-03,d9ee46b3675fb09608fb900d0a52172f2e18cb7f072416dd024a35a2d2369fea,0909916001,0.033881355932203386,2
2020-09-03,daef7378d038bf786d015ecc8ecae942b2c1cd555d1fecbc7d713f1f4ef93e6d,0866244003,0.10167796610169492,2
2020-09-03,daef7378d038bf786d015ecc8ecae942b2c1cd555d1fecbc7d713f1f4ef93e6d,0849886010,0.025406779661016947,2
2020-09-03,db980117427e8be6de56cbcfc06058dc976881b60cb39a3d02c76b87032b8b75,0878800001,0.05930508474576271,2
2020-09-03,db980117427e8be6de56cbcfc06058dc976881b60cb39a3d02c76b87032b8b75,0878800003,0.05930508474576271,2
2020-09-03,db9fdc2927726a59f141fba7e37eb3b47eb374d184d1429ed57439ff703474c8,0750423025,0.042355932203389825,1
2020-09-03,dc7b181f7b49ed78edaebeddb8c57b9f77374f90005750d926cc2cf54367f13f,0794575001,0.03049152542372881,1
2020-09-03,dc7b181f7b49ed78edaebeddb8c57b9f77374f90005750d926cc2cf54367f13f,0794575002,0.03049152542372881,1
2020-09-03,dff1bfbdcd825cdeb731f8eafadaa9499923aa08ce636ff89bdddc9bf9c568cb,0852541001,0.022016949152542376,1
2020-09-03,dff1bfbdcd825cdeb731f8eafadaa9499923aa08ce636ff89bdddc9bf9c568cb,0870434001,0.025406779661016947,1
2020-09-03,e161d3b08c9e6553a4bb6b80d0243086a5f2c070d6dfa2642f56fa41c8d9ca78,0861600003,0.03049152542372881,2
2020-09-03,ee8ee3bd6369a9759d9ed75283d460453519539f644d44dbfe6c0c77870803f2,0706016025,0.016932203389830508,1
2020-09-03,ee8ee3bd6369a9759d9ed75283d460453519539f644d44dbfe6c0c77870803f2,0925916003,0.025406779661016947,1
2020-09-03,ee8ee3bd6369a9759d9ed75283d460453519539f644d44dbfe6c0c77870803f2,0639448001,0.050830508474576264,1
2020-09-03,efd2ef62115310f43b15540561de544762c783b306fb14ffa48ccb4fb385c27a,0921090004,0.025406779661016947,1
2020-09-03,f97100602cb5ab75335dba70b10f2ada43c4238031332d784452a8c4ae58ff72,0724905009,0.050830508474576264,1
2020-09-03,f97100602cb5ab75335dba70b10f2ada43c4238031332d784452a8c4ae58ff72,0832018001,0.050830508474576264,1
2020-09-03,f97100602cb5ab75335dba70b10f2ada43c4238031332d784452a8c4ae58ff72,0832018001,0.050830508474576264,1
2020-09-03,f97100602cb5ab75335dba70b10f2ada43c4238031332d784452a8c4ae58ff72,0904545004,0.042355932203389825,1
2020-09-03,f97100602cb5ab75335dba70b10f2ada43c4238031332d784452a8c4ae58ff72,0547780002,0.025406779661016947,1
2020-09-03,fc22fad7035dd6c52f9333582806766bc8cbf3800d46b5894c01c46b00432f12,0803757013,0.016932203389830508,2
2020-09-03,fc22fad7035dd6c52f9333582806766bc8cbf3800d46b5894c01c46b00432f12,0845790002,0.033881355932203386,2
2020-09-03,fc22fad7035dd6c52f9333582806766bc8cbf3800d46b5894c01c46b00432f12,0452818031,0.013542372881355931,2
2020-09-03,fc22fad7035dd6c52f9333582806766bc8cbf3800d46b5894c01c46b00432f12,0683001029,0.016932203389830508,2
2020-09-03,fe413a477e78ae6eeae34244bb3d6b77443dde0eaf3ce39397d917fb3d8b50f2,0903473001,0.10167796610169492,1
2020-09-03,fe452b72e97790e68dcf79f49521782d486c345981f773a16160db6fa2b28567,0916468001,0.020322033898305086,1
2020-09-03,fe452b72e97790e68dcf79f49521782d486c345981f773a16160db6fa2b28567,0816919013,0.010847457627118645,1
2020-09-03,fe452b72e97790e68dcf79f49521782d486c345981f773a16160db6fa2b28567,0877389001,0.04744067796610169,2
2020-09-03,fe452b72e97790e68dcf79f49521782d486c345981f773a16160db6fa2b28567,0826492003,0.027101694915254236,1
2020-09-03,fe452b72e97790e68dcf79f49521782d486c345981f773a16160db6fa2b28567,0757903029,0.013542372881355931,1
2020-09-03,fe60415b0dc421cea415a7bf4b55973b139155e9adbcb2edab69ec2b45727fe1,0160442007,0.013542372881355931,2
2020-09-03,fe60415b0dc421cea415a7bf4b55973b139155e9adbcb2edab69ec2b45727fe1,0781613006,0.050830508474576264,2
2020-09-03,fe60415b0dc421cea415a7bf4b55973b139155e9adbcb2edab69ec2b45727fe1,0728156006,0.050830508474576264,2
2020-09-03,ff8b25c98a59e7fb6974616287ed125fea14650f7bff025fc0cbe0db55fb8ea6,0878604002,0.03116949152542373,2
2020-09-03,ff8b25c98a59e7fb6974616287ed125fea14650f7bff025fc0cbe0db55fb8ea6,0709987009,0.04676271186440678,2
2020-09-04,0d8e311ea85282806c8601fb29c3abf57bcce3e23f7a1f76effe495bd884bf4a,0859118002,0.01371186440677966,1
2020-09-04,0f2e72a9dff681c2efb94ba007a165086e3b5ee51ba312a894a7dd56625684a8,0840607001,0.013542372881355931,1
2020-09-04,0f2e72a9dff681c2efb94ba007a165086e3b5ee51ba312a894a7dd56625684a8,0357751001,0.004389830508474576,1
2020-09-04,0f2e72a9dff681c2efb94ba007a165086e3b5ee51ba312a894a7dd56625684a8,0685814005,0.033881355932203386,1
2020-09-04,10d27bdcc12be20c047921df0566860c9c5e74608da7d78e022c6b9e72f12e45,0829308005,0.03049152542372881,1
2020-09-04,10d27bdcc12be20c047921df0566860c9c5e74608da7d78e022c6b9e72f12e45,0791587015,0.022864406779661017,1
2020-09-04,17c81d8a08e453b478d1d704f1872e1d1d304a54362f0d59da7de7e6c740c04e,0743633005,0.050830508474576264,2
2020-09-04,19dbafba727d145776a8adaf699587f2089a3ea9ae180d0ad661dfe53286870d,0845610003,0.025406779661016947,2
2020-09-04,19dbafba727d145776a8adaf699587f2089a3ea9ae180d0ad661dfe53286870d,0811835009,0.01523728813559322,2
2020-09-04,1ea987871cb5ddbdbf3793fbfb6b7b5f31c6fe77d58229c073cda68e80bcaba3,0664074030,0.016932203389830508,1
2020-09-04,1ea987871cb5ddbdbf3793fbfb6b7b5f31c6fe77d58229c073cda68e80bcaba3,0664074007,0.016932203389830508,1
2020-09-04,1ea987871cb5ddbdbf3793fbfb6b7b5f31c6fe77d58229c073cda68e80bcaba3,0892910003,0.008457627118644067,1
2020-09-04,26652037e9885313aa0f4f00a5038bff307059e0a9e512992e5fae7eba41130b,0933989002,0.042355932203389825,2
2020-09-04,26652037e9885313aa0f4f00a5038bff307059e0a9e512992e5fae7eba41130b,0929745001,0.050830508474576264,2
2020-09-04,26652037e9885313aa0f4f00a5038bff307059e0a9e512992e5fae7eba41130b,0933989001,0.042355932203389825,2
2020-09-04,26652037e9885313aa0f4f00a5038bff307059e0a9e512992e5fae7eba41130b,0929744001,0.042355932203389825,2
2020-09-04,28d657ab7d11b7c53579f9e87018acbbf90a7f82b363c0f590a2a624b1ca348f,0914868002,0.033881355932203386,1
2020-09-04,28d657ab7d11b7c53579f9e87018acbbf90a7f82b363c0f590a2a624b1ca348f,0863646001,0.033881355932203386,1
2020-09-04,2cce4d933a03e6bd78375efa5367163396dca2c9d3084e9e26cfca2438f8b981,0792515001,0.011542372881355933,1
2020-09-04,2cce4d933a03e6bd78375efa5367163396dca2c9d3084e9e26cfca2438f8b981,0875260001,0.022508474576271188,1
2020-09-04,2cce4d933a03e6bd78375efa5367163396dca2c9d3084e9e26cfca2438f8b981,0228257003,0.006915254237288135,1
2020-09-04,2cce4d933a03e6bd78375efa5367163396dca2c9d3084e9e26cfca2438f8b981,0111593001,0.01152542372881356,1
2020-09-04,30a155e660af9fc1338a91ef376f784dbc3899fe6e487d7eb8ad00106bd174bb,0905365002,0.06777966101694916,2
2020-09-04,30a155e660af9fc1338a91ef376f784dbc3899fe6e487d7eb8ad00106bd174bb,0905365001,0.06777966101694916,2
2020-09-04,30a155e660af9fc1338a91ef376f784dbc3899fe6e487d7eb8ad00106bd174bb,0811525001,0.033881355932203386,2
2020-09-04,32b35992cd8719f0e2434c21f55e110c101730c8c4fb9d390af31b2eca13cbcf,0685813042,0.016932203389830508,1
2020-09-04,32b35992cd8719f0e2434c21f55e110c101730c8c4fb9d390af31b2eca13cbcf,0909014001,0.11862711864406779,1
2020-09-04,332b9294b33785824b3495b88cd2f0c48efb5380eba52bfbc410cb3462390a91,0784245009,0.042355932203389825,1
2020-09-04,332b9294b33785824b3495b88cd2f0c48efb5380eba52bfbc410cb3462390a91,0521062009,0.050830508474576264,1
2020-09-04,332b9294b33785824b3495b88cd2f0c48efb5380eba52bfbc410cb3462390a91,0784247008,0.042355932203389825,1
2020-09-04,344c8a17bb2587f8e63886ed10c763ad90293840f3fb93c448ab6493af40c03c,0841383002,0.008457627118644067,1
2020-09-04,344c8a17bb2587f8e63886ed10c763ad90293840f3fb93c448ab6493af40c03c,0841383002,0.008457627118644067,1
2020-09-04,347dccf398c245352c821697c6b4e6b3e513faae138b2fc75a1fcc1f67e44db8,0849859005,0.011847457627118646,1
2020-09-04,347dccf398c245352c821697c6b4e6b3e513faae138b2fc75a1fcc1f67e44db8,0868309001,0.03049152542372881,1
2020-09-04,34d4bb9711948ea4cd919545c01ac04a744967861aefb2b85cfc93b39efcbb9b,0673677024,0.025406779661016947,1
2020-09-04,3a0cde8563bfbcb220518c722e6788211d02f813d6ef40d5b3e556dd159a0811,0564311019,0.025406779661016947,1
2020-09-04,3a0cde8563bfbcb220518c722e6788211d02f813d6ef40d5b3e556dd159a0811,0706016015,0.033881355932203386,1
2020-09-04,3ce0562355edc565a56ea1f6ce62d2a0e00ab6539f453709d40c112c68613f30,0868447002,0.00676271186440678,2
2020-09-04,3ce0562355edc565a56ea1f6ce62d2a0e00ab6539f453709d40c112c68613f30,0876009005,0.033881355932203386,2
2020-09-04,3ce0562355edc565a56ea1f6ce62d2a0e00ab6539f453709d40c112c68613f30,0686564031,0.033881355932203386,2
2020-09-04,3d58f7cf6b4eec10e55a9c887ecc2e7d9226fad0a1eb3cb318b72b6db1a43279,0554477037,0.00676271186440678,2
2020-09-04,4072d89747005afe9336e9c30ab927d41eccf1476d89738da558b9bf23b8e6f0,0927530006,0.05930508474576271,2
2020-09-04,419d23baad1bce2c92c964a28f71012423904382110271c9e4a35fe7b2a744fb,0874819001,0.05252542372881356,1
2020-09-04,4937e73ba380ed18501a3b344308794bbc1613f5d84ab7b99d8a8574d21d4a82,0912208001,0.06777966101694916,2
2020-09-04,4937e73ba380ed18501a3b344308794bbc1613f5d84ab7b99d8a8574d21d4a82,0912208001,0.06777966101694916,2
2020-09-04,4937e73ba380ed18501a3b344308794bbc1613f5d84ab7b99d8a8574d21d4a82,0888908001,0.08472881355932205,2
2020-09-04,4fc5ac3990a8ba1619d93641877f6387628046732082349245aa171483d000e5,0918292001,0.042355932203389825,2
2020-09-04,4fc5ac3990a8ba1619d93641877f6387628046732082349245aa171483d000e5,0852584006,0.033881355932203386,2
2020-09-04,4fc5ac3990a8ba1619d93641877f6387628046732082349245aa171483d000e5,0852584001,0.033881355932203386,2
2020-09-04,5201b57f4b14528e31b86c4367ad3f2bbbf5486c0a1082b9ad8403684de84dd4,0700758001,0.022016949152542376,1
2020-09-04,53cd1e2a07ae651d9d4b3764bc014a5d0e567d6eca0b6848ec3048604dae136c,0882725002,0.03049152542372881,1
2020-09-04,53cd1e2a07ae651d9d4b3764bc014a5d0e567d6eca0b6848ec3048604dae136c,0307239010,0.025406779661016947,1
2020-09-04,53cd1e2a07ae651d9d4b3764bc014a5d0e567d6eca0b6848ec3048604dae136c,0719655014,0.022016949152542376,1
2020-09-04,5430a8f36fc097000b8eac9d5eb89ff143a42e102ddf82f4916b9f63d30635bf,0633813005,0.008457627118644067,1
2020-09-04,558e037ac26ec934e924001604931f3be5fc7adb0f5b2124ff32491c71a75b9b,0898694001,0.050830508474576264,2
2020-09-04,55f7a75d96ed54cf16817b989ec6d178b3776b169305ccdcb5ae7257d2bd2092,0857812010,0.027101694915254236,1
2020-09-04,5af952145005fb9a81c925e79c4611d0bbfa5158f040289750e90e9cdb0927d4,0868405004,0.016932203389830508,1
2020-09-04,5af952145005fb9a81c925e79c4611d0bbfa5158f040289750e90e9cdb0927d4,0763988011,0.02159322033898305,1
2020-09-04,5f2d14e67ad5c8ec19a1bef1e1265497ae9407f02e5cb6fc0fba440c7375cce1,0806388003,0.013542372881355931,1
2020-09-04,5f2d14e67ad5c8ec19a1bef1e1265497ae9407f02e5cb6fc0fba440c7375cce1,0685816001,0.008457627118644067,1
2020-09-04,5f2d14e67ad5c8ec19a1bef1e1265497ae9407f02e5cb6fc0fba440c7375cce1,0685814048,0.033881355932203386,1
2020-09-04,5feb16a17225ebd88d55ba3890d546608e1cab22534434ebbc553390ad5d602b,0818397001,0.033881355932203386,1
2020-09-04,60afcc62945128bcfa7c5105b4d0757a614d270f7d857a1744b7f5eb4d9ab2c5,0920610001,0.050830508474576264,2
2020-09-04,60b70c8b080c35195ede92b77b097aa72bd2280024edff50d174a96d7c93dcd4,0884465003,0.11862711864406779,2
2020-09-04,60b70c8b080c35195ede92b77b097aa72bd2280024edff50d174a96d7c93dcd4,0765743007,0.06777966101694916,2
2020-09-04,65adbdbbc51615a6977e6330c491fdad8dcb8409cc9a269382d2cdc4b8f22f5c,0918292001,0.042355932203389825,1
2020-09-04,65adbdbbc51615a6977e6330c491fdad8dcb8409cc9a269382d2cdc4b8f22f5c,0757303014,0.03049152542372881,1
2020-09-04,681a0497c9d231d1261ac17392beced28561d282109073c2a632c951bcefd177,0803757014,0.016932203389830508,2
2020-09-04,681a0497c9d231d1261ac17392beced28561d282109073c2a632c951bcefd177,0803757014,0.016932203389830508,2
2020-09-04,681a0497c9d231d1261ac17392beced28561d282109073c2a632c951bcefd177,0803757023,0.016932203389830508,2
2020-09-04,69fbecc08e284be34e5e28c560825d96770cade63d50aefc06e7fb2ff2c452e4,0685813001,0.016932203389830508,2
2020-09-04,69fbecc08e284be34e5e28c560825d96770cade63d50aefc06e7fb2ff2c452e4,0909925001,0.033881355932203386,2
2020-09-04,69fbecc08e284be34e5e28c560825d96770cade63d50aefc06e7fb2ff2c452e4,0909924001,0.033881355932203386,2
2020-09-04,6a52960dadbea10e932a72b148769ad3a4254cf95bb8871cdcdb2d848d724ffa,0751592001,0.025406779661016947,1
2020-09-04,754d5d7c17aca80b0435c26d9f97742bbad889241efd65fcef51c0157e023948,0857586003,0.033881355932203386,2
2020-09-04,754d5d7c17aca80b0435c26d9f97742bbad889241efd65fcef51c0157e023948,0857586004,0.033881355932203386,2
2020-09-04,7626218084e4ffe88b98ce178f484136389e5d57b4fbf3cab2a86a86b9ab82c0,0868823008,0.025406779661016947,1
2020-09-04,7626218084e4ffe88b98ce178f484136389e5d57b4fbf3cab2a86a86b9ab82c0,0918292001,0.042355932203389825,1
2020-09-04,7626218084e4ffe88b98ce178f484136389e5d57b4fbf3cab2a86a86b9ab82c0,0821398001,0.016932203389830508,1
2020-09-04,77126a3664ac4662f4234052a91f8e9cd8b05f9ff4492957f0769ca68b8800b0,0865086006,0.042355932203389825,2
2020-09-04,77126a3664ac4662f4234052a91f8e9cd8b05f9ff4492957f0769ca68b8800b0,0741040001,0.050830508474576264,2
2020-09-04,79457703ea425ee9f557f0623eafbaeeeadbf501418311b8c5b53576696e6fc5,0874719001,0.09798305084745762,2
2020-09-04,79457703ea425ee9f557f0623eafbaeeeadbf501418311b8c5b53576696e6fc5,0877839001,0.08164406779661018,2
2020-09-04,79fe3ebddb5c582d947f7c927f2bd1e086e7630f2e7e73fc53b1c3bce1493716,0886037001,0.02159322033898305,1
2020-09-04,79fe3ebddb5c582d947f7c927f2bd1e086e7630f2e7e73fc53b1c3bce1493716,0814299004,0.014389830508474576,1
2020-09-04,7b763dfa2f6a4f7e8ee8909ccf41c161bc651299a4c5dbe3961231b5eaac2441,0828268001,0.050830508474576264,1
2020-09-04,7bd3e58e519ca9267a359cf7957036bb7935bce0cf4cc43528f1673e3805bca1,0915567001,0.050830508474576264,2
2020-09-04,7d7b9feffbd8c9e84430be164216e32eec042a05a66617753b62bae5da4455af,0543054014,0.022016949152542376,1
2020-09-04,7d7b9feffbd8c9e84430be164216e32eec042a05a66617753b62bae5da4455af,0873678007,0.025406779661016947,1
2020-09-04,7dafa399ce998735eebb1b41379806dfa7a5ab75f760e21bcee57210947de5b3,0891591001,0.08189830508474576,2
2020-09-04,7dafa399ce998735eebb1b41379806dfa7a5ab75f760e21bcee57210947de5b3,0891591002,0.08189830508474576,2
2020-09-04,7dafa399ce998735eebb1b41379806dfa7a5ab75f760e21bcee57210947de5b3,0927529002,0.032762711864406775,2
2020-09-04,833d28d3eda04bfea95481c7e321edb2c6680445fddd88e52835c7b8d40173e0,0678942001,0.014389830508474576,1
2020-09-04,8779c5f49c63a6c0f36157bd16ac3e0e6bebc5a7ecef641724d09e24611db785,0882882015,0.050830508474576264,2
2020-09-04,89064cf7f153174c2aa353cefd0f173d9d6d106749b05edf3a39d3cdefcd7a8a,0889540002,0.013542372881355931,1
2020-09-04,89064cf7f153174c2aa353cefd0f173d9d6d106749b05edf3a39d3cdefcd7a8a,0886706002,0.050830508474576264,1
2020-09-04,89064cf7f153174c2aa353cefd0f173d9d6d106749b05edf3a39d3cdefcd7a8a,0860705004,0.027101694915254236,1
2020-09-04,8c4072b08d097c21361f46ae3eec71dbfd7ba40fdcc0009cc96a9b55ae52e8a8,0794575002,0.03049152542372881,1
2020-09-04,8c4072b08d097c21361f46ae3eec71dbfd7ba40fdcc0009cc96a9b55ae52e8a8,0715624013,0.022864406779661017,1
2020-09-04,9181c5f5c0235dd3d5cd294d343cbc2ff6561ba9207f658c08bd96f2b9f17a41,0807362003,0.08472881355932205,2
2020-09-04,9181c5f5c0235dd3d5cd294d343cbc2ff6561ba9207f658c08bd96f2b9f17a41,0855080011,0.025406779661016947,2
2020-09-04,9181c5f5c0235dd3d5cd294d343cbc2ff6561ba9207f658c08bd96f2b9f17a41,0855080011,0.025406779661016947,2
2020-09-04,9181c5f5c0235dd3d5cd294d343cbc2ff6561ba9207f658c08bd96f2b9f17a41,0794321011,0.06777966101694916,2
2020-09-04,99ee182f09ccff86f28a77fdf445f16c1d8ee941d74e3222597cdab01e0b06f9,0874819001,0.05403389830508474,1
2020-09-04,99ee182f09ccff86f28a77fdf445f16c1d8ee941d74e3222597cdab01e0b06f9,0761269001,0.015423728813559322,1
2020-09-04,9bf20c47bca041e679e66a10642a544a92f2cc801a784a8036f6b44945d28082,0611415001,0.016932203389830508,1
2020-09-04,9bf20c47bca041e679e66a10642a544a92f2cc801a784a8036f6b44945d28082,0611415001,0.016932203389830508,1
2020-09-04,9ecb74c073bb97eef24ccb2bcbd2da59bb58009467d207a2068657b5bd166e03,0877273001,0.033881355932203386,1
2020-09-04,9ecb74c073bb97eef24ccb2bcbd2da59bb58009467d207a2068657b5bd166e03,0915439001,0.022016949152542376,1
2020-09-04,acf78bd6aac8f9f3251b70b202f8d53f89ec3840392c6579bbae8cae17d28375,0720125041,0.033881355932203386,1
2020-09-04,acf78bd6aac8f9f3251b70b202f8d53f89ec3840392c6579bbae8cae17d28375,0869331008,0.03049152542372881,1
2020-09-04,afc860b52f9c644b7e91eef1caa1334bb18e92708f7896be2db35e2d5ff60072,0924250001,0.04793220338983051,2
2020-09-04,afc860b52f9c644b7e91eef1caa1334bb18e92708f7896be2db35e2d5ff60072,0832307007,0.06389830508474577,2
2020-09-04,bbb1badc1bdf8973c0aac7505b8a6027a253ff05be40616503ba8aa584ab454c,0821341001,0.050830508474576264,1
2020-09-04,bbb1badc1bdf8973c0aac7505b8a6027a253ff05be40616503ba8aa584ab454c,0901330002,0.050830508474576264,1
2020-09-04,c2dee3a41506670c860274f8895efeddc7c1187856a4df9cccfffe50021e7d07,0893454001,0.016932203389830508,1
2020-09-04,c6927c22a8acc906f3fc8fab1d444b0b31e1dd2d0c3ef937fbbe0dcf71916141,0861731002,0.016932203389830508,2
2020-09-04,c6927c22a8acc906f3fc8fab1d444b0b31e1dd2d0c3ef937fbbe0dcf71916141,0861731001,0.03049152542372881,2
2020-09-04,c6927c22a8acc906f3fc8fab1d444b0b31e1dd2d0c3ef937fbbe0dcf71916141,0861731001,0.03049152542372881,2
2020-09-04,c6afc62d3056806e0782c67ee7cf74e03c19646ee495a8d8f1c8e0bf63b37dc2,0908629001,0.06777966101694916,2
2020-09-04,c7f3d20d8044dfe41553165228033837e1ce2bc2d4b5bfcecf1e7df51c2c5659,0858376005,0.035576271186440675,1
2020-09-04,c7f3d20d8044dfe41553165228033837e1ce2bc2d4b5bfcecf1e7df51c2c5659,0916468002,0.033881355932203386,1
2020-09-04,ca9e926c2ee4166a6cbed6bde5a9a70fda0150b556a026bf57425ea55afb3ea5,0884319005,0.025406779661016947,2
2020-09-04,ca9e926c2ee4166a6cbed6bde5a9a70fda0150b556a026bf57425ea55afb3ea5,0884319005,0.025406779661016947,2
2020-09-04,ca9e926c2ee4166a6cbed6bde5a9a70fda0150b556a026bf57425ea55afb3ea5,0871527003,0.033881355932203386,2
2020-09-04,cf486a59351d84f90368ae1167c325e9e2a6a16ed077b866380aee59038f4e60,0456163083,0.033881355932203386,1
2020-09-04,cf486a59351d84f90368ae1167c325e9e2a6a16ed077b866380aee59038f4e60,0909592002,0.013542372881355931,1
2020-09-04,cf486a59351d84f90368ae1167c325e9e2a6a16ed077b866380aee59038f4e60,0903701001,0.016932203389830508,1
2020-09-04,d3fa212d7c8edc2fa95e9e5cb6575a4319f3d96c0e19a69c141dfdef729b41f3,0608776024,0.013542372881355931,2
2020-09-04,d3fa212d7c8edc2fa95e9e5cb6575a4319f3d96c0e19a69c141dfdef729b41f3,0372860002,0.013542372881355931,2
2020-09-04,d3fa212d7c8edc2fa95e9e5cb6575a4319f3d96c0e19a69c141dfdef729b41f3,0748355003,0.022016949152542376,2
2020-09-04,d3fa212d7c8edc2fa95e9e5cb6575a4319f3d96c0e19a69c141dfdef729b41f3,0748355018,0.022016949152542376,2
2020-09-04,d6e2e1fb66f8971958ee7b696aea33e939347b4754c4abea3d5227840223afba,0825719004,0.016932203389830508,2
2020-09-04,d6e2e1fb66f8971958ee7b696aea33e939347b4754c4abea3d5227840223afba,0706016001,0.025406779661016947,2
2020-09-04,d6e2e1fb66f8971958ee7b696aea33e939347b4754c4abea3d5227840223afba,0554450036,0.033881355932203386,2
2020-09-04,d6e2e1fb66f8971958ee7b696aea33e939347b4754c4abea3d5227840223afba,0679853011,0.016932203389830508,2
2020-09-04,d6e2e1fb66f8971958ee7b696aea33e939347b4754c4abea3d5227840223afba,0887659004,0.008457627118644067,2
2020-09-04,db3c4147986b7894cd368732912424d2a669734893f3d53ceb3bd0a3befb624c,0547780003,0.025406779661016947,1
2020-09-04,db3c4147986b7894cd368732912424d2a669734893f3d53ceb3bd0a3befb624c,0759814036,0.03049152542372881,1
2020-09-04,db3c4147986b7894cd368732912424d2a669734893f3d53ceb3bd0a3befb624c,0322017039,0.013542372881355931,1
2020-09-04,dfea75cca535f1d750445f7c1aef806847575df7b18412b3bd38f11667ca32fb,0697054014,0.025406779661016947,1
2020-09-04,e8d7a6c29e0b3dafef506474410c15424925faf43ad0d8619bb2d0b9ac1264a9,0683001020,0.016932203389830508,1
2020-09-04,e8d7a6c29e0b3dafef506474410c15424925faf43ad0d8619bb2d0b9ac1264a9,0717773001,0.013542372881355931,1
2020-09-04,eb75f7dffedd187d6ba5b078b2ed4acf4522b0d1c2ce24255b256bf8e4ab33fd,0863001001,0.020322033898305086,2
2020-09-04,eb75f7dffedd187d6ba5b078b2ed4acf4522b0d1c2ce24255b256bf8e4ab33fd,0911214001,0.016932203389830508,2
2020-09-04,eb801493a53671e37122cd1dd3f5727c00ae9782312bef726b84fa39ddce1075,0790518002,0.025406779661016947,1
2020-09-04,eeea76953969acfc97e3b46d9181e7402e2d58a3a22b20b658b732e898fd647a,0516859008,0.013542372881355931,1
2020-09-04,eff0c96ccdd42c47a175d21e160a615476bb32cf54df15911b7f2aef30f03296,0616849012,0.004220338983050848,2
2020-09-04,eff0c96ccdd42c47a175d21e160a615476bb32cf54df15911b7f2aef30f03296,0706016001,0.033881355932203386,2
2020-09-04,f63cdcecbbdb5b971218d098444593f061a2f48dafceb3cfa5dc8160cff559e8,0874754003,0.033881355932203386,2
2020-09-04,f63cdcecbbdb5b971218d098444593f061a2f48dafceb3cfa5dc8160cff559e8,0911870003,0.033881355932203386,2
2020-09-04,f8fd3cb3177bbe11b5c28dd3f8dd0ca16391ef4adb924787a3e4c4a20e5fa9c8,0624486064,0.013542372881355931,1
2020-09-04,f8fd3cb3177bbe11b5c28dd3f8dd0ca16391ef4adb924787a3e4c4a20e5fa9c8,0717490071,0.008457627118644067,1
2020-09-04,f9bcdd818d40b0eeca0b76b9ecf2f9eff2a3a670b5c162612abd2634c7575f1f,0516000098,0.016932203389830508,1
2020-09-04,f9bcdd818d40b0eeca0b76b9ecf2f9eff2a3a670b5c162612abd2634c7575f1f,0786304008,0.025406779661016947,1
2020-09-04,fa527f135f32e0499e26a3f253d71a64c704f3b70ffc137364b51b54f22226ef,0728156006,0.050830508474576264,1
2020-09-04,fa527f135f32e0499e26a3f253d71a64c704f3b70ffc137364b51b54f22226ef,0766346008,0.022864406779661017,1
2020-09-04,fd093920514467330bd1c79c47f91b8c0701cedfba4fbf9362e021b1b000083b,0904545002,0.042355932203389825,2
2020-09-04,fd093920514467330bd1c79c47f91b8c0701cedfba4fbf9362e021b1b000083b,0902407003,0.033881355932203386,2
2020-09-04,fd093920514467330bd1c79c47f91b8c0701cedfba4fbf9362e021b1b000083b,0918892001,0.033881355932203386,2
2020-09-04,fe452b72e97790e68dcf79f49521782d486c345981f773a16160db6fa2b28567,0831987001,0.020322033898305086,2
2020-09-04,fe452b72e97790e68dcf79f49521782d486c345981f773a16160db6fa2b28567,0772902011,0.010847457627118645,2
2020-09-04,fe452b72e97790e68dcf79f49521782d486c345981f773a16160db6fa2b28567,0467557008,0.017610169491525426,2
2020-09-04,fe452b72e97790e68dcf79f49521782d486c345981f773a16160db6fa2b28567,0873217004,0.020322033898305086,2
2020-09-05,0510081d8bbf3763a9c17a036c8399cbb46e5426d69278c4b71018bdd389c82d,0896152002,0.033881355932203386,1
2020-09-05,0510081d8bbf3763a9c17a036c8399cbb46e5426d69278c4b71018bdd389c82d,0925404001,0.06777966101694916,1
2020-09-05,0824ab25d3b054266a51dca288d04a923a7469426fe45e4f154fc5d5482a9c4b,0867969002,0.027101694915254236,2
2020-09-05,0a052fd5ce1c42bc1a882213a4f7f1e69d5404331271d781374506ec4abd0fef,0759469001,0.015796610169491524,2
2020-09-05,0a052fd5ce1c42bc1a882213a4f7f1e69d5404331271d781374506ec4abd0fef,0873158008,0.015796610169491524,2
2020-09-05,0a052fd5ce1c42bc1a882213a4f7f1e69d5404331271d781374506ec4abd0fef,0610776002,0.007898305084745762,2
2020-09-05,0a052fd5ce1c42bc1a882213a4f7f1e69d5404331271d781374506ec4abd0fef,0902161004,0.031627118644067795,2
2020-09-05,0f2e72a9dff681c2efb94ba007a165086e3b5ee51ba312a894a7dd56625684a8,0944506001,0.036016949152542374,2
2020-09-05,0f2e72a9dff681c2efb94ba007a165086e3b5ee51ba312a894a7dd56625684a8,0909924002,0.028796610169491522,2
2020-09-05,107b56951213116fb7da3b6fe95290abb05fc24cb38267db5cf3c96286306d02,0572998009,0.042355932203389825,2
2020-09-05,107b56951213116fb7da3b6fe95290abb05fc24cb38267db5cf3c96286306d02,0900169001,0.050830508474576264,2
2020-09-05,107b56951213116fb7da3b6fe95290abb05fc24cb38267db5cf3c96286306d02,0715624052,0.025406779661016947,2
2020-09-05,107b56951213116fb7da3b6fe95290abb05fc24cb38267db5cf3c96286306d02,0827968021,0.016932203389830508,2
2020-09-05,107b56951213116fb7da3b6fe95290abb05fc24cb38267db5cf3c96286306d02,0919365008,0.042355932203389825,2
2020-09-05,107b56951213116fb7da3b6fe95290abb05fc24cb38267db5cf3c96286306d02,0448509014,0.042355932203389825,2
2020-09-05,11e6084bb7269422967ca8db1323d73e0074b6c303c9982b5d2f972af3a1e623,0867966010,0.033881355932203386,2
2020-09-05,1e15eef82f867c7ab9dfeb9bfbe7c549432a32ad33fd37320761c571941edb8a,0921298001,0.025406779661016947,2
2020-09-05,1f011bc67a31a99effca840d3eee9b35178afaea7e42e641537cc18c8812f2b7,0806131011,0.03049152542372881,2
2020-09-05,1f011bc67a31a99effca840d3eee9b35178afaea7e42e641537cc18c8812f2b7,0806131012,0.03049152542372881,2
2020-09-05,22a0acfef198cf9692019caf59c25ad0d75c0e5a98f7f72b0fcc82da36a68cad,0562245103,0.033881355932203386,1
2020-09-05,22a0acfef198cf9692019caf59c25ad0d75c0e5a98f7f72b0fcc82da36a68cad,0562245102,0.033881355932203386,1
2020-09-05,2317635e0544be4edcaddbf185efeb19d078f22a7992eb7448cbb72b6f727df1,0927791004,0.050830508474576264,1
2020-09-05,2619d31ec36484b254523cf0ee7a47213dbe1b1d8b4decf8fba6985b27fd2904,0816598007,0.03811864406779661,1
2020-09-05,2619d31ec36484b254523cf0ee7a47213dbe1b1d8b4decf8fba6985b27fd2904,0909093003,0.03049152542372881,1
2020-09-05,261ecde8917d349d1f9f1c374912c12ce2218bdfae4dcc15e383d1f27551e2d3,0914745002,0.05930508474576271,2
2020-09-05,261ecde8917d349d1f9f1c374912c12ce2218bdfae4dcc15e383d1f27551e2d3,0914745003,0.05930508474576271,2
2020-09-05,265fee170a8b82e39b2998587e354dcac6b30769feb39c6a1ff8d8660f3bba4d,0788225002,0.050830508474576264,2
2020-09-05,265fee170a8b82e39b2998587e354dcac6b30769feb39c6a1ff8d8660f3bba4d,0927922002,0.033881355932203386,2
2020-09-05,29ca68ee720a962fa9340fd20fc8cd97a7c8890b0d4d26445254848ccd0f7b34,0456163086,0.033881355932203386,2
2020-09-05,29ca68ee720a962fa9340fd20fc8cd97a7c8890b0d4d26445254848ccd0f7b34,0902802002,0.033881355932203386,2
2020-09-05,29ca68ee720a962fa9340fd20fc8cd97a7c8890b0d4d26445254848ccd0f7b34,0669091003,0.033881355932203386,2
2020-09-05,29ca68ee720a962fa9340fd20fc8cd97a7c8890b0d4d26445254848ccd0f7b34,0852584001,0.033881355932203386,2
2020-09-05,36704d7ed2743c92f27e3e87d863a28b264483e080a292c90216c72b9207b660,0907409001,0.016932203389830508,1
2020-09-05,36704d7ed2743c92f27e3e87d863a28b264483e080a292c90216c72b9207b660,0562657001,0.010152542372881357,1
2020-09-05,3751de757925eaf41b26c941e059b0e8e7d2b76efe1d482a0bcbe83a8e9ccb17,0509091057,0.016932203389830508,1
2020-09-05,3751de757925eaf41b26c941e059b0e8e7d2b76efe1d482a0bcbe83a8e9ccb17,0594987024,0.016932203389830508,1
2020-09-05,3751de757925eaf41b26c941e059b0e8e7d2b76efe1d482a0bcbe83a8e9ccb17,0631744004,0.016932203389830508,1
2020-09-05,3dab1841831c24692b794d341bd3118949f094e544e92cdf91486d668acfe496,0677930037,0.016932203389830508,1
2020-09-05,3dab1841831c24692b794d341bd3118949f094e544e92cdf91486d668acfe496,0717490010,0.008457627118644067,1
2020-09-05,3dab1841831c24692b794d341bd3118949f094e544e92cdf91486d668acfe496,0766402019,0.050830508474576264,1
2020-09-05,420d33d2df4a02ef4beff7c5fa980d9a0e6998981f2bd36787a091dfefac960b,0896152002,0.031949152542372884,2
2020-09-05,420d33d2df4a02ef4beff7c5fa980d9a0e6998981f2bd36787a091dfefac960b,0574109039,0.02394915254237288,2
2020-09-05,420d33d2df4a02ef4beff7c5fa980d9a0e6998981f2bd36787a091dfefac960b,0574109011,0.02394915254237288,2
2020-09-05,420d33d2df4a02ef4beff7c5fa980d9a0e6998981f2bd36787a091dfefac960b,0801673001,0.015966101694915254,2
2020-09-05,420d33d2df4a02ef4beff7c5fa980d9a0e6998981f2bd36787a091dfefac960b,0801673001,0.015966101694915254,2
2020-09-05,430e2c9a4229bb161dfc31bc3483d6e1209bea0520b6e45b9275bb88bcc27043,0857414001,0.035576271186440675,1
2020-09-05,433954134e8874fd470a8070df5a4b93818ebd42243a111a945be3f73dd23a23,0863595002,0.033881355932203386,2
2020-09-05,433954134e8874fd470a8070df5a4b93818ebd42243a111a945be3f73dd23a23,0882882002,0.050830508474576264,2
2020-09-05,433954134e8874fd470a8070df5a4b93818ebd42243a111a945be3f73dd23a23,0752814022,0.033881355932203386,2
2020-09-05,433954134e8874fd470a8070df5a4b93818ebd42243a111a945be3f73dd23a23,0904414003,0.06777966101694916,2
2020-09-05,433954134e8874fd470a8070df5a4b93818ebd42243a111a945be3f73dd23a23,0882882005,0.050830508474576264,2
2020-09-05,45dd19494fac04ddeba16767ab3cc9b6e173fb192028a17d03b57cae28bc6e60,0618287018,0.03049152542372881,1
2020-09-05,4c05297990b7840c68b9d3dc386cb3e6c84d120c0ba750e8e6e71fa32ca003dd,0855081003,0.022016949152542376,1
2020-09-05,4c05297990b7840c68b9d3dc386cb3e6c84d120c0ba750e8e6e71fa32ca003dd,0925916003,0.025406779661016947,1
2020-09-05,4da683ce8ded712a4471ea9837c6f2bc08249c5d774e09f234816669d92a6f17,0935892001,0.025406779661016947,2
2020-09-05,4da683ce8ded712a4471ea9837c6f2bc08249c5d774e09f234816669d92a6f17,0936622001,0.025406779661016947,2
2020-09-05,4e84089cf77999897433cc40bbf9e6bd54143daadb3a35b466b0bd65d7eadb82,0697564010,0.016932203389830508,1
2020-09-05,4f468f76a568420291f283f4370d8807006ee658f17aeddaf8ffe381266a4248,0839332001,0.06777966101694916,1
2020-09-05,4f468f76a568420291f283f4370d8807006ee658f17aeddaf8ffe381266a4248,0678942057,0.016932203389830508,1
2020-09-05,4fc5ac3990a8ba1619d93641877f6387628046732082349245aa171483d000e5,0751471001,0.033881355932203386,2
2020-09-05,4fc5ac3990a8ba1619d93641877f6387628046732082349245aa171483d000e5,0751471001,0.033881355932203386,2
2020-09-05,4fe78050f79e5935e7354800d530f6280d0280c1ecad7436b766a37efa8a7522,0685813001,0.016932203389830508,2
2020-09-05,4fe78050f79e5935e7354800d530f6280d0280c1ecad7436b766a37efa8a7522,0685813001,0.016932203389830508,2
2020-09-05,4fe78050f79e5935e7354800d530f6280d0280c1ecad7436b766a37efa8a7522,0685814003,0.033881355932203386,2
2020-09-05,5445d4cfa313d5b2a767c9755496d09d29150a43f507e2fda3c5bf6228c99775,0841565001,0.06777966101694916,2
2020-09-05,55dcbdd717a5b0e9be21b2254dad81c0826c08e170112182fce55738d8c5de99,0918522001,0.042355932203389825,2
2020-09-05,58fe9b878964bb7a2022afcca5cc2868958a129ecb8e7c308b5c3b76181e1cd6,0541286045,0.022016949152542376,1
2020-09-05,58fe9b878964bb7a2022afcca5cc2868958a129ecb8e7c308b5c3b76181e1cd6,0875073003,0.022016949152542376,1
2020-09-05,58fe9b878964bb7a2022afcca5cc2868958a129ecb8e7c308b5c3b76181e1cd6,0903306002,0.016932203389830508,1
2020-09-05,58fe9b878964bb7a2022afcca5cc2868958a129ecb8e7c308b5c3b76181e1cd6,0903306003,0.016932203389830508,1
2020-09-05,58fe9b878964bb7a2022afcca5cc2868958a129ecb8e7c308b5c3b76181e1cd6,0556539016,0.005067796610169492,1
2020-09-05,5ac14d97309c86c5e3d9833b82497e53bce19b09f2fb4c1447f83ae607fba1be,0448509014,0.035576271186440675,2
2020-09-05,5f0049a9448692f2a7269707770028602054bc5bb325e07b1447bf9fd1fecbe0,0855216004,0.013542372881355931,1
2020-09-05,5f0049a9448692f2a7269707770028602054bc5bb325e07b1447bf9fd1fecbe0,0610776082,0.008457627118644067,1
2020-09-05,5f0049a9448692f2a7269707770028602054bc5bb325e07b1447bf9fd1fecbe0,0837249009,0.022016949152542376,1
2020-09-05,5f0049a9448692f2a7269707770028602054bc5bb325e07b1447bf9fd1fecbe0,0523489019,0.005067796610169492,1
2020-09-05,68a22ed6a82682c0c2b561837497e98aaefa3417623008df5cbbfc50de55af97,0840438002,0.033881355932203386,1
2020-09-05,68a22ed6a82682c0c2b561837497e98aaefa3417623008df5cbbfc50de55af97,0337777001,0.016932203389830508,1
2020-09-05,68fb25ce2e6ed8fb01e1e44444e738e175a0289bc2ff638c87da4d568b45fc11,0895477001,0.11862711864406779,2
2020-09-05,693db450338c9ee4505716b27115225540091c0181dbc97ed33eced266ae6e16,0915529001,0.027101694915254236,1
2020-09-05,693db450338c9ee4505716b27115225540091c0181dbc97ed33eced266ae6e16,0874754002,0.027101694915254236,1
2020-09-05,693db450338c9ee4505716b27115225540091c0181dbc97ed33eced266ae6e16,0923134002,0.02033898305084746,1
2020-09-05,6cd9960e08d20cfa922164d6124f21b6c3c52c239acab6c9204e71fe418cc736,0794575001,0.033881355932203386,1
2020-09-05,7055f5cc8862d1f742470aed4e12538cb8b1595dd470dc33392531f6ef12a1f5,0570002002,0.013542372881355931,1
2020-09-05,7055f5cc8862d1f742470aed4e12538cb8b1595dd470dc33392531f6ef12a1f5,0891375001,0.061000000000000006,1
2020-09-05,7055f5cc8862d1f742470aed4e12538cb8b1595dd470dc33392531f6ef12a1f5,0685816037,0.008457627118644067,1
2020-09-05,7055f5cc8862d1f742470aed4e12538cb8b1595dd470dc33392531f6ef12a1f5,0685816054,0.008457627118644067,1
2020-09-05,71cfd8bda66bf3588cc24389bae27f399a3fe8d915c9255f0099809d3f2c02be,0929508001,0.01523728813559322,1
2020-09-05,777db33dd00098894807b4cc8bd66c854abcdef56c91d8fffc2b7e04510ed251,0573085042,0.033881355932203386,1
2020-09-05,777db33dd00098894807b4cc8bd66c854abcdef56c91d8fffc2b7e04510ed251,0894668003,0.025406779661016947,1
2020-09-05,7839e09a85cdc41146a6312a6496fd8709a77db58f47cbe3c4d74cd8c43d8085,0896161002,0.05930508474576271,2
2020-09-05,79988be47536c28c1eef949d5644d7350d8955f39bffa788a364d9e87c83effa,0763275020,0.006084745762711864,1
2020-09-05,79988be47536c28c1eef949d5644d7350d8955f39bffa788a364d9e87c83effa,0719941011,0.016932203389830508,1
2020-09-05,79988be47536c28c1eef949d5644d7350d8955f39bffa788a364d9e87c83effa,0523404034,0.012694915254237289,1
2020-09-05,7a78fcb65a534d8d0ad5bf2303762129e09fcaa47fde86d6cc44f00b6e2e00f4,0849204006,0.050830508474576264,1
2020-09-05,7b85b7c0da4233581c46a909a190901c7657dadc5fd1206daebbeeb099717c50,0889456002,0.01905084745762712,1
2020-09-05,7ce7a83a47e00f86818f1b93e2ce9a249d5a4772b646bb2ec37ffe33f2d3af3b,0832312003,0.06777966101694916,1
2020-09-05,7dea2509344a7df312966554205c5bd8e39c1a289ab73b0fa6b0a94071a5dcf0,0781758004,0.025406779661016947,1
2020-09-05,7dea2509344a7df312966554205c5bd8e39c1a289ab73b0fa6b0a94071a5dcf0,0781758058,0.025406779661016947,1
2020-09-05,7dea2509344a7df312966554205c5bd8e39c1a289ab73b0fa6b0a94071a5dcf0,0781758057,0.025406779661016947,1
2020-09-05,7dea2509344a7df312966554205c5bd8e39c1a289ab73b0fa6b0a94071a5dcf0,0902982001,0.05930508474576271,1
2020-09-05,81c535478acd5922eb8b4baadb57fc356c46ef7845b4cbf0c1d99ef8dc0fe094,0870578003,0.025406779661016947,1
2020-09-05,83d23e54936c1bb4069e0a3a191eeb30ffc521bccc4ae38dd1825c6a1d61c0dd,0832362002,0.013542372881355931,2
2020-09-05,85f8afa3b4d0759dbca5652da1f1158f7ddb2d573dc7c7d5625005c2b6202a6e,0904422001,0.04791525423728814,2
2020-09-05,85f8afa3b4d0759dbca5652da1f1158f7ddb2d573dc7c7d5625005c2b6202a6e,0776179006,0.031949152542372884,2
2020-09-05,85f8afa3b4d0759dbca5652da1f1158f7ddb2d573dc7c7d5625005c2b6202a6e,0677930023,0.015966101694915254,2
2020-09-05,85f8afa3b4d0759dbca5652da1f1158f7ddb2d573dc7c7d5625005c2b6202a6e,0927347001,0.015966101694915254,2
2020-09-05,862035594bb6cdd456bf8e6eece56dcc71b95eeae3c53b31bbaede37fcb02a7d,0898107003,0.025406779661016947,1
2020-09-05,90381e11dae742013a64d54d7b596c83a9f8d4576a9f7ae2a67e188b88119d63,0436261001,0.016932203389830508,1
2020-09-05,94efdf52688e8e1d306752b00e16b48a04c3a677f44fdea4b4d75ebf0ee9183e,0706016006,0.033881355932203386,1
2020-09-05,975720448d3b89210506ac9c7312ec5ea6d15979ef6fcffe850f7e0555c4ae39,0679854025,0.016932203389830508,2
2020-09-05,99baa04cf07b56feb086b88f45e673b8bc78fe0d63e0e7d8b21997520835a553,0740519002,0.050830508474576264,2
2020-09-05,99baa04cf07b56feb086b88f45e673b8bc78fe0d63e0e7d8b21997520835a553,0894535001,0.042355932203389825,2
2020-09-05,99baa04cf07b56feb086b88f45e673b8bc78fe0d63e0e7d8b21997520835a553,0711053009,0.013542372881355931,2
2020-09-05,a52779ef1000cce18e4835c3173f22efc34e080c439e8866ff748ff1ccc44f1a,0827792002,0.042355932203389825,2
2020-09-05,a7758474f6a973ef8956951dfb55dc898a7f880ec660d72910b0b378f6af7348,0903910001,0.08472881355932205,2
2020-09-05,a9d6c6a52a839606ce701c6ff0ec95ae3fa885b6d5a88bee8da0ab0fd377760f,0880481001,0.016932203389830508,1
2020-09-05,a9d6c6a52a839606ce701c6ff0ec95ae3fa885b6d5a88bee8da0ab0fd377760f,0557599022,0.016932203389830508,1
2020-09-05,aa8450fd1f7b00af5031fb30b009550a9099db59f300e3781a74c6c2c4d0cce0,0907613001,0.025406779661016947,2
2020-09-05,aa8450fd1f7b00af5031fb30b009550a9099db59f300e3781a74c6c2c4d0cce0,0918593001,0.016932203389830508,2
2020-09-05,ab0eaaebdf89e68aaa1f16295997d3724dce04e8a5896014bcaf3ccab80aa96f,0715828037,0.033881355932203386,1
2020-09-05,ae90c998005914a16da249b2da25d9e9b4d60e5ff44d543092dc17523c8b6c3d,0883886001,0.025406779661016947,1
2020-09-05,ae90c998005914a16da249b2da25d9e9b4d60e5ff44d543092dc17523c8b6c3d,0685813028,0.016932203389830508,1
2020-09-05,b0c75e55250a48076eb5944deb9825eecb7f96d28edc3f7a501ca5c6b6baff8b,0832307003,0.044050847457627114,2
2020-09-05,b0d870a7ded77b7ac702ecbde3ae4ba2665a42205fda154b5293b018ef379ee1,0881577005,0.042355932203389825,2
2020-09-05,b0d870a7ded77b7ac702ecbde3ae4ba2665a42205fda154b5293b018ef379ee1,0881577005,0.042355932203389825,2
2020-09-05,b0d870a7ded77b7ac702ecbde3ae4ba2665a42205fda154b5293b018ef379ee1,0874754002,0.033881355932203386,2
2020-09-05,b317f28892483102ccc54162c3d9f52bac018f20f742a8d3f7ecd0dd42caaa94,0918516001,0.050830508474576264,2
2020-09-05,ba4ab377bbdbf7285aa817c4ccc793cce4dcf4396536db8bafd18a8b81d4ca23,0564358061,0.033881355932203386,2
2020-09-05,ba4ab377bbdbf7285aa817c4ccc793cce4dcf4396536db8bafd18a8b81d4ca23,0564358061,0.033881355932203386,2
2020-09-05,ba4ab377bbdbf7285aa817c4ccc793cce4dcf4396536db8bafd18a8b81d4ca23,0694236008,0.042355932203389825,2
2020-09-05,ba4ab377bbdbf7285aa817c4ccc793cce4dcf4396536db8bafd18a8b81d4ca23,0806241009,0.025406779661016947,2
2020-09-05,ba4ab377bbdbf7285aa817c4ccc793cce4dcf4396536db8bafd18a8b81d4ca23,0809350002,0.050830508474576264,2
2020-09-05,c20705ec934f5d664cc00aba66d01bb67ca1af533388e69c2b44fc5d6653f7de,0870525005,0.00676271186440678,1
2020-09-05,c20705ec934f5d664cc00aba66d01bb67ca1af533388e69c2b44fc5d6653f7de,0803867002,0.00676271186440678,1
2020-09-05,c54d2fb4f65b9fbd581548b72d6e602a1253d18d569e67072f0bb21d5f73b804,0856992001,0.022016949152542376,1
2020-09-05,c54d2fb4f65b9fbd581548b72d6e602a1253d18d569e67072f0bb21d5f73b804,0921906001,0.033881355932203386,1
2020-09-05,c5cc16ad5cb20a011922855083da2b59adc265c57d708cb566b9f1db24981f52,0923010002,0.016932203389830508,2
2020-09-05,c5cc16ad5cb20a011922855083da2b59adc265c57d708cb566b9f1db24981f52,0908629001,0.06777966101694916,2
2020-09-05,c5cc16ad5cb20a011922855083da2b59adc265c57d708cb566b9f1db24981f52,0916497001,0.022016949152542376,2
2020-09-05,c5cc16ad5cb20a011922855083da2b59adc265c57d708cb566b9f1db24981f52,0907121001,0.050830508474576264,2
2020-09-05,cb254ecc76ccd59b26df92abc860b6ef3eae26f3e6346f45cfab0c10910a42c5,0915526001,0.033881355932203386,1
2020-09-05,cb254ecc76ccd59b26df92abc860b6ef3eae26f3e6346f45cfab0c10910a42c5,0915526002,0.033881355932203386,1
2020-09-05,cd3dc94de5dc39619471063faf643d85bf9b2631265bbc3af3fe685e83458a7c,0850244002,0.005067796610169492,1
2020-09-05,cd3dc94de5dc39619471063faf643d85bf9b2631265bbc3af3fe685e83458a7c,0840607007,0.013542372881355931,1
2020-09-05,cfbedf259775bd07b5c38b8ca8f391850b7982e89c88e44492879f0ca40b0a50,0865926002,0.016932203389830508,1
2020-09-05,d00bde7fdc14646fa77a1cccdc5805a8ef488643ca8eab27aa4a8d25c033e4f8,0926166001,0.050830508474576264,2
2020-09-05,d00bde7fdc14646fa77a1cccdc5805a8ef488643ca8eab27aa4a8d25c033e4f8,0903994005,0.022016949152542376,2
2020-09-05,d00bde7fdc14646fa77a1cccdc5805a8ef488643ca8eab27aa4a8d25c033e4f8,0767032002,0.011847457627118646,2
2020-09-05,d00bde7fdc14646fa77a1cccdc5805a8ef488643ca8eab27aa4a8d25c033e4f8,0767032005,0.011847457627118646,2
2020-09-05,d04e9e55cbc461302710c58192aaafedad3b81ee0ae10d4c64eaade76687d1a3,0818754001,0.016932203389830508,2
2020-09-05,d04e9e55cbc461302710c58192aaafedad3b81ee0ae10d4c64eaade76687d1a3,0818754004,0.016932203389830508,2
2020-09-05,d3d76745a217697cd42f64cd84b6bb8fc9395eca11c316472396d9464730968d,0860525001,0.008457627118644067,2
2020-09-05,d3d76745a217697cd42f64cd84b6bb8fc9395eca11c316472396d9464730968d,0889456001,0.025406779661016947,2
2020-09-05,d3d76745a217697cd42f64cd84b6bb8fc9395eca11c316472396d9464730968d,0889456001,0.025406779661016947,2
2020-09-05,d3d76745a217697cd42f64cd84b6bb8fc9395eca11c316472396d9464730968d,0614854005,0.016932203389830508,2
2020-09-05,d3d76745a217697cd42f64cd84b6bb8fc9395eca11c316472396d9464730968d,0714493005,0.033881355932203386,2
2020-09-05,d3d76745a217697cd42f64cd84b6bb8fc9395eca11c316472396d9464730968d,0535455002,0.010152542372881357,2
2020-09-05,d5fc41471fcb0cf10822abadb049c26456a2df3f889e0dc3c61bacc0226aa87b,0752689002,0.016932203389830508,1
2020-09-05,d5fc41471fcb0cf10822abadb049c26456a2df3f889e0dc3c61bacc0226aa87b,0506098007,0.026135593220338982,1
2020-09-05,d5fc41471fcb0cf10822abadb049c26456a2df3f889e0dc3c61bacc0226aa87b,0882810003,0.014508474576271187,1
2020-09-05,d5fc41471fcb0cf10822abadb049c26456a2df3f889e0dc3c61bacc0226aa87b,0829991004,0.010152542372881357,1
2020-09-05,d602c29da367723b1144ee7e58338f4652a107510637f03b99e5d08a8243c770,0792469001,0.019254237288135592,2
2020-09-05,d602c29da367723b1144ee7e58338f4652a107510637f03b99e5d08a8243c770,0556255001,0.00888135593220339,2
2020-09-05,d602c29da367723b1144ee7e58338f4652a107510637f03b99e5d08a8243c770,0898439003,0.019271186440677962,2
2020-09-05,d701236935b6282f14d61a8f8660b5acf4deb9b635b0ad79ee05044e9e5cf25d,0916468001,0.03049152542372881,1
2020-09-05,d701236935b6282f14d61a8f8660b5acf4deb9b635b0ad79ee05044e9e5cf25d,0896152002,0.03049152542372881,1
2020-09-05,d8ef744e91214b7ff88e5b220a8faa12acaedb1785339fc2776620e8ccc03226,0873604007,0.033881355932203386,2
2020-09-05,dc94d3a8428159f19e3534912855700eeb408f217231a80a6b79618a982c03a4,0921571001,0.08472881355932205,2
2020-09-05,dc94d3a8428159f19e3534912855700eeb408f217231a80a6b79618a982c03a4,0786197004,0.05930508474576271,2
2020-09-05,ec43b682134daea0a8503649884ac46c3eb4795836c5181664773708a9056e6f,0706016062,0.03133898305084746,2
2020-09-05,ec43b682134daea0a8503649884ac46c3eb4795836c5181664773708a9056e6f,0621381020,0.028796610169491522,2
2020-09-05,ec43b682134daea0a8503649884ac46c3eb4795836c5181664773708a9056e6f,0621381016,0.033881355932203386,2
2020-09-05,ec43b682134daea0a8503649884ac46c3eb4795836c5181664773708a9056e6f,0706016062,0.03133898305084746,2
2020-09-05,eed8705a58587483a191c37b9a88e8ea858e22ef1d8587e1c5ba9c2a2dba9a9b,0654590006,0.03049152542372881,2
2020-09-05,eed8705a58587483a191c37b9a88e8ea858e22ef1d8587e1c5ba9c2a2dba9a9b,0654590001,0.03049152542372881,2
2020-09-05,f2bd0051a211c48afc5ea8288adf5d81463e42d3c622ae93659bb0563a3811f7,0695632001,0.033881355932203386,1
2020-09-05,f2f4ec4b21dd5ee0cac18631f0e2878955701f7685dac380362087427f82ae83,0890683001,0.04320338983050847,1
2020-09-05,f2f4ec4b21dd5ee0cac18631f0e2878955701f7685dac380362087427f82ae83,0881361001,0.06777966101694916,1
2020-09-05,f3f280a68895971c9a840b63d626e4b6437b339933d18d87fb4c250184847f36,0909925004,0.033881355932203386,2
2020-09-05,f3f280a68895971c9a840b63d626e4b6437b339933d18d87fb4c250184847f36,0786304009,0.025406779661016947,2
2020-09-05,f576e442b3299ec7eaecc64e39dd8b2a463e4504863dea66c14f315704581d35,0579541075,0.016932203389830508,1
2020-09-05,f576e442b3299ec7eaecc64e39dd8b2a463e4504863dea66c14f315704581d35,0770315007,0.016932203389830508,1
2020-09-05,f5f712823a9af386db23644f76f40747161a68c020d5df2dae51afeca7738ff4,0904567001,0.025406779661016947,2
2020-09-05,f5f712823a9af386db23644f76f40747161a68c020d5df2dae51afeca7738ff4,0816832010,0.025406779661016947,2
2020-09-05,f70e6520f5450a716d794583a663cdbccf1657016385e4e891054ff393a7434b,0677930023,0.016932203389830508,2
2020-09-05,f70e6520f5450a716d794583a663cdbccf1657016385e4e891054ff393a7434b,0874754002,0.033881355932203386,2
2020-09-05,f90f8967eccd17a8edb136f1fb9420465209ee690b81e6f446f986ba529ec812,0919786001,0.03811864406779661,2
2020-09-05,f90f8967eccd17a8edb136f1fb9420465209ee690b81e6f446f986ba529ec812,0685814001,0.03049152542372881,2
2020-09-05,f90f8967eccd17a8edb136f1fb9420465209ee690b81e6f446f986ba529ec812,0889753008,0.01523728813559322,2
2020-09-05,f94938d650dbd8aeec70dd22cd7c8538eb66c06933d760a7c9ac28fbc0cdd93f,0856949001,0.025406779661016947,2
2020-09-05,f94938d650dbd8aeec70dd22cd7c8538eb66c06933d760a7c9ac28fbc0cdd93f,0516859008,0.013542372881355931,2
2020-09-05,fe452b72e97790e68dcf79f49521782d486c345981f773a16160db6fa2b28567,0932642001,0.017610169491525426,2
2020-09-05,fe452b72e97790e68dcf79f49521782d486c345981f773a16160db6fa2b28567,0880238002,0.013542372881355931,2
2020-09-05,fe452b72e97790e68dcf79f49521782d486c345981f773a16160db6fa2b28567,0880238002,0.013542372881355931,2
2020-09-05,fe452b72e97790e68dcf79f49521782d486c345981f773a16160db6fa2b28567,0877389001,0.04744067796610169,2
2020-09-05,fe452b72e97790e68dcf79f49521782d486c345981f773a16160db6fa2b28567,0932642001,0.017627118644067796,2
2020-09-06,0286813f82495eaa40c83b061cdd0bb67b27ca12ca2d140020783ece6563f873,0846347005,0.018627118644067797,1
2020-09-06,031f727fde00e9576147f18dddc9d3a6a5c6205992942f97c2be0ec89c74980c,0762143009,0.013542372881355931,2
2020-09-06,031f727fde00e9576147f18dddc9d3a6a5c6205992942f97c2be0ec89c74980c,0762143002,0.013542372881355931,2
2020-09-06,031f727fde00e9576147f18dddc9d3a6a5c6205992942f97c2be0ec89c74980c,0781613006,0.050830508474576264,2
2020-09-06,031f727fde00e9576147f18dddc9d3a6a5c6205992942f97c2be0ec89c74980c,0909081003,0.033881355932203386,2
2020-09-06,067264a801da6d4d78cb386b8d6f0a4dbeeb46b8e56db16e8e0e21c42ac5f11c,0882882005,0.050830508474576264,2
2020-09-06,067264a801da6d4d78cb386b8d6f0a4dbeeb46b8e56db16e8e0e21c42ac5f11c,0882882005,0.050830508474576264,2
2020-09-06,067264a801da6d4d78cb386b8d6f0a4dbeeb46b8e56db16e8e0e21c42ac5f11c,0600886022,0.025406779661016947,2
2020-09-06,067264a801da6d4d78cb386b8d6f0a4dbeeb46b8e56db16e8e0e21c42ac5f11c,0600886022,0.025406779661016947,2
2020-09-06,067264a801da6d4d78cb386b8d6f0a4dbeeb46b8e56db16e8e0e21c42ac5f11c,0776237014,0.025406779661016947,2
2020-09-06,067264a801da6d4d78cb386b8d6f0a4dbeeb46b8e56db16e8e0e21c42ac5f11c,0776237014,0.025406779661016947,2
2020-09-06,08d6063d5fe7443743367f126673e50525c53673b1dd9cae6004f1b07f2a4479,0906352001,0.05666101694915254,2
2020-09-06,08d6063d5fe7443743367f126673e50525c53673b1dd9cae6004f1b07f2a4479,0868874006,0.032372881355932207,2
2020-09-06,08d6063d5fe7443743367f126673e50525c53673b1dd9cae6004f1b07f2a4479,0918522001,0.04047457627118644,2
2020-09-06,08d6063d5fe7443743367f126673e50525c53673b1dd9cae6004f1b07f2a4479,0757903001,0.016186440677966103,2
2020-09-06,126f75d19719f1a816aa32ca836385fa6613d7f73dce1bfe60c7daf15d5d900e,0914745001,0.05930508474576271,2
2020-09-06,13cc46e0fc39f142a013b4b7e1ed67cbfffd9a0b41f3b2c9abd70a38c385070e,0848519001,0.025406779661016947,2
2020-09-06,13cc46e0fc39f142a013b4b7e1ed67cbfffd9a0b41f3b2c9abd70a38c385070e,0781758001,0.025406779661016947,2
2020-09-06,150de2decec9433a0b54135c70c04e7f93674d37308e08c3c86fb4fde670e177,0723930008,0.03116949152542373,1
2020-09-06,150de2decec9433a0b54135c70c04e7f93674d37308e08c3c86fb4fde670e177,0715624053,0.023372881355932202,1
2020-09-06,150de2decec9433a0b54135c70c04e7f93674d37308e08c3c86fb4fde670e177,0509091057,0.015576271186440678,1
2020-09-06,15ac48418d6bf0e8080a58ddd3980fc71eb50ace10a1fcdc8fbecc46943c476b,0564311002,0.025406779661016947,1
2020-09-06,15ac48418d6bf0e8080a58ddd3980fc71eb50ace10a1fcdc8fbecc46943c476b,0570002001,0.013542372881355931,1
2020-09-06,15ac48418d6bf0e8080a58ddd3980fc71eb50ace10a1fcdc8fbecc46943c476b,0570002001,0.013542372881355931,1
2020-09-06,15ac48418d6bf0e8080a58ddd3980fc71eb50ace10a1fcdc8fbecc46943c476b,0715828013,0.033881355932203386,1
2020-09-06,18b04d6fad7b313c0e70100ba9fe08fad5c6c2449d792d6a5865e121507513eb,0912204001,0.016932203389830508,2
2020-09-06,18b04d6fad7b313c0e70100ba9fe08fad5c6c2449d792d6a5865e121507513eb,0902802002,0.033881355932203386,2
2020-09-06,19dbafba727d145776a8adaf699587f2089a3ea9ae180d0ad661dfe53286870d,0822115004,0.01905084745762712,1
2020-09-06,1a1e5fbe5c66d881ba09150983ae12dff0308498f21d73d341f1724b0b579fb3,0920084004,0.05930508474576271,2
2020-09-06,1a1e5fbe5c66d881ba09150983ae12dff0308498f21d73d341f1724b0b579fb3,0906612001,0.06777966101694916,2
2020-09-06,1a1e5fbe5c66d881ba09150983ae12dff0308498f21d73d341f1724b0b579fb3,0906976003,0.06777966101694916,2
2020-09-06,1cecb6006578432cfa5c19cdf0345d3550b64dd92c4764011b7b5bdcd00abdea,0837249009,0.022016949152542376,1
2020-09-06,1cecb6006578432cfa5c19cdf0345d3550b64dd92c4764011b7b5bdcd00abdea,0611415037,0.016932203389830508,1
2020-09-06,1d4148d2c977b469ffdb718cfd8cc7a934613dd62291b0a0894d85b187623fcc,0351484002,0.022016949152542376,2
2020-09-06,1d4148d2c977b469ffdb718cfd8cc7a934613dd62291b0a0894d85b187623fcc,0854193004,0.016932203389830508,2
2020-09-06,1d4148d2c977b469ffdb718cfd8cc7a934613dd62291b0a0894d85b187623fcc,0776237029,0.008457627118644067,2
2020-09-06,1d4148d2c977b469ffdb718cfd8cc7a934613dd62291b0a0894d85b187623fcc,0776237020,0.025406779661016947,2
2020-09-06,1d4148d2c977b469ffdb718cfd8cc7a934613dd62291b0a0894d85b187623fcc,0864459001,0.025406779661016947,2
2020-09-06,20cf3cac6d136df47ac586b832c68501a9d6a0d54f21a1954a1482a80ec117f5,0448509014,0.042355932203389825,2
2020-09-06,20cf3cac6d136df47ac586b832c68501a9d6a0d54f21a1954a1482a80ec117f5,0914441002,0.033881355932203386,2
2020-09-06,22d2fce9f1d0d22409507a230749a10c30465bc077fd62ab05512dfde4629508,0936979001,0.008457627118644067,2
2020-09-06,22d2fce9f1d0d22409507a230749a10c30465bc077fd62ab05512dfde4629508,0905945001,0.06777966101694916,2
2020-09-06,3ffb740431a3d13ad7a38f6e793c09c7dc43de0d50718525803758127139d135,0810170012,0.06777966101694916,1
2020-09-06,3ffb740431a3d13ad7a38f6e793c09c7dc43de0d50718525803758127139d135,0834027001,0.025406779661016947,1
2020-09-06,47068209427c40397ee3d68300d8c15b68a709223b4bad1130966b045041e92c,0767423011,0.022864406779661017,1
2020-09-06,47068209427c40397ee3d68300d8c15b68a709223b4bad1130966b045041e92c,0767423013,0.022864406779661017,1
2020-09-06,47068209427c40397ee3d68300d8c15b68a709223b4bad1130966b045041e92c,0907951002,0.01523728813559322,1
2020-09-06,49f942e1d7d143056f700b32d42ba1f2e58dcd6c1bda4511ee85c0c7fb2cc182,0898701002,0.04891525423728813,2
2020-09-06,49f942e1d7d143056f700b32d42ba1f2e58dcd6c1bda4511ee85c0c7fb2cc182,0915529003,0.026067796610169492,2
2020-09-06,49f942e1d7d143056f700b32d42ba1f2e58dcd6c1bda4511ee85c0c7fb2cc182,0806131012,0.03261016949152542,2
2020-09-06,49f942e1d7d143056f700b32d42ba1f2e58dcd6c1bda4511ee85c0c7fb2cc182,0922037003,0.06522033898305084,2
2020-09-06,4ca56a76baa57388dfdd7ec2371f9ad4679f07c898fe02029ac034c0a77228ba,0832307007,0.06777966101694916,2
2020-09-06,4e10f5a2e7dcbc2dc01344255dea20476eb72970334c1d4f56dbe5581f7ceb34,0910601001,0.042355932203389825,1
2020-09-06,4e10f5a2e7dcbc2dc01344255dea20476eb72970334c1d4f56dbe5581f7ceb34,0915529003,0.033881355932203386,1
2020-09-06,4fdc1bfcfbdf5436c79ca8f8be9da309a93542ab5b5f0903a50f0dbd62e89712,0907527001,0.042355932203389825,2
2020-09-06,4fdc1bfcfbdf5436c79ca8f8be9da309a93542ab5b5f0903a50f0dbd62e89712,0907527001,0.042355932203389825,2
2020-09-06,4fdc1bfcfbdf5436c79ca8f8be9da309a93542ab5b5f0903a50f0dbd62e89712,0905957001,0.042355932203389825,2
2020-09-06,4fdc1bfcfbdf5436c79ca8f8be9da309a93542ab5b5f0903a50f0dbd62e89712,0769748013,0.050830508474576264,2
2020-09-06,4fdc1bfcfbdf5436c79ca8f8be9da309a93542ab5b5f0903a50f0dbd62e89712,0852584001,0.033881355932203386,2
2020-09-06,4fdc1bfcfbdf5436c79ca8f8be9da309a93542ab5b5f0903a50f0dbd62e89712,0852584001,0.033881355932203386,2
2020-09-06,56426d3c1c54a12078a23b900e219eb5f725f29736cd6430c71d280cf98cf101,0935689001,0.050830508474576264,2
2020-09-06,56426d3c1c54a12078a23b900e219eb5f725f29736cd6430c71d280cf98cf101,0933989002,0.042355932203389825,2
2020-09-06,56426d3c1c54a12078a23b900e219eb5f725f29736cd6430c71d280cf98cf101,0926166001,0.050830508474576264,2
2020-09-06,56426d3c1c54a12078a23b900e219eb5f725f29736cd6430c71d280cf98cf101,0929744001,0.042355932203389825,2
2020-09-06,592473c2d4d146c46ca93c511e57c3b8685b955a15e02b5c63b5436c339db599,0863595006,0.033881355932203386,2
2020-09-06,592473c2d4d146c46ca93c511e57c3b8685b955a15e02b5c63b5436c339db599,0399256001,0.016932203389830508,2
2020-09-06,592473c2d4d146c46ca93c511e57c3b8685b955a15e02b5c63b5436c339db599,0636323001,0.016932203389830508,2
2020-09-06,5ac849edf5251fc33858d195fcaa07d2c390f6af12764b5ae6fcd5f6a50e69e6,0909823001,0.10167796610169492,2
2020-09-06,5ac849edf5251fc33858d195fcaa07d2c390f6af12764b5ae6fcd5f6a50e69e6,0909823001,0.10167796610169492,2
2020-09-06,5ac849edf5251fc33858d195fcaa07d2c390f6af12764b5ae6fcd5f6a50e69e6,0797500002,0.21864406779661016,2
2020-09-06,5ac849edf5251fc33858d195fcaa07d2c390f6af12764b5ae6fcd5f6a50e69e6,0818621005,0.16779661016949152,2
2020-09-06,5ac849edf5251fc33858d195fcaa07d2c390f6af12764b5ae6fcd5f6a50e69e6,0888525004,0.033881355932203386,2
2020-09-06,5ac849edf5251fc33858d195fcaa07d2c390f6af12764b5ae6fcd5f6a50e69e6,0815796002,0.050830508474576264,2
2020-09-06,643de10eec7300d10c82007d0b14d8dade0a18459434418c16f92b77cf154a08,0699755071,0.042355932203389825,2
2020-09-06,643de10eec7300d10c82007d0b14d8dade0a18459434418c16f92b77cf154a08,0836142004,0.016932203389830508,2
2020-09-06,6827c59e304cc01dc36907b9ee5bcc845bacc2f908dabad3e8c529eddc2cdf0c,0915292001,0.025406779661016947,2
2020-09-06,6827c59e304cc01dc36907b9ee5bcc845bacc2f908dabad3e8c529eddc2cdf0c,0924605001,0.016932203389830508,2
2020-09-06,6827c59e304cc01dc36907b9ee5bcc845bacc2f908dabad3e8c529eddc2cdf0c,0924605001,0.016932203389830508,2
2020-09-06,6cd9960e08d20cfa922164d6124f21b6c3c52c239acab6c9204e71fe418cc736,0682550001,0.033881355932203386,1
2020-09-06,6de13f55d60b04bc858a001db3a05ab816eecb74eec2c3a73abe7b58988b002c,0539368001,0.016932203389830508,2
2020-09-06,6de13f55d60b04bc858a001db3a05ab816eecb74eec2c3a73abe7b58988b002c,0539368001,0.016932203389830508,2
2020-09-06,6e29344ef22eee4663d7a817289878ca2b15295eb7d3f69b8514817bcd6aa1c9,0915526001,0.027101694915254236,2
2020-09-06,70a99bc2bf173c906067a0ecfa6721a1473637b443d5718c5b2bfb46d9980135,0772902001,0.013542372881355931,1
2020-09-06,70a99bc2bf173c906067a0ecfa6721a1473637b443d5718c5b2bfb46d9980135,0772902001,0.013542372881355931,1
2020-09-06,776b9d943ff6c1f01b10a2fb37c83f9a1ee27ee4992654f89c723b4fcd4f957b,0926502001,0.05930508474576271,1
2020-09-06,776b9d943ff6c1f01b10a2fb37c83f9a1ee27ee4992654f89c723b4fcd4f957b,0827681001,0.050830508474576264,1
2020-09-06,776b9d943ff6c1f01b10a2fb37c83f9a1ee27ee4992654f89c723b4fcd4f957b,0877273001,0.033881355932203386,1
2020-09-06,776b9d943ff6c1f01b10a2fb37c83f9a1ee27ee4992654f89c723b4fcd4f957b,0915526002,0.033881355932203386,1
2020-09-06,7ae0921c5a23cdbc83233774ef4f00600d02653ad05ee5b8f019e44dcff6902f,0827370001,0.025406779661016947,2
2020-09-06,7ae0921c5a23cdbc83233774ef4f00600d02653ad05ee5b8f019e44dcff6902f,0827370001,0.025406779661016947,2
2020-09-06,7ddfbf772ce5c301229fc0c2c52048291973bea9933ce790f925ee62fae50717,0715624010,0.025406779661016947,2
2020-09-06,7ddfbf772ce5c301229fc0c2c52048291973bea9933ce790f925ee62fae50717,0715624013,0.025406779661016947,2
2020-09-06,86273c8d7deadc718cbd15e08ad7b304dba165927cf1a9ebd5e8628158e3d65c,0898694001,0.050830508474576264,2
2020-09-06,86273c8d7deadc718cbd15e08ad7b304dba165927cf1a9ebd5e8628158e3d65c,0759482001,0.016932203389830508,2
2020-09-06,86273c8d7deadc718cbd15e08ad7b304dba165927cf1a9ebd5e8628158e3d65c,0803757005,0.016932203389830508,2
2020-09-06,86273c8d7deadc718cbd15e08ad7b304dba165927cf1a9ebd5e8628158e3d65c,0822115004,0.025406779661016947,2
2020-09-06,86273c8d7deadc718cbd15e08ad7b304dba165927cf1a9ebd5e8628158e3d65c,0819520001,0.022016949152542376,2
2020-09-06,86273c8d7deadc718cbd15e08ad7b304dba165927cf1a9ebd5e8628158e3d65c,0448509014,0.042355932203389825,2
2020-09-06,86273c8d7deadc718cbd15e08ad7b304dba165927cf1a9ebd5e8628158e3d65c,0448509014,0.042355932203389825,2
2020-09-06,8724466b4ec6e7860af744a7d0ed02f530b38dc075ca797b009f6e000cb32a68,0908081004,0.042355932203389825,2
2020-09-06,8724466b4ec6e7860af744a7d0ed02f530b38dc075ca797b009f6e000cb32a68,0915526001,0.033881355932203386,2
2020-09-06,8724466b4ec6e7860af744a7d0ed02f530b38dc075ca797b009f6e000cb32a68,0915529003,0.033881355932203386,2
2020-09-06,8bebb5e2402ab4ac733ca557e76521975dbbe0dc8378a791d70c0c54a8d9eb1a,0896152001,0.033881355932203386,1
2020-09-06,8bebb5e2402ab4ac733ca557e76521975dbbe0dc8378a791d70c0c54a8d9eb1a,0913688003,0.033881355932203386,1
2020-09-06,8ff6e00c5ee24c0153e4a92bfc58d3e6cdf163595c52cd55dbe05a7e42e33b26,0935892001,0.025406779661016947,2
2020-09-06,8ff6e00c5ee24c0153e4a92bfc58d3e6cdf163595c52cd55dbe05a7e42e33b26,0936622001,0.025406779661016947,2
2020-09-06,90b4bd76c63e1046df080ac54f4eb2268085ff7ab8ea5e1169b4b5431d0d0b74,0819520008,0.022016949152542376,2
2020-09-06,90b4bd76c63e1046df080ac54f4eb2268085ff7ab8ea5e1169b4b5431d0d0b74,0536139071,0.016932203389830508,2
2020-09-06,94751ad64747c89e2f073587838c635649d3d79660eb62428e4d1a01598d4789,0806775001,0.022016949152542376,2
2020-09-06,9931d49962795a63be97e442ce0ab5668d8aac7b97c9834fa960370737574643,0915526001,0.033881355932203386,2
2020-09-06,99de52fcfa6abfd6185fd6ca0f3242b4b8832a99abf1ec4a0ea124cdbd09afae,0806528007,0.050830508474576264,2
2020-09-06,99de52fcfa6abfd6185fd6ca0f3242b4b8832a99abf1ec4a0ea124cdbd09afae,0887934001,0.06777966101694916,2
2020-09-06,9b2280ea8ec96cd53a786c4de42fed89917abfc18d25766a199586f0221868ce,0448509035,0.042355932203389825,2
2020-09-06,9b2280ea8ec96cd53a786c4de42fed89917abfc18d25766a199586f0221868ce,0801673001,0.016932203389830508,2
2020-09-06,9b2280ea8ec96cd53a786c4de42fed89917abfc18d25766a199586f0221868ce,0801673001,0.016932203389830508,2
2020-09-06,9b2280ea8ec96cd53a786c4de42fed89917abfc18d25766a199586f0221868ce,0801673014,0.016932203389830508,2
2020-09-06,9b2280ea8ec96cd53a786c4de42fed89917abfc18d25766a199586f0221868ce,0801673014,0.016932203389830508,2
2020-09-06,9ded5fc2c9141672e35c9efc02eeb20cfc604ce7ada15f4ddead3fc4bcfc4c29,0806778001,0.0457457627118644,1
2020-09-06,9ded5fc2c9141672e35c9efc02eeb20cfc604ce7ada15f4ddead3fc4bcfc4c29,0806778001,0.0457457627118644,1
2020-09-06,9ded5fc2c9141672e35c9efc02eeb20cfc604ce7ada15f4ddead3fc4bcfc4c29,0851374001,0.019813559322033897,1
2020-09-06,9e8816fef40d8e998730e33b1d05a083b26c0427ae3432ec2ee84a35dd535440,0889460003,0.025406779661016947,1
2020-09-06,9e8816fef40d8e998730e33b1d05a083b26c0427ae3432ec2ee84a35dd535440,0816598007,0.042355932203389825,1
2020-09-06,9e8816fef40d8e998730e33b1d05a083b26c0427ae3432ec2ee84a35dd535440,0868444001,0.033881355932203386,1
2020-09-06,9e8816fef40d8e998730e33b1d05a083b26c0427ae3432ec2ee84a35dd535440,0779633018,0.033881355932203386,1
2020-09-06,9e8816fef40d8e998730e33b1d05a083b26c0427ae3432ec2ee84a35dd535440,0801768001,0.05930508474576271,1
2020-09-06,9e8816fef40d8e998730e33b1d05a083b26c0427ae3432ec2ee84a35dd535440,0655784001,0.033881355932203386,1
2020-09-06,a14b30a4fd794363c9bba9f8f88078228e03436215d59a8f2fb01e35cab64032,0927791004,0.04889830508474576,2
2020-09-06,a14b30a4fd794363c9bba9f8f88078228e03436215d59a8f2fb01e35cab64032,0699598004,0.024440677966101693,2
2020-09-06,a14b30a4fd794363c9bba9f8f88078228e03436215d59a8f2fb01e35cab64032,0844111001,0.048881355932203385,2
2020-09-06,a14b30a4fd794363c9bba9f8f88078228e03436215d59a8f2fb01e35cab64032,0843793004,0.03259322033898305,2
2020-09-06,a14b30a4fd794363c9bba9f8f88078228e03436215d59a8f2fb01e35cab64032,0865929003,0.016288135593220336,2
2020-09-06,a2fab644a5463d725fd0ff4f65ba01062eabd6ff04ef9bb2af97b598cb18a81b,0897089003,0.2525423728813559,2
2020-09-06,a904f868c9b87ca69b40fd502aabe842c9ad0eff2de81aabf1de836fc337c89e,0835168002,0.08472881355932205,2
2020-09-06,a904f868c9b87ca69b40fd502aabe842c9ad0eff2de81aabf1de836fc337c89e,0884319001,0.025406779661016947,2
2020-09-06,a904f868c9b87ca69b40fd502aabe842c9ad0eff2de81aabf1de836fc337c89e,0706016062,0.033881355932203386,2
2020-09-06,a904f868c9b87ca69b40fd502aabe842c9ad0eff2de81aabf1de836fc337c89e,0837448001,0.10167796610169492,2
2020-09-06,a904f868c9b87ca69b40fd502aabe842c9ad0eff2de81aabf1de836fc337c89e,0914441002,0.033881355932203386,2
2020-09-06,aa8db50efbe15a2451ba7473ddc531239756456ab690bf402b8889c62197ad4d,0688728023,0.018627118644067797,2
2020-09-06,aa9c3ef730977da33cee134a07bc7f33dfac0daefb0e22871aa188f0b02b5546,0886569005,0.008457627118644067,2
2020-09-06,aa9c3ef730977da33cee134a07bc7f33dfac0daefb0e22871aa188f0b02b5546,0714620005,0.008457627118644067,2
2020-09-06,ae90c998005914a16da249b2da25d9e9b4d60e5ff44d543092dc17523c8b6c3d,0906352001,0.05930508474576271,1
2020-09-06,ae90c998005914a16da249b2da25d9e9b4d60e5ff44d543092dc17523c8b6c3d,0512989020,0.013542372881355931,1
2020-09-06,b026c5231bd2695004b7899be78a54800475ad230e192523df96e8d99f68d21f,0881111001,0.08472881355932205,2
2020-09-06,b026c5231bd2695004b7899be78a54800475ad230e192523df96e8d99f68d21f,0839899001,0.033881355932203386,2
2020-09-06,b026c5231bd2695004b7899be78a54800475ad230e192523df96e8d99f68d21f,0706016062,0.033881355932203386,2
2020-09-06,b1cff73848efa8e33db6a37828f0458936dfd3452bc7570e9b6770588377f1ee,0716670009,0.042355932203389825,1
2020-09-06,b37a15f57e8eb813013ca3a4663b1ea7b01f84c78c10c3907026af1d01c9c442,0685813003,0.016932203389830508,1
2020-09-06,b37a15f57e8eb813013ca3a4663b1ea7b01f84c78c10c3907026af1d01c9c442,0685813001,0.016932203389830508,1
2020-09-06,b37a15f57e8eb813013ca3a4663b1ea7b01f84c78c10c3907026af1d01c9c442,0685813001,0.016932203389830508,1
2020-09-06,b53fe898476a64c4c4019bb3a0cf9944884dededad90706c0a6459d18d3b3acc,0918475002,0.022016949152542376,2
2020-09-06,b53fe898476a64c4c4019bb3a0cf9944884dededad90706c0a6459d18d3b3acc,0886608001,0.011847457627118646,2
2020-09-06,b6b226eea2cafe7dbdcbcbe2944a8196332de1b2df5f11db7f50503d99ec21d5,0900317003,0.025406779661016947,1
2020-09-06,b85d46a2f38c6f6c35c2f6e66311f75601c2a0d1de5eff1c60bd72821028b71c,0921226007,0.016932203389830508,2
2020-09-06,b85d46a2f38c6f6c35c2f6e66311f75601c2a0d1de5eff1c60bd72821028b71c,0865444002,0.03049152542372881,2
2020-09-06,b85d46a2f38c6f6c35c2f6e66311f75601c2a0d1de5eff1c60bd72821028b71c,0763842007,0.03049152542372881,2
2020-09-06,b85d46a2f38c6f6c35c2f6e66311f75601c2a0d1de5eff1c60bd72821028b71c,0878097001,0.013542372881355931,2
2020-09-06,b85d46a2f38c6f6c35c2f6e66311f75601c2a0d1de5eff1c60bd72821028b71c,0838321001,0.025406779661016947,2
2020-09-06,b85d46a2f38c6f6c35c2f6e66311f75601c2a0d1de5eff1c60bd72821028b71c,0921226004,0.016932203389830508,2
2020-09-06,b85d46a2f38c6f6c35c2f6e66311f75601c2a0d1de5eff1c60bd72821028b71c,0861767002,0.022016949152542376,2
2020-09-06,bfb8fc4e97a9ea7a70089e1f3c0a1c64764edb143eda5127e0ef056844f026fa,0372860001,0.013542372881355931,1
2020-09-06,bfb8fc4e97a9ea7a70089e1f3c0a1c64764edb143eda5127e0ef056844f026fa,0863587001,0.016932203389830508,1
2020-09-06,bfb8fc4e97a9ea7a70089e1f3c0a1c64764edb143eda5127e0ef056844f026fa,0685813039,0.016932203389830508,1
2020-09-06,bfb8fc4e97a9ea7a70089e1f3c0a1c64764edb143eda5127e0ef056844f026fa,0685816001,0.008457627118644067,1
2020-09-06,bfb8fc4e97a9ea7a70089e1f3c0a1c64764edb143eda5127e0ef056844f026fa,0685816002,0.008457627118644067,1
2020-09-06,c35caa0657f370050392dc2d7bd2cb48357cfb098bc49389eb6f45b5239fd4cc,0751788002,0.050830508474576264,1
2020-09-06,c35caa0657f370050392dc2d7bd2cb48357cfb098bc49389eb6f45b5239fd4cc,0728156024,0.050830508474576264,1
2020-09-06,c6305db545de2d8093686cffd731900ec3b9c5c03921b1a81439fd75c49b260d,0817472005,0.016932203389830508,2
2020-09-06,c6305db545de2d8093686cffd731900ec3b9c5c03921b1a81439fd75c49b260d,0884345003,0.013542372881355931,2
2020-09-06,c70d3d93a29f7920011d7bfbb8392235ae5f19c897a6212bead81832b3ee34ca,0574109043,0.022491525423728814,1
2020-09-06,c70d3d93a29f7920011d7bfbb8392235ae5f19c897a6212bead81832b3ee34ca,0516000089,0.015,1
2020-09-06,c70d3d93a29f7920011d7bfbb8392235ae5f19c897a6212bead81832b3ee34ca,0741356002,0.015,1
2020-09-06,c768707eb0780a81aacf8c920e3519408b3e5f3fd77dd2d16541b98792fa0eb0,0568597006,0.042355932203389825,2
2020-09-06,c768707eb0780a81aacf8c920e3519408b3e5f3fd77dd2d16541b98792fa0eb0,0568601006,0.050830508474576264,2
2020-09-06,c768707eb0780a81aacf8c920e3519408b3e5f3fd77dd2d16541b98792fa0eb0,0568597007,0.042355932203389825,2
2020-09-06,c768707eb0780a81aacf8c920e3519408b3e5f3fd77dd2d16541b98792fa0eb0,0903193003,0.050830508474576264,2
2020-09-06,cc2756828b6bc9de57da2da88c72ba96f76eb0c470a77f0f6fc8a5d303f04634,0918171001,0.050830508474576264,2
2020-09-06,cc2756828b6bc9de57da2da88c72ba96f76eb0c470a77f0f6fc8a5d303f04634,0918171001,0.050830508474576264,2
2020-09-06,cf98636d82fbe93175e77eee091c4639ab33cf0ceaeebc3a0f7d8460ca26dffd,0496762004,0.016932203389830508,2
2020-09-06,cf98636d82fbe93175e77eee091c4639ab33cf0ceaeebc3a0f7d8460ca26dffd,0496762004,0.016932203389830508,2
2020-09-06,cf98636d82fbe93175e77eee091c4639ab33cf0ceaeebc3a0f7d8460ca26dffd,0854818004,0.008457627118644067,2
2020-09-06,cfadc1639b99d87ef7ecd04c96dc89da8078a73e77c8f19e18a04fe48bbf3398,0848782001,0.10167796610169492,2
2020-09-06,cfadc1639b99d87ef7ecd04c96dc89da8078a73e77c8f19e18a04fe48bbf3398,0848782001,0.10167796610169492,2
2020-09-06,d3e922381819cedd36b17149f417cb699e03bc1d72511e3ad9943e2dec9c8958,0885951001,0.029118644067796608,2
2020-09-06,d3e922381819cedd36b17149f417cb699e03bc1d72511e3ad9943e2dec9c8958,0887681003,0.021033898305084744,2
2020-09-06,d3e922381819cedd36b17149f417cb699e03bc1d72511e3ad9943e2dec9c8958,0883808002,0.029118644067796608,2
2020-09-06,d3e922381819cedd36b17149f417cb699e03bc1d72511e3ad9943e2dec9c8958,0754238015,0.03235593220338983,2
2020-09-06,d3e922381819cedd36b17149f417cb699e03bc1d72511e3ad9943e2dec9c8958,0754238015,0.03235593220338983,2
2020-09-06,d7a718eb413ce9bc34669bcd17df56b67fce90c612e5654631c9f6f464dc14ad,0860317001,0.022016949152542376,2
2020-09-06,d7a718eb413ce9bc34669bcd17df56b67fce90c612e5654631c9f6f464dc14ad,0867023003,0.025406779661016947,2
2020-09-06,d89364541d4cb43d1ed7bf51a181ae6043b8df201d7b4a90762cad2dd19f306a,0917334001,0.05930508474576271,2
2020-09-06,d95dc603c731dc875ffc2d1f8d0320de78deee70af4293353ca9ca201c950015,0916866002,0.042355932203389825,2
2020-09-06,d95dc603c731dc875ffc2d1f8d0320de78deee70af4293353ca9ca201c950015,0903473001,0.10167796610169492,2
2020-09-06,d95dc603c731dc875ffc2d1f8d0320de78deee70af4293353ca9ca201c950015,0903049003,0.06777966101694916,2
2020-09-06,d95dc603c731dc875ffc2d1f8d0320de78deee70af4293353ca9ca201c950015,0884319005,0.025406779661016947,2
2020-09-06,d95dc603c731dc875ffc2d1f8d0320de78deee70af4293353ca9ca201c950015,0915412002,0.033881355932203386,2
2020-09-06,d95dc603c731dc875ffc2d1f8d0320de78deee70af4293353ca9ca201c950015,0751471037,0.033881355932203386,2
2020-09-06,d95dc603c731dc875ffc2d1f8d0320de78deee70af4293353ca9ca201c950015,0895555002,0.042355932203389825,2
2020-09-06,d95dc603c731dc875ffc2d1f8d0320de78deee70af4293353ca9ca201c950015,0762846006,0.025406779661016947,2
2020-09-06,dfea75cca535f1d750445f7c1aef806847575df7b18412b3bd38f11667ca32fb,0924243001,0.042355932203389825,1
2020-09-06,dfea75cca535f1d750445f7c1aef806847575df7b18412b3bd38f11667ca32fb,0873678007,0.025406779661016947,1
2020-09-06,dfea75cca535f1d750445f7c1aef806847575df7b18412b3bd38f11667ca32fb,0863595002,0.033881355932203386,1
2020-09-06,e4a45dbc01d2ba2d7fa762b22fa1e50948a12b7833f19ed0be6b709c759c6b04,0839915001,0.033881355932203386,1
2020-09-06,e4a45dbc01d2ba2d7fa762b22fa1e50948a12b7833f19ed0be6b709c759c6b04,0902059001,0.050830508474576264,1
2020-09-06,e4a45dbc01d2ba2d7fa762b22fa1e50948a12b7833f19ed0be6b709c759c6b04,0889456001,0.018627118644067797,1
2020-09-06,e6e18027d966c205cc015a16e1a4cb65bd9a43cd244aff657e729d7d0f3d1bd6,0877777001,0.022016949152542376,1
2020-09-06,e6e18027d966c205cc015a16e1a4cb65bd9a43cd244aff657e729d7d0f3d1bd6,0921748002,0.044474576271186436,1
2020-09-06,e6e18027d966c205cc015a16e1a4cb65bd9a43cd244aff657e729d7d0f3d1bd6,0926502001,0.053372881355932204,1
2020-09-06,e6e18027d966c205cc015a16e1a4cb65bd9a43cd244aff657e729d7d0f3d1bd6,0827799002,0.010152542372881357,1
2020-09-06,ee99de762a6e59ec88614153d071648dd2a2e50631bebbd8acf6ae9859bd2e36,0341129001,0.01242372881355932,1
2020-09-06,ee99de762a6e59ec88614153d071648dd2a2e50631bebbd8acf6ae9859bd2e36,0525979001,0.01240677966101695,1
2020-09-06,ee99de762a6e59ec88614153d071648dd2a2e50631bebbd8acf6ae9859bd2e36,0525979001,0.01242372881355932,1
2020-09-06,fc991ab32c2cf7e8bff15565970a39b8fc3758c37f9d6c4b5e37e5c22dae2d66,0850917002,0.02288135593220339,1
2020-09-06,fc991ab32c2cf7e8bff15565970a39b8fc3758c37f9d6c4b5e37e5c22dae2d66,0902407001,0.03049152542372881,1
2020-09-06,fc991ab32c2cf7e8bff15565970a39b8fc3758c37f9d6c4b5e37e5c22dae2d66,0687704028,0.061000000000000006,1
2020-09-06,fc991ab32c2cf7e8bff15565970a39b8fc3758c37f9d6c4b5e37e5c22dae2d66,0562245046,0.03049152542372881,1
2020-09-06,fc991ab32c2cf7e8bff15565970a39b8fc3758c37f9d6c4b5e37e5c22dae2d66,0562245046,0.03049152542372881,1
2020-09-06,fdc791c174a6aee7afe354daa679229e5e4e2efb665d57c08159df7129cadfff,0863595006,0.033881355932203386,1
2020-09-06,fdccd8f69edcf4fe5325f29a872d9135717d2ec060a0f0c1487b4165bf5cb070,0904416002,0.033881355932203386,2
2020-09-06,fdccd8f69edcf4fe5325f29a872d9135717d2ec060a0f0c1487b4165bf5cb070,0915529003,0.033881355932203386,2
2020-09-06,fdccd8f69edcf4fe5325f29a872d9135717d2ec060a0f0c1487b4165bf5cb070,0743722002,0.022016949152542376,2
2020-09-06,fdccd8f69edcf4fe5325f29a872d9135717d2ec060a0f0c1487b4165bf5cb070,0729860001,0.022016949152542376,2
2020-09-07,05d2db53d5d6d2330208ca3243acc0f47af1f9e25f8566f1f081e7dcaa1b3fac,0663396001,0.050830508474576264,1
2020-09-07,05d2db53d5d6d2330208ca3243acc0f47af1f9e25f8566f1f081e7dcaa1b3fac,0751471001,0.033881355932203386,1
2020-09-07,0ca1604c80cda350cdeedcc2cbc9f9825dc33b778b4caf434741bb07991d75d8,0893994001,0.022016949152542376,2
2020-09-07,0ca1604c80cda350cdeedcc2cbc9f9825dc33b778b4caf434741bb07991d75d8,0768921001,0.013542372881355931,2
2020-09-07,0f6d39e44b2892ba1076eb67601e5a2225b8958ec88c7c93877873779292ad5f,0804992017,0.025406779661016947,1
2020-09-07,0f6d39e44b2892ba1076eb67601e5a2225b8958ec88c7c93877873779292ad5f,0804992013,0.025406779661016947,1
2020-09-07,17e05f2812258654952e34caf50acd2b43479d35dfb146ede2ef66661f68e898,0868823008,0.025406779661016947,1
2020-09-07,17e05f2812258654952e34caf50acd2b43479d35dfb146ede2ef66661f68e898,0918292001,0.042355932203389825,1
2020-09-07,180bfbd29c3837914f3aebc4ad890b9b176917f4a95957dae9448aaf244f0067,0806785001,0.01871186440677966,1
2020-09-07,180bfbd29c3837914f3aebc4ad890b9b176917f4a95957dae9448aaf244f0067,0849886010,0.02159322033898305,1
2020-09-07,23fa759cbf248d5fcd0d55f6f46122cffdb4785408cf8584c20c428178d167cc,0933032002,0.11862711864406779,2
2020-09-07,23fa759cbf248d5fcd0d55f6f46122cffdb4785408cf8584c20c428178d167cc,0811927007,0.022016949152542376,2
2020-09-07,29cdc5aacbece5f39e1dc17ecd4e1a9ed04dfcc09a89e8922be2fe92068a33be,0808684002,0.025406779661016947,2
2020-09-07,2d8bcd0d9b4b8f424499b98e8b92b8b42cf4ae6448197fc585a54f224d841b2d,0901813001,0.061000000000000006,2
2020-09-07,2d8bcd0d9b4b8f424499b98e8b92b8b42cf4ae6448197fc585a54f224d841b2d,0873279001,0.03811864406779661,2
2020-09-07,2d8bcd0d9b4b8f424499b98e8b92b8b42cf4ae6448197fc585a54f224d841b2d,0873279003,0.03811864406779661,2
2020-09-07,33e90e58fb890732e2fbf4b4472beb73d54a0a7a8cc61d8846ad500ec6bc9a93,0768931017,0.016932203389830508,1
2020-09-07,33e90e58fb890732e2fbf4b4472beb73d54a0a7a8cc61d8846ad500ec6bc9a93,0803757023,0.016932203389830508,1
2020-09-07,3606b5fd8551b4ba162bd5ce71517c5b490baaed9ac624090102fba7cd5d2204,0927491001,0.050830508474576264,2
2020-09-07,3606b5fd8551b4ba162bd5ce71517c5b490baaed9ac624090102fba7cd5d2204,0927922001,0.033881355932203386,2
2020-09-07,36549f78d10ff84057ac35f3b76406bc18c4599c5a970c50fe4c3fd3f428419f,0774113006,0.06777966101694916,2
2020-09-07,36549f78d10ff84057ac35f3b76406bc18c4599c5a970c50fe4c3fd3f428419f,0898886002,0.08472881355932205,2
2020-09-07,3b53ff8d0e3bd90158ae0db31a12d131f4a0a7f4136ac13514d440c2802f5740,0885617002,0.042355932203389825,2
2020-09-07,3b53ff8d0e3bd90158ae0db31a12d131f4a0a7f4136ac13514d440c2802f5740,0885617002,0.042355932203389825,2
2020-09-07,3b953d2d9e76a4ab468400cef85aa4baf3a6b1f00e9686757f37bc5c1901a95a,0803366013,0.025406779661016947,2
2020-09-07,3b953d2d9e76a4ab468400cef85aa4baf3a6b1f00e9686757f37bc5c1901a95a,0863116003,0.022016949152542376,2
2020-09-07,3b953d2d9e76a4ab468400cef85aa4baf3a6b1f00e9686757f37bc5c1901a95a,0894994002,0.025406779661016947,2
2020-09-07,3b953d2d9e76a4ab468400cef85aa4baf3a6b1f00e9686757f37bc5c1901a95a,0871501003,0.022016949152542376,2
2020-09-07,3d58f7cf6b4eec10e55a9c887ecc2e7d9226fad0a1eb3cb318b72b6db1a43279,0848357001,0.013542372881355931,2
2020-09-07,4192fb73156130453bf6e481e3d39d1494b04d28680e9c7b98dcab3c6daa3f37,0788225003,0.050830508474576264,2
2020-09-07,42bfb3b66eb7350de9a266c2da620fb33563d78e6cf241c3bb82f749850007fe,0922048001,0.08472881355932205,2
2020-09-07,42bfb3b66eb7350de9a266c2da620fb33563d78e6cf241c3bb82f749850007fe,0881919003,0.025406779661016947,2
2020-09-07,449cffc00fd644ad90a27735c703b4c960f2183757c1a0ac0c187ef4e2b2f792,0841473001,0.008457627118644067,2
2020-09-07,449cffc00fd644ad90a27735c703b4c960f2183757c1a0ac0c187ef4e2b2f792,0880195002,0.013542372881355931,2
2020-09-07,449cffc00fd644ad90a27735c703b4c960f2183757c1a0ac0c187ef4e2b2f792,0877037003,0.008457627118644067,2
2020-09-07,48cdcd7090ac62d48628a37e63ee9bcff836882c0a1b865af33c264b46883e7f,0870531001,0.033881355932203386,2
2020-09-07,48cdcd7090ac62d48628a37e63ee9bcff836882c0a1b865af33c264b46883e7f,0893141002,0.050830508474576264,2
2020-09-07,4937e73ba380ed18501a3b344308794bbc1613f5d84ab7b99d8a8574d21d4a82,0912208001,0.06777966101694916,2
2020-09-07,5887a8256c7f0fa71b9ac6a93c8e56160836c38742f89bc639c232b91dd263e6,0905833001,0.018627118644067797,1
2020-09-07,5a3aa81342c4b9d6ed9e2d7a78d1f6026957c020e882388294c52585dcc37e4d,0866610001,0.044050847457627114,2
2020-09-07,5ac849edf5251fc33858d195fcaa07d2c390f6af12764b5ae6fcd5f6a50e69e6,0797500002,0.21864406779661016,2
2020-09-07,5ac849edf5251fc33858d195fcaa07d2c390f6af12764b5ae6fcd5f6a50e69e6,0818621006,0.16779661016949152,2
2020-09-07,5ac849edf5251fc33858d195fcaa07d2c390f6af12764b5ae6fcd5f6a50e69e6,0818621006,0.16779661016949152,2
2020-09-07,5ac849edf5251fc33858d195fcaa07d2c390f6af12764b5ae6fcd5f6a50e69e6,0802553004,0.13557627118644067,2
2020-09-07,5ac849edf5251fc33858d195fcaa07d2c390f6af12764b5ae6fcd5f6a50e69e6,0802553004,0.13557627118644067,2
2020-09-07,5ac849edf5251fc33858d195fcaa07d2c390f6af12764b5ae6fcd5f6a50e69e6,0802553004,0.13557627118644067,2
2020-09-07,5ac849edf5251fc33858d195fcaa07d2c390f6af12764b5ae6fcd5f6a50e69e6,0802553003,0.13557627118644067,2
2020-09-07,5ac849edf5251fc33858d195fcaa07d2c390f6af12764b5ae6fcd5f6a50e69e6,0802553003,0.13557627118644067,2
2020-09-07,5ac849edf5251fc33858d195fcaa07d2c390f6af12764b5ae6fcd5f6a50e69e6,0802553003,0.13557627118644067,2
2020-09-07,60b70c8b080c35195ede92b77b097aa72bd2280024edff50d174a96d7c93dcd4,0765743007,0.06777966101694916,2
2020-09-07,60b70c8b080c35195ede92b77b097aa72bd2280024edff50d174a96d7c93dcd4,0772822003,0.08472881355932205,2
2020-09-07,63ed443061c73781158540f79ea351c7669ae469d720f1f278d3ae2ab4c83fb5,0918292001,0.042355932203389825,2
2020-09-07,63ed443061c73781158540f79ea351c7669ae469d720f1f278d3ae2ab4c83fb5,0751471043,0.033881355932203386,2
2020-09-07,67d5f10da129a910edf3641c1889c397d00b747c5bf6d32a911fb13f58453a3e,0935858002,0.014677966101694915,1
2020-09-07,67d5f10da129a910edf3641c1889c397d00b747c5bf6d32a911fb13f58453a3e,0806131002,0.02935593220338983,1
2020-09-07,68a22ed6a82682c0c2b561837497e98aaefa3417623008df5cbbfc50de55af97,0407653002,0.004389830508474576,1
2020-09-07,699de7ed34091858ed13a0d33c1ca9e72e54bd562dd3a204a892039f23a2e317,0730683050,0.042355932203389825,2
2020-09-07,699de7ed34091858ed13a0d33c1ca9e72e54bd562dd3a204a892039f23a2e317,0761406006,0.025406779661016947,2
2020-09-07,699de7ed34091858ed13a0d33c1ca9e72e54bd562dd3a204a892039f23a2e317,0881916001,0.008457627118644067,2
2020-09-07,699de7ed34091858ed13a0d33c1ca9e72e54bd562dd3a204a892039f23a2e317,0885951001,0.03049152542372881,2
2020-09-07,699de7ed34091858ed13a0d33c1ca9e72e54bd562dd3a204a892039f23a2e317,0610776105,0.008457627118644067,2
2020-09-07,6ac514448f517cc46580102da1a043b0b726070638276170ea14472a18ae893e,0886367001,0.050830508474576264,2
2020-09-07,6ac514448f517cc46580102da1a043b0b726070638276170ea14472a18ae893e,0873223001,0.027101694915254236,2
2020-09-07,6ba862e0d461760147277f9c2c0b4abc1a77698be0e656a31ad1fa7946c8283f,0852641003,0.10167796610169492,2
2020-09-07,71cfd8bda66bf3588cc24389bae27f399a3fe8d915c9255f0099809d3f2c02be,0905091001,0.13557627118644067,2
2020-09-07,72485b4b8c1e3cb533549f4ad8bbd4a7d091d064eea82d9abe6f855182daa9f6,0610776065,0.008457627118644067,1
2020-09-07,72485b4b8c1e3cb533549f4ad8bbd4a7d091d064eea82d9abe6f855182daa9f6,0918522001,0.042355932203389825,1
2020-09-07,7582db35fe2410960fc5b3c8fd59e61dc66779dd8d9226bc997ab63ae6f26390,0850917001,0.025406779661016947,1
2020-09-07,7582db35fe2410960fc5b3c8fd59e61dc66779dd8d9226bc997ab63ae6f26390,0881577001,0.042355932203389825,1
2020-09-07,7783143f15e39216f8fcc4083d5a6794534513db5fd318fd478f4906802f722e,0903085001,0.050830508474576264,2
2020-09-07,7783143f15e39216f8fcc4083d5a6794534513db5fd318fd478f4906802f722e,0891636002,0.050830508474576264,2
2020-09-07,795c3c1ac440ccadaa81bd4489775bdd9b24ed9695e1fdb4da09129fed19784f,0859105003,0.008457627118644067,1
2020-09-07,7c9c807bba083a8a3248c8a1c444e8076b4103716f3b82191191172082be6b96,0779633013,0.021169491525423727,1
2020-09-07,7c9c807bba083a8a3248c8a1c444e8076b4103716f3b82191191172082be6b96,0805011002,0.010152542372881357,1
2020-09-07,7c9c807bba083a8a3248c8a1c444e8076b4103716f3b82191191172082be6b96,0756248008,0.012694915254237289,1
2020-09-07,7efda77c14ef3196f1096b28126649f43b0643a05f65add4dc5d8cd535ce5610,0899002003,0.012186440677966101,1
2020-09-07,7efda77c14ef3196f1096b28126649f43b0643a05f65add4dc5d8cd535ce5610,0816166011,0.01523728813559322,1
2020-09-07,7efda77c14ef3196f1096b28126649f43b0643a05f65add4dc5d8cd535ce5610,0816166010,0.01371186440677966,1
2020-09-07,7efda77c14ef3196f1096b28126649f43b0643a05f65add4dc5d8cd535ce5610,0899002002,0.010661016949152542,1
2020-09-07,83174ce2d9f479d8d432ade5240bd03663393ea81e377cd31b0b2c0e127da07e,0160442007,0.012186440677966101,1
2020-09-07,83174ce2d9f479d8d432ade5240bd03663393ea81e377cd31b0b2c0e127da07e,0265630004,0.01523728813559322,1
2020-09-07,83174ce2d9f479d8d432ade5240bd03663393ea81e377cd31b0b2c0e127da07e,0266875001,0.01523728813559322,1
2020-09-07,83174ce2d9f479d8d432ade5240bd03663393ea81e377cd31b0b2c0e127da07e,0373506001,0.012186440677966101,1
2020-09-07,8437a97c60fc534042b778282a57778aaacfc3517902aac74f8388f6bb5648da,0918645001,0.033881355932203386,2
2020-09-07,854cad904e5621ed68d8959fe0fd15edcb16afa410d0848caa3cfbd3e47478b3,0837306001,0.033881355932203386,1
2020-09-07,854cad904e5621ed68d8959fe0fd15edcb16afa410d0848caa3cfbd3e47478b3,0896152002,0.033881355932203386,1
2020-09-07,88311576326e0ee63df87d743aa4c5b3cda7aaff189a35baf578f52d176a390d,0685814003,0.033881355932203386,2
2020-09-07,88311576326e0ee63df87d743aa4c5b3cda7aaff189a35baf578f52d176a390d,0685814048,0.033881355932203386,2
2020-09-07,88311576326e0ee63df87d743aa4c5b3cda7aaff189a35baf578f52d176a390d,0685814065,0.033881355932203386,2
2020-09-07,88311576326e0ee63df87d743aa4c5b3cda7aaff189a35baf578f52d176a390d,0685814005,0.033881355932203386,2
2020-09-07,8879a01a85c11545b7e3a510c3683c5ad8f54eb1b85e2b488fd851584e332517,0896152002,0.033881355932203386,2
2020-09-07,8ec2868b3ebb94aa71ee5f5edc0bb7d310582430d37701217164271aea39ed29,0685813001,0.016932203389830508,2
2020-09-07,8ec2868b3ebb94aa71ee5f5edc0bb7d310582430d37701217164271aea39ed29,0685813037,0.016932203389830508,2
2020-09-07,8ec2868b3ebb94aa71ee5f5edc0bb7d310582430d37701217164271aea39ed29,0685814062,0.033881355932203386,2
2020-09-07,8ec2868b3ebb94aa71ee5f5edc0bb7d310582430d37701217164271aea39ed29,0742258030,0.033881355932203386,2
2020-09-07,91c5600384b1a5fefcc52d2f44a970c3f2e31213b5e38585f0ab352bd3359224,0654590001,0.022677966101694914,2
2020-09-07,91c5600384b1a5fefcc52d2f44a970c3f2e31213b5e38585f0ab352bd3359224,0654590001,0.02266101694915254,2
2020-09-07,9270b5ce61a2c05236b1bd223c35de9dfb675966d73199601a4f99051eb68298,0881919003,0.020322033898305086,2
2020-09-07,9270b5ce61a2c05236b1bd223c35de9dfb675966d73199601a4f99051eb68298,0902026002,0.10167796610169492,2
2020-09-07,9270b5ce61a2c05236b1bd223c35de9dfb675966d73199601a4f99051eb68298,0903994001,0.017610169491525426,2
2020-09-07,9270b5ce61a2c05236b1bd223c35de9dfb675966d73199601a4f99051eb68298,0881919002,0.020322033898305086,2
2020-09-07,9270b5ce61a2c05236b1bd223c35de9dfb675966d73199601a4f99051eb68298,0678942058,0.013542372881355931,2
2020-09-07,928211cf10ee7f604e2dba484b58126e653e38f78a03c27dade8973c77282996,0456163083,0.033881355932203386,2
2020-09-07,928211cf10ee7f604e2dba484b58126e653e38f78a03c27dade8973c77282996,0797988002,0.025406779661016947,2
2020-09-07,961f7e01345a684fa4f5c69ace8e0ae67bf2ce35857604d4324cbb13f1544695,0920830001,0.033881355932203386,1
2020-09-07,961f7e01345a684fa4f5c69ace8e0ae67bf2ce35857604d4324cbb13f1544695,0610776068,0.008457627118644067,1
2020-09-07,9c66a5fa6b58073426cb12208a7a62e5c85b3b2f12f3487e73da4cbb4fbb4990,0814224003,0.022016949152542376,2
2020-09-07,9c66a5fa6b58073426cb12208a7a62e5c85b3b2f12f3487e73da4cbb4fbb4990,0818754004,0.016932203389830508,2
2020-09-07,9c66a5fa6b58073426cb12208a7a62e5c85b3b2f12f3487e73da4cbb4fbb4990,0682550002,0.033881355932203386,2
2020-09-07,a6d65607a501eca41bb91c8ecade2128c650ad9255da3ec4611058c589f41979,0523490003,0.005067796610169492,1
2020-09-07,a6d65607a501eca41bb91c8ecade2128c650ad9255da3ec4611058c589f41979,0372860002,0.013542372881355931,1
2020-09-07,a9fba9e7ff0d0bd81d778bace53b9a2b274e6ded4dec8e9de0d153acf5223ce0,0890035001,0.016932203389830508,2
2020-09-07,a9fba9e7ff0d0bd81d778bace53b9a2b274e6ded4dec8e9de0d153acf5223ce0,0890035001,0.016932203389830508,2
2020-09-07,a9fba9e7ff0d0bd81d778bace53b9a2b274e6ded4dec8e9de0d153acf5223ce0,0895421003,0.033881355932203386,2
2020-09-07,a9fba9e7ff0d0bd81d778bace53b9a2b274e6ded4dec8e9de0d153acf5223ce0,0856525001,0.033881355932203386,2
2020-09-07,adb27c12e538818122d2845ad9c3a8a1455e3a032784dcad2bc25eb195cea656,0781613006,0.050830508474576264,2
2020-09-07,adb27c12e538818122d2845ad9c3a8a1455e3a032784dcad2bc25eb195cea656,0781613006,0.050830508474576264,2
2020-09-07,b3fbb42b821a3161ecd6bf0869a286f1a9cad19763efa8b7d478d54dadbe284e,0938804001,0.06777966101694916,1
2020-09-07,b5573cf837d82e87df99700ac0814f04fbfeaebc87f5a4ddad9b3832516f4756,0751471037,0.033881355932203386,1
2020-09-07,b5573cf837d82e87df99700ac0814f04fbfeaebc87f5a4ddad9b3832516f4756,0751471001,0.033881355932203386,1
2020-09-07,b5919f55e852b7f0e0bddcc9220552dd8e79b7d153321c340ccf8d24c9cdf1c6,0794389001,0.016932203389830508,2
2020-09-07,b5919f55e852b7f0e0bddcc9220552dd8e79b7d153321c340ccf8d24c9cdf1c6,0892412001,0.033881355932203386,2
2020-09-07,b5919f55e852b7f0e0bddcc9220552dd8e79b7d153321c340ccf8d24c9cdf1c6,0861558003,0.016932203389830508,2
2020-09-07,b5919f55e852b7f0e0bddcc9220552dd8e79b7d153321c340ccf8d24c9cdf1c6,0714718002,0.01523728813559322,2
2020-09-07,b9abc0479f006151fb3e1da4fe5e6bbfe2d382f3fa03876f20f76b70bdf6dec3,0556255001,0.010152542372881357,2
2020-09-07,b9abc0479f006151fb3e1da4fe5e6bbfe2d382f3fa03876f20f76b70bdf6dec3,0613246006,0.01523728813559322,2
2020-09-07,b9abc0479f006151fb3e1da4fe5e6bbfe2d382f3fa03876f20f76b70bdf6dec3,0706016036,0.025406779661016947,2
2020-09-07,c3a7b44cc583860a160169bfc45445eee23ece50df54b4cc9618bb9830846fce,0832465001,0.022864406779661017,1
2020-09-07,c3a7b44cc583860a160169bfc45445eee23ece50df54b4cc9618bb9830846fce,0832465008,0.022864406779661017,1
2020-09-07,c3a7b44cc583860a160169bfc45445eee23ece50df54b4cc9618bb9830846fce,0610776093,0.007610169491525424,1
2020-09-07,c3a7b44cc583860a160169bfc45445eee23ece50df54b4cc9618bb9830846fce,0554598066,0.01523728813559322,1
2020-09-07,c3a7b44cc583860a160169bfc45445eee23ece50df54b4cc9618bb9830846fce,0610776068,0.007610169491525424,1
2020-09-07,c561d7c898141f87f85d72bfc9d81417b8fc0df9550b05c1f9722334f373b597,0874891001,0.033881355932203386,2
2020-09-07,c561d7c898141f87f85d72bfc9d81417b8fc0df9550b05c1f9722334f373b597,0916256001,0.05930508474576271,2
2020-09-07,c561d7c898141f87f85d72bfc9d81417b8fc0df9550b05c1f9722334f373b597,0776179003,0.033881355932203386,2
2020-09-07,c6665204ca451bd63b8ab3be9f57efcc3fe539b1fb8d3b0e4caf362dd16682f7,0456163086,0.033881355932203386,2
2020-09-07,c6665204ca451bd63b8ab3be9f57efcc3fe539b1fb8d3b0e4caf362dd16682f7,0759814009,0.033881355932203386,2
2020-09-07,cfb4aa269ea749890ae590174923636f3bc7e5e2b081655e6d85e420251a3ffe,0894685002,0.042355932203389825,2
2020-09-07,cfb4aa269ea749890ae590174923636f3bc7e5e2b081655e6d85e420251a3ffe,0896343001,0.033881355932203386,2
2020-09-07,d0d6adf957f209deee308659605edeb901ace29920e7567f38bf415268d3b2b0,0715624001,0.025406779661016947,2
2020-09-07,d14818202d00d20295d055b86aa74041d639db55d4a6d1c6615d6a2142438bf8,0855748002,0.018627118644067797,1
2020-09-07,d42962b5824c2d1a470c405784804a619042506a7552943b8503b62ce31c4f5b,0763842008,0.025406779661016947,2
2020-09-07,d42962b5824c2d1a470c405784804a619042506a7552943b8503b62ce31c4f5b,0719655024,0.022016949152542376,2
2020-09-07,d52b2a0df9a1714ed7315b949a9bfe4923969cb9bc4bdb4b2b5a6054d480bf5e,0568601044,0.050830508474576264,2
2020-09-07,d52b2a0df9a1714ed7315b949a9bfe4923969cb9bc4bdb4b2b5a6054d480bf5e,0779781013,0.042355932203389825,2
2020-09-07,d6950d64dfbdf00ccdfe2206d1b84c39c1189858c887c1340c194102ac1ea52e,0874754003,0.033881355932203386,1
2020-09-07,d6950d64dfbdf00ccdfe2206d1b84c39c1189858c887c1340c194102ac1ea52e,0757971004,0.022016949152542376,1
2020-09-07,d7a718eb413ce9bc34669bcd17df56b67fce90c612e5654631c9f6f464dc14ad,0901433001,0.0033728813559322033,1
2020-09-07,de1f3685b6ad2779fee14b1745db05277b64c4763d56410180c868ebeb48c369,0746322001,0.021169491525423727,1
2020-09-07,de1f3685b6ad2779fee14b1745db05277b64c4763d56410180c868ebeb48c369,0801068003,0.022016949152542376,1
2020-09-07,de1f3685b6ad2779fee14b1745db05277b64c4763d56410180c868ebeb48c369,0902388001,0.016932203389830508,1
2020-09-07,de1f3685b6ad2779fee14b1745db05277b64c4763d56410180c868ebeb48c369,0902388003,0.016932203389830508,1
2020-09-07,dfc664f42014e35c198121711312a3d92b8b361f7444efceb20c1d9fe904701d,0882418005,0.016932203389830508,1
2020-09-07,dfc664f42014e35c198121711312a3d92b8b361f7444efceb20c1d9fe904701d,0887715001,0.01083050847457627,1
2020-09-07,dfc664f42014e35c198121711312a3d92b8b361f7444efceb20c1d9fe904701d,0936057001,0.016932203389830508,1
2020-09-07,e21a5a0581113a78a014331da8c77b8701aba642128b63e6c5ac019a6baaed03,0907527001,0.042355932203389825,2
2020-09-07,e21a5a0581113a78a014331da8c77b8701aba642128b63e6c5ac019a6baaed03,0868283004,0.016932203389830508,2
2020-09-07,e21a5a0581113a78a014331da8c77b8701aba642128b63e6c5ac019a6baaed03,0868283004,0.016932203389830508,2
2020-09-07,e21a5a0581113a78a014331da8c77b8701aba642128b63e6c5ac019a6baaed03,0924453003,0.033881355932203386,2
2020-09-07,e21a5a0581113a78a014331da8c77b8701aba642128b63e6c5ac019a6baaed03,0924453003,0.033881355932203386,2
2020-09-07,e21a5a0581113a78a014331da8c77b8701aba642128b63e6c5ac019a6baaed03,0924605001,0.016932203389830508,2
2020-09-07,e2e487fc36f96a5c0c78c0e95336f4189d6d773e4d7997415e9217ebddf919b2,0898596004,0.016033898305084747,1
2020-09-07,e2e487fc36f96a5c0c78c0e95336f4189d6d773e4d7997415e9217ebddf919b2,0399256023,0.016033898305084747,1
2020-09-07,e2e487fc36f96a5c0c78c0e95336f4189d6d773e4d7997415e9217ebddf919b2,0743098002,0.007999999999999998,1
2020-09-07,e2e487fc36f96a5c0c78c0e95336f4189d6d773e4d7997415e9217ebddf919b2,0573085055,0.032067796610169494,1
2020-09-07,e2e487fc36f96a5c0c78c0e95336f4189d6d773e4d7997415e9217ebddf919b2,0399256001,0.016033898305084747,1
2020-09-07,e2e487fc36f96a5c0c78c0e95336f4189d6d773e4d7997415e9217ebddf919b2,0837306001,0.032067796610169494,1
2020-09-07,ee63a46362ab6fec36966acb52d3196be3490148a367c3062e1e8c0f05f12486,0898692003,0.06777966101694916,1
2020-09-07,f018ce37c740caf26ab5fc1b1745e799bb0346283382f9e76655c278bed94ed4,0896169002,0.050830508474576264,2
2020-09-07,f018ce37c740caf26ab5fc1b1745e799bb0346283382f9e76655c278bed94ed4,0892309003,0.016932203389830508,2
2020-09-07,f0c5a5d45525ecbc7ad774aa71b698018b5ce59186344f7e9404cf280fcbfe7f,0693479005,0.042355932203389825,2
2020-09-07,f20309a9b880ce8a3fa48eed26330688bcfe04a67f97d10a8fd33b1dea1d6c1b,0935892001,0.025406779661016947,2
2020-09-07,f20309a9b880ce8a3fa48eed26330688bcfe04a67f97d10a8fd33b1dea1d6c1b,0878190005,0.06777966101694916,2
2020-09-07,f20309a9b880ce8a3fa48eed26330688bcfe04a67f97d10a8fd33b1dea1d6c1b,0883307004,0.033881355932203386,2
2020-09-07,f49bc5c839556fb6fa4f5321f7045a223f813e7951f92ca371cacf2378dcabfe,0902518003,0.016932203389830508,2
2020-09-07,f49bc5c839556fb6fa4f5321f7045a223f813e7951f92ca371cacf2378dcabfe,0673677004,0.025406779661016947,2
2020-09-07,f49bc5c839556fb6fa4f5321f7045a223f813e7951f92ca371cacf2378dcabfe,0456163085,0.033881355932203386,2
2020-09-07,f49bc5c839556fb6fa4f5321f7045a223f813e7951f92ca371cacf2378dcabfe,0873279001,0.042355932203389825,2
2020-09-07,f49bc5c839556fb6fa4f5321f7045a223f813e7951f92ca371cacf2378dcabfe,0923037003,0.033881355932203386,2
2020-09-07,f49bc5c839556fb6fa4f5321f7045a223f813e7951f92ca371cacf2378dcabfe,0893059005,0.042355932203389825,2
2020-09-07,f4c14bad10b2dcf2344f80aa868ee81d7bd8da470f421717be1e6ddfdb458b70,0824995001,0.025406779661016947,2
2020-09-07,fb9899d37546a047184d77f21bef84cb9b2732e28c2648f440bcbd71e9103fcb,0687704001,0.06147457627118644,1
2020-09-07,fb9899d37546a047184d77f21bef84cb9b2732e28c2648f440bcbd71e9103fcb,0523490002,0.004593220338983051,1
2020-09-07,fd6dede36b67a5022ce2fb6dd06303f4fef0398cf2ee5562cfe3d2aa1ac4e95a,0943097001,0.08245762711864407,2
2020-09-07,fd6dede36b67a5022ce2fb6dd06303f4fef0398cf2ee5562cfe3d2aa1ac4e95a,0916775001,0.16328813559322036,2
2020-09-08,022312161b080d3cdc45c97915a4f9d5490889fe2c0a7df7f8d9ff817227ff46,0857265004,0.025406779661016947,2
2020-09-08,022312161b080d3cdc45c97915a4f9d5490889fe2c0a7df7f8d9ff817227ff46,0778754003,0.042355932203389825,2
2020-09-08,022312161b080d3cdc45c97915a4f9d5490889fe2c0a7df7f8d9ff817227ff46,0778754003,0.042355932203389825,2
2020-09-08,022312161b080d3cdc45c97915a4f9d5490889fe2c0a7df7f8d9ff817227ff46,0579010039,0.013542372881355931,2
2020-09-08,02acec8b45ec4fc2ce99508d286b7eab171338f17413f3276bdf6d1d6224125f,0688432001,0.03049152542372881,1
2020-09-08,0448970a557746722e64b782bf8c06c82ef81f1739d9f8e429f70af9a005aed5,0884319005,0.025406779661016947,2
2020-09-08,0448970a557746722e64b782bf8c06c82ef81f1739d9f8e429f70af9a005aed5,0891886001,0.050830508474576264,2
2020-09-08,0448970a557746722e64b782bf8c06c82ef81f1739d9f8e429f70af9a005aed5,0897730004,0.025406779661016947,2
2020-09-08,0448970a557746722e64b782bf8c06c82ef81f1739d9f8e429f70af9a005aed5,0751471043,0.033881355932203386,2
2020-09-08,0640c78bc263b3e31c0d5e6e41082beb28ab86d481fcd7c7b32a9819dcb88d7a,0918836001,0.042355932203389825,2
2020-09-08,0640c78bc263b3e31c0d5e6e41082beb28ab86d481fcd7c7b32a9819dcb88d7a,0706016006,0.033881355932203386,2
2020-09-08,0640c78bc263b3e31c0d5e6e41082beb28ab86d481fcd7c7b32a9819dcb88d7a,0918836001,0.042355932203389825,2
2020-09-08,0640c78bc263b3e31c0d5e6e41082beb28ab86d481fcd7c7b32a9819dcb88d7a,0706016006,0.033881355932203386,2
2020-09-08,0855c11ea121c14e527ed44488e29f9d874e13c5d3e9e326081ea46c16740c2b,0832995004,0.10167796610169492,2
2020-09-08,0855c11ea121c14e527ed44488e29f9d874e13c5d3e9e326081ea46c16740c2b,0832995004,0.10167796610169492,2
2020-09-08,0c9b8cd3aeb39085f3937b54f23e335322dedeb1a6e1977ef389109efd6eca51,0926285001,0.04484745762711865,2
2020-09-08,18391142e198d9455fdb4567da5f96aad52bc6081da2c5b41a7b53632e51bff5,0897221001,0.06777966101694916,1
2020-09-08,18391142e198d9455fdb4567da5f96aad52bc6081da2c5b41a7b53632e51bff5,0918522001,0.042355932203389825,1
2020-09-08,18391142e198d9455fdb4567da5f96aad52bc6081da2c5b41a7b53632e51bff5,0859125007,0.033881355932203386,1
2020-09-08,18bea8574260b1c55a4f954136eac39d11a882a099609389498b3cb31ff16913,0904452001,0.06777966101694916,2
2020-09-08,18bea8574260b1c55a4f954136eac39d11a882a099609389498b3cb31ff16913,0752657001,0.022016949152542376,2
2020-09-08,18bea8574260b1c55a4f954136eac39d11a882a099609389498b3cb31ff16913,0810169022,0.050830508474576264,2
2020-09-08,18bea8574260b1c55a4f954136eac39d11a882a099609389498b3cb31ff16913,0810169022,0.050830508474576264,2
2020-09-08,195c7ef0cd3cf804e3ca6e58210a7a2db203ff46e6492f79aa9666d1eda894cb,0794575001,0.027101694915254236,1
2020-09-08,1d6e5fc6e1e5421506dbd26eac9e2905fc9d5e595246fc387bc67e8b1847058e,0927957001,0.033881355932203386,2
2020-09-08,1d6e5fc6e1e5421506dbd26eac9e2905fc9d5e595246fc387bc67e8b1847058e,0908081004,0.042355932203389825,2
2020-09-08,1d6e5fc6e1e5421506dbd26eac9e2905fc9d5e595246fc387bc67e8b1847058e,0870328002,0.033881355932203386,2
2020-09-08,1d6e5fc6e1e5421506dbd26eac9e2905fc9d5e595246fc387bc67e8b1847058e,0870328001,0.033881355932203386,2
2020-09-08,1d6e5fc6e1e5421506dbd26eac9e2905fc9d5e595246fc387bc67e8b1847058e,0879088001,0.042355932203389825,2
2020-09-08,1dd53297139d294e66ff3fc9cd13ac9f0e3a6ec333edd82afb77743761215eb8,0923134001,0.025406779661016947,2
2020-09-08,1dd53297139d294e66ff3fc9cd13ac9f0e3a6ec333edd82afb77743761215eb8,0801673001,0.016932203389830508,2
2020-09-08,200c5d71788217f4f4ba0d3af1716a2767a39d8ba146a04fce729794065ff9b1,0756322009,0.025406779661016947,2
2020-09-08,200c5d71788217f4f4ba0d3af1716a2767a39d8ba146a04fce729794065ff9b1,0912204001,0.016932203389830508,2
2020-09-08,200c5d71788217f4f4ba0d3af1716a2767a39d8ba146a04fce729794065ff9b1,0880738002,0.06777966101694916,2
2020-09-08,203589faff688c82f153a5f6be49eab81ff38354e95f874af34ff7e1ee8a8236,0579541001,0.010152542372881357,2
2020-09-08,21528bbb8d03bd4318de4c2730fa41204e212069c833681b3e2428fb13295419,0909093003,0.033881355932203386,2
2020-09-08,21528bbb8d03bd4318de4c2730fa41204e212069c833681b3e2428fb13295419,0803685001,0.042355932203389825,2
2020-09-08,21528bbb8d03bd4318de4c2730fa41204e212069c833681b3e2428fb13295419,0876926001,0.025406779661016947,2
2020-09-08,21528bbb8d03bd4318de4c2730fa41204e212069c833681b3e2428fb13295419,0876926001,0.025406779661016947,2
2020-09-08,21528bbb8d03bd4318de4c2730fa41204e212069c833681b3e2428fb13295419,0910824001,0.042355932203389825,2
2020-09-08,23aae347b55077295ba9d20412f37906dea5da401b360777fea32559e3041f83,0714493005,0.032745762711864405,2
2020-09-08,23aae347b55077295ba9d20412f37906dea5da401b360777fea32559e3041f83,0923037003,0.032745762711864405,2
2020-09-08,23aae347b55077295ba9d20412f37906dea5da401b360777fea32559e3041f83,0811380001,0.06552542372881355,2
2020-09-08,23aae347b55077295ba9d20412f37906dea5da401b360777fea32559e3041f83,0832824001,0.06552542372881355,2
2020-09-08,254bacfb54aece1eef25e83134817e0a242c97f17f8b84f8fbb4dd0ae3586047,0523490005,0.0009999999999999998,1
2020-09-08,254bacfb54aece1eef25e83134817e0a242c97f17f8b84f8fbb4dd0ae3586047,0801768001,0.05930508474576271,1
2020-09-08,2ab322ac5d887c588296857f49f32a466cedacd2f2f99f4fdb8bb141d58723f7,0926378001,0.008457627118644067,1
2020-09-08,2ab322ac5d887c588296857f49f32a466cedacd2f2f99f4fdb8bb141d58723f7,0821163010,0.013542372881355931,1
2020-09-08,2b65f5197cdca46acaab283dac74de5c0f2168068f8c3f3b4f3b9b4c42d7b113,0706016006,0.033881355932203386,2
2020-09-08,2b65f5197cdca46acaab283dac74de5c0f2168068f8c3f3b4f3b9b4c42d7b113,0873279003,0.042355932203389825,2
2020-09-08,388867e4d2ffe1ce5e76df85327d02d8b68711686a6d1603d45030357bc1b191,0706016001,0.033881355932203386,2
2020-09-08,388867e4d2ffe1ce5e76df85327d02d8b68711686a6d1603d45030357bc1b191,0706016038,0.033881355932203386,2
2020-09-08,3c18421d1814df14b96a9d797c7d2e4d324d8e815cf0ba12cd0aed79d3e1fd01,0890502002,0.05252542372881356,1
2020-09-08,430a5f1fb3a3eadd14ad5e6e08ececa0486a3224cb9a16542b93194d9e70f459,0573085043,0.03049152542372881,2
2020-09-08,430a5f1fb3a3eadd14ad5e6e08ececa0486a3224cb9a16542b93194d9e70f459,0867966009,0.03049152542372881,2
2020-09-08,430a5f1fb3a3eadd14ad5e6e08ececa0486a3224cb9a16542b93194d9e70f459,0621381014,0.03049152542372881,2
2020-09-08,430a5f1fb3a3eadd14ad5e6e08ececa0486a3224cb9a16542b93194d9e70f459,0448509014,0.03811864406779661,2
2020-09-08,49df8802d700186e4193d511f2f09fcea3035823e12aace02888e235b0098579,0874816001,0.033881355932203386,2
2020-09-08,49df8802d700186e4193d511f2f09fcea3035823e12aace02888e235b0098579,0829054005,0.016932203389830508,2
2020-09-08,49df8802d700186e4193d511f2f09fcea3035823e12aace02888e235b0098579,0775382001,0.050830508474576264,2
2020-09-08,49df8802d700186e4193d511f2f09fcea3035823e12aace02888e235b0098579,0890074001,0.016932203389830508,2
2020-09-08,49df8802d700186e4193d511f2f09fcea3035823e12aace02888e235b0098579,0863595004,0.033881355932203386,2
2020-09-08,4c859be81050ddd3176a342f35061e713727c782f17b36978d606cef96436232,0751471001,0.033881355932203386,1
2020-09-08,4d6faa79a218653afd3671cf24cf4cd50091b630a3c1788552030f8351736f63,0891890002,0.033881355932203386,1
2020-09-08,4d6faa79a218653afd3671cf24cf4cd50091b630a3c1788552030f8351736f63,0738713040,0.042355932203389825,1
2020-09-08,4d6faa79a218653afd3671cf24cf4cd50091b630a3c1788552030f8351736f63,0699923114,0.011847457627118646,1
2020-09-08,4db1f33dca72b9ce9332c4fdc3d014982c7e3265c9e0e92c5848d4bc74f9081d,0805947003,0.033881355932203386,2
2020-09-08,4db1f33dca72b9ce9332c4fdc3d014982c7e3265c9e0e92c5848d4bc74f9081d,0805947001,0.020322033898305086,2
2020-09-08,4e84089cf77999897433cc40bbf9e6bd54143daadb3a35b466b0bd65d7eadb82,0858856004,0.042355932203389825,1
2020-09-08,55056f9c45cd11229afd4031877d7120d4bed81c1cda2347d803ae4304dc68a3,0884319003,0.025406779661016947,1
2020-09-08,55056f9c45cd11229afd4031877d7120d4bed81c1cda2347d803ae4304dc68a3,0904584007,0.025406779661016947,1
2020-09-08,5cc670d8508a3af80b4783af00efe064ae010fe5789bebb26ae45f3b60757571,0936610001,0.042355932203389825,1
2020-09-08,5cc670d8508a3af80b4783af00efe064ae010fe5789bebb26ae45f3b60757571,0936610001,0.042355932203389825,1
2020-09-08,66c8084b119065d9fd1d5a011d54e086e4b3c642791658913dc35fcd7a09496f,0832465001,0.016932203389830508,2
2020-09-08,66c8084b119065d9fd1d5a011d54e086e4b3c642791658913dc35fcd7a09496f,0904625001,0.042355932203389825,2
2020-09-08,66c8084b119065d9fd1d5a011d54e086e4b3c642791658913dc35fcd7a09496f,0908489004,0.03049152542372881,2
2020-09-08,66c8084b119065d9fd1d5a011d54e086e4b3c642791658913dc35fcd7a09496f,0919986001,0.025406779661016947,2
2020-09-08,66c8084b119065d9fd1d5a011d54e086e4b3c642791658913dc35fcd7a09496f,0908489007,0.025406779661016947,2
2020-09-08,68a22ed6a82682c0c2b561837497e98aaefa3417623008df5cbbfc50de55af97,0892309002,0.016932203389830508,1
2020-09-08,6cf1b25200d37651226049bc47735352244ce0df61fec404075d6584228191e3,0839844002,0.011847457627118646,1
2020-09-08,6cf1b25200d37651226049bc47735352244ce0df61fec404075d6584228191e3,0871517014,0.025406779661016947,1
2020-09-08,6cf1b25200d37651226049bc47735352244ce0df61fec404075d6584228191e3,0837306001,0.033881355932203386,1
2020-09-08,6cf1b25200d37651226049bc47735352244ce0df61fec404075d6584228191e3,0916256001,0.05930508474576271,1
2020-09-08,74df85dff3f129d5c7a928eac766cbb5d1535a4d157fded759e20af5f49c54e6,0805456001,0.023711864406779665,2
2020-09-08,74df85dff3f129d5c7a928eac766cbb5d1535a4d157fded759e20af5f49c54e6,0903951001,0.050830508474576264,2
2020-09-08,74df85dff3f129d5c7a928eac766cbb5d1535a4d157fded759e20af5f49c54e6,0918149001,0.022016949152542376,2
2020-09-08,74df85dff3f129d5c7a928eac766cbb5d1535a4d157fded759e20af5f49c54e6,0884319005,0.025406779661016947,2
2020-09-08,77126a3664ac4662f4234052a91f8e9cd8b05f9ff4492957f0769ca68b8800b0,0904625001,0.042355932203389825,2
2020-09-08,7b0efaab947c4065ce77c373dfe1965388f36b9a0af80c8a2e3b8fdbb637c2f0,0944506001,0.042355932203389825,2
2020-09-08,7b0efaab947c4065ce77c373dfe1965388f36b9a0af80c8a2e3b8fdbb637c2f0,0889828004,0.025406779661016947,2
2020-09-08,7b0efaab947c4065ce77c373dfe1965388f36b9a0af80c8a2e3b8fdbb637c2f0,0682550002,0.033881355932203386,2
2020-09-08,8026855ac17d39f5498866b0362314f181fabf7d072dd6fc6ffc22ca4b08d98a,0863583002,0.03,1
2020-09-08,8026855ac17d39f5498866b0362314f181fabf7d072dd6fc6ffc22ca4b08d98a,0797394003,0.022508474576271188,1
2020-09-08,837afdb418e7baf1da34941807b1d89a5ceeb6123be8dbe074bd0305ebdf5ce7,0781758003,0.025406779661016947,1
2020-09-08,837afdb418e7baf1da34941807b1d89a5ceeb6123be8dbe074bd0305ebdf5ce7,0733386004,0.06777966101694916,1
2020-09-08,837afdb418e7baf1da34941807b1d89a5ceeb6123be8dbe074bd0305ebdf5ce7,0751471038,0.033881355932203386,1
2020-09-08,89c18b8cc42e121f2124463a4f0b7a77d35b3683884625936a0501b1fb3e1c6d,0801673001,0.016932203389830508,2
2020-09-08,89c18b8cc42e121f2124463a4f0b7a77d35b3683884625936a0501b1fb3e1c6d,0918834001,0.008457627118644067,2
2020-09-08,89c18b8cc42e121f2124463a4f0b7a77d35b3683884625936a0501b1fb3e1c6d,0762600009,0.011847457627118646,2
2020-09-08,89c18b8cc42e121f2124463a4f0b7a77d35b3683884625936a0501b1fb3e1c6d,0762143001,0.013542372881355931,2
2020-09-08,8ca421c890e76ab427749de3f0beed1e4e573bbf6da6266254526c9bb2735114,0918292001,0.031762711864406774,1
2020-09-08,8ca421c890e76ab427749de3f0beed1e4e573bbf6da6266254526c9bb2735114,0804992014,0.025406779661016947,1
2020-09-08,8eda649cbd16b36f167b9109fd5d01a91bbf71532c8855b990ae2e836922b846,0923440001,0.042355932203389825,2
2020-09-08,8eda649cbd16b36f167b9109fd5d01a91bbf71532c8855b990ae2e836922b846,0769102045,0.033881355932203386,2
2020-09-08,9038f64581365fe484afb4a2d720a69a763d0d3b7a74a26aac89ea2a6ae71103,0929165002,0.050830508474576264,1
2020-09-08,942ba004a43fb1c941e7015543a5833a9524970ddee5aa51aa8ce2031d2e9f19,0902802001,0.025406779661016947,2
2020-09-08,942ba004a43fb1c941e7015543a5833a9524970ddee5aa51aa8ce2031d2e9f19,0818754001,0.016932203389830508,2
2020-09-08,942ba004a43fb1c941e7015543a5833a9524970ddee5aa51aa8ce2031d2e9f19,0885547001,0.033881355932203386,2
2020-09-08,942ba004a43fb1c941e7015543a5833a9524970ddee5aa51aa8ce2031d2e9f19,0898918001,0.016932203389830508,2
2020-09-08,954397e5632a0bebf4616900519ceca0f2346aa6a9c4e97db6bc931ae67765be,0803070021,0.016932203389830508,2
2020-09-08,954397e5632a0bebf4616900519ceca0f2346aa6a9c4e97db6bc931ae67765be,0803468002,0.025406779661016947,2
2020-09-08,9e48272d1f76a289499be20da35df3a801ba47ce7f386775be847e95e60c42d2,0902428001,0.06777966101694916,2
2020-09-08,a2daec71f1c07330b65bad106f414ddc6ada163fe71843cc61778c1e70e9abce,0799853003,0.039271186440677966,2
2020-09-08,a2daec71f1c07330b65bad106f414ddc6ada163fe71843cc61778c1e70e9abce,0906794003,0.031423728813559315,2
2020-09-08,a2daec71f1c07330b65bad106f414ddc6ada163fe71843cc61778c1e70e9abce,0898918001,0.015694915254237288,2
2020-09-08,a3e35c32b73e74e934d4749dd9c85d6c2ef5696db7e42bf148dfbe7790e34720,0894085001,0.03049152542372881,2
2020-09-08,a3e35c32b73e74e934d4749dd9c85d6c2ef5696db7e42bf148dfbe7790e34720,0894085001,0.03049152542372881,2
2020-09-08,a3e35c32b73e74e934d4749dd9c85d6c2ef5696db7e42bf148dfbe7790e34720,0894085001,0.03049152542372881,2
2020-09-08,a3e35c32b73e74e934d4749dd9c85d6c2ef5696db7e42bf148dfbe7790e34720,0885951001,0.03049152542372881,2
2020-09-08,a3e35c32b73e74e934d4749dd9c85d6c2ef5696db7e42bf148dfbe7790e34720,0885951001,0.03049152542372881,2
2020-09-08,a3e35c32b73e74e934d4749dd9c85d6c2ef5696db7e42bf148dfbe7790e34720,0885951001,0.03049152542372881,2
2020-09-08,a9067eafb680d0a9f00536a74fa18fa692c22594caa3fd032b93520f2a5e3720,0863595006,0.027101694915254236,1
2020-09-08,a998f707d6b88480ceb62f05c82d64616bee8cc5888f8521949aa35aec13e9a3,0611415034,0.016932203389830508,2
2020-09-08,a998f707d6b88480ceb62f05c82d64616bee8cc5888f8521949aa35aec13e9a3,0611415034,0.016932203389830508,2
2020-09-08,a998f707d6b88480ceb62f05c82d64616bee8cc5888f8521949aa35aec13e9a3,0611415035,0.016932203389830508,2
2020-09-08,a998f707d6b88480ceb62f05c82d64616bee8cc5888f8521949aa35aec13e9a3,0611415035,0.016932203389830508,2
2020-09-08,a998f707d6b88480ceb62f05c82d64616bee8cc5888f8521949aa35aec13e9a3,0559601019,0.022016949152542376,2
2020-09-08,b7111696f4ced412a5b86ece501b8ef08242c4d5012308a456765af1c59d867f,0881577004,0.042355932203389825,1
2020-09-08,b7111696f4ced412a5b86ece501b8ef08242c4d5012308a456765af1c59d867f,0933928002,0.013542372881355931,1
2020-09-08,b77f1351534bab123b0e9990ae747fea52e16a267ed71a73a31e4687affbf5b1,0536139070,0.016932203389830508,1
2020-09-08,b832650ffc2183a8be56d4b8fa99a0cf3442b1bab4e80fc7d0d44c6c162d83a9,0865799006,0.033881355932203386,2
2020-09-08,b832650ffc2183a8be56d4b8fa99a0cf3442b1bab4e80fc7d0d44c6c162d83a9,0752814003,0.033881355932203386,2
2020-09-08,b85e0b593da756354227e7098d840be08e2cfc9151dde3c1b2fbe235fedd9d11,0882613002,0.033881355932203386,2
2020-09-08,b85e0b593da756354227e7098d840be08e2cfc9151dde3c1b2fbe235fedd9d11,0903358001,0.022016949152542376,2
2020-09-08,bea01aada7257c5a6848107c232b29d381435e6f7cf8d70f3444ff1a47a11eea,0829302003,0.03049152542372881,1
2020-09-08,bea01aada7257c5a6848107c232b29d381435e6f7cf8d70f3444ff1a47a11eea,0904260001,0.08472881355932205,1
2020-09-08,bea01aada7257c5a6848107c232b29d381435e6f7cf8d70f3444ff1a47a11eea,0820613001,0.025406779661016947,1
2020-09-08,bea01aada7257c5a6848107c232b29d381435e6f7cf8d70f3444ff1a47a11eea,0923134001,0.025406779661016947,1
2020-09-08,c07afc014682c28f90f168da2f0debcc45d2ed518750e15b2460744b0ada396e,0714790020,0.050830508474576264,2
2020-09-08,c134ebbfb346de40b2a8a0f4f0fc95f6ff378198cf3c1f1b473bb3f104f0fced,0852174001,0.025406779661016947,2
2020-09-08,c134ebbfb346de40b2a8a0f4f0fc95f6ff378198cf3c1f1b473bb3f104f0fced,0924605001,0.016932203389830508,2
2020-09-08,c134ebbfb346de40b2a8a0f4f0fc95f6ff378198cf3c1f1b473bb3f104f0fced,0924453003,0.033881355932203386,2
2020-09-08,c185a6267b156277eb6e659dbb54a1c280ac9bf9564d95ada4f3aea5e79eaea1,0839496002,0.011847457627118646,2
2020-09-08,c185a6267b156277eb6e659dbb54a1c280ac9bf9564d95ada4f3aea5e79eaea1,0556255001,0.010152542372881357,2
2020-09-08,c185a6267b156277eb6e659dbb54a1c280ac9bf9564d95ada4f3aea5e79eaea1,0677930086,0.016932203389830508,2
2020-09-08,c185a6267b156277eb6e659dbb54a1c280ac9bf9564d95ada4f3aea5e79eaea1,0677930023,0.016932203389830508,2
2020-09-08,c185a6267b156277eb6e659dbb54a1c280ac9bf9564d95ada4f3aea5e79eaea1,0509210006,0.01523728813559322,2
2020-09-08,c185a6267b156277eb6e659dbb54a1c280ac9bf9564d95ada4f3aea5e79eaea1,0677930066,0.016932203389830508,2
2020-09-08,c73c4af08c238d1354a16affd2bf042c7c180583bcb2b1304a378a325609440d,0875272011,0.050830508474576264,2
2020-09-08,c73c4af08c238d1354a16affd2bf042c7c180583bcb2b1304a378a325609440d,0875272011,0.050830508474576264,2
2020-09-08,c73c4af08c238d1354a16affd2bf042c7c180583bcb2b1304a378a325609440d,0793012001,0.025406779661016947,2
2020-09-08,c73c4af08c238d1354a16affd2bf042c7c180583bcb2b1304a378a325609440d,0793012001,0.025406779661016947,2
2020-09-08,c76480d4bac361ad23c58b1d8197b58192bdb4e432e70022102123a231753538,0903333002,0.03179661016949153,2
2020-09-08,c76480d4bac361ad23c58b1d8197b58192bdb4e432e70022102123a231753538,0903333001,0.03179661016949153,2
2020-09-08,c76480d4bac361ad23c58b1d8197b58192bdb4e432e70022102123a231753538,0894534001,0.039745762711864405,2
2020-09-08,cd1c20114a025bb938cdc54f7245a43890c14d2a155886f2c7fd892a0dd1aa6c,0685814003,0.03049152542372881,1
2020-09-08,cd1c20114a025bb938cdc54f7245a43890c14d2a155886f2c7fd892a0dd1aa6c,0759814036,0.03049152542372881,1
2020-09-08,cd1c20114a025bb938cdc54f7245a43890c14d2a155886f2c7fd892a0dd1aa6c,0715624053,0.022864406779661017,1
2020-09-08,cd1c20114a025bb938cdc54f7245a43890c14d2a155886f2c7fd892a0dd1aa6c,0826203002,0.012186440677966101,1
2020-09-08,cd3dc94de5dc39619471063faf643d85bf9b2631265bbc3af3fe685e83458a7c,0918474001,0.013542372881355931,1
2020-09-08,cd3dc94de5dc39619471063faf643d85bf9b2631265bbc3af3fe685e83458a7c,0881947001,0.00676271186440678,1
2020-09-08,cf98636d82fbe93175e77eee091c4639ab33cf0ceaeebc3a0f7d8460ca26dffd,0852169001,0.01523728813559322,2
2020-09-08,cf98636d82fbe93175e77eee091c4639ab33cf0ceaeebc3a0f7d8460ca26dffd,0831269002,0.016932203389830508,2
2020-09-08,d6ee59d9e42edee96513f531242340d7a6282b693c2174c3d7d3c0671fdd9d8f,0826033004,0.050830508474576264,1
2020-09-08,d6ee59d9e42edee96513f531242340d7a6282b693c2174c3d7d3c0671fdd9d8f,0898694001,0.050830508474576264,1
2020-09-08,d6ee59d9e42edee96513f531242340d7a6282b693c2174c3d7d3c0671fdd9d8f,0927530006,0.05930508474576271,1
2020-09-08,d7a718eb413ce9bc34669bcd17df56b67fce90c612e5654631c9f6f464dc14ad,0869086001,0.016932203389830508,2
2020-09-08,d7a718eb413ce9bc34669bcd17df56b67fce90c612e5654631c9f6f464dc14ad,0889684001,0.022016949152542376,2
2020-09-08,d7a718eb413ce9bc34669bcd17df56b67fce90c612e5654631c9f6f464dc14ad,0808624007,0.011847457627118646,2
2020-09-08,d7c01005ce1a8f5bd9bb91ca534e02e2a19960726436207d44d3c05b03616121,0688728023,0.025406779661016947,2
2020-09-08,d7c01005ce1a8f5bd9bb91ca534e02e2a19960726436207d44d3c05b03616121,0748355002,0.022016949152542376,2
2020-09-08,d7c01005ce1a8f5bd9bb91ca534e02e2a19960726436207d44d3c05b03616121,0883689001,0.03049152542372881,2
2020-09-08,d7c01005ce1a8f5bd9bb91ca534e02e2a19960726436207d44d3c05b03616121,0694848001,0.033881355932203386,2
2020-09-08,d7c01005ce1a8f5bd9bb91ca534e02e2a19960726436207d44d3c05b03616121,0452818001,0.013542372881355931,2
2020-09-08,d995e07977fb34ae9f25e685db6bc45e74e49e19788b4f8ae6cb015609aa7bed,0874704002,0.050830508474576264,2
2020-09-08,d995e07977fb34ae9f25e685db6bc45e74e49e19788b4f8ae6cb015609aa7bed,0762846006,0.025406779661016947,2
2020-09-08,d995e07977fb34ae9f25e685db6bc45e74e49e19788b4f8ae6cb015609aa7bed,0845790001,0.033881355932203386,2
2020-09-08,dd5e14d6c491d6f0522edd2f0d6d4b13faef31a3bd294ba1baa0ca3dcc13c2b6,0579010038,0.013542372881355931,2
2020-09-08,dd5e14d6c491d6f0522edd2f0d6d4b13faef31a3bd294ba1baa0ca3dcc13c2b6,0885919011,0.025406779661016947,2
2020-09-08,dffc1ef78093532a18eece9d007f648f55e92499b38002bc95fb0c53b3636d1c,0723469001,0.025406779661016947,2
2020-09-08,e04baaba41217a12c682eeb80d89925263f220dfdd4541d2a8b3d41c174a1790,0570004120,0.016932203389830508,1
2020-09-08,e04baaba41217a12c682eeb80d89925263f220dfdd4541d2a8b3d41c174a1790,0892309002,0.016932203389830508,1
2020-09-08,e04baaba41217a12c682eeb80d89925263f220dfdd4541d2a8b3d41c174a1790,0892309002,0.016932203389830508,1
2020-09-08,e04baaba41217a12c682eeb80d89925263f220dfdd4541d2a8b3d41c174a1790,0814631005,0.08472881355932205,1
2020-09-08,e16cdf3e1448cf82d8c69190be172bb7bec5cf9edcb3791f98d084fd033808b1,0872013001,0.011847457627118646,1
2020-09-08,e16cdf3e1448cf82d8c69190be172bb7bec5cf9edcb3791f98d084fd033808b1,0854892001,0.012694915254237289,1
2020-09-08,e19b083d69079af1ac84d6806d5827ef81ce53ffaa740d2f27d9af6bfa051a3c,0803757005,0.016932203389830508,2
2020-09-08,e19b083d69079af1ac84d6806d5827ef81ce53ffaa740d2f27d9af6bfa051a3c,0921347003,0.033881355932203386,2
2020-09-08,e19b083d69079af1ac84d6806d5827ef81ce53ffaa740d2f27d9af6bfa051a3c,0616920002,0.03049152542372881,2
2020-09-08,e19b083d69079af1ac84d6806d5827ef81ce53ffaa740d2f27d9af6bfa051a3c,0694848008,0.033881355932203386,2
2020-09-08,e1f91c90d68331bb1ca623c608a369268614c063762b919ab68466106a747a49,0897738001,0.042355932203389825,2
2020-09-08,e1f91c90d68331bb1ca623c608a369268614c063762b919ab68466106a747a49,0897738001,0.042355932203389825,2
2020-09-08,e1f91c90d68331bb1ca623c608a369268614c063762b919ab68466106a747a49,0818754001,0.016932203389830508,2
2020-09-08,e1f91c90d68331bb1ca623c608a369268614c063762b919ab68466106a747a49,0818754001,0.016932203389830508,2
2020-09-08,e1f91c90d68331bb1ca623c608a369268614c063762b919ab68466106a747a49,0910601003,0.042355932203389825,2
2020-09-08,e1f91c90d68331bb1ca623c608a369268614c063762b919ab68466106a747a49,0910601001,0.042355932203389825,2
2020-09-08,e1f91c90d68331bb1ca623c608a369268614c063762b919ab68466106a747a49,0803757005,0.016932203389830508,2
2020-09-08,e1f91c90d68331bb1ca623c608a369268614c063762b919ab68466106a747a49,0803757005,0.016932203389830508,2
2020-09-08,e1f91c90d68331bb1ca623c608a369268614c063762b919ab68466106a747a49,0706016062,0.033881355932203386,2
2020-09-08,e1f91c90d68331bb1ca623c608a369268614c063762b919ab68466106a747a49,0706016062,0.033881355932203386,2
2020-09-08,e21a82d8ab0b793079cd73e9e216ba914e4f8831ecf8810c8fb951148aac6ab7,0797835008,0.06777966101694916,1
2020-09-08,e8c9bbc46d5b8de813159901a3af07a5f761bc8a28528e58be7af92be0377131,0891630001,0.050830508474576264,2
2020-09-08,e8c9bbc46d5b8de813159901a3af07a5f761bc8a28528e58be7af92be0377131,0706016001,0.033881355932203386,2
2020-09-08,e8c9bbc46d5b8de813159901a3af07a5f761bc8a28528e58be7af92be0377131,0881111001,0.08472881355932205,2
2020-09-08,eb005544aaded47803ae036a194a5a3c89317c31dfafcd350f78592ba6979922,0783346032,0.025406779661016947,2
2020-09-08,eb005544aaded47803ae036a194a5a3c89317c31dfafcd350f78592ba6979922,0868874006,0.033881355932203386,2
2020-09-08,eb005544aaded47803ae036a194a5a3c89317c31dfafcd350f78592ba6979922,0752814021,0.033881355932203386,2
2020-09-08,ec9d79a07805c70de02b74faf11e6a60e791a407030a77a4f8698ae299f7dbfc,0797710006,0.033881355932203386,2
2020-09-08,ec9d79a07805c70de02b74faf11e6a60e791a407030a77a4f8698ae299f7dbfc,0781613006,0.050830508474576264,2
2020-09-08,efe21f77c45d3ad058d79e6f19a77ac4a2498496266a7faf3c62e13d67496c13,0799365027,0.050830508474576264,2
2020-09-08,efe21f77c45d3ad058d79e6f19a77ac4a2498496266a7faf3c62e13d67496c13,0704754002,0.016932203389830508,2
2020-09-08,f0a29aa74ffc0f672d969aa6cabb40d706642a5c8f0f00b052e427ee91dbef34,0654590001,0.03049152542372881,2
2020-09-08,f0a29aa74ffc0f672d969aa6cabb40d706642a5c8f0f00b052e427ee91dbef34,0861565001,0.033881355932203386,2
2020-09-08,f0a29aa74ffc0f672d969aa6cabb40d706642a5c8f0f00b052e427ee91dbef34,0845967002,0.042355932203389825,2
2020-09-08,f0a29aa74ffc0f672d969aa6cabb40d706642a5c8f0f00b052e427ee91dbef34,0917739001,0.042355932203389825,2
2020-09-08,f0a29aa74ffc0f672d969aa6cabb40d706642a5c8f0f00b052e427ee91dbef34,0917739001,0.042355932203389825,2
2020-09-08,f0a29aa74ffc0f672d969aa6cabb40d706642a5c8f0f00b052e427ee91dbef34,0921918001,0.042355932203389825,2
2020-09-08,f0a29aa74ffc0f672d969aa6cabb40d706642a5c8f0f00b052e427ee91dbef34,0929872001,0.050830508474576264,2
2020-09-08,f0a29aa74ffc0f672d969aa6cabb40d706642a5c8f0f00b052e427ee91dbef34,0895421001,0.033881355932203386,2
2020-09-08,f0a29aa74ffc0f672d969aa6cabb40d706642a5c8f0f00b052e427ee91dbef34,0904963001,0.05930508474576271,2
2020-09-08,f0a29aa74ffc0f672d969aa6cabb40d706642a5c8f0f00b052e427ee91dbef34,0919927001,0.06777966101694916,2
2020-09-08,f0a29aa74ffc0f672d969aa6cabb40d706642a5c8f0f00b052e427ee91dbef34,0909291001,0.050830508474576264,2
2020-09-08,f0a29aa74ffc0f672d969aa6cabb40d706642a5c8f0f00b052e427ee91dbef34,0853554001,0.06777966101694916,2
2020-09-08,f81e0c52aa37179cd96cfb3987db2692ad930f28a04d4e34730d9c85461a6a83,0865873002,0.020322033898305086,2
2020-09-08,f81e0c52aa37179cd96cfb3987db2692ad930f28a04d4e34730d9c85461a6a83,0763727003,0.022016949152542376,2
2020-09-08,f81e0c52aa37179cd96cfb3987db2692ad930f28a04d4e34730d9c85461a6a83,0718278002,0.008457627118644067,2
2020-09-08,f81e0c52aa37179cd96cfb3987db2692ad930f28a04d4e34730d9c85461a6a83,0839899002,0.016932203389830508,2
2020-09-08,f97100602cb5ab75335dba70b10f2ada43c4238031332d784452a8c4ae58ff72,0579541076,0.016932203389830508,1
2020-09-08,f9a1a63254656790e0b8f3854472544199e4c1e88e9280fa55aca3c8d5befb5d,0683001020,0.016932203389830508,1
2020-09-08,f9a1a63254656790e0b8f3854472544199e4c1e88e9280fa55aca3c8d5befb5d,0821406001,0.06777966101694916,1
2020-09-08,f9a1a63254656790e0b8f3854472544199e4c1e88e9280fa55aca3c8d5befb5d,0757303021,0.03049152542372881,1
2020-09-08,fa0663c33bb316d94e4a30e8f970006d42defd68ba943bb754cbac618ef30874,0867966010,0.033881355932203386,2
2020-09-08,fa0663c33bb316d94e4a30e8f970006d42defd68ba943bb754cbac618ef30874,0868823007,0.025406779661016947,2
2020-09-08,fdc791c174a6aee7afe354daa679229e5e4e2efb665d57c08159df7129cadfff,0892558006,0.016932203389830508,1
2020-09-08,fe452b72e97790e68dcf79f49521782d486c345981f773a16160db6fa2b28567,0877389001,0.04744067796610169,2
2020-09-08,ff1501990dc2baa62a6a9879e91ae2628aa2eb363064353bbb14862ec5582ff6,0769007011,0.04320338983050847,2
2020-09-08,ff1501990dc2baa62a6a9879e91ae2628aa2eb363064353bbb14862ec5582ff6,0769007002,0.04320338983050847,2
2020-09-08,ffffcf35913a0bee60e8741cb2b4e78b8a98ee5ff2e6a1778d0116cffd259264,0689365050,0.010016949152542374,2
2020-09-08,ffffcf35913a0bee60e8741cb2b4e78b8a98ee5ff2e6a1778d0116cffd259264,0884081001,0.012898305084745761,2
2020-09-08,ffffcf35913a0bee60e8741cb2b4e78b8a98ee5ff2e6a1778d0116cffd259264,0794819001,0.014322033898305083,2
2020-09-09,00fe8fb9b5a49ed8c38699c1860847c266f288da271b1c718f0179ac026080e4,0901318002,0.10167796610169492,2
2020-09-09,00fe8fb9b5a49ed8c38699c1860847c266f288da271b1c718f0179ac026080e4,0901318001,0.10167796610169492,2
2020-09-09,0824ab25d3b054266a51dca288d04a923a7469426fe45e4f154fc5d5482a9c4b,0573085055,0.027101694915254236,1
2020-09-09,0cc831abcb8824ecf0e577723e1347c4341ed968d3840cd63f366f0a978b07f8,0730683062,0.042355932203389825,2
2020-09-09,0cc831abcb8824ecf0e577723e1347c4341ed968d3840cd63f366f0a978b07f8,0918292011,0.042355932203389825,2
2020-09-09,0cc831abcb8824ecf0e577723e1347c4341ed968d3840cd63f366f0a978b07f8,0905957007,0.042355932203389825,2
2020-09-09,0ec6aa6e9a879e0b230c809cf3447f2bb14b2f10a99e20938d78522a3e09529f,0843614013,0.033881355932203386,2
2020-09-09,0f0bdf1abc90a4ff9960633908179ac0efd16b40f80a119807e5c09cb0062735,0825771001,0.025406779661016947,2
2020-09-09,0f0bdf1abc90a4ff9960633908179ac0efd16b40f80a119807e5c09cb0062735,0825771004,0.025406779661016947,2
2020-09-09,11549f02e32e419b905c3289df226c26274631ad1a2079cb435df4a12059cb43,0819520001,0.022016949152542376,2
2020-09-09,11549f02e32e419b905c3289df226c26274631ad1a2079cb435df4a12059cb43,0917843002,0.016932203389830508,2
2020-09-09,11549f02e32e419b905c3289df226c26274631ad1a2079cb435df4a12059cb43,0917843001,0.016932203389830508,2
2020-09-09,12ad37d8450ff1e1a81a7f17f3aa95a7ddd084e801c28e73441e18a6799fad47,0918522001,0.042355932203389825,2
2020-09-09,135371be9c58c90de31ac8a480c2cf851eaadd919316f3755a59a10b4428b192,0844967008,0.022016949152542376,1
2020-09-09,1393ff881c6e5019f054f52c3a19c7f7e44a44654cda17e5ec8d06716da0f0e6,0805000010,0.0457457627118644,1
2020-09-09,1393ff881c6e5019f054f52c3a19c7f7e44a44654cda17e5ec8d06716da0f0e6,0740922001,0.022864406779661017,1
2020-09-09,1393ff881c6e5019f054f52c3a19c7f7e44a44654cda17e5ec8d06716da0f0e6,0918292001,0.03811864406779661,1
2020-09-09,18ccca3914ffec438510f77b801aedfe072118d91e7c6870505e25d7174e447b,0912204009,0.016932203389830508,1
2020-09-09,18ccca3914ffec438510f77b801aedfe072118d91e7c6870505e25d7174e447b,0809961002,0.033881355932203386,1
2020-09-09,194c874906eb00a0c83d73d116a861984353c9769af8cc4f417fe519a840018c,0927922003,0.033881355932203386,1
2020-09-09,19e82dd29aa4a61a59ad15f839dfbd98839efae45ec88cb3f6a91911c2e3a231,0714790033,0.0485593220338983,1
2020-09-09,19e82dd29aa4a61a59ad15f839dfbd98839efae45ec88cb3f6a91911c2e3a231,0781135004,0.04857627118644067,1
2020-09-09,19e82dd29aa4a61a59ad15f839dfbd98839efae45ec88cb3f6a91911c2e3a231,0917606004,0.04857627118644067,1
2020-09-09,1bbedea325d737ab8d9c67576ed3d7b8474aa58a50f2d03b68d20ca0bc05f9fe,0798903008,0.013542372881355931,1
2020-09-09,212926acb31fe2d0ed09e770fb0f06a28d0b2e4e6dfcdca3601208748ba76dc0,0845790002,0.033881355932203386,2
2020-09-09,212926acb31fe2d0ed09e770fb0f06a28d0b2e4e6dfcdca3601208748ba76dc0,0882203001,0.025406779661016947,2
2020-09-09,212926acb31fe2d0ed09e770fb0f06a28d0b2e4e6dfcdca3601208748ba76dc0,0863646001,0.033881355932203386,2
2020-09-09,21dd704ee4bb40c33c500870535c4cef8d18cd275e171115f38930f974debcca,0896152001,0.033881355932203386,2
2020-09-09,27c1db523798bb83beb57408590bab5ba74145bd0af9f0a964f21290c99db637,0756318001,0.042355932203389825,2
2020-09-09,27c1db523798bb83beb57408590bab5ba74145bd0af9f0a964f21290c99db637,0756318001,0.042355932203389825,2
2020-09-09,27c1db523798bb83beb57408590bab5ba74145bd0af9f0a964f21290c99db637,0756318001,0.042355932203389825,2
2020-09-09,2ad4d34fc2bd0338fed2c15997ba7ddb8f133ed3bd28aaba3116fbfec6030c2f,0860833002,0.025406779661016947,2
2020-09-09,2ad4d34fc2bd0338fed2c15997ba7ddb8f133ed3bd28aaba3116fbfec6030c2f,0864562005,0.016932203389830508,2
2020-09-09,2ad4d34fc2bd0338fed2c15997ba7ddb8f133ed3bd28aaba3116fbfec6030c2f,0864562005,0.016932203389830508,2
2020-09-09,2c3434f9d7339bc1927b1095bf2535ca74ab2686629e3e147d1cab4858fc18b9,0874826001,0.013542372881355931,2
2020-09-09,2c3688d4bc94eb4e3c35ccd777481a145752713d6b90ec276099000383466ea5,0760084011,0.025406779661016947,2
2020-09-09,2c3688d4bc94eb4e3c35ccd777481a145752713d6b90ec276099000383466ea5,0870328002,0.033881355932203386,2
2020-09-09,2c3688d4bc94eb4e3c35ccd777481a145752713d6b90ec276099000383466ea5,0878190004,0.06777966101694916,2
2020-09-09,2c3688d4bc94eb4e3c35ccd777481a145752713d6b90ec276099000383466ea5,0760084003,0.025406779661016947,2
2020-09-09,2c3688d4bc94eb4e3c35ccd777481a145752713d6b90ec276099000383466ea5,0871710010,0.033881355932203386,2
2020-09-09,2d34604b85203590e7631cb60d75944f16cc8b0f78bc236acd9039672e7344bd,0933032002,0.11862711864406779,2
2020-09-09,2d7042dd90f5a004b09a5a99a1010550b316b5e2fcc11b4db181f208320a2427,0800691008,0.011847457627118646,1
2020-09-09,2d9a2799c53722b65fd1ac995562742851937cf952cf61cea0fcd989c6e4cc55,0831547010,0.011847457627118646,1
2020-09-09,2efc8c456700601152d383c75db4334f726eb9d500c52f8491c27fe4a0e6e85b,0871957004,0.040661016949152536,2
2020-09-09,2efc8c456700601152d383c75db4334f726eb9d500c52f8491c27fe4a0e6e85b,0876043001,0.025406779661016947,2
2020-09-09,3b6999315f44bd6caa310fba4d3a7803e863b05b21bffa580692d319bae7eb29,0909924002,0.033881355932203386,2
2020-09-09,403edf496683b1be5c338b11644d0e18b8a02430395e8f956236190ccdd6f9c8,0898195001,0.033881355932203386,1
2020-09-09,403edf496683b1be5c338b11644d0e18b8a02430395e8f956236190ccdd6f9c8,0919438002,0.022016949152542376,1
2020-09-09,4192fb73156130453bf6e481e3d39d1494b04d28680e9c7b98dcab3c6daa3f37,0750422031,0.013542372881355931,2
2020-09-09,4192fb73156130453bf6e481e3d39d1494b04d28680e9c7b98dcab3c6daa3f37,0896169005,0.050830508474576264,2
2020-09-09,44c0de1ecd771067a6eced881dc17e752ffe1c6f2fa3c922ac483d8cac4101de,0860833002,0.025406779661016947,2
2020-09-09,44c0de1ecd771067a6eced881dc17e752ffe1c6f2fa3c922ac483d8cac4101de,0822115004,0.025406779661016947,2
2020-09-09,44c0de1ecd771067a6eced881dc17e752ffe1c6f2fa3c922ac483d8cac4101de,0857163002,0.013542372881355931,2
2020-09-09,44c0de1ecd771067a6eced881dc17e752ffe1c6f2fa3c922ac483d8cac4101de,0860833018,0.025406779661016947,2
2020-09-09,4940937c1bb909894f7c3c22b4851b948ec199b6df3296e00c0bfebf17fde119,0796454005,0.042355932203389825,2
2020-09-09,4940937c1bb909894f7c3c22b4851b948ec199b6df3296e00c0bfebf17fde119,0534164032,0.033881355932203386,2
2020-09-09,4db1f33dca72b9ce9332c4fdc3d014982c7e3265c9e0e92c5848d4bc74f9081d,0805947003,0.033881355932203386,2
2020-09-09,4db1f33dca72b9ce9332c4fdc3d014982c7e3265c9e0e92c5848d4bc74f9081d,0805947001,0.020322033898305086,2
2020-09-09,4fe67a65b8ceb5cc01a1e1c977bc2300b9ea839c753ff879b28963a3aa552693,0928719001,0.025406779661016947,2
2020-09-09,4fe67a65b8ceb5cc01a1e1c977bc2300b9ea839c753ff879b28963a3aa552693,0921236001,0.033881355932203386,2
2020-09-09,503341203dd88d74039a8b5aec516a44e03da287ef8a6f4b89155e0374dbc3a0,0862970001,0.022016949152542376,2
2020-09-09,503341203dd88d74039a8b5aec516a44e03da287ef8a6f4b89155e0374dbc3a0,0552716012,0.033881355932203386,2
2020-09-09,50b2529ca59e89b46c6fbb48755ab9d39b8a16db6198bca3c8e210628513d363,0866482008,0.016932203389830508,2
2020-09-09,50b2529ca59e89b46c6fbb48755ab9d39b8a16db6198bca3c8e210628513d363,0767032002,0.011847457627118646,2
2020-09-09,50b2529ca59e89b46c6fbb48755ab9d39b8a16db6198bca3c8e210628513d363,0811235002,0.033881355932203386,2
2020-09-09,511cda7e980108cd4edb9ec42626647d43485df8d84418cddf7568676399e74b,0759814022,0.033881355932203386,1
2020-09-09,511cda7e980108cd4edb9ec42626647d43485df8d84418cddf7568676399e74b,0759814022,0.033881355932203386,1
2020-09-09,53982652c03bdb6f41255d45a87d8f8587047dfceedd95fa88188fe577915521,0916926005,0.008457627118644067,2
2020-09-09,558e037ac26ec934e924001604931f3be5fc7adb0f5b2124ff32491c71a75b9b,0898931001,0.011847457627118646,2
2020-09-09,558e037ac26ec934e924001604931f3be5fc7adb0f5b2124ff32491c71a75b9b,0910132001,0.016932203389830508,2
2020-09-09,558e037ac26ec934e924001604931f3be5fc7adb0f5b2124ff32491c71a75b9b,0906094004,0.06777966101694916,2
2020-09-09,560b09162e9fc4acd61c53734c72af4378dbad37266851ca7c36b5106f8c9cd4,0757303014,0.03049152542372881,1
2020-09-09,560b09162e9fc4acd61c53734c72af4378dbad37266851ca7c36b5106f8c9cd4,0809961002,0.033881355932203386,1
2020-09-09,560b09162e9fc4acd61c53734c72af4378dbad37266851ca7c36b5106f8c9cd4,0813451005,0.025406779661016947,1
2020-09-09,560b09162e9fc4acd61c53734c72af4378dbad37266851ca7c36b5106f8c9cd4,0804992013,0.025406779661016947,1
2020-09-09,560b09162e9fc4acd61c53734c72af4378dbad37266851ca7c36b5106f8c9cd4,0809961004,0.033881355932203386,1
2020-09-09,56792db44b26e8ff25b4eacbf4af18eed4316ca75486eb5eb80cbb7722f8901a,0929165002,0.050830508474576264,1
2020-09-09,56792db44b26e8ff25b4eacbf4af18eed4316ca75486eb5eb80cbb7722f8901a,0554598003,0.016932203389830508,1
2020-09-09,5a7e50f10bd4ef9c3a3711794f1bbf3b7171e23bea8d4ae43baafda0b0ee1c31,0904567002,0.01905084745762712,2
2020-09-09,5a7e50f10bd4ef9c3a3711794f1bbf3b7171e23bea8d4ae43baafda0b0ee1c31,0902518005,0.016932203389830508,2
2020-09-09,5bd9f4234e846e07dbe2f2c69c662756eefbf914cab4a0b776fbf20483a8d040,0720504004,0.033881355932203386,1
2020-09-09,5bd9f4234e846e07dbe2f2c69c662756eefbf914cab4a0b776fbf20483a8d040,0720504004,0.033881355932203386,1
2020-09-09,5bdb5437cab13828ad0d011a23a5e5bbcf8ebcf5bb589e3402ca11c313e24a90,0869459003,0.050830508474576264,2
2020-09-09,5bdb5437cab13828ad0d011a23a5e5bbcf8ebcf5bb589e3402ca11c313e24a90,0871517014,0.025406779661016947,2
2020-09-09,5bdb5437cab13828ad0d011a23a5e5bbcf8ebcf5bb589e3402ca11c313e24a90,0867969003,0.033881355932203386,2
2020-09-09,5bdb5437cab13828ad0d011a23a5e5bbcf8ebcf5bb589e3402ca11c313e24a90,0674606026,0.008457627118644067,2
2020-09-09,5bdb5437cab13828ad0d011a23a5e5bbcf8ebcf5bb589e3402ca11c313e24a90,0831302001,0.033881355932203386,2
2020-09-09,5bdb5437cab13828ad0d011a23a5e5bbcf8ebcf5bb589e3402ca11c313e24a90,0914441001,0.033881355932203386,2
2020-09-09,5bdb5437cab13828ad0d011a23a5e5bbcf8ebcf5bb589e3402ca11c313e24a90,0869459001,0.050830508474576264,2
2020-09-09,5bdb5437cab13828ad0d011a23a5e5bbcf8ebcf5bb589e3402ca11c313e24a90,0914441004,0.033881355932203386,2
2020-09-09,5da7752288179bdfbbf016050310eb0f13fcd33226aa10d6c1c42dfd4947edbb,0751471041,0.01905084745762712,2
2020-09-09,5da7752288179bdfbbf016050310eb0f13fcd33226aa10d6c1c42dfd4947edbb,0751471001,0.033881355932203386,2
2020-09-09,5fb33f6b9cf7b8eee960e2caa7a5e31df9577a0527d79037651a945b856d53fc,0909014001,0.11862711864406779,1
2020-09-09,65281305d0c4803c7909ae16708fd7fc2c790887823ebca16c4979b5203455a8,0507909001,0.025406779661016947,1
2020-09-09,654c1c15a2d02b0ea11400383d9459b3ca5fdf4ac74274fc65078a7d6aedf6a1,0897756002,0.025406779661016947,2
2020-09-09,654c1c15a2d02b0ea11400383d9459b3ca5fdf4ac74274fc65078a7d6aedf6a1,0900279002,0.042355932203389825,2
2020-09-09,68fba24daa643d2b567e0cc942b2c9900e30ba5013ff35fab3c5f906c835a210,0929591001,0.050830508474576264,2
2020-09-09,68fba24daa643d2b567e0cc942b2c9900e30ba5013ff35fab3c5f906c835a210,0903581001,0.06777966101694916,2
2020-09-09,68fba24daa643d2b567e0cc942b2c9900e30ba5013ff35fab3c5f906c835a210,0897108001,0.042355932203389825,2
2020-09-09,6b11601ef1622761207193d937d815838395562311a0873b2d6a5ff67e49c1c0,0742258023,0.033881355932203386,1
2020-09-09,6b11601ef1622761207193d937d815838395562311a0873b2d6a5ff67e49c1c0,0903824006,0.050830508474576264,1
2020-09-09,71f25dc68c73630d9e7f8fdcfb1c8a431c31c735db28d454f9375facc08690be,0865929002,0.014389830508474576,1
2020-09-09,7839e09a85cdc41146a6312a6496fd8709a77db58f47cbe3c4d74cd8c43d8085,0896152003,0.033881355932203386,2
2020-09-09,7839e09a85cdc41146a6312a6496fd8709a77db58f47cbe3c4d74cd8c43d8085,0896152002,0.033881355932203386,2
2020-09-09,7839e09a85cdc41146a6312a6496fd8709a77db58f47cbe3c4d74cd8c43d8085,0916468003,0.033881355932203386,2
2020-09-09,787a9906f86f86f62b93750b51a0719da582fa9d30255433be56932afbdf222f,0822158003,0.05930508474576271,2
2020-09-09,787a9906f86f86f62b93750b51a0719da582fa9d30255433be56932afbdf222f,0822158001,0.05930508474576271,2
2020-09-09,787a9906f86f86f62b93750b51a0719da582fa9d30255433be56932afbdf222f,0822158001,0.05930508474576271,2
2020-09-09,7b0c3834a50cff545cbdf7f123b20dfaf5a09463b8f910b7979953001229f18b,0785787005,0.050830508474576264,2
2020-09-09,7b0c3834a50cff545cbdf7f123b20dfaf5a09463b8f910b7979953001229f18b,0755467001,0.03049152542372881,2
2020-09-09,7b0c3834a50cff545cbdf7f123b20dfaf5a09463b8f910b7979953001229f18b,0755467001,0.03049152542372881,2
2020-09-09,7b0c3834a50cff545cbdf7f123b20dfaf5a09463b8f910b7979953001229f18b,0858147006,0.033881355932203386,2
2020-09-09,7b0c3834a50cff545cbdf7f123b20dfaf5a09463b8f910b7979953001229f18b,0755467004,0.03049152542372881,2
2020-09-09,7b0c3834a50cff545cbdf7f123b20dfaf5a09463b8f910b7979953001229f18b,0898692003,0.06777966101694916,2
2020-09-09,7b0c3834a50cff545cbdf7f123b20dfaf5a09463b8f910b7979953001229f18b,0785787003,0.050830508474576264,2
2020-09-09,7b0c3834a50cff545cbdf7f123b20dfaf5a09463b8f910b7979953001229f18b,0890095001,0.08472881355932205,2
2020-09-09,7b0c3834a50cff545cbdf7f123b20dfaf5a09463b8f910b7979953001229f18b,0860797003,0.025406779661016947,2
2020-09-09,7dafa399ce998735eebb1b41379806dfa7a5ab75f760e21bcee57210947de5b3,0891591001,0.08472881355932205,2
2020-09-09,8a6945a6a05b2cf2ef87ff07f74f9f055bead76170c983a1576a96292961b13b,0850277001,0.050830508474576264,1
2020-09-09,8a6945a6a05b2cf2ef87ff07f74f9f055bead76170c983a1576a96292961b13b,0899749001,0.016932203389830508,1
2020-09-09,8a6945a6a05b2cf2ef87ff07f74f9f055bead76170c983a1576a96292961b13b,0899749005,0.016932203389830508,1
2020-09-09,8bd4953eaedd933678ce5bc564ed702e56c21ca9e3c0649fa7e70c8a84c3f6ac,0858161001,0.018627118644067797,2
2020-09-09,8bd4953eaedd933678ce5bc564ed702e56c21ca9e3c0649fa7e70c8a84c3f6ac,0805947001,0.025406779661016947,2
2020-09-09,8bebb5e2402ab4ac733ca557e76521975dbbe0dc8378a791d70c0c54a8d9eb1a,0938182001,0.016932203389830508,2
2020-09-09,8fa213ec6299a8075a6e01516f4f6d57075dba670fef6fc85b8ec91e2fbea3b2,0898694001,0.050830508474576264,2
2020-09-09,8fa213ec6299a8075a6e01516f4f6d57075dba670fef6fc85b8ec91e2fbea3b2,0919365008,0.042355932203389825,2
2020-09-09,92cd8e0ec2f25df69860c6d5c0e83eeefa9218a3e5f64053b3367e9a81cf03c0,0791587009,0.023322033898305086,2
2020-09-09,92cd8e0ec2f25df69860c6d5c0e83eeefa9218a3e5f64053b3367e9a81cf03c0,0886557004,0.029152542372881354,2
2020-09-09,92cd8e0ec2f25df69860c6d5c0e83eeefa9218a3e5f64053b3367e9a81cf03c0,0868195004,0.023322033898305086,2
2020-09-09,a0ea9f0a497ba4fbf3af657604a0ac3a34770284de846eb418803fb644e2d196,0896343001,0.016932203389830508,1
2020-09-09,a1e65fabdd319304d161b067f3b78a3497977e3f626e7b3d3f141fd67c53cb2a,0898694002,0.050830508474576264,2
2020-09-09,a2edee9a1b61c484242f78099c475192285238099875b32eeb223c2fbbe8b2d3,0893994001,0.022016949152542376,1
2020-09-09,a2edee9a1b61c484242f78099c475192285238099875b32eeb223c2fbbe8b2d3,0554450027,0.033881355932203386,1
2020-09-09,a2edee9a1b61c484242f78099c475192285238099875b32eeb223c2fbbe8b2d3,0909371001,0.033881355932203386,1
2020-09-09,a8b0e5afdd90ab0674bb2dec396caa35599caf05fe223e9219339c5b7aa3f014,0907501001,0.05930508474576271,2
2020-09-09,a8b0e5afdd90ab0674bb2dec396caa35599caf05fe223e9219339c5b7aa3f014,0907501001,0.05930508474576271,2
2020-09-09,adbb0a5ea68edce809aef81e57d6b8c0926465f9b5ecc86e47a9d00b0afcf1f1,0894651003,0.033881355932203386,2
2020-09-09,adbb0a5ea68edce809aef81e57d6b8c0926465f9b5ecc86e47a9d00b0afcf1f1,0904357001,0.025406779661016947,2
2020-09-09,aec18966cd3c1dde4e119fd39e152a3a0cb0468693cfd7814e2dc32f36b6cc76,0909911001,0.03811864406779661,2
2020-09-09,aec18966cd3c1dde4e119fd39e152a3a0cb0468693cfd7814e2dc32f36b6cc76,0909912001,0.03811864406779661,2
2020-09-09,b0250f37a0b81b530ccd2e607d02940196e129dd52a31c72934410e9bd9ab1b6,0924243001,0.042355932203389825,1
2020-09-09,b0250f37a0b81b530ccd2e607d02940196e129dd52a31c72934410e9bd9ab1b6,0924243001,0.042355932203389825,1
2020-09-09,b3514f63e2a328a81a7e5bb066359488c85fbf3711aafa1031c5ed2babe7ccd1,0891591002,0.07794915254237289,1
2020-09-09,b4e56feba3fcfc5e6265a81f0098d98d6c550a846306bb5aab4354f19c0a7c00,0685813040,0.016932203389830508,1
2020-09-09,b4e56feba3fcfc5e6265a81f0098d98d6c550a846306bb5aab4354f19c0a7c00,0832520002,0.025406779661016947,1
2020-09-09,b5e1dbacee76740cbc8f7fb35d670d63d689dcb4dd2678f68455c898a27a97a8,0880238006,0.00676271186440678,2
2020-09-09,b5e1dbacee76740cbc8f7fb35d670d63d689dcb4dd2678f68455c898a27a97a8,0858883001,0.010152542372881357,2
2020-09-09,b5e1dbacee76740cbc8f7fb35d670d63d689dcb4dd2678f68455c898a27a97a8,0891663001,0.010152542372881357,2
2020-09-09,b5e1dbacee76740cbc8f7fb35d670d63d689dcb4dd2678f68455c898a27a97a8,0773602003,0.010152542372881357,2
2020-09-09,b5e1dbacee76740cbc8f7fb35d670d63d689dcb4dd2678f68455c898a27a97a8,0886569005,0.008457627118644067,2
2020-09-09,b5e1dbacee76740cbc8f7fb35d670d63d689dcb4dd2678f68455c898a27a97a8,0877268004,0.011847457627118646,2
2020-09-09,be94373630b30a0c308545a8771ae51f29f69ef276e82519908f9d8f9958d8c1,0856440002,0.042355932203389825,2
2020-09-09,c2089169978a71cabc2320d896748a51cff8f0471b9d3264fe235b5c3d6d2b5e,0456163084,0.033881355932203386,2
2020-09-09,c2089169978a71cabc2320d896748a51cff8f0471b9d3264fe235b5c3d6d2b5e,0914886003,0.033881355932203386,2
2020-09-09,c2089169978a71cabc2320d896748a51cff8f0471b9d3264fe235b5c3d6d2b5e,0573085043,0.033881355932203386,2
2020-09-09,c3f179e846252ac3a753553a1875ac0e04891a05ee97d591b31e775fd584effd,0850259004,0.018627118644067797,2
2020-09-09,c3f179e846252ac3a753553a1875ac0e04891a05ee97d591b31e775fd584effd,0871655001,0.016932203389830508,2
2020-09-09,c3f179e846252ac3a753553a1875ac0e04891a05ee97d591b31e775fd584effd,0729860002,0.01523728813559322,2
2020-09-09,c3f179e846252ac3a753553a1875ac0e04891a05ee97d591b31e775fd584effd,0835008011,0.022016949152542376,2
2020-09-09,c3f179e846252ac3a753553a1875ac0e04891a05ee97d591b31e775fd584effd,0841298001,0.018627118644067797,2
2020-09-09,c3f179e846252ac3a753553a1875ac0e04891a05ee97d591b31e775fd584effd,0749615009,0.040661016949152536,2
2020-09-09,c4a82ac87dee7af3dc803df2b10431371ddfd5cbabfc35d80db462071a31e73b,0715624001,0.025406779661016947,2
2020-09-09,c4a82ac87dee7af3dc803df2b10431371ddfd5cbabfc35d80db462071a31e73b,0556560001,0.016932203389830508,2
2020-09-09,c4a82ac87dee7af3dc803df2b10431371ddfd5cbabfc35d80db462071a31e73b,0906794001,0.033881355932203386,2
2020-09-09,c4a82ac87dee7af3dc803df2b10431371ddfd5cbabfc35d80db462071a31e73b,0736049001,0.025406779661016947,2
2020-09-09,c6afc62d3056806e0782c67ee7cf74e03c19646ee495a8d8f1c8e0bf63b37dc2,0908629001,0.06777966101694916,2
2020-09-09,c6afc62d3056806e0782c67ee7cf74e03c19646ee495a8d8f1c8e0bf63b37dc2,0897189003,0.042355932203389825,2
2020-09-09,c99eb6c402c92512f2ab921b2e222fc48017375e890b119225e760e082df8c93,0879088002,0.042355932203389825,2
2020-09-09,c99eb6c402c92512f2ab921b2e222fc48017375e890b119225e760e082df8c93,0879088001,0.042355932203389825,2
2020-09-09,cb44e6a5cc2f2eaba2c1f8811f87b7f2df46158695a1e0409c04ec353e62888a,0877014007,0.013542372881355931,1
2020-09-09,cb44e6a5cc2f2eaba2c1f8811f87b7f2df46158695a1e0409c04ec353e62888a,0853474004,0.018627118644067797,1
2020-09-09,ced019e90194bb864f33e92a26f727da1d0cd93e7541fd075217e386ea5cac1b,0880099003,0.010152542372881357,1
2020-09-09,d00bde7fdc14646fa77a1cccdc5805a8ef488643ca8eab27aa4a8d25c033e4f8,0926166001,0.050830508474576264,2
2020-09-09,d00bde7fdc14646fa77a1cccdc5805a8ef488643ca8eab27aa4a8d25c033e4f8,0767032002,0.011847457627118646,2
2020-09-09,d00bde7fdc14646fa77a1cccdc5805a8ef488643ca8eab27aa4a8d25c033e4f8,0767032005,0.011847457627118646,2
2020-09-09,d1404d9f0f0219456e746d4ae78e3e662d5f47678986657570fef59de3a613e9,0882888002,0.022016949152542376,2
2020-09-09,d1404d9f0f0219456e746d4ae78e3e662d5f47678986657570fef59de3a613e9,0882888002,0.022016949152542376,2
2020-09-09,d7a718eb413ce9bc34669bcd17df56b67fce90c612e5654631c9f6f464dc14ad,0901966001,0.011847457627118646,2
2020-09-09,d7a718eb413ce9bc34669bcd17df56b67fce90c612e5654631c9f6f464dc14ad,0837439004,0.022016949152542376,2
2020-09-09,d7cd4df072e67fb91405b61268aad60c9bb443e9263862b3a73fd6673d3baf81,0877839001,0.08472881355932205,2
2020-09-09,da84260a040c976f14dfd8f80c86bb969f3fef057c303c5be5022a3646a2bae8,0556539003,0.003932203389830508,1
2020-09-09,da84260a040c976f14dfd8f80c86bb969f3fef057c303c5be5022a3646a2bae8,0762846031,0.01976271186440678,1
2020-09-09,e43cbd2a294b19d7402d5ec6d65bdff436b6ae66372f06046445f16b87636887,0784926001,0.022016949152542376,1
2020-09-09,eae678728ecb5061fa74a98b41cd93ba418fbad0b597bee80cb669021857d882,0866714017,0.014389830508474576,1
2020-09-09,eae678728ecb5061fa74a98b41cd93ba418fbad0b597bee80cb669021857d882,0896152003,0.028796610169491522,1
2020-09-09,f2316e62792a5e51f771305bd76a918d1275162f87de91f114531b755d708c3b,0903308001,0.042355932203389825,2
2020-09-09,f2316e62792a5e51f771305bd76a918d1275162f87de91f114531b755d708c3b,0874891003,0.033881355932203386,2
2020-09-09,f2316e62792a5e51f771305bd76a918d1275162f87de91f114531b755d708c3b,0874891003,0.033881355932203386,2
2020-09-09,f751b5c05ea4231cbf9d25e7191e098b35e5054e7caedd6288f47d6d3a22ba70,0933706001,0.016932203389830508,2
2020-09-09,f8831c3b80dd51efadd39ff4f2fe6c862a561e19bb315db817bf8d28c3afe935,0896152001,0.029644067796610166,1
2020-09-09,f8831c3b80dd51efadd39ff4f2fe6c862a561e19bb315db817bf8d28c3afe935,0798883001,0.00888135593220339,1
2020-09-09,f8831c3b80dd51efadd39ff4f2fe6c862a561e19bb315db817bf8d28c3afe935,0852724002,0.00888135593220339,1
2020-09-09,f99d71a6931eaad474143d010e51bd5f58b2719021d483ae8cfbbf482d3b6815,0843793004,0.033881355932203386,2
2020-09-09,f99d71a6931eaad474143d010e51bd5f58b2719021d483ae8cfbbf482d3b6815,0843793001,0.033881355932203386,2
2020-09-09,fa12ad40974a6d4c337afdee3f9064fc749e2b26c954275814d8f57e2ec8926e,0179950001,0.025406779661016947,1
2020-09-09,fa12ad40974a6d4c337afdee3f9064fc749e2b26c954275814d8f57e2ec8926e,0705115011,0.025406779661016947,1
2020-09-09,fc6e0660735aeeb020c9e2763d8c854bb754759328d0b0f6e648c39e307f1f02,0730683054,0.042355932203389825,2
2020-09-09,fe452b72e97790e68dcf79f49521782d486c345981f773a16160db6fa2b28567,0265630006,0.005406779661016949,1
2020-09-09,fe452b72e97790e68dcf79f49521782d486c345981f773a16160db6fa2b28567,0798891006,0.01083050847457627,1
2020-09-09,ffffcf35913a0bee60e8741cb2b4e78b8a98ee5ff2e6a1778d0116cffd259264,0762846027,0.025406779661016947,1
2020-09-10,0272372803f9985397f43f74bbcd85716377407d527d91cbf7ee43c4f53bae50,0828934001,0.016932203389830508,1
2020-09-10,0272372803f9985397f43f74bbcd85716377407d527d91cbf7ee43c4f53bae50,0839227003,0.00676271186440678,1
2020-09-10,0c6962830047b308084f9f2c27af280f1a3840fcaf2482db51b81c58a005b864,0808287009,0.025406779661016947,1
2020-09-10,0c6962830047b308084f9f2c27af280f1a3840fcaf2482db51b81c58a005b864,0743908001,0.008457627118644067,1
2020-09-10,11cee236ca0aafef0507b6983b0d6fc0299bf8367cd8e13e606b3047cbbc5697,0853474005,0.022016949152542376,1
2020-09-10,11cee236ca0aafef0507b6983b0d6fc0299bf8367cd8e13e606b3047cbbc5697,0830941001,0.016932203389830508,1
2020-09-10,11cee236ca0aafef0507b6983b0d6fc0299bf8367cd8e13e606b3047cbbc5697,0831211001,0.013542372881355931,1
2020-09-10,12466ec028e13c331dbe9e98b5a076a32c19df54068155d684097423c491de2b,0879096001,0.016932203389830508,2
2020-09-10,12466ec028e13c331dbe9e98b5a076a32c19df54068155d684097423c491de2b,0879096004,0.016932203389830508,2
2020-09-10,13f212f2c8399f5cef28792d066fbb67e6fdd51fe57474b860dc3627b2d28fa2,0801447001,0.03049152542372881,1
2020-09-10,13f212f2c8399f5cef28792d066fbb67e6fdd51fe57474b860dc3627b2d28fa2,0759814011,0.033881355932203386,1
2020-09-10,19af1001ed1b08b5a6fe29df91c078406572500ba94de93510c1e20d99cc9aa8,0706016050,0.033881355932203386,1
2020-09-10,19af1001ed1b08b5a6fe29df91c078406572500ba94de93510c1e20d99cc9aa8,0573085028,0.033881355932203386,1
2020-09-10,19af1001ed1b08b5a6fe29df91c078406572500ba94de93510c1e20d99cc9aa8,0865929003,0.016932203389830508,1
2020-09-10,1c4e8b8b41056e5ac91c4818029ccd1700c36a0c3124c0849c31b7e0ca99f7b8,0920610001,0.050830508474576264,1
2020-09-10,1c4e8b8b41056e5ac91c4818029ccd1700c36a0c3124c0849c31b7e0ca99f7b8,0902161004,0.033881355932203386,1
2020-09-10,1c4e8b8b41056e5ac91c4818029ccd1700c36a0c3124c0849c31b7e0ca99f7b8,0806388018,0.013542372881355931,1
2020-09-10,205d77acab6bcfaa3cc81b09e78c5cc9a1e60dde229355a77c7cc01c840c8239,0790368006,0.033881355932203386,2
2020-09-10,205d77acab6bcfaa3cc81b09e78c5cc9a1e60dde229355a77c7cc01c840c8239,0909370001,0.033881355932203386,2
2020-09-10,214fc5f7e34d291e635d437c4a4511c7c108202001167ae742fc17cf2a635461,0624257028,0.08472881355932205,2
2020-09-10,22d2fce9f1d0d22409507a230749a10c30465bc077fd62ab05512dfde4629508,0906305001,0.033881355932203386,1
2020-09-10,22d2fce9f1d0d22409507a230749a10c30465bc077fd62ab05512dfde4629508,0910264001,0.022016949152542376,1
2020-09-10,22d2fce9f1d0d22409507a230749a10c30465bc077fd62ab05512dfde4629508,0903918001,0.011847457627118646,1
2020-09-10,2317635e0544be4edcaddbf185efeb19d078f22a7992eb7448cbb72b6f727df1,0906226001,0.033881355932203386,2
2020-09-10,2317635e0544be4edcaddbf185efeb19d078f22a7992eb7448cbb72b6f727df1,0863583002,0.033881355932203386,2
2020-09-10,2d7042dd90f5a004b09a5a99a1010550b316b5e2fcc11b4db181f208320a2427,0850917001,0.025406779661016947,1
2020-09-10,2d7a855d55286e87fbab82c2353000c2d6eead591a6c5f47a2b756e9d9e47ee0,0865076001,0.005067796610169492,2
2020-09-10,2d7a855d55286e87fbab82c2353000c2d6eead591a6c5f47a2b756e9d9e47ee0,0865076001,0.005067796610169492,2
2020-09-10,2d9a2799c53722b65fd1ac995562742851937cf952cf61cea0fcd989c6e4cc55,0735840004,0.011847457627118646,1
2020-09-10,2eeac4e41dddf1da2b1ae62944287ddf07c3b2868793aa6ace7deb84a6ea0601,0748355018,0.022016949152542376,2
2020-09-10,2eeac4e41dddf1da2b1ae62944287ddf07c3b2868793aa6ace7deb84a6ea0601,0758034001,0.025406779661016947,2
2020-09-10,2eeac4e41dddf1da2b1ae62944287ddf07c3b2868793aa6ace7deb84a6ea0601,0683001019,0.016932203389830508,2
2020-09-10,337f52615c2e67e3e58df0b5ae1623a2b698d67bb472ab43ba0dac3b4c3398c5,0685813037,0.016932203389830508,2
2020-09-10,337f52615c2e67e3e58df0b5ae1623a2b698d67bb472ab43ba0dac3b4c3398c5,0685813042,0.016932203389830508,2
2020-09-10,38b1c9ee5e9a7f9af76d49a5f116520601e21430a32087b27a417b34f328186a,0803969003,0.025406779661016947,2
2020-09-10,38b1c9ee5e9a7f9af76d49a5f116520601e21430a32087b27a417b34f328186a,0739362001,0.03049152542372881,2
2020-09-10,39fea1c920d6c1219fe3ca67c9851c4b3763aab290067b35c2762c151583776e,0904584009,0.025406779661016947,1
2020-09-10,39fea1c920d6c1219fe3ca67c9851c4b3763aab290067b35c2762c151583776e,0898918007,0.016932203389830508,1
2020-09-10,3b279f394383564d6ff08343f50e93e5a92a255534050b7525a5f852e9aa88fe,0902518005,0.016932203389830508,2
2020-09-10,3b279f394383564d6ff08343f50e93e5a92a255534050b7525a5f852e9aa88fe,0806131012,0.033881355932203386,2
2020-09-10,3c3251e852f34ee4bba598c9c8fcc1acd5cb814d9e1318dbf7181ddad75ef3c7,0690449022,0.06777966101694916,2
2020-09-10,3c3251e852f34ee4bba598c9c8fcc1acd5cb814d9e1318dbf7181ddad75ef3c7,0869459003,0.050830508474576264,2
2020-09-10,3cdc284032a02d459be3a2c7615583193f07c0c602a734ff01276edbccef0fd9,0685813042,0.016932203389830508,2
2020-09-10,3cdc284032a02d459be3a2c7615583193f07c0c602a734ff01276edbccef0fd9,0685813001,0.016932203389830508,2
2020-09-10,43205e3aa14f60506c0695a332a92c94238bbbf167d691baacff4287c431bc2b,0928912001,0.008457627118644067,1
2020-09-10,43205e3aa14f60506c0695a332a92c94238bbbf167d691baacff4287c431bc2b,0903773002,0.016932203389830508,1
2020-09-10,43205e3aa14f60506c0695a332a92c94238bbbf167d691baacff4287c431bc2b,0915526001,0.033881355932203386,1
2020-09-10,43205e3aa14f60506c0695a332a92c94238bbbf167d691baacff4287c431bc2b,0817361007,0.018627118644067797,1
2020-09-10,462ec189ba8d7eac4cacb44739f04f527de5a6b7c4753280e01d3e02ba81c194,0542413002,0.013542372881355931,1
2020-09-10,46d42cfb8199a59813067c4e8f2777e67b4eae1171fd6ef70d78d89d40f9c4bf,0805000010,0.050830508474576264,1
2020-09-10,46d42cfb8199a59813067c4e8f2777e67b4eae1171fd6ef70d78d89d40f9c4bf,0809961002,0.033881355932203386,1
2020-09-10,49cddab47c4543d3b465883a31b24b9cca1b5052f1cc361ff918fee99b3be9c7,0878029002,0.008457627118644067,1
2020-09-10,4a7078731ea1b2f71bdf6daa40ed41d4bd11095cc6f643da1ace9faeaccd99e7,0762846027,0.025406779661016947,2
2020-09-10,55d72220ecbbcc17c39c4309dd4c0c471c37bbe65f2dd90b0e1b1ea3a9880c5d,0911870001,0.027101694915254236,2
2020-09-10,57163c157734fe185c1b025f6a782425d0493dc45f0b69ecdd2fbfb8f0c4e1d4,0845746001,0.013542372881355931,1
2020-09-10,57163c157734fe185c1b025f6a782425d0493dc45f0b69ecdd2fbfb8f0c4e1d4,0860336003,0.0033728813559322033,1
2020-09-10,595d10fa2fe28964502d82c26673cb4d2c5e66551171ac6a70fb308eca51a764,0868823011,0.025406779661016947,2
2020-09-10,595d10fa2fe28964502d82c26673cb4d2c5e66551171ac6a70fb308eca51a764,0868823008,0.025406779661016947,2
2020-09-10,595d10fa2fe28964502d82c26673cb4d2c5e66551171ac6a70fb308eca51a764,0918292001,0.042355932203389825,2
2020-09-10,595d10fa2fe28964502d82c26673cb4d2c5e66551171ac6a70fb308eca51a764,0868195004,0.025406779661016947,2
2020-09-10,595d10fa2fe28964502d82c26673cb4d2c5e66551171ac6a70fb308eca51a764,0918292011,0.042355932203389825,2
2020-09-10,5a7e50f10bd4ef9c3a3711794f1bbf3b7171e23bea8d4ae43baafda0b0ee1c31,0883307001,0.033881355932203386,2
2020-09-10,5d100313822856898366b6a9b6a88e426c6f6345f2fa17ab95190b459bbb783f,0929591001,0.04605084745762712,2
2020-09-10,5d100313822856898366b6a9b6a88e426c6f6345f2fa17ab95190b459bbb783f,0905492002,0.053711864406779664,2
2020-09-10,634f0f500da7d2158517b8648dbac67759bfc457a76e3a54a2a832e2733bbf80,0715624001,0.025406779661016947,2
2020-09-10,634f0f500da7d2158517b8648dbac67759bfc457a76e3a54a2a832e2733bbf80,0448509014,0.042355932203389825,2
2020-09-10,634f0f500da7d2158517b8648dbac67759bfc457a76e3a54a2a832e2733bbf80,0867966002,0.033881355932203386,2
2020-09-10,678018a4b21a51500b3867328969125e516b2d36813a0dd1af65d948bff52bf4,0769748013,0.03811864406779661,2
2020-09-10,687a64c1daeeadd50bc4971e79672300aa1c2b395c94532a22e9ce272765a77e,0904584001,0.025406779661016947,2
2020-09-10,687a64c1daeeadd50bc4971e79672300aa1c2b395c94532a22e9ce272765a77e,0925012003,0.025406779661016947,2
2020-09-10,687a64c1daeeadd50bc4971e79672300aa1c2b395c94532a22e9ce272765a77e,0762846027,0.025406779661016947,2
2020-09-10,687a64c1daeeadd50bc4971e79672300aa1c2b395c94532a22e9ce272765a77e,0923569002,0.05930508474576271,2
2020-09-10,687a64c1daeeadd50bc4971e79672300aa1c2b395c94532a22e9ce272765a77e,0923569002,0.05930508474576271,2
2020-09-10,687a64c1daeeadd50bc4971e79672300aa1c2b395c94532a22e9ce272765a77e,0904584002,0.025406779661016947,2
2020-09-10,6c280e3f711c33f842475dd256e37268b7e093b3f16eb76d0bbcd37bf5bfde37,0572998013,0.042355932203389825,2
2020-09-10,6c280e3f711c33f842475dd256e37268b7e093b3f16eb76d0bbcd37bf5bfde37,0776887009,0.025406779661016947,2
2020-09-10,6df2178bf913c0304e378f82b8b74b6cd7f4c0f3fc061169fbba1a1469560c05,0436083002,0.025406779661016947,1
2020-09-10,6df2178bf913c0304e378f82b8b74b6cd7f4c0f3fc061169fbba1a1469560c05,0861685002,0.011847457627118646,1
2020-09-10,736641738086589101190b055c9179c7357262e8d48d9dc87bbf9a5dfd7bae75,0879287002,0.025406779661016947,2
2020-09-10,736641738086589101190b055c9179c7357262e8d48d9dc87bbf9a5dfd7bae75,0730683019,0.042355932203389825,2
2020-09-10,747c9635424368d0700edfda69a948e50e96260610f4a6b3e403927db2ad4edf,0902163004,0.042355932203389825,2
2020-09-10,747c9635424368d0700edfda69a948e50e96260610f4a6b3e403927db2ad4edf,0903926002,0.050830508474576264,2
2020-09-10,747c9635424368d0700edfda69a948e50e96260610f4a6b3e403927db2ad4edf,0797056007,0.025406779661016947,2
2020-09-10,747c9635424368d0700edfda69a948e50e96260610f4a6b3e403927db2ad4edf,0844893001,0.025406779661016947,2
2020-09-10,747c9635424368d0700edfda69a948e50e96260610f4a6b3e403927db2ad4edf,0896758002,0.016932203389830508,2
2020-09-10,747c9635424368d0700edfda69a948e50e96260610f4a6b3e403927db2ad4edf,0896758002,0.016932203389830508,2
2020-09-10,747c9635424368d0700edfda69a948e50e96260610f4a6b3e403927db2ad4edf,0887653003,0.042355932203389825,2
2020-09-10,747c9635424368d0700edfda69a948e50e96260610f4a6b3e403927db2ad4edf,0887653003,0.042355932203389825,2
2020-09-10,7839e09a85cdc41146a6312a6496fd8709a77db58f47cbe3c4d74cd8c43d8085,0896152003,0.033881355932203386,2
2020-09-10,7839e09a85cdc41146a6312a6496fd8709a77db58f47cbe3c4d74cd8c43d8085,0832307007,0.06777966101694916,2
2020-09-10,836f9aa77957cd2cecd66509ff401e3ae4861d082d284a7e5ab0bdfc2937b55d,0790365001,0.033881355932203386,2
2020-09-10,836f9aa77957cd2cecd66509ff401e3ae4861d082d284a7e5ab0bdfc2937b55d,0889616001,0.044474576271186436,2
2020-09-10,836f9aa77957cd2cecd66509ff401e3ae4861d082d284a7e5ab0bdfc2937b55d,0892455003,0.03049152542372881,2
2020-09-10,836f9aa77957cd2cecd66509ff401e3ae4861d082d284a7e5ab0bdfc2937b55d,0898818003,0.022016949152542376,2
2020-09-10,84c64ecc4a2e6aa5b5dcf2ec2c0a93c23b8bdf08c3214f01e6331a8486dc6fdf,0928088001,0.05930508474576271,2
2020-09-10,84c64ecc4a2e6aa5b5dcf2ec2c0a93c23b8bdf08c3214f01e6331a8486dc6fdf,0900169001,0.050830508474576264,2
2020-09-10,8508ec5d4df317d4d6cf8df0a6a96cdfdf176a000a04a795c3520644ecf3c4af,0751998001,0.025406779661016947,1
2020-09-10,8508ec5d4df317d4d6cf8df0a6a96cdfdf176a000a04a795c3520644ecf3c4af,0906305001,0.033881355932203386,1
2020-09-10,8c74d272649d7a4ffcdfa6e0f9f5ec41e09fd9c82fd12634a83d172031b4ea44,0762846008,0.025406779661016947,1
2020-09-10,90381e11dae742013a64d54d7b596c83a9f8d4576a9f7ae2a67e188b88119d63,0860395001,0.008457627118644067,1
2020-09-10,90381e11dae742013a64d54d7b596c83a9f8d4576a9f7ae2a67e188b88119d63,0910264001,0.022016949152542376,1
2020-09-10,90381e11dae742013a64d54d7b596c83a9f8d4576a9f7ae2a67e188b88119d63,0872517001,0.011847457627118646,1
2020-09-10,91068907eecd8193161b46800cb4234642f986f5f91d06aa54b3daa9f0acba86,0816586002,0.025406779661016947,1
2020-09-10,91068907eecd8193161b46800cb4234642f986f5f91d06aa54b3daa9f0acba86,0870999004,0.050830508474576264,1
2020-09-10,91068907eecd8193161b46800cb4234642f986f5f91d06aa54b3daa9f0acba86,0910601001,0.042355932203389825,1
2020-09-10,91068907eecd8193161b46800cb4234642f986f5f91d06aa54b3daa9f0acba86,0871517007,0.025406779661016947,1
2020-09-10,91068907eecd8193161b46800cb4234642f986f5f91d06aa54b3daa9f0acba86,0928331001,0.033881355932203386,1
2020-09-10,91068907eecd8193161b46800cb4234642f986f5f91d06aa54b3daa9f0acba86,0873678003,0.025406779661016947,1
2020-09-10,9244f5b3879d74604c18a94b7773143317297e5177232a2e3ee9062686544235,0751471001,0.033881355932203386,1
2020-09-10,9244f5b3879d74604c18a94b7773143317297e5177232a2e3ee9062686544235,0821417004,0.050830508474576264,1
2020-09-10,9244f5b3879d74604c18a94b7773143317297e5177232a2e3ee9062686544235,0717490064,0.008457627118644067,1
2020-09-10,9244f5b3879d74604c18a94b7773143317297e5177232a2e3ee9062686544235,0861767002,0.022016949152542376,1
2020-09-10,9801f92386c25ea9ce77035614fe7ed0daee26b0adba4f3f4c33bea1fc7743aa,0835563007,0.016932203389830508,2
2020-09-10,9801f92386c25ea9ce77035614fe7ed0daee26b0adba4f3f4c33bea1fc7743aa,0741356009,0.016932203389830508,2
2020-09-10,9801f92386c25ea9ce77035614fe7ed0daee26b0adba4f3f4c33bea1fc7743aa,0835563006,0.01523728813559322,2
2020-09-10,9e48272d1f76a289499be20da35df3a801ba47ce7f386775be847e95e60c42d2,0935618001,0.010152542372881357,2
2020-09-10,9ed4c50b7ab39dbcbb70d64fa5f4a3c5a6d9449641be3d7106c0fa48a7d26db6,0664074007,0.016932203389830508,1
2020-09-10,9ed4c50b7ab39dbcbb70d64fa5f4a3c5a6d9449641be3d7106c0fa48a7d26db6,0664074001,0.016932203389830508,1
2020-09-10,9ed4c50b7ab39dbcbb70d64fa5f4a3c5a6d9449641be3d7106c0fa48a7d26db6,0912100004,0.050830508474576264,1
2020-09-10,9ed4c50b7ab39dbcbb70d64fa5f4a3c5a6d9449641be3d7106c0fa48a7d26db6,0652730004,0.050830508474576264,1
2020-09-10,9ed4c50b7ab39dbcbb70d64fa5f4a3c5a6d9449641be3d7106c0fa48a7d26db6,0785787003,0.050830508474576264,1
2020-09-10,9fdb8e85d6b219b15138c9fb87228b2c78128480f50a77b485fa9b0ba683a848,0608776002,0.013542372881355931,1
2020-09-10,9fdb8e85d6b219b15138c9fb87228b2c78128480f50a77b485fa9b0ba683a848,0915529005,0.033881355932203386,1
2020-09-10,9fdb8e85d6b219b15138c9fb87228b2c78128480f50a77b485fa9b0ba683a848,0873279003,0.042355932203389825,1
2020-09-10,9fdb8e85d6b219b15138c9fb87228b2c78128480f50a77b485fa9b0ba683a848,0893133001,0.042355932203389825,1
2020-09-10,9fdb8e85d6b219b15138c9fb87228b2c78128480f50a77b485fa9b0ba683a848,0906226002,0.033881355932203386,1
2020-09-10,a237a16feb7da6ae9a0586521cbcc006a320d029186bf02a0b334af9ffe11307,0783346030,0.022864406779661017,1
2020-09-10,a237a16feb7da6ae9a0586521cbcc006a320d029186bf02a0b334af9ffe11307,0863646004,0.03049152542372881,1
2020-09-10,a354913776f4dc9bde65c482afa2f06aab37b015e4ff3e0a1b0ab08bf5204bb2,0858565001,0.048983050847457625,1
2020-09-10,a354913776f4dc9bde65c482afa2f06aab37b015e4ff3e0a1b0ab08bf5204bb2,0919273002,0.04081355932203389,1
2020-09-10,a354913776f4dc9bde65c482afa2f06aab37b015e4ff3e0a1b0ab08bf5204bb2,0873279003,0.04081355932203389,1
2020-09-10,a354913776f4dc9bde65c482afa2f06aab37b015e4ff3e0a1b0ab08bf5204bb2,0912100001,0.048983050847457625,1
2020-09-10,a74630dbbe4bcee9fd946f51947bba143d2f8c4ce0128ce8b7b8be1492523e29,0720125041,0.033881355932203386,1
2020-09-10,a74630dbbe4bcee9fd946f51947bba143d2f8c4ce0128ce8b7b8be1492523e29,0862453001,0.03049152542372881,1
2020-09-10,a74630dbbe4bcee9fd946f51947bba143d2f8c4ce0128ce8b7b8be1492523e29,0730683052,0.042355932203389825,1
2020-09-10,a85510b8c200aa5d490ce8e2ac03620699b3bdfd52c0763c6a91145917cba3ed,0683001025,0.016932203389830508,1
2020-09-10,a85510b8c200aa5d490ce8e2ac03620699b3bdfd52c0763c6a91145917cba3ed,0892624003,0.03049152542372881,1
2020-09-10,a85510b8c200aa5d490ce8e2ac03620699b3bdfd52c0763c6a91145917cba3ed,0874754004,0.033881355932203386,1
2020-09-10,a85510b8c200aa5d490ce8e2ac03620699b3bdfd52c0763c6a91145917cba3ed,0873678007,0.025406779661016947,1
2020-09-10,a85510b8c200aa5d490ce8e2ac03620699b3bdfd52c0763c6a91145917cba3ed,0828934001,0.016932203389830508,1
2020-09-10,a99f670c3d242fbe490a95ba18ad4877c4ee200fa473cc42ad3dcd34358cacdc,0809961002,0.033881355932203386,1
2020-09-10,aa68aba6f1960421054b37049a2fa88caa424721c0b71872c2f5b4abe4339862,0748595003,0.06777966101694916,2
2020-09-10,aa68aba6f1960421054b37049a2fa88caa424721c0b71872c2f5b4abe4339862,0858460002,0.033881355932203386,2
2020-09-10,aa68aba6f1960421054b37049a2fa88caa424721c0b71872c2f5b4abe4339862,0889456001,0.025406779661016947,2
2020-09-10,b2dfc84cfde042d2d109b9e5bdfbbbe80fec63dca4b96914a633c2804a78b25c,0677999012,0.01523728813559322,2
2020-09-10,b3fbb42b821a3161ecd6bf0869a286f1a9cad19763efa8b7d478d54dadbe284e,0909371001,0.033881355932203386,1
2020-09-10,b55c7409405eb10caf672a7c4ebdc162fa9e46db4a50f53135911b57ce8bd7bc,0896152002,0.033881355932203386,1
2020-09-10,b55c7409405eb10caf672a7c4ebdc162fa9e46db4a50f53135911b57ce8bd7bc,0865929003,0.016932203389830508,1
2020-09-10,b77f1351534bab123b0e9990ae747fea52e16a267ed71a73a31e4687affbf5b1,0898692003,0.06777966101694916,1
2020-09-10,bad8767c49a0b6322b7ea35caec48116a5108c78e316041fddd657d6fdb66b24,0896851001,0.033881355932203386,2
2020-09-10,bfccf955b9eba5306d06deec6d854b77e6673d2ce422c8f6fd0f3f3c97834b2f,0673396002,0.013542372881355931,2
2020-09-10,bfccf955b9eba5306d06deec6d854b77e6673d2ce422c8f6fd0f3f3c97834b2f,0907415001,0.025406779661016947,2
2020-09-10,c0265c2af74edce4a2ee91de1abe0efd44aaf2cf9fad7ea24092ea2b0e2619a0,0685816001,0.007610169491525424,1
2020-09-10,c0265c2af74edce4a2ee91de1abe0efd44aaf2cf9fad7ea24092ea2b0e2619a0,0795243003,0.02288135593220339,1
2020-09-10,c0265c2af74edce4a2ee91de1abe0efd44aaf2cf9fad7ea24092ea2b0e2619a0,0755574004,0.03049152542372881,1
2020-09-10,c0265c2af74edce4a2ee91de1abe0efd44aaf2cf9fad7ea24092ea2b0e2619a0,0564313028,0.022864406779661017,1
2020-09-10,c0265c2af74edce4a2ee91de1abe0efd44aaf2cf9fad7ea24092ea2b0e2619a0,0755574003,0.03049152542372881,1
2020-09-10,c0265c2af74edce4a2ee91de1abe0efd44aaf2cf9fad7ea24092ea2b0e2619a0,0686564013,0.03049152542372881,1
2020-09-10,c40688e37185174012d32e3fda415be2cd2dbb9a1c13b36362317a64e5d167df,0685813001,0.016932203389830508,2
2020-09-10,c40688e37185174012d32e3fda415be2cd2dbb9a1c13b36362317a64e5d167df,0903516002,0.033881355932203386,2
2020-09-10,c6afc62d3056806e0782c67ee7cf74e03c19646ee495a8d8f1c8e0bf63b37dc2,0933706001,0.016932203389830508,2
2020-09-10,c739f3e84abc7a3cdf3d1422d9fb09145dec63293899cd41169ff2a98f06f081,0915529001,0.033881355932203386,1
2020-09-10,c739f3e84abc7a3cdf3d1422d9fb09145dec63293899cd41169ff2a98f06f081,0799044001,0.03049152542372881,2
2020-09-10,ca3dbc86aacd56b3d3fe9375036245bf5c965f364abedd5e7ec9d5e23ec3c7e7,0866636001,0.042355932203389825,2
2020-09-10,ca3dbc86aacd56b3d3fe9375036245bf5c965f364abedd5e7ec9d5e23ec3c7e7,0898573003,0.033881355932203386,2
2020-09-10,ca3dbc86aacd56b3d3fe9375036245bf5c965f364abedd5e7ec9d5e23ec3c7e7,0928907001,0.050830508474576264,2
2020-09-10,ce61615e0ccf1a6c1f437d23675d21eaa7dd9ce5239455d0125b53d15e0f0e1d,0800691008,0.011847457627118646,1
2020-09-10,ce61615e0ccf1a6c1f437d23675d21eaa7dd9ce5239455d0125b53d15e0f0e1d,0884319001,0.025406779661016947,1
2020-09-10,ce61615e0ccf1a6c1f437d23675d21eaa7dd9ce5239455d0125b53d15e0f0e1d,0865926002,0.016932203389830508,1
2020-09-10,ce61615e0ccf1a6c1f437d23675d21eaa7dd9ce5239455d0125b53d15e0f0e1d,0832458001,0.016932203389830508,1
2020-09-10,d376ae31e41538db9a88ef9dd3dbe691651ce60db8717d882fdd89b7f89da414,0758034001,0.025406779661016947,2
2020-09-10,d376ae31e41538db9a88ef9dd3dbe691651ce60db8717d882fdd89b7f89da414,0758034001,0.025406779661016947,2
2020-09-10,d376ae31e41538db9a88ef9dd3dbe691651ce60db8717d882fdd89b7f89da414,0866455001,0.016932203389830508,2
2020-09-10,d376ae31e41538db9a88ef9dd3dbe691651ce60db8717d882fdd89b7f89da414,0866455001,0.016932203389830508,2
2020-09-10,d376ae31e41538db9a88ef9dd3dbe691651ce60db8717d882fdd89b7f89da414,0614854005,0.016932203389830508,2
2020-09-10,d376ae31e41538db9a88ef9dd3dbe691651ce60db8717d882fdd89b7f89da414,0614854005,0.016932203389830508,2
2020-09-10,d376ae31e41538db9a88ef9dd3dbe691651ce60db8717d882fdd89b7f89da414,0757971006,0.022016949152542376,2
2020-09-10,d376ae31e41538db9a88ef9dd3dbe691651ce60db8717d882fdd89b7f89da414,0757971006,0.022016949152542376,2
2020-09-10,d376ae31e41538db9a88ef9dd3dbe691651ce60db8717d882fdd89b7f89da414,0757971006,0.022016949152542376,2
2020-09-10,d376ae31e41538db9a88ef9dd3dbe691651ce60db8717d882fdd89b7f89da414,0757971006,0.022016949152542376,2
2020-09-10,d376ae31e41538db9a88ef9dd3dbe691651ce60db8717d882fdd89b7f89da414,0737221010,0.016932203389830508,2
2020-09-10,d376ae31e41538db9a88ef9dd3dbe691651ce60db8717d882fdd89b7f89da414,0737221010,0.016932203389830508,2
2020-09-10,d376ae31e41538db9a88ef9dd3dbe691651ce60db8717d882fdd89b7f89da414,0736923010,0.016932203389830508,2
2020-09-10,d376ae31e41538db9a88ef9dd3dbe691651ce60db8717d882fdd89b7f89da414,0891763003,0.025406779661016947,2
2020-09-10,d376ae31e41538db9a88ef9dd3dbe691651ce60db8717d882fdd89b7f89da414,0882810002,0.016932203389830508,2
2020-09-10,d376ae31e41538db9a88ef9dd3dbe691651ce60db8717d882fdd89b7f89da414,0882810002,0.016932203389830508,2
2020-09-10,d3a7379af75afb2f7a34ffdf91d46df21452b1ecd436a04cfc5683829b4630b1,0870449002,0.050830508474576264,2
2020-09-10,d3a7379af75afb2f7a34ffdf91d46df21452b1ecd436a04cfc5683829b4630b1,0903428001,0.025406779661016947,2
2020-09-10,d7a718eb413ce9bc34669bcd17df56b67fce90c612e5654631c9f6f464dc14ad,0808624002,0.010152542372881357,2
2020-09-10,d95dc603c731dc875ffc2d1f8d0320de78deee70af4293353ca9ca201c950015,0895555002,0.042355932203389825,2
2020-09-10,d95dc603c731dc875ffc2d1f8d0320de78deee70af4293353ca9ca201c950015,0903049003,0.06777966101694916,2
2020-09-10,d95dc603c731dc875ffc2d1f8d0320de78deee70af4293353ca9ca201c950015,0751471037,0.033881355932203386,2
2020-09-10,d9d17f0242f6ea68af9af9a6228acbdd7c37712daeb30a9f9d55f016c762d62c,0797710006,0.033881355932203386,2
2020-09-10,d9d17f0242f6ea68af9af9a6228acbdd7c37712daeb30a9f9d55f016c762d62c,0797710001,0.033881355932203386,2
2020-09-10,d9ea62772cb61d7140dd7c43869edd531bd8cf923676fd29051edc3969bf7f32,0866731001,0.025406779661016947,1
2020-09-10,da57fc4137faf2e87b6468ef215e5eafd66587dd02a261fd640b2988053d78c2,0865076003,0.008457627118644067,2
2020-09-10,da57fc4137faf2e87b6468ef215e5eafd66587dd02a261fd640b2988053d78c2,0767862001,0.016932203389830508,2
2020-09-10,da57fc4137faf2e87b6468ef215e5eafd66587dd02a261fd640b2988053d78c2,0811525001,0.033881355932203386,2
2020-09-10,e1f91c90d68331bb1ca623c608a369268614c063762b919ab68466106a747a49,0897738001,0.042355932203389825,2
2020-09-10,e1f91c90d68331bb1ca623c608a369268614c063762b919ab68466106a747a49,0908799002,0.033881355932203386,2
2020-09-10,e1f91c90d68331bb1ca623c608a369268614c063762b919ab68466106a747a49,0448509014,0.042355932203389825,2
2020-09-10,e1f91c90d68331bb1ca623c608a369268614c063762b919ab68466106a747a49,0842000001,0.033881355932203386,2
2020-09-10,e21a82d8ab0b793079cd73e9e216ba914e4f8831ecf8810c8fb951148aac6ab7,0887911001,0.042355932203389825,2
2020-09-10,e2b284371bf0c5eaad2bb8f36636c90cb05cd323dce03e6ed9486306a66e21df,0769748013,0.050830508474576264,2
2020-09-10,e2b284371bf0c5eaad2bb8f36636c90cb05cd323dce03e6ed9486306a66e21df,0886737003,0.033881355932203386,2
2020-09-10,e2b284371bf0c5eaad2bb8f36636c90cb05cd323dce03e6ed9486306a66e21df,0807362003,0.08472881355932205,2
2020-09-10,e2b284371bf0c5eaad2bb8f36636c90cb05cd323dce03e6ed9486306a66e21df,0807362003,0.08472881355932205,2
2020-09-10,e2b284371bf0c5eaad2bb8f36636c90cb05cd323dce03e6ed9486306a66e21df,0804992017,0.025406779661016947,2
2020-09-10,e2bc177096cfb8473b1aad3f5c90297bd86811459f80d117015b80390721dc9f,0761406005,0.025406779661016947,2
2020-09-10,e2bc177096cfb8473b1aad3f5c90297bd86811459f80d117015b80390721dc9f,0761406001,0.016932203389830508,2
2020-09-10,e34fea87ba684e9a0fd57d585a388400093f3b49ba3592519c0ea43389c07e6d,0685814005,0.033881355932203386,1
2020-09-10,e34fea87ba684e9a0fd57d585a388400093f3b49ba3592519c0ea43389c07e6d,0914441004,0.033881355932203386,1
2020-09-10,e515ec9d9b810de2d7f0b13a7b6df7d106a4e0d4ea140870c67b38579ddc9290,0785018002,0.016932203389830508,2
2020-09-10,e515ec9d9b810de2d7f0b13a7b6df7d106a4e0d4ea140870c67b38579ddc9290,0872901001,0.025406779661016947,2
2020-09-10,e962edb356994a81d4e25e1059aaa41f1bd6a576bae74b92f39d0fe68fbfd290,0372860002,0.012186440677966101,1
2020-09-10,e962edb356994a81d4e25e1059aaa41f1bd6a576bae74b92f39d0fe68fbfd290,0621381001,0.030508474576271188,1
2020-09-10,e962edb356994a81d4e25e1059aaa41f1bd6a576bae74b92f39d0fe68fbfd290,0849517001,0.07625423728813559,1
2020-09-10,e962edb356994a81d4e25e1059aaa41f1bd6a576bae74b92f39d0fe68fbfd290,0882899003,0.061000000000000006,1
2020-09-10,e962edb356994a81d4e25e1059aaa41f1bd6a576bae74b92f39d0fe68fbfd290,0807241067,0.0045593220338983045,1
2020-09-10,e962edb356994a81d4e25e1059aaa41f1bd6a576bae74b92f39d0fe68fbfd290,0687704009,0.061000000000000006,1
2020-09-10,eae678728ecb5061fa74a98b41cd93ba418fbad0b597bee80cb669021857d882,0903308003,0.036,1
2020-09-10,eb005544aaded47803ae036a194a5a3c89317c31dfafcd350f78592ba6979922,0871517008,0.025406779661016947,2
2020-09-10,eb005544aaded47803ae036a194a5a3c89317c31dfafcd350f78592ba6979922,0871517008,0.025406779661016947,2
2020-09-10,eb005544aaded47803ae036a194a5a3c89317c31dfafcd350f78592ba6979922,0752814022,0.033881355932203386,2
2020-09-10,eb005544aaded47803ae036a194a5a3c89317c31dfafcd350f78592ba6979922,0868874006,0.033881355932203386,2
2020-09-10,eb6adcc3f491dbc61d1d4890f144fc836a4c93e067617add6c4e5893184dcc4e,0473954015,0.01523728813559322,1
2020-09-10,eb6adcc3f491dbc61d1d4890f144fc836a4c93e067617add6c4e5893184dcc4e,0894293002,0.01523728813559322,1
2020-09-10,eb6adcc3f491dbc61d1d4890f144fc836a4c93e067617add6c4e5893184dcc4e,0875073005,0.019813559322033897,1
2020-09-10,eb6adcc3f491dbc61d1d4890f144fc836a4c93e067617add6c4e5893184dcc4e,0927491002,0.022864406779661017,1
2020-09-10,eb6adcc3f491dbc61d1d4890f144fc836a4c93e067617add6c4e5893184dcc4e,0875072003,0.022864406779661017,1
2020-09-10,ed7592f7d1d4ab3f0d93c2bf11bb5433abae55f072173cd9de65659cabe03d98,0866731001,0.025406779661016947,1
2020-09-10,f534811f1862afb77066ecfb16cab99e9aa87735c0a5d4321963f54796364136,0887949006,0.0335593220338983,2
2020-09-10,f534811f1862afb77066ecfb16cab99e9aa87735c0a5d4321963f54796364136,0901679002,0.05930508474576271,2
2020-09-10,f534811f1862afb77066ecfb16cab99e9aa87735c0a5d4321963f54796364136,0909014001,0.11750847457627117,2
2020-09-10,f534811f1862afb77066ecfb16cab99e9aa87735c0a5d4321963f54796364136,0866442002,0.10071186440677966,2
2020-09-10,f534811f1862afb77066ecfb16cab99e9aa87735c0a5d4321963f54796364136,0897756003,0.025169491525423724,2
2020-09-10,f534811f1862afb77066ecfb16cab99e9aa87735c0a5d4321963f54796364136,0834694001,0.022016949152542376,2
2020-09-10,f534811f1862afb77066ecfb16cab99e9aa87735c0a5d4321963f54796364136,0859135001,0.050830508474576264,2
2020-09-10,f534811f1862afb77066ecfb16cab99e9aa87735c0a5d4321963f54796364136,0921266001,0.01677966101694915,2
2020-09-10,f534811f1862afb77066ecfb16cab99e9aa87735c0a5d4321963f54796364136,0898694001,0.05035593220338983,2
2020-09-10,f534811f1862afb77066ecfb16cab99e9aa87735c0a5d4321963f54796364136,0884319003,0.025135593220338984,2
2020-09-10,f534811f1862afb77066ecfb16cab99e9aa87735c0a5d4321963f54796364136,0735600006,0.06777966101694916,2
2020-09-10,f534811f1862afb77066ecfb16cab99e9aa87735c0a5d4321963f54796364136,0898694002,0.05035593220338983,2
2020-09-10,f534811f1862afb77066ecfb16cab99e9aa87735c0a5d4321963f54796364136,0887949002,0.0335593220338983,2
2020-09-10,f534811f1862afb77066ecfb16cab99e9aa87735c0a5d4321963f54796364136,0708845002,0.06713559322033898,2
2020-09-10,f534811f1862afb77066ecfb16cab99e9aa87735c0a5d4321963f54796364136,0921266007,0.01677966101694915,2
2020-09-10,f534811f1862afb77066ecfb16cab99e9aa87735c0a5d4321963f54796364136,0863595005,0.0335593220338983,2
2020-09-10,f534811f1862afb77066ecfb16cab99e9aa87735c0a5d4321963f54796364136,0863595005,0.0335593220338983,2
2020-09-10,f534811f1862afb77066ecfb16cab99e9aa87735c0a5d4321963f54796364136,0794362001,0.016932203389830508,2
2020-09-10,f534811f1862afb77066ecfb16cab99e9aa87735c0a5d4321963f54796364136,0863595004,0.0335593220338983,2
2020-09-10,f534811f1862afb77066ecfb16cab99e9aa87735c0a5d4321963f54796364136,0863595004,0.0335593220338983,2
2020-09-10,f534811f1862afb77066ecfb16cab99e9aa87735c0a5d4321963f54796364136,0900384002,0.021813559322033896,2
2020-09-10,f534811f1862afb77066ecfb16cab99e9aa87735c0a5d4321963f54796364136,0923534006,0.01677966101694915,2
2020-09-10,fbceb7e6d1bb2c77c21ce7a05dcbf14dfa5167cb24168a8c95e1156ee52d36de,0579541001,0.016932203389830508,2
2020-09-10,fbceb7e6d1bb2c77c21ce7a05dcbf14dfa5167cb24168a8c95e1156ee52d36de,0751471001,0.033881355932203386,2
2020-09-10,fbceb7e6d1bb2c77c21ce7a05dcbf14dfa5167cb24168a8c95e1156ee52d36de,0751471001,0.033881355932203386,2
2020-09-10,fc00d6f7aae56f9b040cc413a519f79d95dbf2d243f6db05d3c11f6db9cfa582,0554450027,0.033881355932203386,1
2020-09-10,fc00d6f7aae56f9b040cc413a519f79d95dbf2d243f6db05d3c11f6db9cfa582,0749699001,0.025406779661016947,1
2020-09-10,fd46f11fd20732561c248e6cdf690266cf7d63bd8892fbd1407a5ff0cd1ea531,0922119001,0.06777966101694916,2
2020-09-10,fd46f11fd20732561c248e6cdf690266cf7d63bd8892fbd1407a5ff0cd1ea531,0851993001,0.10167796610169492,2
2020-09-10,fd46f11fd20732561c248e6cdf690266cf7d63bd8892fbd1407a5ff0cd1ea531,0898568001,0.042355932203389825,2
2020-09-10,fd46f11fd20732561c248e6cdf690266cf7d63bd8892fbd1407a5ff0cd1ea531,0896174002,0.06777966101694916,2
2020-09-10,fe452b72e97790e68dcf79f49521782d486c345981f773a16160db6fa2b28567,0487800051,0.004050847457627119,1
2020-09-11,075083cf54e37abbfb4fc5be69b8556acc14008318f0537a26b0dca44439e238,0714790024,0.050830508474576264,1
2020-09-11,0824ab25d3b054266a51dca288d04a923a7469426fe45e4f154fc5d5482a9c4b,0573085055,0.027101694915254236,1
2020-09-11,0a034c1d07778b5a7caa2a1dc884ef4eda38621b8dad835353914568b7f46e14,0918892001,0.033881355932203386,2
2020-09-11,0a034c1d07778b5a7caa2a1dc884ef4eda38621b8dad835353914568b7f46e14,0896161001,0.05930508474576271,2
2020-09-11,0a034c1d07778b5a7caa2a1dc884ef4eda38621b8dad835353914568b7f46e14,0913113002,0.050830508474576264,2
2020-09-11,0d8e311ea85282806c8601fb29c3abf57bcce3e23f7a1f76effe495bd884bf4a,0898692003,0.06777966101694916,1
2020-09-11,11549f02e32e419b905c3289df226c26274631ad1a2079cb435df4a12059cb43,0751471021,0.033881355932203386,1
2020-09-11,11549f02e32e419b905c3289df226c26274631ad1a2079cb435df4a12059cb43,0751471043,0.033881355932203386,1
2020-09-11,16df419ba3c943905c35ca3d332fd765f210e41af6e380442801e95ed27ecc43,0751664001,0.025406779661016947,2
2020-09-11,16df419ba3c943905c35ca3d332fd765f210e41af6e380442801e95ed27ecc43,0796210001,0.025406779661016947,2
2020-09-11,170c99281ee6495545a629b5b4880c9aa090a10765aae9c00c28550d617f051c,0880867001,0.050830508474576264,2
2020-09-11,170c99281ee6495545a629b5b4880c9aa090a10765aae9c00c28550d617f051c,0860822001,0.025406779661016947,2
2020-09-11,170c99281ee6495545a629b5b4880c9aa090a10765aae9c00c28550d617f051c,0935689001,0.050830508474576264,2
2020-09-11,170c99281ee6495545a629b5b4880c9aa090a10765aae9c00c28550d617f051c,0922381002,0.042355932203389825,2
2020-09-11,170c99281ee6495545a629b5b4880c9aa090a10765aae9c00c28550d617f051c,0827968021,0.016932203389830508,2
2020-09-11,170c99281ee6495545a629b5b4880c9aa090a10765aae9c00c28550d617f051c,0928332001,0.06777966101694916,2
2020-09-11,170c99281ee6495545a629b5b4880c9aa090a10765aae9c00c28550d617f051c,0865799006,0.033881355932203386,2
2020-09-11,1883a9c266b3f64fb263210b80b686a1bb212817795a1b66be0e85326582f12c,0852678003,0.016932203389830508,2
2020-09-11,1883a9c266b3f64fb263210b80b686a1bb212817795a1b66be0e85326582f12c,0814620006,0.08472881355932205,2
2020-09-11,1914b23f69ff7479fe7b0b335c05ec1cc4d17dac5272b6ef83a0d1fe85d7a3eb,0884465002,0.11862711864406779,2
2020-09-11,19f7199572a29f603f225cf82183b71282e6bb28e874916619188a7e9c3b38be,0921906001,0.027101694915254236,1
2020-09-11,1a50a7643e497983b2c2ee269a197a6057136256353414ed3bda32e8914120a8,0739590033,0.010152542372881357,1
2020-09-11,1a50a7643e497983b2c2ee269a197a6057136256353414ed3bda32e8914120a8,0807747001,0.008457627118644067,1
2020-09-11,1a50a7643e497983b2c2ee269a197a6057136256353414ed3bda32e8914120a8,0824263002,0.0009999999999999998,1
2020-09-11,2062bbfb8a8c443edf4b34a4154aff62f9487629f9ba8b2fa256212aa70e3367,0863646004,0.033881355932203386,1
2020-09-11,23aae347b55077295ba9d20412f37906dea5da401b360777fea32559e3041f83,0865444002,0.03049152542372881,2
2020-09-11,23aae347b55077295ba9d20412f37906dea5da401b360777fea32559e3041f83,0803593009,0.05930508474576271,2
2020-09-11,23aae347b55077295ba9d20412f37906dea5da401b360777fea32559e3041f83,0811380001,0.06777966101694916,2
2020-09-11,23aae347b55077295ba9d20412f37906dea5da401b360777fea32559e3041f83,0562245046,0.033881355932203386,2
2020-09-11,241dbfc6214b3b258d99de55bd209ebf5da96719e652c2325d140c5d6ae01aae,0781613015,0.050830508474576264,2
2020-09-11,241dbfc6214b3b258d99de55bd209ebf5da96719e652c2325d140c5d6ae01aae,0817354001,0.035576271186440675,2
2020-09-11,241dbfc6214b3b258d99de55bd209ebf5da96719e652c2325d140c5d6ae01aae,0873158012,0.016932203389830508,2
2020-09-11,24649e2360ebf67e7134aaa79672861c47e9a3a5fea1c01f661a9f25d7c03e9d,0554598001,0.014389830508474576,1
2020-09-11,24649e2360ebf67e7134aaa79672861c47e9a3a5fea1c01f661a9f25d7c03e9d,0554598001,0.014389830508474576,1
2020-09-11,26d8ae581cada93e0d3a6279e01a7c2c4056397a28927de47a875a0ea2ecaf1e,0685813043,0.01523728813559322,2
2020-09-11,26d8ae581cada93e0d3a6279e01a7c2c4056397a28927de47a875a0ea2ecaf1e,0685813023,0.009135593220338982,2
2020-09-11,27f0773ec86c7f3faec6c6f6a8cd358c84210f4522fc3b623f66c8eb48923f91,0883730002,0.01523728813559322,2
2020-09-11,29b0dce3a8b673cfc558861d539a792c29beedad9f2f8630811450e5c66bd924,0917294002,0.025406779661016947,2
2020-09-11,29b0dce3a8b673cfc558861d539a792c29beedad9f2f8630811450e5c66bd924,0924243002,0.042355932203389825,2
2020-09-11,29b0dce3a8b673cfc558861d539a792c29beedad9f2f8630811450e5c66bd924,0917294003,0.025406779661016947,2
2020-09-11,2b8abb9aac5c57957c63d4ee4fbfdaeb8612073e30551db17e72ec84f9928d78,0860833018,0.025406779661016947,2
2020-09-11,2b8abb9aac5c57957c63d4ee4fbfdaeb8612073e30551db17e72ec84f9928d78,0768912005,0.016932203389830508,2
2020-09-11,2bc8e668641d7e542ed748da72a245f8a97469f8d56e1a2e91a85f4f67f627e2,0850244003,0.0033728813559322033,1
2020-09-11,2bc8e668641d7e542ed748da72a245f8a97469f8d56e1a2e91a85f4f67f627e2,0608945008,0.016932203389830508,1
2020-09-11,2d34604b85203590e7631cb60d75944f16cc8b0f78bc236acd9039672e7344bd,0495685003,0.06777966101694916,1
2020-09-11,2d34604b85203590e7631cb60d75944f16cc8b0f78bc236acd9039672e7344bd,0715828037,0.033881355932203386,1
2020-09-11,2d34604b85203590e7631cb60d75944f16cc8b0f78bc236acd9039672e7344bd,0715828013,0.033881355932203386,1
2020-09-11,36ffddd022ce2f6a14f6f04210f3a9eb3ac1fe97ba35c524bcddab9c36d46220,0766346008,0.025406779661016947,2
2020-09-11,36ffddd022ce2f6a14f6f04210f3a9eb3ac1fe97ba35c524bcddab9c36d46220,0906633001,0.050830508474576264,2
2020-09-11,37cf7a4fe536ab640c02952651ab0c25f4389bb155a01a7e2144da3df6d8e218,0820613004,0.025406779661016947,1
2020-09-11,37cf7a4fe536ab640c02952651ab0c25f4389bb155a01a7e2144da3df6d8e218,0770315020,0.016932203389830508,1
2020-09-11,3b6999315f44bd6caa310fba4d3a7803e863b05b21bffa580692d319bae7eb29,0909924001,0.033881355932203386,2
2020-09-11,408268183c327b7f203dca723b05db8897b89d08bdaddc2cfb31134a77dd6944,0902982001,0.05040677966101694,1
2020-09-11,41a45190e672662229c75216c6642ca168116149cc866ac740192ef54124c41a,0684021070,0.010661016949152542,1
2020-09-11,41a45190e672662229c75216c6642ca168116149cc866ac740192ef54124c41a,0911214003,0.01523728813559322,1
2020-09-11,45868cfe66cf348a359895145095a275095c53ac02b7ba8d606bfd8cd87c0050,0885951001,0.03049152542372881,1
2020-09-11,45868cfe66cf348a359895145095a275095c53ac02b7ba8d606bfd8cd87c0050,0160442007,0.013542372881355931,1
2020-09-11,46e3dd40f2539fbc660531fae4cee012191a1d0439de29f0ecdcd876e013552a,0803468002,0.025406779661016947,2
2020-09-11,46e3dd40f2539fbc660531fae4cee012191a1d0439de29f0ecdcd876e013552a,0803468002,0.025406779661016947,2
2020-09-11,49ce25b69842c8a6bdd8dc7a94b668e2f785ed86daaa15b1527c87daf3fa7428,0802871001,0.050830508474576264,2
2020-09-11,49ce25b69842c8a6bdd8dc7a94b668e2f785ed86daaa15b1527c87daf3fa7428,0874816003,0.033881355932203386,2
2020-09-11,4e10f5a2e7dcbc2dc01344255dea20476eb72970334c1d4f56dbe5581f7ceb34,0766346011,0.025406779661016947,1
2020-09-11,4e10f5a2e7dcbc2dc01344255dea20476eb72970334c1d4f56dbe5581f7ceb34,0736923009,0.016932203389830508,1
2020-09-11,4e10f5a2e7dcbc2dc01344255dea20476eb72970334c1d4f56dbe5581f7ceb34,0804916006,0.022016949152542376,1
2020-09-11,4e10f5a2e7dcbc2dc01344255dea20476eb72970334c1d4f56dbe5581f7ceb34,0896152001,0.033881355932203386,1
2020-09-11,5010ac2218023e2dfdb43e9abe37349895213ad53cee486e025083b5834027ee,0933706001,0.016932203389830508,2
2020-09-11,5010ac2218023e2dfdb43e9abe37349895213ad53cee486e025083b5834027ee,0933706001,0.016932203389830508,2
2020-09-11,5234897a5fa7f2c41c98f5f2f1ff6f20ff985c23749975d5f16757648fe78ec3,0685816001,0.008457627118644067,2
2020-09-11,5234897a5fa7f2c41c98f5f2f1ff6f20ff985c23749975d5f16757648fe78ec3,0685816001,0.008457627118644067,2
2020-09-11,52ffe44588376e951ea73940c6b33d4ac33c051e74e40f3efa20afb74af5269b,0878800001,0.05930508474576271,2
2020-09-11,52ffe44588376e951ea73940c6b33d4ac33c051e74e40f3efa20afb74af5269b,0918522001,0.042355932203389825,2
2020-09-11,53cef962dfed11ca46e3899f01364c09b4c35eafb77ce6692376f43f3497e0e0,0874754002,0.031423728813559315,2
2020-09-11,53cef962dfed11ca46e3899f01364c09b4c35eafb77ce6692376f43f3497e0e0,0896161001,0.054983050847457624,2
2020-09-11,55d72220ecbbcc17c39c4309dd4c0c471c37bbe65f2dd90b0e1b1ea3a9880c5d,0803969007,0.025406779661016947,2
2020-09-11,55dcbdd717a5b0e9be21b2254dad81c0826c08e170112182fce55738d8c5de99,0929275001,0.05930508474576271,2
2020-09-11,55dcbdd717a5b0e9be21b2254dad81c0826c08e170112182fce55738d8c5de99,0929275001,0.05930508474576271,2
2020-09-11,55dcbdd717a5b0e9be21b2254dad81c0826c08e170112182fce55738d8c5de99,0871710012,0.033881355932203386,2
2020-09-11,55dcbdd717a5b0e9be21b2254dad81c0826c08e170112182fce55738d8c5de99,0928210002,0.06777966101694916,2
2020-09-11,55dcbdd717a5b0e9be21b2254dad81c0826c08e170112182fce55738d8c5de99,0928210002,0.06777966101694916,2
2020-09-11,55f7a75d96ed54cf16817b989ec6d178b3776b169305ccdcb5ae7257d2bd2092,0901330001,0.039644067796610165,2
2020-09-11,55f7a75d96ed54cf16817b989ec6d178b3776b169305ccdcb5ae7257d2bd2092,0894762002,0.16354237288135592,2
2020-09-11,55f7a75d96ed54cf16817b989ec6d178b3776b169305ccdcb5ae7257d2bd2092,0910446001,0.05779661016949153,2
2020-09-11,5a34c3c6447393470b43d65aae910e1ef86fd23ccc8be6bb3423d48a561eaf4e,0794971002,0.08472881355932205,2
2020-09-11,5a34c3c6447393470b43d65aae910e1ef86fd23ccc8be6bb3423d48a561eaf4e,0794971002,0.08472881355932205,2
2020-09-11,5a539950d6c15a4e859e5b744d499376712f33d684ae9df89e07ea7b6dab5dd3,0865799005,0.033881355932203386,2
2020-09-11,5a539950d6c15a4e859e5b744d499376712f33d684ae9df89e07ea7b6dab5dd3,0572998013,0.042355932203389825,2
2020-09-11,5a539950d6c15a4e859e5b744d499376712f33d684ae9df89e07ea7b6dab5dd3,0922381001,0.042355932203389825,2
2020-09-11,5a539950d6c15a4e859e5b744d499376712f33d684ae9df89e07ea7b6dab5dd3,0903420001,0.033881355932203386,2
2020-09-11,5a822feeddac0c5daf96d5fb9d87134ed95ff31a464a3d9e138f0d6dcf51e398,0934053001,0.042355932203389825,1
2020-09-11,5a822feeddac0c5daf96d5fb9d87134ed95ff31a464a3d9e138f0d6dcf51e398,0842605014,0.025406779661016947,1
2020-09-11,5a822feeddac0c5daf96d5fb9d87134ed95ff31a464a3d9e138f0d6dcf51e398,0783346020,0.025406779661016947,1
2020-09-11,5cc670d8508a3af80b4783af00efe064ae010fe5789bebb26ae45f3b60757571,0556539003,0.005067796610169492,1
2020-09-11,5de866dc3b689d312f0163c3b33a1d1698d2efc451a9956cb717440cff67873c,0803757001,0.016932203389830508,1
2020-09-11,6707a3cb80e09d9af2c6fff248f91dc1687b27579c034ac8249ff077153375a5,0811291018,0.025406779661016947,2
2020-09-11,6707a3cb80e09d9af2c6fff248f91dc1687b27579c034ac8249ff077153375a5,0826164016,0.016932203389830508,2
2020-09-11,6707a3cb80e09d9af2c6fff248f91dc1687b27579c034ac8249ff077153375a5,0921298001,0.025406779661016947,2
2020-09-11,6b0820b43cd7933ba8faae500cc3ff71286b5b75a0cee8cb4ac84f89beac6bc8,0693497004,0.01523728813559322,1
2020-09-11,6b0820b43cd7933ba8faae500cc3ff71286b5b75a0cee8cb4ac84f89beac6bc8,0843772002,0.008457627118644067,1
2020-09-11,6b0820b43cd7933ba8faae500cc3ff71286b5b75a0cee8cb4ac84f89beac6bc8,0843777002,0.011847457627118646,1
2020-09-11,6b0820b43cd7933ba8faae500cc3ff71286b5b75a0cee8cb4ac84f89beac6bc8,0756318006,0.03049152542372881,1
2020-09-11,6d7151f5f0d2bb5269af82c1af682854a1120ccccafca992ceccd69b2051c9f5,0800691008,0.00947457627118644,2
2020-09-11,6d7151f5f0d2bb5269af82c1af682854a1120ccccafca992ceccd69b2051c9f5,0800691008,0.009491525423728813,2
2020-09-11,6d7151f5f0d2bb5269af82c1af682854a1120ccccafca992ceccd69b2051c9f5,0800691009,0.00947457627118644,2
2020-09-11,725ea5f303c15ff50f0b813404dab63349066889914778a899a6e6a982d6c51a,0814620001,0.08472881355932205,1
2020-09-11,725ea5f303c15ff50f0b813404dab63349066889914778a899a6e6a982d6c51a,0814620003,0.08472881355932205,1
2020-09-11,7518c923459873988bb23ac5ca7fedb2dec9e61445867a4161c8411887de9a98,0909592002,0.013542372881355931,2
2020-09-11,79fe3ebddb5c582d947f7c927f2bd1e086e7630f2e7e73fc53b1c3bce1493716,0614854013,0.011847457627118646,1
2020-09-11,79fe3ebddb5c582d947f7c927f2bd1e086e7630f2e7e73fc53b1c3bce1493716,0849711004,0.01523728813559322,1
2020-09-11,79fe3ebddb5c582d947f7c927f2bd1e086e7630f2e7e73fc53b1c3bce1493716,0912460001,0.016932203389830508,1
2020-09-11,7a972cda02dcbbc9ffb13f5b83239d0e832050339033adf2eca5e5fe6fe26f34,0610776083,0.008457627118644067,2
2020-09-11,7a972cda02dcbbc9ffb13f5b83239d0e832050339033adf2eca5e5fe6fe26f34,0858147001,0.033881355932203386,2
2020-09-11,7cb44e6c7b21836000c58dd34304ca27766fa4df9549c5b7f4d2fd9e31aa4d2e,0786187002,0.0274406779661017,1
2020-09-11,7cb44e6c7b21836000c58dd34304ca27766fa4df9549c5b7f4d2fd9e31aa4d2e,0786187003,0.0274406779661017,1
2020-09-11,87f54e37c38bbe9147a63fd76b40afe23204dc4c55fde506f1f5e7348f2fe77a,0926640001,0.042355932203389825,2
2020-09-11,87f54e37c38bbe9147a63fd76b40afe23204dc4c55fde506f1f5e7348f2fe77a,0946764003,0.10167796610169492,2
2020-09-11,8c74d272649d7a4ffcdfa6e0f9f5ec41e09fd9c82fd12634a83d172031b4ea44,0762846008,0.025406779661016947,1
2020-09-11,90411d84396334d0f43122b17db8ee4c2dfa073b1960d3c72d18a4330e11934e,0885951003,0.028830508474576272,2
2020-09-11,90411d84396334d0f43122b17db8ee4c2dfa073b1960d3c72d18a4330e11934e,0894085001,0.02884745762711864,2
2020-09-11,90411d84396334d0f43122b17db8ee4c2dfa073b1960d3c72d18a4330e11934e,0887681001,0.02083050847457627,2
2020-09-11,90411d84396334d0f43122b17db8ee4c2dfa073b1960d3c72d18a4330e11934e,0700765001,0.024033898305084747,2
2020-09-11,90411d84396334d0f43122b17db8ee4c2dfa073b1960d3c72d18a4330e11934e,0892643002,0.01601694915254237,2
2020-09-11,91f36ce7bbe378a4aff1e0026da4919b1a3b6c8e6903fe7a0b387ba5ec36083c,0589748001,0.01523728813559322,1
2020-09-11,96f09d2c532bc11e3e47202696b21192191648863fcd9fc72b2109e6a431a88e,0866605001,0.018627118644067797,1
2020-09-11,96f09d2c532bc11e3e47202696b21192191648863fcd9fc72b2109e6a431a88e,0762331001,0.011508474576271186,1
2020-09-11,96f09d2c532bc11e3e47202696b21192191648863fcd9fc72b2109e6a431a88e,0883274003,0.013542372881355931,1
2020-09-11,99daae2acaeab01c3ebf37d0334317293e577f9899dc1751946d0edea47b8b9d,0841298004,0.023711864406779665,2
2020-09-11,99daae2acaeab01c3ebf37d0334317293e577f9899dc1751946d0edea47b8b9d,0610776002,0.008457627118644067,2
2020-09-11,99daae2acaeab01c3ebf37d0334317293e577f9899dc1751946d0edea47b8b9d,0700701001,0.025406779661016947,2
2020-09-11,99daae2acaeab01c3ebf37d0334317293e577f9899dc1751946d0edea47b8b9d,0926306003,0.016932203389830508,2
2020-09-11,99daae2acaeab01c3ebf37d0334317293e577f9899dc1751946d0edea47b8b9d,0923534006,0.016932203389830508,2
2020-09-11,99daae2acaeab01c3ebf37d0334317293e577f9899dc1751946d0edea47b8b9d,0767862005,0.016932203389830508,2
2020-09-11,99daae2acaeab01c3ebf37d0334317293e577f9899dc1751946d0edea47b8b9d,0921226007,0.016932203389830508,2
2020-09-11,99daae2acaeab01c3ebf37d0334317293e577f9899dc1751946d0edea47b8b9d,0631536028,0.016932203389830508,2
2020-09-11,9a9114e50d6798cbeb9c2bb37760a5f56f810d93f5f67087dc651bd41d223c21,0880001001,0.008457627118644067,1
2020-09-11,9aae5012cb0359750cac2d485890a15f5b7b8cbdcd9db494d7c02bab10387374,0756209003,0.021169491525423727,1
2020-09-11,9f10fbd1233fedac1202318aef839caae9b752e900f6d9ad20a77d57e18e219c,0894780001,0.033881355932203386,2
2020-09-11,a1af5d7dcff96c89e696de7f653054fc872f6c9e536962b9d1561b57da469232,0871710001,0.033881355932203386,2
2020-09-11,a1af5d7dcff96c89e696de7f653054fc872f6c9e536962b9d1561b57da469232,0885543003,0.033881355932203386,2
2020-09-11,a1e65fabdd319304d161b067f3b78a3497977e3f626e7b3d3f141fd67c53cb2a,0762143009,0.013542372881355931,2
2020-09-11,a1e65fabdd319304d161b067f3b78a3497977e3f626e7b3d3f141fd67c53cb2a,0878190004,0.06777966101694916,2
2020-09-11,a1e65fabdd319304d161b067f3b78a3497977e3f626e7b3d3f141fd67c53cb2a,0574109039,0.025406779661016947,2
2020-09-11,a1e65fabdd319304d161b067f3b78a3497977e3f626e7b3d3f141fd67c53cb2a,0762143003,0.013542372881355931,2
2020-09-11,a1e65fabdd319304d161b067f3b78a3497977e3f626e7b3d3f141fd67c53cb2a,0876144001,0.13557627118644067,2
2020-09-11,a1e65fabdd319304d161b067f3b78a3497977e3f626e7b3d3f141fd67c53cb2a,0762143001,0.013542372881355931,2
2020-09-11,a29607876ec535e52fec91b941b409d63c3465a6c170e3e24955eae4146fde9f,0876043001,0.025406779661016947,2
2020-09-11,a29607876ec535e52fec91b941b409d63c3465a6c170e3e24955eae4146fde9f,0865914001,0.06777966101694916,2
2020-09-11,a29607876ec535e52fec91b941b409d63c3465a6c170e3e24955eae4146fde9f,0873279004,0.042355932203389825,2
2020-09-11,a29607876ec535e52fec91b941b409d63c3465a6c170e3e24955eae4146fde9f,0809500002,0.03049152542372881,2
2020-09-11,a7758474f6a973ef8956951dfb55dc898a7f880ec660d72910b0b378f6af7348,0903910001,0.08472881355932205,2
2020-09-11,adb27c12e538818122d2845ad9c3a8a1455e3a032784dcad2bc25eb195cea656,0914404001,0.042355932203389825,2
2020-09-11,adb27c12e538818122d2845ad9c3a8a1455e3a032784dcad2bc25eb195cea656,0803762001,0.042355932203389825,2
2020-09-11,adb27c12e538818122d2845ad9c3a8a1455e3a032784dcad2bc25eb195cea656,0888570001,0.050830508474576264,2
2020-09-11,adb27c12e538818122d2845ad9c3a8a1455e3a032784dcad2bc25eb195cea656,0877274003,0.033881355932203386,2
2020-09-11,adb27c12e538818122d2845ad9c3a8a1455e3a032784dcad2bc25eb195cea656,0890866002,0.025406779661016947,2
2020-09-11,b2f529285ab09ad88619787d1e12ca488690ade26e48de2ebd11fa414bd6b613,0912204001,0.016932203389830508,1
2020-09-11,b2f529285ab09ad88619787d1e12ca488690ade26e48de2ebd11fa414bd6b613,0720125007,0.033881355932203386,1
2020-09-11,b2fd9bba475270b42446278a1dda14e79a2244a40efc1111316a70f20b637021,0682236001,0.025406779661016947,1
2020-09-11,b2fd9bba475270b42446278a1dda14e79a2244a40efc1111316a70f20b637021,0798889008,0.022016949152542376,1
2020-09-11,b2fd9bba475270b42446278a1dda14e79a2244a40efc1111316a70f20b637021,0762846031,0.025406779661016947,1
2020-09-11,b38617ccbadb6b33d8a5a08d12b634f780e342ac272f14cb7a9e79b3ecc98c0a,0776179001,0.033881355932203386,2
2020-09-11,b38617ccbadb6b33d8a5a08d12b634f780e342ac272f14cb7a9e79b3ecc98c0a,0776179001,0.033881355932203386,2
2020-09-11,b4ee5fc80c8213f81312621857584705d75202188d01b06b857416e4b4e3daea,0816953001,0.009338983050847457,1
2020-09-11,b4ee5fc80c8213f81312621857584705d75202188d01b06b857416e4b4e3daea,0618287018,0.028050847457627117,1
2020-09-11,b4ee5fc80c8213f81312621857584705d75202188d01b06b857416e4b4e3daea,0859805001,0.023372881355932202,1
2020-09-11,b4ee5fc80c8213f81312621857584705d75202188d01b06b857416e4b4e3daea,0878013003,0.01713559322033898,1
2020-09-11,b6bdde40bb6e15786477405a2a4c0144abd1dfe7f0e44eda2456a6ea68657818,0826949001,0.011847457627118646,1
2020-09-11,b6bdde40bb6e15786477405a2a4c0144abd1dfe7f0e44eda2456a6ea68657818,0826949004,0.011847457627118646,1
2020-09-11,b7f764d57bd6feb72bc8bef21b0e3da0856c4bac2741f6ac5c27255c20ede2b2,0894788003,0.016932203389830508,1
2020-09-11,ba2a8ce69e2d08357f074c33db4d59b7b7a908c6f055f8d7290243637a31cbed,0734215002,0.013542372881355931,1
2020-09-11,ba2a8ce69e2d08357f074c33db4d59b7b7a908c6f055f8d7290243637a31cbed,0685814048,0.033881355932203386,1
2020-09-11,ba2a8ce69e2d08357f074c33db4d59b7b7a908c6f055f8d7290243637a31cbed,0928461001,0.016932203389830508,1
2020-09-11,bf5fe11762825d55ddb104f86c20ef8f40e7458e2eb54015820869c06c9d03f4,0903096004,0.042355932203389825,2
2020-09-11,bf5fe11762825d55ddb104f86c20ef8f40e7458e2eb54015820869c06c9d03f4,0889379006,0.033881355932203386,2
2020-09-11,c56a9b5e0cad2386b73fa8a448fbb4582e4afd483377f32f5b118c2f85ec3c07,0769748013,0.03811864406779661,2
2020-09-11,c6d5722d34987a593ad551e4899a7c03538302477e2d276b16c3393f9d352fbc,0399136061,0.08472881355932205,2
2020-09-11,c6d5722d34987a593ad551e4899a7c03538302477e2d276b16c3393f9d352fbc,0399136061,0.08472881355932205,2
2020-09-11,c6f312b00ec321c02d4ea0b2146619e85e91e8de330dff77c84ade7714434f6f,0875272011,0.044050847457627114,2
2020-09-11,c6f433c2cdf80fba13063f9eef3ff1acb7841b591a2c6423d617ce3cf722cae5,0572797002,0.011847457627118646,2
2020-09-11,c6f433c2cdf80fba13063f9eef3ff1acb7841b591a2c6423d617ce3cf722cae5,0735439001,0.042355932203389825,2
2020-09-11,c867cf9b5671e7ceecc9142d81cea52ffbba92ee68d9bc92558cfa784aa28edd,0506098006,0.03049152542372881,2
2020-09-11,c867cf9b5671e7ceecc9142d81cea52ffbba92ee68d9bc92558cfa784aa28edd,0723469002,0.025406779661016947,2
2020-09-11,ca42d0a9e3703ab3a15d442ca35bae3dcaf44e133542f1f7cadf6cdd4e8af7cd,0877273002,0.033881355932203386,1
2020-09-11,cd79a99a82bf6c33bbfb25efd5b40c64fa098ed364f842cf7cd719bb11cf7b31,0796644001,0.022016949152542376,2
2020-09-11,cd79a99a82bf6c33bbfb25efd5b40c64fa098ed364f842cf7cd719bb11cf7b31,0907951001,0.016932203389830508,2
2020-09-11,cf504b43cd9193c9a90e00fb55483a23e3c82ab8451afca4b3bc4e6684c3a74b,0882418005,0.016932203389830508,1
2020-09-11,cf504b43cd9193c9a90e00fb55483a23e3c82ab8451afca4b3bc4e6684c3a74b,0882418002,0.018627118644067797,1
2020-09-11,cf504b43cd9193c9a90e00fb55483a23e3c82ab8451afca4b3bc4e6684c3a74b,0862482009,0.010152542372881357,1
2020-09-11,d374f513a64a33d5c52b8372dbb051df333e42b92567266c3297361697ca3341,0803757001,0.016932203389830508,1
2020-09-11,d374f513a64a33d5c52b8372dbb051df333e42b92567266c3297361697ca3341,0801768001,0.05930508474576271,1
2020-09-11,d374f513a64a33d5c52b8372dbb051df333e42b92567266c3297361697ca3341,0762846006,0.025406779661016947,1
2020-09-11,d3b9875e5f41c1b1434e3737dcfc5a392dc22f90a5dea88f5704665b358b3034,0874110002,0.025406779661016947,2
2020-09-11,d42962b5824c2d1a470c405784804a619042506a7552943b8503b62ce31c4f5b,0909721002,0.042355932203389825,2
2020-09-11,d6b0d238ff888d095c31a7226cf5d798f894c1a2aff628b830f593f56b21b55e,0909370001,0.033881355932203386,1
2020-09-11,d6e574b1bdef63c64482e40f152a7da641b26ace0c7a10a10d4bf4ff8c76d0a4,0854663005,0.016932203389830508,1
2020-09-11,d6e574b1bdef63c64482e40f152a7da641b26ace0c7a10a10d4bf4ff8c76d0a4,0804992033,0.025406779661016947,1
2020-09-11,d884f88adf0598499283e2d693225be490a0ab9c8a34608247d085c3b553e972,0816423002,0.013542372881355931,2
2020-09-11,d884f88adf0598499283e2d693225be490a0ab9c8a34608247d085c3b553e972,0889747001,0.022016949152542376,2
2020-09-11,d884f88adf0598499283e2d693225be490a0ab9c8a34608247d085c3b553e972,0816423005,0.011847457627118646,2
2020-09-11,d884f88adf0598499283e2d693225be490a0ab9c8a34608247d085c3b553e972,0816423005,0.011847457627118646,2
2020-09-11,d884f88adf0598499283e2d693225be490a0ab9c8a34608247d085c3b553e972,0831273003,0.022016949152542376,2
2020-09-11,d884f88adf0598499283e2d693225be490a0ab9c8a34608247d085c3b553e972,0831273003,0.022016949152542376,2
2020-09-11,d884f88adf0598499283e2d693225be490a0ab9c8a34608247d085c3b553e972,0852181003,0.022016949152542376,2
2020-09-11,d884f88adf0598499283e2d693225be490a0ab9c8a34608247d085c3b553e972,0852181003,0.022016949152542376,2
2020-09-11,d884f88adf0598499283e2d693225be490a0ab9c8a34608247d085c3b553e972,0849257002,0.025406779661016947,2
2020-09-11,d884f88adf0598499283e2d693225be490a0ab9c8a34608247d085c3b553e972,0849257002,0.025406779661016947,2
2020-09-11,d884f88adf0598499283e2d693225be490a0ab9c8a34608247d085c3b553e972,0849257002,0.025406779661016947,2
2020-09-11,d89364541d4cb43d1ed7bf51a181ae6043b8df201d7b4a90762cad2dd19f306a,0839332001,0.06284745762711863,1
2020-09-11,d89364541d4cb43d1ed7bf51a181ae6043b8df201d7b4a90762cad2dd19f306a,0873678001,0.023559322033898305,1
2020-09-11,dc989c60b8f7a1d5c2ad98b42979a85958e06e8567e6b79fbdf59d9c7321417a,0757903024,0.016932203389830508,2
2020-09-11,dc989c60b8f7a1d5c2ad98b42979a85958e06e8567e6b79fbdf59d9c7321417a,0717816001,0.025406779661016947,2
2020-09-11,dd7dccc3b1faccc926d23e01dbfb0791a78792e9f72841be0fc2d234b3a4b438,0783346023,0.025406779661016947,1
2020-09-11,dd7dccc3b1faccc926d23e01dbfb0791a78792e9f72841be0fc2d234b3a4b438,0783346023,0.025406779661016947,1
2020-09-11,dd7dccc3b1faccc926d23e01dbfb0791a78792e9f72841be0fc2d234b3a4b438,0873679002,0.025406779661016947,1
2020-09-11,dd7dccc3b1faccc926d23e01dbfb0791a78792e9f72841be0fc2d234b3a4b438,0523490002,0.005067796610169492,1
2020-09-11,e05ba5dca17be915a33ea9dd625c90dd0d30988c5e493a1622cb76e0a6ce8c70,0923134007,0.025406779661016947,1
2020-09-11,e05ba5dca17be915a33ea9dd625c90dd0d30988c5e493a1622cb76e0a6ce8c70,0915526001,0.033881355932203386,1
2020-09-11,e25a435fa400a99d8665eac8544016f4a4dc11c4d48f96912567ad27b49aa8b4,0760084011,0.025406779661016947,2
2020-09-11,e3c4742454c35297d6f4240864fa82a76ac7d81994992db3e6fbf141a0278ab9,0845790001,0.033881355932203386,2
2020-09-11,e3c4742454c35297d6f4240864fa82a76ac7d81994992db3e6fbf141a0278ab9,0845790002,0.033881355932203386,2
2020-09-11,e562adacb0b0f4cccfc609a36e845b7b985ab2c173585ea5ccaf7febbbf00897,0923028001,0.13557627118644067,2
2020-09-11,e562adacb0b0f4cccfc609a36e845b7b985ab2c173585ea5ccaf7febbbf00897,0636207014,0.033881355932203386,2
2020-09-11,eed1888041ffc1931bad68276c59ad12de9358e55e3a44c8d64f2ed53c0801ee,0875577001,0.016932203389830508,1
2020-09-11,eed1888041ffc1931bad68276c59ad12de9358e55e3a44c8d64f2ed53c0801ee,0611415034,0.016932203389830508,1
2020-09-11,eed1888041ffc1931bad68276c59ad12de9358e55e3a44c8d64f2ed53c0801ee,0921378001,0.033881355932203386,1
2020-09-11,eed1888041ffc1931bad68276c59ad12de9358e55e3a44c8d64f2ed53c0801ee,0719655014,0.022016949152542376,1
2020-09-11,eed1888041ffc1931bad68276c59ad12de9358e55e3a44c8d64f2ed53c0801ee,0762846031,0.025406779661016947,1
2020-09-11,eed1888041ffc1931bad68276c59ad12de9358e55e3a44c8d64f2ed53c0801ee,0867948001,0.022016949152542376,1
2020-09-11,eeea76953969acfc97e3b46d9181e7402e2d58a3a22b20b658b732e898fd647a,0525563014,0.005067796610169492,1
2020-09-11,f32896322981847c7c8827a2577531a43c8ad39084cd3d4b96a17442cd446e6a,0852584006,0.031627118644067795,1
2020-09-11,f32896322981847c7c8827a2577531a43c8ad39084cd3d4b96a17442cd446e6a,0854663005,0.015796610169491524,1
2020-09-11,f32896322981847c7c8827a2577531a43c8ad39084cd3d4b96a17442cd446e6a,0791587018,0.023711864406779665,1
2020-09-11,f32896322981847c7c8827a2577531a43c8ad39084cd3d4b96a17442cd446e6a,0740922009,0.023711864406779665,1
2020-09-11,f3c285ae5fb8212fa502fda151b8b44891661d345efb85fe6c4324770ffe8f26,0806766001,0.050830508474576264,2
2020-09-11,f3c285ae5fb8212fa502fda151b8b44891661d345efb85fe6c4324770ffe8f26,0762846026,0.025406779661016947,2
2020-09-11,f3c285ae5fb8212fa502fda151b8b44891661d345efb85fe6c4324770ffe8f26,0762846026,0.025406779661016947,2
2020-09-11,f3c285ae5fb8212fa502fda151b8b44891661d345efb85fe6c4324770ffe8f26,0896182001,0.050830508474576264,2
2020-09-11,f3c285ae5fb8212fa502fda151b8b44891661d345efb85fe6c4324770ffe8f26,0893141001,0.050830508474576264,2
2020-09-11,f3c285ae5fb8212fa502fda151b8b44891661d345efb85fe6c4324770ffe8f26,0856818001,0.06354237288135593,2
2020-09-11,f4019512db2d231657ef25a744d62cb6203293e337fa3b9c916b5e291c18d965,0913804002,0.050830508474576264,1
2020-09-11,f4019512db2d231657ef25a744d62cb6203293e337fa3b9c916b5e291c18d965,0918292001,0.042355932203389825,1
2020-09-11,f4019512db2d231657ef25a744d62cb6203293e337fa3b9c916b5e291c18d965,0875350004,0.016932203389830508,1
2020-09-11,f4019512db2d231657ef25a744d62cb6203293e337fa3b9c916b5e291c18d965,0804992017,0.025406779661016947,1
2020-09-11,f49bc5c839556fb6fa4f5321f7045a223f813e7951f92ca371cacf2378dcabfe,0863646001,0.033881355932203386,2
2020-09-11,f49bc5c839556fb6fa4f5321f7045a223f813e7951f92ca371cacf2378dcabfe,0562245046,0.033881355932203386,2
2020-09-11,f901835bb7c15f224cfd0b2c34a6ebe108e16eef6c40a3fe670bb0c86f19380b,0865912001,0.050830508474576264,1
2020-09-11,f97fe9886e5c1ee9beaafcea851d7a750209203f18028f49a9140246182314a2,0873274002,0.050830508474576264,2
2020-09-11,f97fe9886e5c1ee9beaafcea851d7a750209203f18028f49a9140246182314a2,0873274002,0.050830508474576264,2
2020-09-12,0640c78bc263b3e31c0d5e6e41082beb28ab86d481fcd7c7b32a9819dcb88d7a,0706016006,0.033881355932203386,2
2020-09-12,0640c78bc263b3e31c0d5e6e41082beb28ab86d481fcd7c7b32a9819dcb88d7a,0922048001,0.08472881355932205,2
2020-09-12,07f7ce70780f2b7944af286cb344235ad3217a6b4231538f14b45dd8bc862c8d,0868874004,0.03049152542372881,1
2020-09-12,07f7ce70780f2b7944af286cb344235ad3217a6b4231538f14b45dd8bc862c8d,0829646002,0.03811864406779661,1
2020-09-12,0891012c665959be87c45b9d1cf0ee9e90e8d21e8c4af74fb9a4f56dd77459e7,0399256002,0.016932203389830508,1
2020-09-12,0891012c665959be87c45b9d1cf0ee9e90e8d21e8c4af74fb9a4f56dd77459e7,0857812006,0.018627118644067797,1
2020-09-12,0a006002f60f72eca094295a413d69c061f2ed64cf7460df6ab2493978e55011,0889379008,0.016932203389830508,1
2020-09-12,0bc2ff05205767864f6950a6b823634b60b5af6c9c58dc2b6be44bec368bb4b4,0752689002,0.016932203389830508,2
2020-09-12,0bc2ff05205767864f6950a6b823634b60b5af6c9c58dc2b6be44bec368bb4b4,0752689003,0.016932203389830508,2
2020-09-12,0bc2ff05205767864f6950a6b823634b60b5af6c9c58dc2b6be44bec368bb4b4,0883808003,0.03049152542372881,2
2020-09-12,0cc6859faa28c8bb74a9265e9eab5b29b53a6a1f57a59b163d7852f3e94bb895,0519930001,0.010152542372881357,1
2020-09-12,0cc6859faa28c8bb74a9265e9eab5b29b53a6a1f57a59b163d7852f3e94bb895,0866714017,0.016932203389830508,1
2020-09-12,0cc6859faa28c8bb74a9265e9eab5b29b53a6a1f57a59b163d7852f3e94bb895,0913033002,0.042355932203389825,1
2020-09-12,0f6c2b0859db288e05de3e01fd208ff513364af7c8cec04fb38d4e6d96b72af2,0751471038,0.033881355932203386,2
2020-09-12,0f6c2b0859db288e05de3e01fd208ff513364af7c8cec04fb38d4e6d96b72af2,0751471038,0.033881355932203386,2
2020-09-12,135371be9c58c90de31ac8a480c2cf851eaadd919316f3755a59a10b4428b192,0865799005,0.033881355932203386,2
2020-09-12,135371be9c58c90de31ac8a480c2cf851eaadd919316f3755a59a10b4428b192,0915529005,0.033881355932203386,2
2020-09-12,135371be9c58c90de31ac8a480c2cf851eaadd919316f3755a59a10b4428b192,0456163086,0.033881355932203386,2
2020-09-12,135371be9c58c90de31ac8a480c2cf851eaadd919316f3755a59a10b4428b192,0898694002,0.050830508474576264,2
2020-09-12,15ce41bb861f82c108f9bf72419d8cb318bfd1fd78ac1f6796334125d4688dd9,0685813041,0.016932203389830508,2
2020-09-12,18824073a113399925128ffd412519282cbb941ea065b1d7af87e99bf8e79705,0804992014,0.025406779661016947,1
2020-09-12,18824073a113399925128ffd412519282cbb941ea065b1d7af87e99bf8e79705,0906830001,0.033881355932203386,1
2020-09-12,18824073a113399925128ffd412519282cbb941ea065b1d7af87e99bf8e79705,0579541075,0.016932203389830508,1
2020-09-12,1bbd0b38a543b34be05ceac6b603232d35e3e63c92da980782fcc22ae1dfc0f6,0909370001,0.033881355932203386,2
2020-09-12,1e454941c5b16c46a0394775b78aeb4a2f3f3e268c1e0973d6ced1468e7a12f8,0831939004,0.033881355932203386,1
2020-09-12,1e454941c5b16c46a0394775b78aeb4a2f3f3e268c1e0973d6ced1468e7a12f8,0749974001,0.022016949152542376,1
2020-09-12,1f5b1fdbdd0e9414119ae36531953f0c1a318e8473fbdcf90e1af9746279fe8f,0924243001,0.042355932203389825,2
2020-09-12,1f5b1fdbdd0e9414119ae36531953f0c1a318e8473fbdcf90e1af9746279fe8f,0723368001,0.010152542372881357,2
2020-09-12,1f5b1fdbdd0e9414119ae36531953f0c1a318e8473fbdcf90e1af9746279fe8f,0805947001,0.025406779661016947,2
2020-09-12,224a5b103ed5ffed7b016467f12df43c5a8a99c1ee63840606582683af5ea688,0871638002,0.009610169491525425,2
2020-09-12,224a5b103ed5ffed7b016467f12df43c5a8a99c1ee63840606582683af5ea688,0797710004,0.032101694915254234,2
2020-09-12,224a5b103ed5ffed7b016467f12df43c5a8a99c1ee63840606582683af5ea688,0797710001,0.032101694915254234,2
2020-09-12,224a5b103ed5ffed7b016467f12df43c5a8a99c1ee63840606582683af5ea688,0895730002,0.04815254237288136,2
2020-09-12,2319fdc6f74659e8886a8c91504b77926dcc5959918cbe7b679cbe2aaea566b1,0794793001,0.022016949152542376,1
2020-09-12,2319fdc6f74659e8886a8c91504b77926dcc5959918cbe7b679cbe2aaea566b1,0843673003,0.022016949152542376,1
2020-09-12,2319fdc6f74659e8886a8c91504b77926dcc5959918cbe7b679cbe2aaea566b1,0852523002,0.022016949152542376,1
2020-09-12,2ded5f8323e21658cc98bfbb1315d3ea0165759d917b0cde5efd6dc173e65566,0673677002,0.025406779661016947,2
2020-09-12,2ded5f8323e21658cc98bfbb1315d3ea0165759d917b0cde5efd6dc173e65566,0636323001,0.016932203389830508,2
2020-09-12,30b73635d2c07e42bd7bf2141156dc3260bceb4e61c956653dc13d05de0f8b5e,0845790006,0.033881355932203386,2
2020-09-12,3471d1990807bf046693eecfb40e6f062c8fd95f535c85993f73bbc53b23db70,0903926002,0.050830508474576264,2
2020-09-12,3471d1990807bf046693eecfb40e6f062c8fd95f535c85993f73bbc53b23db70,0923569006,0.05930508474576271,2
2020-09-12,34d834be1b9cf00a8a3c294b8fdf8eba80f4a2dad817f722c87445b4becc8a40,0755574001,0.025406779661016947,1
2020-09-12,34ebf3f8b92760f9bfa563d22a686a4599a3bb66d2829d58e84536e6db950ce0,0751664001,0.022016949152542376,2
2020-09-12,34ebf3f8b92760f9bfa563d22a686a4599a3bb66d2829d58e84536e6db950ce0,0570189002,0.022016949152542376,2
2020-09-12,36f6b38d4e4168a39840896f6c782b72fa93b075835edbd537a9da6f130f4999,0911870002,0.033881355932203386,1
2020-09-12,36f6b38d4e4168a39840896f6c782b72fa93b075835edbd537a9da6f130f4999,0770315006,0.016932203389830508,1
2020-09-12,36f6b38d4e4168a39840896f6c782b72fa93b075835edbd537a9da6f130f4999,0839332002,0.06777966101694916,1
2020-09-12,383cf8272dd87fa9baada4b2a0f6727680d22cf95cd1244775616076f75dc860,0863646004,0.033881355932203386,1
2020-09-12,3a0fd90fe9be2e53290fd66856bab226c5f0022f0a7723244024b9aacc7483e5,0828268002,0.04744067796610169,1
2020-09-12,3a0fd90fe9be2e53290fd66856bab226c5f0022f0a7723244024b9aacc7483e5,0673677022,0.023711864406779665,1
2020-09-12,3a0fd90fe9be2e53290fd66856bab226c5f0022f0a7723244024b9aacc7483e5,0749615009,0.023711864406779665,1
2020-09-12,3b022e11f37f48dd8d105f87fa801f96a5d40438561dea8db67f0520516cd9f1,0853316001,0.008457627118644067,1
2020-09-12,3b022e11f37f48dd8d105f87fa801f96a5d40438561dea8db67f0520516cd9f1,0869379001,0.016932203389830508,1
2020-09-12,3b022e11f37f48dd8d105f87fa801f96a5d40438561dea8db67f0520516cd9f1,0894481001,0.021169491525423727,1
2020-09-12,3b022e11f37f48dd8d105f87fa801f96a5d40438561dea8db67f0520516cd9f1,0903868001,0.042355932203389825,1
2020-09-12,3dea728466b2c188a6ab2750d35bec45cc8e5e861dad3463f959709499ca4e8f,0850917002,0.025406779661016947,1
2020-09-12,3dea728466b2c188a6ab2750d35bec45cc8e5e861dad3463f959709499ca4e8f,0906226002,0.033881355932203386,1
2020-09-12,4192fb73156130453bf6e481e3d39d1494b04d28680e9c7b98dcab3c6daa3f37,0820906002,0.050830508474576264,2
2020-09-12,437cb017c782d27299043b8ded9fe3dde7df9a63524f659ff68b5260058faab0,0701135018,0.027101694915254236,1
2020-09-12,43d2f9a7b4535cbd3b21843f3af8a7f41b7a24461ac25f2897e9b4b36d35c3b8,0573085042,0.033881355932203386,1
2020-09-12,43d2f9a7b4535cbd3b21843f3af8a7f41b7a24461ac25f2897e9b4b36d35c3b8,0372860001,0.013542372881355931,1
2020-09-12,444a6766d83a74eed4d72885fa26956c943987697984fa3afcec0130e6e42cf9,0795675003,0.008457627118644067,1
2020-09-12,444a6766d83a74eed4d72885fa26956c943987697984fa3afcec0130e6e42cf9,0710194002,0.011000000000000001,1
2020-09-12,444a6766d83a74eed4d72885fa26956c943987697984fa3afcec0130e6e42cf9,0853197001,0.006338983050847458,1
2020-09-12,458899e9ee9c6afee6ecdda86b789bc7f1de0961ace76d8955a8dc023986ce88,0899499001,0.011508474576271186,1
2020-09-12,45c8861ad1b45ede66e7e1ee58bec4ed90392e369283cec197e077ea9c5cacbc,0882033001,0.016932203389830508,1
2020-09-12,45dd19494fac04ddeba16767ab3cc9b6e173fb192028a17d03b57cae28bc6e60,0770315005,0.016932203389830508,1
2020-09-12,45dd19494fac04ddeba16767ab3cc9b6e173fb192028a17d03b57cae28bc6e60,0770315017,0.016932203389830508,1
2020-09-12,474ea4789ea56f977021dd3d8cb63a5109e70b1695979ddc7f19872926913a81,0912820001,0.035576271186440675,2
2020-09-12,482e3a586dc7c36b82cdc458b5ac87b21b32a1f32b1ca65bb46a7092c5e6fc19,0910132001,0.016932203389830508,1
2020-09-12,4b0dd80725434bab165d4f7951e31de7d7be3a610ce0b4b10f94014b03e88d49,0901330002,0.044050847457627114,1
2020-09-12,4c859be81050ddd3176a342f35061e713727c782f17b36978d606cef96436232,0911870001,0.033881355932203386,1
2020-09-12,4c859be81050ddd3176a342f35061e713727c782f17b36978d606cef96436232,0678942001,0.016932203389830508,1
2020-09-12,4ccbe79f2ee1de68b4ca84146adc6802bc3ba1ff4aa4bbb7910574b4e2a7782e,0685814062,0.027101694915254236,1
2020-09-12,5601aeb63bcc9e2e58a4e04e54156494838d0c466e00a3bf30619d3ed2f5fa4e,0742947001,0.001677966101694915,1
2020-09-12,5601aeb63bcc9e2e58a4e04e54156494838d0c466e00a3bf30619d3ed2f5fa4e,0214844001,0.0033728813559322033,1
2020-09-12,5601aeb63bcc9e2e58a4e04e54156494838d0c466e00a3bf30619d3ed2f5fa4e,0372860024,0.013542372881355931,1
2020-09-12,5876abe9e694cf44c87a9a2e3fa869c41aafd5872f25519124d115700b60ce96,0706016003,0.033881355932203386,2
2020-09-12,5876abe9e694cf44c87a9a2e3fa869c41aafd5872f25519124d115700b60ce96,0554450036,0.033881355932203386,2
2020-09-12,5bdb5437cab13828ad0d011a23a5e5bbcf8ebcf5bb589e3402ca11c313e24a90,0816832001,0.025406779661016947,2
2020-09-12,5bdb5437cab13828ad0d011a23a5e5bbcf8ebcf5bb589e3402ca11c313e24a90,0882336002,0.033881355932203386,2
2020-09-12,5bdb5437cab13828ad0d011a23a5e5bbcf8ebcf5bb589e3402ca11c313e24a90,0674606048,0.033881355932203386,2
2020-09-12,5bdb5437cab13828ad0d011a23a5e5bbcf8ebcf5bb589e3402ca11c313e24a90,0871517014,0.025406779661016947,2
2020-09-12,5bdb5437cab13828ad0d011a23a5e5bbcf8ebcf5bb589e3402ca11c313e24a90,0673677002,0.025406779661016947,2
2020-09-12,5bdb5437cab13828ad0d011a23a5e5bbcf8ebcf5bb589e3402ca11c313e24a90,0674606070,0.033881355932203386,2
2020-09-12,5bdb5437cab13828ad0d011a23a5e5bbcf8ebcf5bb589e3402ca11c313e24a90,0836142003,0.016932203389830508,2
2020-09-12,5bdb5437cab13828ad0d011a23a5e5bbcf8ebcf5bb589e3402ca11c313e24a90,0911870002,0.033881355932203386,2
2020-09-12,5f7ce6ba7bea3ad8edf17885a86f2b9069dd335357a6eae9f910e24d408ae696,0873276004,0.033881355932203386,1
2020-09-12,62e452444309ff7c31407ef26e11c8b9b103e84f5783421c94e5be7f9f06ec16,0815808004,0.04811864406779661,2
2020-09-12,62e452444309ff7c31407ef26e11c8b9b103e84f5783421c94e5be7f9f06ec16,0912204001,0.01601694915254237,2
2020-09-12,62e452444309ff7c31407ef26e11c8b9b103e84f5783421c94e5be7f9f06ec16,0827968001,0.016033898305084747,2
2020-09-12,62e452444309ff7c31407ef26e11c8b9b103e84f5783421c94e5be7f9f06ec16,0760295002,0.04010169491525424,2
2020-09-12,6f097fa8646c3880541e9ace3e4e342d7ac5499679d994292088d13703d4781b,0611415007,0.016932203389830508,1
2020-09-12,6f097fa8646c3880541e9ace3e4e342d7ac5499679d994292088d13703d4781b,0859737001,0.025406779661016947,1
2020-09-12,703060c8b0186bafef658079a9f2a84c3b4a7c9846c5b322ea195d3c3f081bdc,0720125041,0.033881355932203386,1
2020-09-12,703060c8b0186bafef658079a9f2a84c3b4a7c9846c5b322ea195d3c3f081bdc,0874754004,0.033881355932203386,1
2020-09-12,71490d5ad800537be50697669f89b1a2ce42e439f16983316f11f6dc42f01894,0523488001,0.005067796610169492,1
2020-09-12,71490d5ad800537be50697669f89b1a2ce42e439f16983316f11f6dc42f01894,0523488001,0.005067796610169492,1
2020-09-12,71490d5ad800537be50697669f89b1a2ce42e439f16983316f11f6dc42f01894,0863595002,0.033881355932203386,1
2020-09-12,717a8359eb7d2f5fe65311251b5374d42d1fdcb398d988e8f8256a88850e7191,0111593001,0.016932203389830508,1
2020-09-12,717a8359eb7d2f5fe65311251b5374d42d1fdcb398d988e8f8256a88850e7191,0791587015,0.025406779661016947,1
2020-09-12,73341e30f8bd43daaa43e70b2d7c6f4c966e870ec3baefd2cae33857964ba58f,0930380001,0.033881355932203386,2
2020-09-12,73341e30f8bd43daaa43e70b2d7c6f4c966e870ec3baefd2cae33857964ba58f,0903994005,0.022016949152542376,2
2020-09-12,73341e30f8bd43daaa43e70b2d7c6f4c966e870ec3baefd2cae33857964ba58f,0903994002,0.022016949152542376,2
2020-09-12,7b93891ee69a9529a5aebadb6e385f5c41c9453afa16c4cc97a19d02cb3be65b,0839332001,0.050830508474576264,1
2020-09-12,81c535478acd5922eb8b4baadb57fc356c46ef7845b4cbf0c1d99ef8dc0fe094,0874113005,0.016932203389830508,2
2020-09-12,81c535478acd5922eb8b4baadb57fc356c46ef7845b4cbf0c1d99ef8dc0fe094,0874113005,0.016932203389830508,2
2020-09-12,81c535478acd5922eb8b4baadb57fc356c46ef7845b4cbf0c1d99ef8dc0fe094,0801673001,0.016932203389830508,2
2020-09-12,81c535478acd5922eb8b4baadb57fc356c46ef7845b4cbf0c1d99ef8dc0fe094,0801673001,0.016932203389830508,2
2020-09-12,81c535478acd5922eb8b4baadb57fc356c46ef7845b4cbf0c1d99ef8dc0fe094,0843380004,0.03049152542372881,2
2020-09-12,81c535478acd5922eb8b4baadb57fc356c46ef7845b4cbf0c1d99ef8dc0fe094,0892100003,0.016932203389830508,2
2020-09-12,81c535478acd5922eb8b4baadb57fc356c46ef7845b4cbf0c1d99ef8dc0fe094,0809238001,0.042355932203389825,2
2020-09-12,81c535478acd5922eb8b4baadb57fc356c46ef7845b4cbf0c1d99ef8dc0fe094,0809238001,0.042355932203389825,2
2020-09-12,81c535478acd5922eb8b4baadb57fc356c46ef7845b4cbf0c1d99ef8dc0fe094,0818754001,0.016932203389830508,2
2020-09-12,81c535478acd5922eb8b4baadb57fc356c46ef7845b4cbf0c1d99ef8dc0fe094,0818754001,0.016932203389830508,2
2020-09-12,81c535478acd5922eb8b4baadb57fc356c46ef7845b4cbf0c1d99ef8dc0fe094,0836142004,0.016932203389830508,2
2020-09-12,81c535478acd5922eb8b4baadb57fc356c46ef7845b4cbf0c1d99ef8dc0fe094,0803757023,0.016932203389830508,2
2020-09-12,83cec2fd3cdc268ccce79375ba4516c9963cf1f774cadab725a17d8e6f857eea,0749974009,0.019813559322033897,2
2020-09-12,83cec2fd3cdc268ccce79375ba4516c9963cf1f774cadab725a17d8e6f857eea,0749974008,0.019813559322033897,2
2020-09-12,85e3855fb77cc69e61eb7f8498af54e13d9b26e32d5f420ccf6643e68a6c868c,0877137001,0.024542372881355932,1
2020-09-12,85e3855fb77cc69e61eb7f8498af54e13d9b26e32d5f420ccf6643e68a6c868c,0399061032,0.05723728813559323,1
2020-09-12,85e3855fb77cc69e61eb7f8498af54e13d9b26e32d5f420ccf6643e68a6c868c,0865926002,0.016338983050847456,1
2020-09-12,85e3855fb77cc69e61eb7f8498af54e13d9b26e32d5f420ccf6643e68a6c868c,0863595006,0.03269491525423728,1
2020-09-12,85e3855fb77cc69e61eb7f8498af54e13d9b26e32d5f420ccf6643e68a6c868c,0832490001,0.02452542372881356,1
2020-09-12,86e2264f3eab5e6c981ce7718fe1a50146a5893baa2f92ae3b06da0ad22add12,0399061028,0.053372881355932204,1
2020-09-12,86e2264f3eab5e6c981ce7718fe1a50146a5893baa2f92ae3b06da0ad22add12,0570003079,0.012186440677966101,1
2020-09-12,8a1e0f223bc943648ec610864c5033e4ecc9485b7e10e50b9b6e3433a829c3a3,0682261020,0.008457627118644067,1
2020-09-12,8c8b2f4a3b4efd83a1d0984ccefc3296679eb16c1cf7628752ec114c956a3e86,0768912001,0.016932203389830508,1
2020-09-12,8c8b2f4a3b4efd83a1d0984ccefc3296679eb16c1cf7628752ec114c956a3e86,0706016019,0.033881355932203386,1
2020-09-12,8d843a0536f2ba98b768003cf4edf9ab1a2a31f17d89961b10c6cbcd31b737a1,0909911001,0.042355932203389825,2
2020-09-12,8d843a0536f2ba98b768003cf4edf9ab1a2a31f17d89961b10c6cbcd31b737a1,0909912001,0.042355932203389825,2
2020-09-12,8eab8105c90b1d4ffc915487a7b3b9868e441866a5b6551fd3c4a2f1ed81f018,0706016003,0.033881355932203386,2
2020-09-12,8eab8105c90b1d4ffc915487a7b3b9868e441866a5b6551fd3c4a2f1ed81f018,0706016019,0.033881355932203386,2
2020-09-12,910002842a5f007dc0e3aff717196640290a39788cdbabae78f95b94b8f90dba,0782065001,0.05930508474576271,2
2020-09-12,910002842a5f007dc0e3aff717196640290a39788cdbabae78f95b94b8f90dba,0782065001,0.05930508474576271,2
2020-09-12,94ebb33a6e1b3d8b4dcddb5abb0209f68cfe3d1563bb0f113fe282d30ab17961,0901330001,0.0457457627118644,1
2020-09-12,94ebb33a6e1b3d8b4dcddb5abb0209f68cfe3d1563bb0f113fe282d30ab17961,0523488001,0.0045593220338983045,1
2020-09-12,96c548ab8d8f772717a44bd8a0662f36c57bb3a659c8aa179a4bd3f5c54e204f,0924243002,0.042355932203389825,2
2020-09-12,96c548ab8d8f772717a44bd8a0662f36c57bb3a659c8aa179a4bd3f5c54e204f,0846181003,0.025406779661016947,2
2020-09-12,96c548ab8d8f772717a44bd8a0662f36c57bb3a659c8aa179a4bd3f5c54e204f,0903092001,0.06777966101694916,2
2020-09-12,96f09d2c532bc11e3e47202696b21192191648863fcd9fc72b2109e6a431a88e,0875826001,0.022016949152542376,1
2020-09-12,980fd5dabf5fe9a40370566f596bc403f50842737fb5696b87e0a5dd6833bea5,0916256007,0.05930508474576271,2
2020-09-12,980fd5dabf5fe9a40370566f596bc403f50842737fb5696b87e0a5dd6833bea5,0916256001,0.05930508474576271,2
2020-09-12,9982a77df5b6125ce74b661e3c5292cce10f3cd6c156faf9aabbd2617902869b,0556539023,0.005067796610169492,1
2020-09-12,9982a77df5b6125ce74b661e3c5292cce10f3cd6c156faf9aabbd2617902869b,0556539043,0.005067796610169492,1
2020-09-12,9982a77df5b6125ce74b661e3c5292cce10f3cd6c156faf9aabbd2617902869b,0556539043,0.005067796610169492,1
2020-09-12,9982a77df5b6125ce74b661e3c5292cce10f3cd6c156faf9aabbd2617902869b,0556539036,0.005067796610169492,1
2020-09-12,9982a77df5b6125ce74b661e3c5292cce10f3cd6c156faf9aabbd2617902869b,0556539036,0.005067796610169492,1
2020-09-12,9982a77df5b6125ce74b661e3c5292cce10f3cd6c156faf9aabbd2617902869b,0556539028,0.005067796610169492,1
2020-09-12,9e26a75b5de69125c99e1ca3c166bef80e1b5d8088bfea8cc5160a3286e2b53a,0839332002,0.06284745762711863,1
2020-09-12,9e26a75b5de69125c99e1ca3c166bef80e1b5d8088bfea8cc5160a3286e2b53a,0789772001,0.023559322033898305,1
2020-09-12,a210f527df440999f22495587b5331fd1ccb98e61a6987b4d39a8d352e0b58ac,0743840004,0.033881355932203386,1
2020-09-12,a210f527df440999f22495587b5331fd1ccb98e61a6987b4d39a8d352e0b58ac,0606395023,0.05930508474576271,1
2020-09-12,a210f527df440999f22495587b5331fd1ccb98e61a6987b4d39a8d352e0b58ac,0688326005,0.08472881355932205,1
2020-09-12,a210f527df440999f22495587b5331fd1ccb98e61a6987b4d39a8d352e0b58ac,0860135016,0.042355932203389825,1
2020-09-12,a210f527df440999f22495587b5331fd1ccb98e61a6987b4d39a8d352e0b58ac,0570002001,0.013542372881355931,1
2020-09-12,a29607876ec535e52fec91b941b409d63c3465a6c170e3e24955eae4146fde9f,0743791007,0.042355932203389825,2
2020-09-12,a29607876ec535e52fec91b941b409d63c3465a6c170e3e24955eae4146fde9f,0743791007,0.042355932203389825,2
2020-09-12,a2edee9a1b61c484242f78099c475192285238099875b32eeb223c2fbbe8b2d3,0805594001,0.011847457627118646,1
2020-09-12,a2edee9a1b61c484242f78099c475192285238099875b32eeb223c2fbbe8b2d3,0912095007,0.033881355932203386,1
2020-09-12,a2edee9a1b61c484242f78099c475192285238099875b32eeb223c2fbbe8b2d3,0903929001,0.016932203389830508,1
2020-09-12,a86b6c34f724a6d4a0b9f324f31e5761a0e27c0059aa280742a780a9ba0aeaad,0874113005,0.016932203389830508,1
2020-09-12,b17d31164219dcb5e2e9acd8bfc123fa8de576720f3aaa5b8076d4fd1ece7aea,0872962004,0.008457627118644067,1
2020-09-12,b17d31164219dcb5e2e9acd8bfc123fa8de576720f3aaa5b8076d4fd1ece7aea,0741762004,0.022016949152542376,1
2020-09-12,b17d31164219dcb5e2e9acd8bfc123fa8de576720f3aaa5b8076d4fd1ece7aea,0871669004,0.016932203389830508,1
2020-09-12,b2c20d4ab67123c5923524f0d1be0988924c4ec9a91378259182095496cd3acd,0873678010,0.025406779661016947,1
2020-09-12,b51377516bedb8085dc89f221152ddbcc7dd23a4bec1006743fa42677dab1b05,0924250001,0.050830508474576264,2
2020-09-12,b51377516bedb8085dc89f221152ddbcc7dd23a4bec1006743fa42677dab1b05,0898694002,0.050830508474576264,2
2020-09-12,bb3c7a14a68eb6252b4fbcc3dccc3d7475bd6847a47afa4f382459513f9a25f6,0894956001,0.025406779661016947,2
2020-09-12,bd0114ee6fd9414d3017423e58095242ca7487d9b8e9b890f0b259cd820da4ae,0724906007,0.06777966101694916,1
2020-09-12,bd0114ee6fd9414d3017423e58095242ca7487d9b8e9b890f0b259cd820da4ae,0706016019,0.033881355932203386,1
2020-09-12,bd1653936a0cc0fcd6ab36a88da979fb66d2af5defef8aac3b4b1d1837129d72,0923758001,0.033881355932203386,2
2020-09-12,bd1653936a0cc0fcd6ab36a88da979fb66d2af5defef8aac3b4b1d1837129d72,0797710004,0.033881355932203386,2
2020-09-12,bd1653936a0cc0fcd6ab36a88da979fb66d2af5defef8aac3b4b1d1837129d72,0850917003,0.025406779661016947,2
2020-09-12,bd1653936a0cc0fcd6ab36a88da979fb66d2af5defef8aac3b4b1d1837129d72,0832307007,0.06777966101694916,2
2020-09-12,bd1653936a0cc0fcd6ab36a88da979fb66d2af5defef8aac3b4b1d1837129d72,0909721002,0.042355932203389825,2
2020-09-12,bd1653936a0cc0fcd6ab36a88da979fb66d2af5defef8aac3b4b1d1837129d72,0797710006,0.033881355932203386,2
2020-09-12,bd1653936a0cc0fcd6ab36a88da979fb66d2af5defef8aac3b4b1d1837129d72,0914805002,0.050830508474576264,2
2020-09-12,bd1653936a0cc0fcd6ab36a88da979fb66d2af5defef8aac3b4b1d1837129d72,0895610001,0.050830508474576264,2
2020-09-12,c07a34ea33e010fb032becadf9b52e9da834f4512a0711cf5877f3058119aae9,0897221001,0.06777966101694916,1
2020-09-12,c07a34ea33e010fb032becadf9b52e9da834f4512a0711cf5877f3058119aae9,0912088001,0.013542372881355931,1
2020-09-12,c0fed68481883c7bd2201ca6dca83747b8a5ee022f047645ed380dd743499c49,0745686008,0.03049152542372881,1
2020-09-12,c0fed68481883c7bd2201ca6dca83747b8a5ee022f047645ed380dd743499c49,0707269004,0.033881355932203386,1
2020-09-12,c0fed68481883c7bd2201ca6dca83747b8a5ee022f047645ed380dd743499c49,0871243003,0.03049152542372881,1
2020-09-12,c0fed68481883c7bd2201ca6dca83747b8a5ee022f047645ed380dd743499c49,0707269011,0.033881355932203386,1
2020-09-12,c1d73eae14f8d7f72e01427dba522fce37ce8212df2e9008b01719a7687e2939,0819547001,0.027101694915254236,1
2020-09-12,c1d73eae14f8d7f72e01427dba522fce37ce8212df2e9008b01719a7687e2939,0860523002,0.022016949152542376,1
2020-09-12,c3f179e846252ac3a753553a1875ac0e04891a05ee97d591b31e775fd584effd,0886667001,0.016932203389830508,1
2020-09-12,c3f179e846252ac3a753553a1875ac0e04891a05ee97d591b31e775fd584effd,0898195001,0.033881355932203386,1
2020-09-12,c3f179e846252ac3a753553a1875ac0e04891a05ee97d591b31e775fd584effd,0871655001,0.016932203389830508,2
2020-09-12,c3f179e846252ac3a753553a1875ac0e04891a05ee97d591b31e775fd584effd,0749615009,0.040661016949152536,2
2020-09-12,c3f179e846252ac3a753553a1875ac0e04891a05ee97d591b31e775fd584effd,0745232001,0.025406779661016947,2
2020-09-12,c54d2fb4f65b9fbd581548b72d6e602a1253d18d569e67072f0bb21d5f73b804,0872537001,0.08472881355932205,1
2020-09-12,c8859202eb36e9d11b5ef753852a11f6d559e404cc0e18f2402a3bc66d393212,0929165002,0.050830508474576264,1
2020-09-12,c8859202eb36e9d11b5ef753852a11f6d559e404cc0e18f2402a3bc66d393212,0835008005,0.025406779661016947,1
2020-09-12,cf82c602957f54e6fa9ce05ec1a2a6628e5beffc4a64a390ef29f44a643b281f,0854184006,0.022016949152542376,2
2020-09-12,cf82c602957f54e6fa9ce05ec1a2a6628e5beffc4a64a390ef29f44a643b281f,0864040001,0.022016949152542376,2
2020-09-12,cf82c602957f54e6fa9ce05ec1a2a6628e5beffc4a64a390ef29f44a643b281f,0887911001,0.042355932203389825,2
2020-09-12,cf82c602957f54e6fa9ce05ec1a2a6628e5beffc4a64a390ef29f44a643b281f,0857163001,0.013542372881355931,2
2020-09-12,cf82c602957f54e6fa9ce05ec1a2a6628e5beffc4a64a390ef29f44a643b281f,0738567009,0.042355932203389825,2
2020-09-12,d00bde7fdc14646fa77a1cccdc5805a8ef488643ca8eab27aa4a8d25c033e4f8,0896169002,0.050830508474576264,2
2020-09-12,d00bde7fdc14646fa77a1cccdc5805a8ef488643ca8eab27aa4a8d25c033e4f8,0896169002,0.050830508474576264,2
2020-09-12,d34e4d9c496d305664fd4215d60e9b5a1c53f9db05b5ee54e7caef21640031a8,0820899001,0.03049152542372881,1
2020-09-12,d34e4d9c496d305664fd4215d60e9b5a1c53f9db05b5ee54e7caef21640031a8,0915526001,0.033881355932203386,1
2020-09-12,d3e392e571cf4f74a155c86770c36fbfe3d5f084ab6d0a1bbd0f152e0a10c685,0841228004,0.016932203389830508,1
2020-09-12,d3e392e571cf4f74a155c86770c36fbfe3d5f084ab6d0a1bbd0f152e0a10c685,0892558006,0.016932203389830508,1
2020-09-12,d433d404c3b48f8ae41500e05662eb2a563aa20dfbd6434efcacca53fea5e0f7,0682238034,0.033881355932203386,1
2020-09-12,d618b296c545364dbd41efc513a7b5e70cafd3ce860bc6427406df76be65b756,0769748013,0.050830508474576264,2
2020-09-12,d618b296c545364dbd41efc513a7b5e70cafd3ce860bc6427406df76be65b756,0769748013,0.050830508474576264,2
2020-09-12,d618b296c545364dbd41efc513a7b5e70cafd3ce860bc6427406df76be65b756,0814833005,0.03049152542372881,2
2020-09-12,d618b296c545364dbd41efc513a7b5e70cafd3ce860bc6427406df76be65b756,0894956001,0.025406779661016947,2
2020-09-12,d618b296c545364dbd41efc513a7b5e70cafd3ce860bc6427406df76be65b756,0924453003,0.033881355932203386,2
2020-09-12,d7123fce8375d414b127b6abfdb0fbf01aa86d49458cd21649fcb8db466e03ce,0631536026,0.016932203389830508,1
2020-09-12,d7123fce8375d414b127b6abfdb0fbf01aa86d49458cd21649fcb8db466e03ce,0933316001,0.050830508474576264,1
2020-09-12,d8f09209406c8e0eaa24f22fcf1d97a3591165d62e5c640a40aeb1b08a9fc2f1,0921073001,0.06235593220338982,1
2020-09-12,d8f09209406c8e0eaa24f22fcf1d97a3591165d62e5c640a40aeb1b08a9fc2f1,0865917001,0.015576271186440678,1
2020-09-12,d9d867cc43322db8b665fef5a24a73796443033e1866e4f20e5d6b65cbd08aa2,0858856002,0.042355932203389825,2
2020-09-12,d9d867cc43322db8b665fef5a24a73796443033e1866e4f20e5d6b65cbd08aa2,0858856002,0.042355932203389825,2
2020-09-12,d9d867cc43322db8b665fef5a24a73796443033e1866e4f20e5d6b65cbd08aa2,0858856002,0.042355932203389825,2
2020-09-12,d9d867cc43322db8b665fef5a24a73796443033e1866e4f20e5d6b65cbd08aa2,0858856002,0.042355932203389825,2
2020-09-12,dbc255b0939dba931e45a8abed3659c6127896f3f2608aeca3f7c0050abd3b9b,0874819003,0.05930508474576271,2
2020-09-12,dbc255b0939dba931e45a8abed3659c6127896f3f2608aeca3f7c0050abd3b9b,0893059004,0.042355932203389825,2
2020-09-12,dbc255b0939dba931e45a8abed3659c6127896f3f2608aeca3f7c0050abd3b9b,0893059004,0.042355932203389825,2
2020-09-12,de0ef5d44c603f875445d08285423b46a7b28c7cf3f0b9d61d48e1d085d5f5fb,0903473001,0.10167796610169492,1
2020-09-12,de0ef5d44c603f875445d08285423b46a7b28c7cf3f0b9d61d48e1d085d5f5fb,0921906003,0.033881355932203386,1
2020-09-12,e0a50cf4484f3c1f194b4bada4d5c55a24ba67e8e6b7bf935a33ed7a7b962813,0807241057,0.003389830508474576,1
2020-09-12,e0a50cf4484f3c1f194b4bada4d5c55a24ba67e8e6b7bf935a33ed7a7b962813,0807241001,0.0033728813559322033,1
2020-09-12,e0a50cf4484f3c1f194b4bada4d5c55a24ba67e8e6b7bf935a33ed7a7b962813,0898195001,0.033881355932203386,1
2020-09-12,e0a50cf4484f3c1f194b4bada4d5c55a24ba67e8e6b7bf935a33ed7a7b962813,0807241052,0.0033728813559322033,1
2020-09-12,e0a50cf4484f3c1f194b4bada4d5c55a24ba67e8e6b7bf935a33ed7a7b962813,0610776068,0.008457627118644067,1
2020-09-12,e6a536f42d1da345f0479db424bc89e8003af16558c7282424866ddd9c96febc,0905811003,0.03211864406779661,2
2020-09-12,e6a536f42d1da345f0479db424bc89e8003af16558c7282424866ddd9c96febc,0918292004,0.04025423728813559,2
2020-09-12,e6a536f42d1da345f0479db424bc89e8003af16558c7282424866ddd9c96febc,0920529001,0.03211864406779661,2
2020-09-12,e6a536f42d1da345f0479db424bc89e8003af16558c7282424866ddd9c96febc,0868823007,0.024084745762711867,2
2020-09-12,e6a536f42d1da345f0479db424bc89e8003af16558c7282424866ddd9c96febc,0868823007,0.024084745762711867,2
2020-09-12,e6a536f42d1da345f0479db424bc89e8003af16558c7282424866ddd9c96febc,0762846008,0.024084745762711867,2
2020-09-12,e6a536f42d1da345f0479db424bc89e8003af16558c7282424866ddd9c96febc,0762846008,0.024084745762711867,2
2020-09-12,e6a536f42d1da345f0479db424bc89e8003af16558c7282424866ddd9c96febc,0902802005,0.03211864406779661,2
2020-09-12,e6a536f42d1da345f0479db424bc89e8003af16558c7282424866ddd9c96febc,0903773005,0.016050847457627117,2
2020-09-12,e97bddf77199db073b204ea8d904e53675be42b220a9342375b87aeba5e8d668,0814614001,0.005067796610169492,1
2020-09-12,ec287f3267b5f572779c211b5756922c4adb972e7301dc113c9a87a1b662a865,0912204009,0.016932203389830508,1
2020-09-12,f281281fd55d48c512e86dbd77a7b9c75afae3e6290f75952a5a04d51a1de95f,0873771002,0.050830508474576264,1
2020-09-12,f281281fd55d48c512e86dbd77a7b9c75afae3e6290f75952a5a04d51a1de95f,0832482002,0.016932203389830508,1
2020-09-12,f3b48ae5b41e2649d3d42c0cb4662effd22130635a2895aa6942c995d88cd28e,0767032001,0.011847457627118646,2
2020-09-12,f3b48ae5b41e2649d3d42c0cb4662effd22130635a2895aa6942c995d88cd28e,0669708001,0.01523728813559322,2
2020-09-12,f3b48ae5b41e2649d3d42c0cb4662effd22130635a2895aa6942c995d88cd28e,0923340001,0.016932203389830508,2
2020-09-12,f3f280a68895971c9a840b63d626e4b6437b339933d18d87fb4c250184847f36,0537732005,0.025406779661016947,1
2020-09-12,f3f280a68895971c9a840b63d626e4b6437b339933d18d87fb4c250184847f36,0894674006,0.016932203389830508,1
2020-09-12,f3f280a68895971c9a840b63d626e4b6437b339933d18d87fb4c250184847f36,0859737002,0.025406779661016947,1
2020-09-12,f3f280a68895971c9a840b63d626e4b6437b339933d18d87fb4c250184847f36,0903306002,0.016932203389830508,1
2020-09-12,f3f280a68895971c9a840b63d626e4b6437b339933d18d87fb4c250184847f36,0859737003,0.025406779661016947,1
2020-09-12,f3f280a68895971c9a840b63d626e4b6437b339933d18d87fb4c250184847f36,0859743004,0.022016949152542376,1
2020-09-12,f53597288aa0729f57be036ab885546166354ec39bde6010c6bcdc6b7fc7d76e,0736870001,0.016932203389830508,1
2020-09-12,f70e6520f5450a716d794583a663cdbccf1657016385e4e891054ff393a7434b,0516000090,0.016932203389830508,1
2020-09-12,f9ee268cb6a524d57f6c1ab315e37c66ecba398e5478d443430ac78dffec03dc,0893045003,0.022016949152542376,2
2020-09-12,f9ee268cb6a524d57f6c1ab315e37c66ecba398e5478d443430ac78dffec03dc,0875451002,0.00676271186440678,2
2020-09-12,f9ee268cb6a524d57f6c1ab315e37c66ecba398e5478d443430ac78dffec03dc,0818031001,0.013542372881355931,2
2020-09-12,fb1d532c6da3aa4d6cb90a0e53013f368ac02265f9c76a61fa5e48de5f3fe8c1,0832795001,0.0274406779661017,1
2020-09-12,fb1d532c6da3aa4d6cb90a0e53013f368ac02265f9c76a61fa5e48de5f3fe8c1,0832795001,0.0274406779661017,1
2020-09-12,fb1d532c6da3aa4d6cb90a0e53013f368ac02265f9c76a61fa5e48de5f3fe8c1,0832795001,0.0274406779661017,1
2020-09-12,ffa9bf102dd391b03e85412a075c93333c04b0a7cf94437dc5d054c8512d8b94,0910385001,0.04744067796610169,1
2020-09-12,ffa9bf102dd391b03e85412a075c93333c04b0a7cf94437dc5d054c8512d8b94,0786304001,0.023711864406779665,1
2020-09-12,ffa9bf102dd391b03e85412a075c93333c04b0a7cf94437dc5d054c8512d8b94,0802023005,0.023711864406779665,1
2020-09-13,00fe8fb9b5a49ed8c38699c1860847c266f288da271b1c718f0179ac026080e4,0876415003,0.042355932203389825,2
2020-09-13,00fe8fb9b5a49ed8c38699c1860847c266f288da271b1c718f0179ac026080e4,0914541003,0.05930508474576271,2
2020-09-13,00fe8fb9b5a49ed8c38699c1860847c266f288da271b1c718f0179ac026080e4,0914541003,0.05930508474576271,2
2020-09-13,091dad0c60b964b402a93dc4af5295a130863e561e5a4ab04270b3549560c1af,0850917001,0.025406779661016947,2
2020-09-13,091dad0c60b964b402a93dc4af5295a130863e561e5a4ab04270b3549560c1af,0850917001,0.025406779661016947,2
2020-09-13,0ce5e840ef2929a257583fa0ffab3ac2cbe50207dcb6838ed3b2b477fa3f4e58,0906296003,0.042355932203389825,2
2020-09-13,0ce5e840ef2929a257583fa0ffab3ac2cbe50207dcb6838ed3b2b477fa3f4e58,0929511001,0.05930508474576271,2
2020-09-13,0ce5e840ef2929a257583fa0ffab3ac2cbe50207dcb6838ed3b2b477fa3f4e58,0934211004,0.05930508474576271,2
2020-09-13,0ce5e840ef2929a257583fa0ffab3ac2cbe50207dcb6838ed3b2b477fa3f4e58,0922625003,0.025406779661016947,2
2020-09-13,0ce5e840ef2929a257583fa0ffab3ac2cbe50207dcb6838ed3b2b477fa3f4e58,0920283001,0.042355932203389825,2
2020-09-13,0ce5e840ef2929a257583fa0ffab3ac2cbe50207dcb6838ed3b2b477fa3f4e58,0837444003,0.08472881355932205,2
2020-09-13,0ce5e840ef2929a257583fa0ffab3ac2cbe50207dcb6838ed3b2b477fa3f4e58,0929599001,0.10167796610169492,2
2020-09-13,0ce5e840ef2929a257583fa0ffab3ac2cbe50207dcb6838ed3b2b477fa3f4e58,0919365008,0.042355932203389825,2
2020-09-13,0ce5e840ef2929a257583fa0ffab3ac2cbe50207dcb6838ed3b2b477fa3f4e58,0842028004,0.033881355932203386,2
2020-09-13,0ce5e840ef2929a257583fa0ffab3ac2cbe50207dcb6838ed3b2b477fa3f4e58,0807831005,0.11862711864406779,2
2020-09-13,0ce5e840ef2929a257583fa0ffab3ac2cbe50207dcb6838ed3b2b477fa3f4e58,0918516001,0.050830508474576264,2
2020-09-13,0ce5e840ef2929a257583fa0ffab3ac2cbe50207dcb6838ed3b2b477fa3f4e58,0915529003,0.033881355932203386,2
2020-09-13,0ed0a0727fdc8112c1486512a2080117e0a1c6676a6fdb0ed97a922afb3a9059,0519583008,0.033881355932203386,2
2020-09-13,0ed0a0727fdc8112c1486512a2080117e0a1c6676a6fdb0ed97a922afb3a9059,0399256001,0.016932203389830508,2
2020-09-13,1015a2af9000487f0a9aac21eb17df299aa231f4f7889c8928cbad4551290842,0822344001,0.033881355932203386,2
2020-09-13,1015a2af9000487f0a9aac21eb17df299aa231f4f7889c8928cbad4551290842,0822344001,0.033881355932203386,2
2020-09-13,15466c14fffeb5b79d5f41635e158697be088fa247f43b5a179ce3cc39688722,0935694002,0.025406779661016947,2
2020-09-13,15466c14fffeb5b79d5f41635e158697be088fa247f43b5a179ce3cc39688722,0760084003,0.01905084745762712,2
2020-09-13,160aa699c7d5bd94a6c2d1c4f9584fd010b6a6cf5471ea69f03e9d523fc475ef,0869706002,0.08472881355932205,2
2020-09-13,160aa699c7d5bd94a6c2d1c4f9584fd010b6a6cf5471ea69f03e9d523fc475ef,0869706001,0.08472881355932205,2
2020-09-13,1809a05c81a79e781356a934f3740f71344fec1e9533aeb9ca86c5bdc1237d8f,0925404001,0.06777966101694916,1
2020-09-13,1809a05c81a79e781356a934f3740f71344fec1e9533aeb9ca86c5bdc1237d8f,0756322001,0.025406779661016947,1
2020-09-13,1809a05c81a79e781356a934f3740f71344fec1e9533aeb9ca86c5bdc1237d8f,0599718001,0.03049152542372881,1
2020-09-13,18bfc0b62dfa6faf1ee8138e59f6d4a90c3a7b4ac70a72bfd7b54400538a6e9d,0924243001,0.042355932203389825,2
2020-09-13,18bfc0b62dfa6faf1ee8138e59f6d4a90c3a7b4ac70a72bfd7b54400538a6e9d,0903473003,0.10167796610169492,2
2020-09-13,18e234ccbe67b37f4c6eb8d74928741417f19493c504da8334c70b3055d7ff06,0902407003,0.027101694915254236,2
2020-09-13,195c7ef0cd3cf804e3ca6e58210a7a2db203ff46e6492f79aa9666d1eda894cb,0915526002,0.025406779661016947,2
2020-09-13,1ec5d58bfde26c8dbfe8f15b30deb0f0e4bc29c7b010955ce09285183ebf1426,0872537006,0.07794915254237289,1
2020-09-13,1eec0a382a01f812aa9d2b135d53298af1c8dee2bfae8c1cdcbe4b82411a206a,0901802004,0.033881355932203386,2
2020-09-13,1eec0a382a01f812aa9d2b135d53298af1c8dee2bfae8c1cdcbe4b82411a206a,0901802004,0.033881355932203386,2
2020-09-13,20cfb8e23b63061c6e047dcddfaea3b5ca52088cd87f55fc947545367fc5ae46,0562245099,0.033881355932203386,1
2020-09-13,20cfb8e23b63061c6e047dcddfaea3b5ca52088cd87f55fc947545367fc5ae46,0673677002,0.025406779661016947,1
2020-09-13,2623e8061ca5ded5fe3df38453e71550da0d8f34bc4c7deab02b1831f22bd0a2,0901950002,0.05930508474576271,2
2020-09-13,2623e8061ca5ded5fe3df38453e71550da0d8f34bc4c7deab02b1831f22bd0a2,0552716001,0.033881355932203386,2
2020-09-13,265aba8a39c99cf54c231b8bfece7a0d96e7d80793723ce1dbfe3a037f5d3d23,0715828028,0.033881355932203386,2
2020-09-13,265aba8a39c99cf54c231b8bfece7a0d96e7d80793723ce1dbfe3a037f5d3d23,0788172011,0.13557627118644067,2
2020-09-13,265aba8a39c99cf54c231b8bfece7a0d96e7d80793723ce1dbfe3a037f5d3d23,0843465002,0.050830508474576264,2
2020-09-13,265aba8a39c99cf54c231b8bfece7a0d96e7d80793723ce1dbfe3a037f5d3d23,0781758001,0.025406779661016947,2
2020-09-13,2688c0c43c8ac74356212ed06e0eb30f9d6f78872de1721496e3fa397c2cb367,0706016002,0.032288135593220336,2
2020-09-13,2688c0c43c8ac74356212ed06e0eb30f9d6f78872de1721496e3fa397c2cb367,0882900013,0.06459322033898304,2
2020-09-13,2688c0c43c8ac74356212ed06e0eb30f9d6f78872de1721496e3fa397c2cb367,0906296003,0.04035593220338983,2
2020-09-13,2906a996bde9dfb053362e64e67c9e5152e5d62987b1e972965be3e1e793887e,0801447001,0.03049152542372881,1
2020-09-13,2906a996bde9dfb053362e64e67c9e5152e5d62987b1e972965be3e1e793887e,0882203002,0.025406779661016947,1
2020-09-13,2abd7ae48cc5a4852f52ad4e7f1593784bf26823e7b43d499763fc12c135c58e,0556255001,0.010152542372881357,2
2020-09-13,2abd7ae48cc5a4852f52ad4e7f1593784bf26823e7b43d499763fc12c135c58e,0830016003,0.033881355932203386,2
2020-09-13,2abd7ae48cc5a4852f52ad4e7f1593784bf26823e7b43d499763fc12c135c58e,0658030011,0.050830508474576264,2
2020-09-13,2abd7ae48cc5a4852f52ad4e7f1593784bf26823e7b43d499763fc12c135c58e,0868213011,0.022016949152542376,2
2020-09-13,2abd7ae48cc5a4852f52ad4e7f1593784bf26823e7b43d499763fc12c135c58e,0879965002,0.016932203389830508,2
2020-09-13,2abd7ae48cc5a4852f52ad4e7f1593784bf26823e7b43d499763fc12c135c58e,0921226007,0.016932203389830508,2
2020-09-13,2abd7ae48cc5a4852f52ad4e7f1593784bf26823e7b43d499763fc12c135c58e,0882882006,0.050830508474576264,2
2020-09-13,2abd7ae48cc5a4852f52ad4e7f1593784bf26823e7b43d499763fc12c135c58e,0874754004,0.033881355932203386,2
2020-09-13,2abd7ae48cc5a4852f52ad4e7f1593784bf26823e7b43d499763fc12c135c58e,0179950017,0.025406779661016947,2
2020-09-13,2abd7ae48cc5a4852f52ad4e7f1593784bf26823e7b43d499763fc12c135c58e,0832320001,0.023711864406779665,2
2020-09-13,2abd7ae48cc5a4852f52ad4e7f1593784bf26823e7b43d499763fc12c135c58e,0918292001,0.042355932203389825,2
2020-09-13,2abd7ae48cc5a4852f52ad4e7f1593784bf26823e7b43d499763fc12c135c58e,0730683050,0.042355932203389825,2
2020-09-13,2abd7ae48cc5a4852f52ad4e7f1593784bf26823e7b43d499763fc12c135c58e,0556260004,0.03049152542372881,2
2020-09-13,2abd7ae48cc5a4852f52ad4e7f1593784bf26823e7b43d499763fc12c135c58e,0881919002,0.025406779661016947,2
2020-09-13,2abd7ae48cc5a4852f52ad4e7f1593784bf26823e7b43d499763fc12c135c58e,0814116002,0.022016949152542376,2
2020-09-13,2c14eb24625e8b1c04447adbf19ec671a45a7ea0196b029457285b82c6241f64,0809238001,0.042355932203389825,2
2020-09-13,35fb7993d38c43d7372815b8b03f384fe808fd307f6eb5d7f9d55af005758132,0921906003,0.033881355932203386,1
2020-09-13,35fb7993d38c43d7372815b8b03f384fe808fd307f6eb5d7f9d55af005758132,0919986001,0.025406779661016947,1
2020-09-13,36d5f77564ebafe9c1b15e7374b28e78b5fcaabe8f2b72453917b9ce6a4f32d0,0456163086,0.033881355932203386,2
2020-09-13,36d5f77564ebafe9c1b15e7374b28e78b5fcaabe8f2b72453917b9ce6a4f32d0,0919499010,0.033881355932203386,2
2020-09-13,36d5f77564ebafe9c1b15e7374b28e78b5fcaabe8f2b72453917b9ce6a4f32d0,0803757005,0.016932203389830508,2
2020-09-13,36d5f77564ebafe9c1b15e7374b28e78b5fcaabe8f2b72453917b9ce6a4f32d0,0921347003,0.033881355932203386,2
2020-09-13,38b1c9ee5e9a7f9af76d49a5f116520601e21430a32087b27a417b34f328186a,0536139068,0.016932203389830508,2
2020-09-13,38b1c9ee5e9a7f9af76d49a5f116520601e21430a32087b27a417b34f328186a,0631536028,0.016932203389830508,2
2020-09-13,38b1c9ee5e9a7f9af76d49a5f116520601e21430a32087b27a417b34f328186a,0631536026,0.016932203389830508,2
2020-09-13,38b1c9ee5e9a7f9af76d49a5f116520601e21430a32087b27a417b34f328186a,0372860024,0.013542372881355931,2
2020-09-13,3998b9290bf83d4c7e52b2418b0b4fbb73fe48a46c5d08553b85434945a204f3,0794468001,0.010152542372881357,2
2020-09-13,3998b9290bf83d4c7e52b2418b0b4fbb73fe48a46c5d08553b85434945a204f3,0794468001,0.010152542372881357,2
2020-09-13,3d10bc52bd1f1a06d14159c37bc01b018ad439de9744f730f1b3cbf5eae51446,0871004001,0.03430508474576271,2
2020-09-13,3d10bc52bd1f1a06d14159c37bc01b018ad439de9744f730f1b3cbf5eae51446,0871004001,0.03430508474576271,2
2020-09-13,3d10bc52bd1f1a06d14159c37bc01b018ad439de9744f730f1b3cbf5eae51446,0871281002,0.01523728813559322,2
2020-09-13,3d10bc52bd1f1a06d14159c37bc01b018ad439de9744f730f1b3cbf5eae51446,0871281002,0.01523728813559322,2
2020-09-13,3d10bc52bd1f1a06d14159c37bc01b018ad439de9744f730f1b3cbf5eae51446,0889460003,0.022864406779661017,2
2020-09-13,3d10bc52bd1f1a06d14159c37bc01b018ad439de9744f730f1b3cbf5eae51446,0889460003,0.022864406779661017,2
2020-09-13,3d10bc52bd1f1a06d14159c37bc01b018ad439de9744f730f1b3cbf5eae51446,0448509014,0.03811864406779661,2
2020-09-13,3d10bc52bd1f1a06d14159c37bc01b018ad439de9744f730f1b3cbf5eae51446,0448509014,0.03811864406779661,2
2020-09-13,419d23baad1bce2c92c964a28f71012423904382110271c9e4a35fe7b2a744fb,0933989002,0.042355932203389825,2
2020-09-13,419d23baad1bce2c92c964a28f71012423904382110271c9e4a35fe7b2a744fb,0929744001,0.042355932203389825,2
2020-09-13,48bbd51165634f4f42074ca03c4804e2254fda0c07819b40d90e3dd2c082735a,0809961007,0.033881355932203386,1
2020-09-13,48bbd51165634f4f42074ca03c4804e2254fda0c07819b40d90e3dd2c082735a,0854532001,0.042355932203389825,1
2020-09-13,48bbd51165634f4f42074ca03c4804e2254fda0c07819b40d90e3dd2c082735a,0905518001,0.016932203389830508,1
2020-09-13,48bbd51165634f4f42074ca03c4804e2254fda0c07819b40d90e3dd2c082735a,0809961004,0.033881355932203386,1
2020-09-13,48bbd51165634f4f42074ca03c4804e2254fda0c07819b40d90e3dd2c082735a,0905518002,0.016932203389830508,1
2020-09-13,4e10f5a2e7dcbc2dc01344255dea20476eb72970334c1d4f56dbe5581f7ceb34,0751471022,0.033881355932203386,1
2020-09-13,4e10f5a2e7dcbc2dc01344255dea20476eb72970334c1d4f56dbe5581f7ceb34,0896169002,0.050830508474576264,1
2020-09-13,4e5c6ea532d2f634d38a91dadedb75a121545a98fae2e599d2bb2ae5e10c2296,0936610001,0.042355932203389825,1
2020-09-13,4f00a0713d5d7bca89c7ab95a3afaf2123a38eae40fd3a79406feb96c5b5fe3f,0693246007,0.027101694915254236,1
2020-09-13,5537e3b4ed68388b4f08f824199cef3f16fa79f577acbe6224ec663e2fafdb0a,0579541089,0.016932203389830508,2
2020-09-13,5537e3b4ed68388b4f08f824199cef3f16fa79f577acbe6224ec663e2fafdb0a,0925290006,0.033881355932203386,2
2020-09-13,5eea1f4c438408590be478f1da4bf401024db06030b0550f55e8dff14d06a107,0875329004,0.013542372881355931,2
2020-09-13,5eea1f4c438408590be478f1da4bf401024db06030b0550f55e8dff14d06a107,0855793001,0.013542372881355931,2
2020-09-13,5eea1f4c438408590be478f1da4bf401024db06030b0550f55e8dff14d06a107,0906612002,0.06777966101694916,2
2020-09-13,5eea1f4c438408590be478f1da4bf401024db06030b0550f55e8dff14d06a107,0900237001,0.06777966101694916,2
2020-09-13,5eea1f4c438408590be478f1da4bf401024db06030b0550f55e8dff14d06a107,0864224005,0.050830508474576264,2
2020-09-13,64b290c86380f703eb2dc8773489bafa004cabbce63292ff0c225a8eb620b06e,0297067002,0.016932203389830508,1
2020-09-13,659f54156d632b72b1938603b06cae19149645095bb7bec5f1c2df94eee143e3,0898692006,0.06777966101694916,1
2020-09-13,6705c23f70657b4f24d6137cd45a8932929c4d07863723fd1ed922535fc81a21,0821417004,0.044050847457627114,1
2020-09-13,68e85de5abac774cb6ffb7e734eef9731468a61dab5cfa84da40354ea28f4f8a,0869203003,0.025406779661016947,2
2020-09-13,68e85de5abac774cb6ffb7e734eef9731468a61dab5cfa84da40354ea28f4f8a,0902992001,0.025406779661016947,2
2020-09-13,7055f5cc8862d1f742470aed4e12538cb8b1595dd470dc33392531f6ef12a1f5,0564358059,0.033881355932203386,1
2020-09-13,7055f5cc8862d1f742470aed4e12538cb8b1595dd470dc33392531f6ef12a1f5,0762846027,0.025406779661016947,1
2020-09-13,7055f5cc8862d1f742470aed4e12538cb8b1595dd470dc33392531f6ef12a1f5,0685816001,0.008457627118644067,1
2020-09-13,7055f5cc8862d1f742470aed4e12538cb8b1595dd470dc33392531f6ef12a1f5,0685816001,0.008457627118644067,1
2020-09-13,7055f5cc8862d1f742470aed4e12538cb8b1595dd470dc33392531f6ef12a1f5,0721390005,0.033881355932203386,1
2020-09-13,7055f5cc8862d1f742470aed4e12538cb8b1595dd470dc33392531f6ef12a1f5,0832520002,0.025406779661016947,1
2020-09-13,74fd26490a3cd64b3789259d3e568eff5befa3487f6032a7a38634b964aa379e,0809411005,0.022016949152542376,1
2020-09-13,74fd26490a3cd64b3789259d3e568eff5befa3487f6032a7a38634b964aa379e,0759465001,0.011847457627118646,1
2020-09-13,7505c1e8209bfe13c15ed2c2f10b9711db3b6365a44a394cf9dc1e93ef6ff00c,0777892001,0.033881355932203386,2
2020-09-13,777e83e451b221454cfe6d0fade7f2222d66678c857e68d37c58392f66654956,0733097001,0.01594915254237288,1
2020-09-13,777e83e451b221454cfe6d0fade7f2222d66678c857e68d37c58392f66654956,0767423001,0.023932203389830507,1
2020-09-13,777e83e451b221454cfe6d0fade7f2222d66678c857e68d37c58392f66654956,0624486003,0.01276271186440678,1
2020-09-13,777e83e451b221454cfe6d0fade7f2222d66678c857e68d37c58392f66654956,0624486001,0.01276271186440678,1
2020-09-13,777e83e451b221454cfe6d0fade7f2222d66678c857e68d37c58392f66654956,0372860002,0.01276271186440678,1
2020-09-13,777e83e451b221454cfe6d0fade7f2222d66678c857e68d37c58392f66654956,0928331002,0.03189830508474576,1
2020-09-13,7e6041713e51e08825a1da8a6c6a164af3281b6b0ef230a954c11d5d4ca8c54a,0658030029,0.050830508474576264,1
2020-09-13,7e6041713e51e08825a1da8a6c6a164af3281b6b0ef230a954c11d5d4ca8c54a,0762846031,0.025406779661016947,1
2020-09-13,7e6041713e51e08825a1da8a6c6a164af3281b6b0ef230a954c11d5d4ca8c54a,0911870002,0.033881355932203386,1
2020-09-13,82dbe80e496399401a3bc7feb52b77895091cee174569a0e35759b14158f4b5a,0877274003,0.033881355932203386,2
2020-09-13,82dbe80e496399401a3bc7feb52b77895091cee174569a0e35759b14158f4b5a,0877274003,0.033881355932203386,2
2020-09-13,82dbe80e496399401a3bc7feb52b77895091cee174569a0e35759b14158f4b5a,0751471043,0.033881355932203386,2
2020-09-13,882f8701a55a14c2adde39d901dfbef6291648f810b2512ed09365853827f85e,0915529005,0.033881355932203386,2
2020-09-13,882f8701a55a14c2adde39d901dfbef6291648f810b2512ed09365853827f85e,0448509014,0.042355932203389825,2
2020-09-13,882f8701a55a14c2adde39d901dfbef6291648f810b2512ed09365853827f85e,0809238001,0.042355932203389825,2
2020-09-13,8fa213ec6299a8075a6e01516f4f6d57075dba670fef6fc85b8ec91e2fbea3b2,0898889001,0.05930508474576271,2
2020-09-13,935c828559dff041d7631f5e9f04cddb6d254a7cc101e462bb25d858658ab03e,0908081004,0.042355932203389825,2
2020-09-13,935c828559dff041d7631f5e9f04cddb6d254a7cc101e462bb25d858658ab03e,0910601003,0.042355932203389825,2
2020-09-13,935c828559dff041d7631f5e9f04cddb6d254a7cc101e462bb25d858658ab03e,0910601003,0.042355932203389825,2
2020-09-13,935c828559dff041d7631f5e9f04cddb6d254a7cc101e462bb25d858658ab03e,0915526001,0.033881355932203386,2
2020-09-13,935c828559dff041d7631f5e9f04cddb6d254a7cc101e462bb25d858658ab03e,0915526001,0.033881355932203386,2
2020-09-13,935c828559dff041d7631f5e9f04cddb6d254a7cc101e462bb25d858658ab03e,0909721002,0.042355932203389825,2
2020-09-13,935c828559dff041d7631f5e9f04cddb6d254a7cc101e462bb25d858658ab03e,0909721002,0.042355932203389825,2
2020-09-13,935c828559dff041d7631f5e9f04cddb6d254a7cc101e462bb25d858658ab03e,0923758001,0.033881355932203386,2
2020-09-13,935c828559dff041d7631f5e9f04cddb6d254a7cc101e462bb25d858658ab03e,0923758001,0.033881355932203386,2
2020-09-13,935c828559dff041d7631f5e9f04cddb6d254a7cc101e462bb25d858658ab03e,0873276003,0.033881355932203386,2
2020-09-13,935c828559dff041d7631f5e9f04cddb6d254a7cc101e462bb25d858658ab03e,0893141002,0.050830508474576264,2
2020-09-13,935c828559dff041d7631f5e9f04cddb6d254a7cc101e462bb25d858658ab03e,0915526002,0.033881355932203386,2
2020-09-13,935c828559dff041d7631f5e9f04cddb6d254a7cc101e462bb25d858658ab03e,0893352002,0.10167796610169492,2
2020-09-13,935c828559dff041d7631f5e9f04cddb6d254a7cc101e462bb25d858658ab03e,0894780001,0.033881355932203386,2
2020-09-13,94ebb33a6e1b3d8b4dcddb5abb0209f68cfe3d1563bb0f113fe282d30ab17961,0901330001,0.0457457627118644,1
2020-09-13,975720448d3b89210506ac9c7312ec5ea6d15979ef6fcffe850f7e0555c4ae39,0679854005,0.010152542372881357,2
2020-09-13,9c9ca16a2176b0ce0ae5d6fa04e7e752f95a9fa12d8e3198449c4257d47d7da0,0716672018,0.025406779661016947,1
2020-09-13,9c9ca16a2176b0ce0ae5d6fa04e7e752f95a9fa12d8e3198449c4257d47d7da0,0887659004,0.008457627118644067,1
2020-09-13,9d5acccfed067eea6df99a0d67b482ad048cbd22619c185950bf759f9ab8a2c4,0906635003,0.01523728813559322,1
2020-09-13,9d5acccfed067eea6df99a0d67b482ad048cbd22619c185950bf759f9ab8a2c4,0915101005,0.008457627118644067,1
2020-09-13,a28643ca6d5ae93222e815d1a0932dbf4d3732bbedf6f09c875285a76d382789,0827792002,0.042355932203389825,2
2020-09-13,a28643ca6d5ae93222e815d1a0932dbf4d3732bbedf6f09c875285a76d382789,0909802002,0.21864406779661016,2
2020-09-13,a2fbe5407e39476e2510be551a8edc34e2b7e354baa9184f91fb26380eb80b41,0863583002,0.033881355932203386,2
2020-09-13,a2fbe5407e39476e2510be551a8edc34e2b7e354baa9184f91fb26380eb80b41,0863583002,0.033881355932203386,2
2020-09-13,a2fbe5407e39476e2510be551a8edc34e2b7e354baa9184f91fb26380eb80b41,0919829001,0.042355932203389825,2
2020-09-13,a2fbe5407e39476e2510be551a8edc34e2b7e354baa9184f91fb26380eb80b41,0896169002,0.050830508474576264,2
2020-09-13,a2fbe5407e39476e2510be551a8edc34e2b7e354baa9184f91fb26380eb80b41,0896169002,0.050830508474576264,2
2020-09-13,a37cb2ac0bd89c24bcb0dea87a7c9bb25301d2e993cd04c7ea95089559e0e6ed,0456163086,0.033881355932203386,1
2020-09-13,a37cb2ac0bd89c24bcb0dea87a7c9bb25301d2e993cd04c7ea95089559e0e6ed,0888343003,0.050830508474576264,1
2020-09-13,a37cb2ac0bd89c24bcb0dea87a7c9bb25301d2e993cd04c7ea95089559e0e6ed,0892663002,0.033881355932203386,1
2020-09-13,a37cb2ac0bd89c24bcb0dea87a7c9bb25301d2e993cd04c7ea95089559e0e6ed,0456163085,0.033881355932203386,1
2020-09-13,a37cb2ac0bd89c24bcb0dea87a7c9bb25301d2e993cd04c7ea95089559e0e6ed,0456163083,0.033881355932203386,1
2020-09-13,a37cb2ac0bd89c24bcb0dea87a7c9bb25301d2e993cd04c7ea95089559e0e6ed,0237347063,0.033881355932203386,1
2020-09-13,a39370e78f1805180148c39f0dabe874014bb88867880a59051fe21933bb4eca,0892309001,0.016932203389830508,1
2020-09-13,a39370e78f1805180148c39f0dabe874014bb88867880a59051fe21933bb4eca,0885951001,0.03049152542372881,1
2020-09-13,a39370e78f1805180148c39f0dabe874014bb88867880a59051fe21933bb4eca,0688537004,0.016932203389830508,1
2020-09-13,a3bcca3cc313db82afa9ff6900b88417dd224a0ceb80f025cf4655f6f21af931,0867966010,0.028796610169491522,2
2020-09-13,a54fc4789e5f3512759c4a0fc510f8cea4710f2f6404207867474e7aab4d4b5d,0852614001,0.033881355932203386,2
2020-09-13,a54fc4789e5f3512759c4a0fc510f8cea4710f2f6404207867474e7aab4d4b5d,0928912001,0.008457627118644067,2
2020-09-13,b38053129d4c75dd9f67c6e61fc54f56ac462a845f473a07a8a33f9292c42f20,0904584008,0.022016949152542376,2
2020-09-13,b38053129d4c75dd9f67c6e61fc54f56ac462a845f473a07a8a33f9292c42f20,0904584007,0.022016949152542376,2
2020-09-13,b6031bb7077b417e7b86532aab8f21981b1b0a6e845d109af66264fab245a90e,0882900008,0.06777966101694916,1
2020-09-13,b6031bb7077b417e7b86532aab8f21981b1b0a6e845d109af66264fab245a90e,0898107003,0.025406779661016947,1
2020-09-13,b6031bb7077b417e7b86532aab8f21981b1b0a6e845d109af66264fab245a90e,0736870001,0.016932203389830508,1
2020-09-13,b6031bb7077b417e7b86532aab8f21981b1b0a6e845d109af66264fab245a90e,0873678010,0.025406779661016947,1
2020-09-13,b6031bb7077b417e7b86532aab8f21981b1b0a6e845d109af66264fab245a90e,0904736001,0.033881355932203386,1
2020-09-13,b6031bb7077b417e7b86532aab8f21981b1b0a6e845d109af66264fab245a90e,0927922001,0.033881355932203386,1
2020-09-13,b7216cc0c4aa4a12159ffac58f464df9e9e0f34d466392359c78331363fe486f,0882900008,0.06777966101694916,2
2020-09-13,b7216cc0c4aa4a12159ffac58f464df9e9e0f34d466392359c78331363fe486f,0882900008,0.06777966101694916,2
2020-09-13,b7216cc0c4aa4a12159ffac58f464df9e9e0f34d466392359c78331363fe486f,0920084004,0.05930508474576271,2
2020-09-13,b7216cc0c4aa4a12159ffac58f464df9e9e0f34d466392359c78331363fe486f,0920084004,0.05930508474576271,2
2020-09-13,b7216cc0c4aa4a12159ffac58f464df9e9e0f34d466392359c78331363fe486f,0924243002,0.042355932203389825,2
2020-09-13,b7216cc0c4aa4a12159ffac58f464df9e9e0f34d466392359c78331363fe486f,0909914002,0.050830508474576264,2
2020-09-13,b7216cc0c4aa4a12159ffac58f464df9e9e0f34d466392359c78331363fe486f,0924243001,0.042355932203389825,2
2020-09-13,b7216cc0c4aa4a12159ffac58f464df9e9e0f34d466392359c78331363fe486f,0882900004,0.06777966101694916,2
2020-09-13,b7216cc0c4aa4a12159ffac58f464df9e9e0f34d466392359c78331363fe486f,0882900004,0.06777966101694916,2
2020-09-13,b7216cc0c4aa4a12159ffac58f464df9e9e0f34d466392359c78331363fe486f,0929745001,0.050830508474576264,2
2020-09-13,bd2ec7180d370bfea1ec131fc6a4aea2bb3405c684930b8bf5fc2df7f62539f3,0914441005,0.033881355932203386,1
2020-09-13,bd2ec7180d370bfea1ec131fc6a4aea2bb3405c684930b8bf5fc2df7f62539f3,0835008011,0.025406779661016947,1
2020-09-13,bd2ec7180d370bfea1ec131fc6a4aea2bb3405c684930b8bf5fc2df7f62539f3,0829991002,0.010152542372881357,1
2020-09-13,bd2ec7180d370bfea1ec131fc6a4aea2bb3405c684930b8bf5fc2df7f62539f3,0873678003,0.025406779661016947,1
2020-09-13,bd2ec7180d370bfea1ec131fc6a4aea2bb3405c684930b8bf5fc2df7f62539f3,0873678003,0.025406779661016947,1
2020-09-13,bd2ec7180d370bfea1ec131fc6a4aea2bb3405c684930b8bf5fc2df7f62539f3,0849738002,0.01523728813559322,1
2020-09-13,bd2ec7180d370bfea1ec131fc6a4aea2bb3405c684930b8bf5fc2df7f62539f3,0728156006,0.050830508474576264,1
2020-09-13,bd2ec7180d370bfea1ec131fc6a4aea2bb3405c684930b8bf5fc2df7f62539f3,0728156006,0.050830508474576264,1
2020-09-13,bd732d4cc63fd2aca526e374b9e881059eb4a1cf107cb0601580faa5ebdd27f1,0881111008,0.08018644067796611,2
2020-09-13,bd732d4cc63fd2aca526e374b9e881059eb4a1cf107cb0601580faa5ebdd27f1,0573085042,0.032084745762711864,2
2020-09-13,bd732d4cc63fd2aca526e374b9e881059eb4a1cf107cb0601580faa5ebdd27f1,0706016053,0.032084745762711864,2
2020-09-13,bd732d4cc63fd2aca526e374b9e881059eb4a1cf107cb0601580faa5ebdd27f1,0706016038,0.032084745762711864,2
2020-09-13,bd732d4cc63fd2aca526e374b9e881059eb4a1cf107cb0601580faa5ebdd27f1,0882899003,0.06415254237288136,2
2020-09-13,be94373630b30a0c308545a8771ae51f29f69ef276e82519908f9d8f9958d8c1,0856440002,0.042355932203389825,2
2020-09-13,c237500faa3ca1f714751d21ed9117cc77a917b74e28982595952b8c0ee20b71,0794321007,0.06777966101694916,2
2020-09-13,c237500faa3ca1f714751d21ed9117cc77a917b74e28982595952b8c0ee20b71,0805000008,0.050830508474576264,2
2020-09-13,c237500faa3ca1f714751d21ed9117cc77a917b74e28982595952b8c0ee20b71,0740519006,0.050830508474576264,2
2020-09-13,c6afc62d3056806e0782c67ee7cf74e03c19646ee495a8d8f1c8e0bf63b37dc2,0933706001,0.016932203389830508,2
2020-09-13,c6afc62d3056806e0782c67ee7cf74e03c19646ee495a8d8f1c8e0bf63b37dc2,0933706001,0.016932203389830508,2
2020-09-13,c798e4675d1f80d4b4dd0502c8a731ddd06cb5f414d8566261ce5d3043faf4af,0685816001,0.008457627118644067,1
2020-09-13,c798e4675d1f80d4b4dd0502c8a731ddd06cb5f414d8566261ce5d3043faf4af,0685816053,0.008457627118644067,1
2020-09-13,c798e4675d1f80d4b4dd0502c8a731ddd06cb5f414d8566261ce5d3043faf4af,0639448001,0.050830508474576264,1
2020-09-13,c9defcc397e65eea1fa4b3b15400ef4db09f279c9e9ed12c83514c57f3c12840,0720125043,0.033881355932203386,1
2020-09-13,c9defcc397e65eea1fa4b3b15400ef4db09f279c9e9ed12c83514c57f3c12840,0762846006,0.025406779661016947,1
2020-09-13,c9defcc397e65eea1fa4b3b15400ef4db09f279c9e9ed12c83514c57f3c12840,0568601044,0.050830508474576264,1
2020-09-13,c9defcc397e65eea1fa4b3b15400ef4db09f279c9e9ed12c83514c57f3c12840,0779781013,0.042355932203389825,1
2020-09-13,ca42d0a9e3703ab3a15d442ca35bae3dcaf44e133542f1f7cadf6cdd4e8af7cd,0915526002,0.033881355932203386,2
2020-09-13,d00bde7fdc14646fa77a1cccdc5805a8ef488643ca8eab27aa4a8d25c033e4f8,0926166001,0.050830508474576264,2
2020-09-13,d2bc67cc4138d1ec3bcf51b92faf2193e5eccf8094b7d2318be2a1e8a272bd7d,0922987001,0.033881355932203386,2
2020-09-13,d2bc67cc4138d1ec3bcf51b92faf2193e5eccf8094b7d2318be2a1e8a272bd7d,0811993022,0.050830508474576264,2
2020-09-13,d32f1831e12861b858658bf5f8d4105d9e6e4ef8da91680215b8499b58c232a9,0924243001,0.042355932203389825,2
2020-09-13,d32f1831e12861b858658bf5f8d4105d9e6e4ef8da91680215b8499b58c232a9,0547780040,0.025406779661016947,2
2020-09-13,d77c78f03be3381128e74bce5d4e788803aee762101515e645957135a3d12569,0871997002,0.033881355932203386,2
2020-09-13,d77c78f03be3381128e74bce5d4e788803aee762101515e645957135a3d12569,0876043001,0.025406779661016947,2
2020-09-13,de80969ba365ae1f7676221cbe33c7e95b548102a81a3ba2435cd4fa594127ab,0683001020,0.016932203389830508,2
2020-09-13,de80969ba365ae1f7676221cbe33c7e95b548102a81a3ba2435cd4fa594127ab,0803757023,0.016932203389830508,2
2020-09-13,de80969ba365ae1f7676221cbe33c7e95b548102a81a3ba2435cd4fa594127ab,0904730002,0.08472881355932205,2
2020-09-13,eb801493a53671e37122cd1dd3f5727c00ae9782312bef726b84fa39ddce1075,0903926002,0.050830508474576264,2
2020-09-13,eb801493a53671e37122cd1dd3f5727c00ae9782312bef726b84fa39ddce1075,0914805002,0.050830508474576264,2
2020-09-13,eb801493a53671e37122cd1dd3f5727c00ae9782312bef726b84fa39ddce1075,0828912004,0.05930508474576271,2
2020-09-13,ed46d25b58849756545e1e06ed6b6b64db158b8a729b676735ded966fa65b6e5,0903049003,0.06777966101694916,2
2020-09-13,ed46d25b58849756545e1e06ed6b6b64db158b8a729b676735ded966fa65b6e5,0896064001,0.050830508474576264,2
2020-09-13,edafec01114f8ed641d062b178b8c6f794f3ef415b395ea314f2d0a9a57d2d23,0900279002,0.042355932203389825,2
2020-09-13,edafec01114f8ed641d062b178b8c6f794f3ef415b395ea314f2d0a9a57d2d23,0876171001,0.042355932203389825,2
2020-09-13,f8512012190e5168661ab73153798bc008da3fc0a4e03904a1b06631bb4bb1cb,0912095005,0.033881355932203386,2
2020-09-13,f8512012190e5168661ab73153798bc008da3fc0a4e03904a1b06631bb4bb1cb,0928097001,0.06777966101694916,2
2020-09-13,f8512012190e5168661ab73153798bc008da3fc0a4e03904a1b06631bb4bb1cb,0751471043,0.033881355932203386,2
2020-09-13,f8512012190e5168661ab73153798bc008da3fc0a4e03904a1b06631bb4bb1cb,0914805002,0.050830508474576264,2
2020-09-13,f8512012190e5168661ab73153798bc008da3fc0a4e03904a1b06631bb4bb1cb,0796210001,0.025406779661016947,2
2020-09-13,f8512012190e5168661ab73153798bc008da3fc0a4e03904a1b06631bb4bb1cb,0912100001,0.050830508474576264,2
2020-09-13,ff0648e6c297856646f2de5af16371480057b2c3dbd47b0d6b39c04f421e0ecb,0652730004,0.04320338983050847,2
2020-09-14,008011b65328e91de7dca4172d414872040ca1efd18a713420f565e898276628,0832307007,0.06777966101694916,2
2020-09-14,008011b65328e91de7dca4172d414872040ca1efd18a713420f565e898276628,0907121001,0.050830508474576264,2
2020-09-14,0272f36335c7010611d058825d7c46a65a9a83252c1735f0891505dd53a6c634,0853911001,0.028457627118644063,1
2020-09-14,0272f36335c7010611d058825d7c46a65a9a83252c1735f0891505dd53a6c634,0865076001,0.007101694915254238,1
2020-09-14,03d26a2ca2481badbfa05ba887d1a7293f11ed3ebc5082066ee0565e6a806644,0736870017,0.016932203389830508,1
2020-09-14,03d26a2ca2481badbfa05ba887d1a7293f11ed3ebc5082066ee0565e6a806644,0872618001,0.011847457627118646,1
2020-09-14,14b9cf890d834638eab85b1339b8a5aff8248e1ea162d294a7b5133ee85c4b5a,0882203001,0.025406779661016947,2
2020-09-14,14b9cf890d834638eab85b1339b8a5aff8248e1ea162d294a7b5133ee85c4b5a,0673677002,0.025406779661016947,2
2020-09-14,1914b23f69ff7479fe7b0b335c05ec1cc4d17dac5272b6ef83a0d1fe85d7a3eb,0884465001,0.11862711864406779,2
2020-09-14,1ec5d58bfde26c8dbfe8f15b30deb0f0e4bc29c7b010955ce09285183ebf1426,0852663002,0.0545593220338983,2
2020-09-14,1ec5d58bfde26c8dbfe8f15b30deb0f0e4bc29c7b010955ce09285183ebf1426,0762846006,0.023372881355932202,2
2020-09-14,1fa02c797a03d243668497e66b7ab5792703a894391927233ec462f09df62865,0748595003,0.06777966101694916,2
2020-09-14,1fa02c797a03d243668497e66b7ab5792703a894391927233ec462f09df62865,0842028004,0.033881355932203386,2
2020-09-14,1fa02c797a03d243668497e66b7ab5792703a894391927233ec462f09df62865,0932243003,0.025406779661016947,2
2020-09-14,1fa02c797a03d243668497e66b7ab5792703a894391927233ec462f09df62865,0902026002,0.10167796610169492,2
2020-09-14,23aae347b55077295ba9d20412f37906dea5da401b360777fea32559e3041f83,0803593009,0.05566101694915255,2
2020-09-14,23aae347b55077295ba9d20412f37906dea5da401b360777fea32559e3041f83,0918525001,0.04769491525423729,2
2020-09-14,24cce8419e700780c2ebf43f4137f9ad27ca9be048e1c21d670848bfadd12a5d,0918292004,0.042355932203389825,1
2020-09-14,24cce8419e700780c2ebf43f4137f9ad27ca9be048e1c21d670848bfadd12a5d,0869331006,0.03049152542372881,1
2020-09-14,24cce8419e700780c2ebf43f4137f9ad27ca9be048e1c21d670848bfadd12a5d,0893133001,0.042355932203389825,1
2020-09-14,24cce8419e700780c2ebf43f4137f9ad27ca9be048e1c21d670848bfadd12a5d,0805000010,0.050830508474576264,1
2020-09-14,24cce8419e700780c2ebf43f4137f9ad27ca9be048e1c21d670848bfadd12a5d,0791587015,0.025406779661016947,1
2020-09-14,28d657ab7d11b7c53579f9e87018acbbf90a7f82b363c0f590a2a624b1ca348f,0781613006,0.025406779661016947,1
2020-09-14,2c53ebc305df4c5dc00ac464b2215d24bb85ffc6c91d2def567a5300815fac79,0517729096,0.006084745762711864,1
2020-09-14,2c53ebc305df4c5dc00ac464b2215d24bb85ffc6c91d2def567a5300815fac79,0883684002,0.01523728813559322,1
2020-09-14,2c53ebc305df4c5dc00ac464b2215d24bb85ffc6c91d2def567a5300815fac79,0894756002,0.022016949152542376,1
2020-09-14,2fb94d3e7b3b925a9ae3e50553810f8d65225c507bf3d849af5489a0f45b7cfb,0863561001,0.022016949152542376,1
2020-09-14,3c61dac11f8b80aaa41bda8b8817659160b6f719c2472361e4b3616386926202,0763988013,0.025406779661016947,1
2020-09-14,3c61dac11f8b80aaa41bda8b8817659160b6f719c2472361e4b3616386926202,0763988004,0.025406779661016947,1
2020-09-14,3c61dac11f8b80aaa41bda8b8817659160b6f719c2472361e4b3616386926202,0903362001,0.06777966101694916,1
2020-09-14,3f2a1a835630dbec2d5adc4679a171ee384ee87b8c4623213ea407b557022370,0864415005,0.016932203389830508,1
2020-09-14,3f2a1a835630dbec2d5adc4679a171ee384ee87b8c4623213ea407b557022370,0894756004,0.022016949152542376,1
2020-09-14,4192fb73156130453bf6e481e3d39d1494b04d28680e9c7b98dcab3c6daa3f37,0894668005,0.025406779661016947,2
2020-09-14,4192fb73156130453bf6e481e3d39d1494b04d28680e9c7b98dcab3c6daa3f37,0820906002,0.050830508474576264,2
2020-09-14,45dd19494fac04ddeba16767ab3cc9b6e173fb192028a17d03b57cae28bc6e60,0618287009,0.027101694915254236,2
2020-09-14,45dd19494fac04ddeba16767ab3cc9b6e173fb192028a17d03b57cae28bc6e60,0888026003,0.028796610169491522,2
2020-09-14,45dd19494fac04ddeba16767ab3cc9b6e173fb192028a17d03b57cae28bc6e60,0888026003,0.028796610169491522,2
2020-09-14,4c7bf560447122f25d7a2737333f3cc4c63c460bd7834de0119fcbdb97701822,0806388003,0.013542372881355931,1
2020-09-14,4c7bf560447122f25d7a2737333f3cc4c63c460bd7834de0119fcbdb97701822,0806388004,0.013542372881355931,1
2020-09-14,5293954fca530d80b0b43137d30a0aaa156fe144f0ca1185a0172c68a50859e2,0915529003,0.033881355932203386,2
2020-09-14,5293954fca530d80b0b43137d30a0aaa156fe144f0ca1185a0172c68a50859e2,0906100001,0.08472881355932205,2
2020-09-14,5293954fca530d80b0b43137d30a0aaa156fe144f0ca1185a0172c68a50859e2,0860239001,0.05930508474576271,2
2020-09-14,5293954fca530d80b0b43137d30a0aaa156fe144f0ca1185a0172c68a50859e2,0918525001,0.050830508474576264,2
2020-09-14,5293954fca530d80b0b43137d30a0aaa156fe144f0ca1185a0172c68a50859e2,0673677002,0.025406779661016947,2
2020-09-14,55859ce9a7c9c357d4893c8f5d73a95f4274316eaa3a1fba0f5ba12e0ff346de,0806388001,0.013542372881355931,2
2020-09-14,55859ce9a7c9c357d4893c8f5d73a95f4274316eaa3a1fba0f5ba12e0ff346de,0806388005,0.013542372881355931,2
2020-09-14,5601aeb63bcc9e2e58a4e04e54156494838d0c466e00a3bf30619d3ed2f5fa4e,0158340001,0.01128813559322034,1
2020-09-14,5601aeb63bcc9e2e58a4e04e54156494838d0c466e00a3bf30619d3ed2f5fa4e,0158340001,0.01128813559322034,1
2020-09-14,5601aeb63bcc9e2e58a4e04e54156494838d0c466e00a3bf30619d3ed2f5fa4e,0417951005,0.01128813559322034,1
2020-09-14,5ac849edf5251fc33858d195fcaa07d2c390f6af12764b5ae6fcd5f6a50e69e6,0931181001,0.008457627118644067,2
2020-09-14,5ac849edf5251fc33858d195fcaa07d2c390f6af12764b5ae6fcd5f6a50e69e6,0931181001,0.008457627118644067,2
2020-09-14,619fc04623345755e9e0ffea01e03d2a1d64f4d7591a138ed367ff55068dd405,0865799006,0.033881355932203386,2
2020-09-14,619fc04623345755e9e0ffea01e03d2a1d64f4d7591a138ed367ff55068dd405,0909911001,0.042355932203389825,2
2020-09-14,619fc04623345755e9e0ffea01e03d2a1d64f4d7591a138ed367ff55068dd405,0865799005,0.033881355932203386,2
2020-09-14,619fc04623345755e9e0ffea01e03d2a1d64f4d7591a138ed367ff55068dd405,0909912001,0.042355932203389825,2
2020-09-14,619fc04623345755e9e0ffea01e03d2a1d64f4d7591a138ed367ff55068dd405,0887467001,0.03049152542372881,2
2020-09-14,619fc04623345755e9e0ffea01e03d2a1d64f4d7591a138ed367ff55068dd405,0911870004,0.033881355932203386,2
2020-09-14,619fc04623345755e9e0ffea01e03d2a1d64f4d7591a138ed367ff55068dd405,0914805002,0.050830508474576264,2
2020-09-14,619fc04623345755e9e0ffea01e03d2a1d64f4d7591a138ed367ff55068dd405,0863583001,0.033881355932203386,2
2020-09-14,619fc04623345755e9e0ffea01e03d2a1d64f4d7591a138ed367ff55068dd405,0872973001,0.042355932203389825,2
2020-09-14,619fc04623345755e9e0ffea01e03d2a1d64f4d7591a138ed367ff55068dd405,0909921002,0.025406779661016947,2
2020-09-14,619fc04623345755e9e0ffea01e03d2a1d64f4d7591a138ed367ff55068dd405,0863646001,0.033881355932203386,2
2020-09-14,619fc04623345755e9e0ffea01e03d2a1d64f4d7591a138ed367ff55068dd405,0887467002,0.03049152542372881,2
2020-09-14,619fc04623345755e9e0ffea01e03d2a1d64f4d7591a138ed367ff55068dd405,0906296003,0.042355932203389825,2
2020-09-14,619fc04623345755e9e0ffea01e03d2a1d64f4d7591a138ed367ff55068dd405,0902419001,0.050830508474576264,2
2020-09-14,619fc04623345755e9e0ffea01e03d2a1d64f4d7591a138ed367ff55068dd405,0909921001,0.025406779661016947,2
2020-09-14,619fc04623345755e9e0ffea01e03d2a1d64f4d7591a138ed367ff55068dd405,0894685002,0.042355932203389825,2
2020-09-14,65281305d0c4803c7909ae16708fd7fc2c790887823ebca16c4979b5203455a8,0372860001,0.013542372881355931,1
2020-09-14,65281305d0c4803c7909ae16708fd7fc2c790887823ebca16c4979b5203455a8,0507909001,0.025406779661016947,1
2020-09-14,6653d82fe13a9482fc0ef2fb6697ed3558463a059a5c122f24542e845ac14696,0872477002,0.008457627118644067,1
2020-09-14,6653d82fe13a9482fc0ef2fb6697ed3558463a059a5c122f24542e845ac14696,0803587003,0.010152542372881357,1
2020-09-14,6653d82fe13a9482fc0ef2fb6697ed3558463a059a5c122f24542e845ac14696,0893637002,0.008457627118644067,1
2020-09-14,66f5fb0e68e8019bf03c4d83aca24020bc196ab820307888d06fcb31a39f6dbd,0679854007,0.016932203389830508,1
2020-09-14,7015dfcb5ee091a7b6d6012daba9eb1192361b6c8d34863afc2e6edbe20428c2,0880597001,0.011847457627118646,1
2020-09-14,7015dfcb5ee091a7b6d6012daba9eb1192361b6c8d34863afc2e6edbe20428c2,0817110005,0.016932203389830508,1
2020-09-14,711b51e17078d24f1e526192859d40ab6cc78c4e5ebfe69f1c9095b41eb87a1f,0759871003,0.0033728813559322033,1
2020-09-14,711b51e17078d24f1e526192859d40ab6cc78c4e5ebfe69f1c9095b41eb87a1f,0821513001,0.016932203389830508,1
2020-09-14,711b51e17078d24f1e526192859d40ab6cc78c4e5ebfe69f1c9095b41eb87a1f,0850259004,0.008457627118644067,1
2020-09-14,7b19716528c955c28845efaeb1b40b1f253f5b0953a5781bac124e159115e41e,0433414041,0.042355932203389825,2
2020-09-14,7b19716528c955c28845efaeb1b40b1f253f5b0953a5781bac124e159115e41e,0534164036,0.033881355932203386,2
2020-09-14,7b19716528c955c28845efaeb1b40b1f253f5b0953a5781bac124e159115e41e,0917288002,0.050830508474576264,2
2020-09-14,8437a97c60fc534042b778282a57778aaacfc3517902aac74f8388f6bb5648da,0879084004,0.033881355932203386,2
2020-09-14,8554422b8cf206d500067564f46c97102668b6f9eaf002539419ea699b98693f,0856405001,0.050830508474576264,2
2020-09-14,8554422b8cf206d500067564f46c97102668b6f9eaf002539419ea699b98693f,0888571001,0.042355932203389825,2
2020-09-14,890321f004542846939fee6db1ec33fd6322b7b9ddf24840b719651c0283ff59,0903420001,0.033881355932203386,2
2020-09-14,890321f004542846939fee6db1ec33fd6322b7b9ddf24840b719651c0283ff59,0448509014,0.042355932203389825,2
2020-09-14,8a1e0f223bc943648ec610864c5033e4ecc9485b7e10e50b9b6e3433a829c3a3,0781613006,0.050830508474576264,2
2020-09-14,8d492227cf81ee6525cd96e89628a969d8f0d83a16bf84059ed01590de813e78,0907702002,0.016932203389830508,2
2020-09-14,8d492227cf81ee6525cd96e89628a969d8f0d83a16bf84059ed01590de813e78,0907702002,0.016932203389830508,2
2020-09-14,8d492227cf81ee6525cd96e89628a969d8f0d83a16bf84059ed01590de813e78,0759814036,0.033881355932203386,2
2020-09-14,8d492227cf81ee6525cd96e89628a969d8f0d83a16bf84059ed01590de813e78,0759814036,0.033881355932203386,2
2020-09-14,8d492227cf81ee6525cd96e89628a969d8f0d83a16bf84059ed01590de813e78,0547780003,0.025406779661016947,2
2020-09-14,9df3aa765a2111e26c5983127809977b5ae178e6244d7c9234dc0c3454ba8904,0909370001,0.033881355932203386,1
2020-09-14,9f10fbd1233fedac1202318aef839caae9b752e900f6d9ad20a77d57e18e219c,0723469002,0.025406779661016947,2
2020-09-14,9f10fbd1233fedac1202318aef839caae9b752e900f6d9ad20a77d57e18e219c,0894780001,0.033881355932203386,2
2020-09-14,a2b171ce30081971eed0388d661bd033c8f99279a557197e79c04b7137106e2c,0890042001,0.050830508474576264,2
2020-09-14,a2b171ce30081971eed0388d661bd033c8f99279a557197e79c04b7137106e2c,0904730002,0.08472881355932205,2
2020-09-14,a2b171ce30081971eed0388d661bd033c8f99279a557197e79c04b7137106e2c,0904730002,0.08472881355932205,2
2020-09-14,a2c2f146627483e8cf18e4fcc390412aa1a1dfb6a14f27a9294c8703340eae97,0754238024,0.025406779661016947,2
2020-09-14,a2c2f146627483e8cf18e4fcc390412aa1a1dfb6a14f27a9294c8703340eae97,0794575001,0.033881355932203386,2
2020-09-14,a2c2f146627483e8cf18e4fcc390412aa1a1dfb6a14f27a9294c8703340eae97,0865799006,0.033881355932203386,2
2020-09-14,a2c2f146627483e8cf18e4fcc390412aa1a1dfb6a14f27a9294c8703340eae97,0785018002,0.016932203389830508,2
2020-09-14,a3bcca3cc313db82afa9ff6900b88417dd224a0ceb80f025cf4655f6f21af931,0913688003,0.028796610169491522,2
2020-09-14,a809af1920a9ae2ddd0de7ce259278fa4c9ae71771076d9f36001347ec464f33,0858856002,0.042355932203389825,1
2020-09-14,aee5de91c0383c7e779727631d8f7aacfc1b37f15d9fc8c6446fe193f2e2aaa6,0699081001,0.013542372881355931,1
2020-09-14,aee5de91c0383c7e779727631d8f7aacfc1b37f15d9fc8c6446fe193f2e2aaa6,0832284001,0.01523728813559322,1
2020-09-14,af30ab93d1a52b07f6290ced3dc54ca3e5aa3668098521172c83d6bdf440692a,0685814048,0.033881355932203386,1
2020-09-14,af30ab93d1a52b07f6290ced3dc54ca3e5aa3668098521172c83d6bdf440692a,0851930001,0.05930508474576271,1
2020-09-14,b20d7a84232d61041e35e8a744362cb2339415df77886bebb7ddbaa678331f1c,0761406002,0.00676271186440678,1
2020-09-14,b26daf925c99e1f2d78429919ba40b2c779735b8de8c2624323babbe361eead4,0816586006,0.022864406779661017,1
2020-09-14,b26daf925c99e1f2d78429919ba40b2c779735b8de8c2624323babbe361eead4,0811835005,0.0274406779661017,1
2020-09-14,b3cc80a5909387c78d3cacd58dd3db842989e248200f656bd07cadbb99373bc0,0861121001,0.022016949152542376,1
2020-09-14,b63300963c3913ce52888d7599f8fb0ab3f0110be7b9a7b7d3319c597de28d31,0827760001,0.03179661016949153,1
2020-09-14,b63300963c3913ce52888d7599f8fb0ab3f0110be7b9a7b7d3319c597de28d31,0920529001,0.03179661016949153,1
2020-09-14,b63300963c3913ce52888d7599f8fb0ab3f0110be7b9a7b7d3319c597de28d31,0568808001,0.039745762711864405,1
2020-09-14,bb7d878ad6983d68165d2e93b4a7b6d6d09e7c5a31d1e55e5fd7fd80d9ec618c,0835168002,0.08294915254237288,2
2020-09-14,bb7d878ad6983d68165d2e93b4a7b6d6d09e7c5a31d1e55e5fd7fd80d9ec618c,0835168002,0.08294915254237288,2
2020-09-14,bb7d878ad6983d68165d2e93b4a7b6d6d09e7c5a31d1e55e5fd7fd80d9ec618c,0898694002,0.049762711864406776,2
2020-09-14,bb7d878ad6983d68165d2e93b4a7b6d6d09e7c5a31d1e55e5fd7fd80d9ec618c,0888343003,0.049762711864406776,2
2020-09-14,bb7d878ad6983d68165d2e93b4a7b6d6d09e7c5a31d1e55e5fd7fd80d9ec618c,0714790028,0.04974576271186441,2
2020-09-14,bfedd7a12d3b52a36c5ee2c8630bbf7ad07a31d67afd423b4da7254ab90a5236,0918292003,0.042355932203389825,2
2020-09-14,bfedd7a12d3b52a36c5ee2c8630bbf7ad07a31d67afd423b4da7254ab90a5236,0918292004,0.042355932203389825,2
2020-09-14,c42cb7171483539a44a9db53e415a1aa249596b5265e52d3003105c558d333fa,0715624001,0.025406779661016947,2
2020-09-14,c42cb7171483539a44a9db53e415a1aa249596b5265e52d3003105c558d333fa,0677930086,0.016932203389830508,2
2020-09-14,c73c4af08c238d1354a16affd2bf042c7c180583bcb2b1304a378a325609440d,0872901005,0.01905084745762712,2
2020-09-14,c73c4af08c238d1354a16affd2bf042c7c180583bcb2b1304a378a325609440d,0872901005,0.025406779661016947,2
2020-09-14,c8623b6c011b92deccd1ef86d16b342ad948c39bb606fcc13489ea2693468c85,0725929001,0.004220338983050848,2
2020-09-14,c8623b6c011b92deccd1ef86d16b342ad948c39bb606fcc13489ea2693468c85,0628466001,0.025406779661016947,2
2020-09-14,c8623b6c011b92deccd1ef86d16b342ad948c39bb606fcc13489ea2693468c85,0883501002,0.03049152542372881,2
2020-09-14,cb804b908bfe4749d4e0243121e6d797de89ad5ddc2cc720a64afdcdc33f7a72,0843642003,0.042355932203389825,2
2020-09-14,cb804b908bfe4749d4e0243121e6d797de89ad5ddc2cc720a64afdcdc33f7a72,0815456001,0.042355932203389825,2
2020-09-14,d0cc4aa4a5131cdfdf0f087c0608448dee1daf042e761bd18219c927c910f3d0,0871517016,0.025406779661016947,2
2020-09-14,d0cc4aa4a5131cdfdf0f087c0608448dee1daf042e761bd18219c927c910f3d0,0554450001,0.033881355932203386,2
2020-09-14,d0cc4aa4a5131cdfdf0f087c0608448dee1daf042e761bd18219c927c910f3d0,0871517012,0.025406779661016947,2
2020-09-14,d52b2a0df9a1714ed7315b949a9bfe4923969cb9bc4bdb4b2b5a6054d480bf5e,0908799002,0.033881355932203386,2
2020-09-14,d52b2a0df9a1714ed7315b949a9bfe4923969cb9bc4bdb4b2b5a6054d480bf5e,0908799002,0.033881355932203386,2
2020-09-14,e03aa213d463281884d73aa2e61c3bbe3de03cfca19f709fb1376080dd625121,0751471043,0.033881355932203386,2
2020-09-14,e3e1ae8ebc6401328364e3e948fbe9d4f0c19d93ae465420f4a4022d16a77611,0834063001,0.042355932203389825,2
2020-09-14,e3e1ae8ebc6401328364e3e948fbe9d4f0c19d93ae465420f4a4022d16a77611,0903861002,0.050830508474576264,2
2020-09-14,e3e1ae8ebc6401328364e3e948fbe9d4f0c19d93ae465420f4a4022d16a77611,0817047001,0.050830508474576264,2
2020-09-14,e3e1ae8ebc6401328364e3e948fbe9d4f0c19d93ae465420f4a4022d16a77611,0834063006,0.042355932203389825,2
2020-09-14,e6dd843641268d5856ca4665ff76386efbea717c4aa9975ba256f9ccfc814cdd,0903049003,0.06777966101694916,1
2020-09-14,e6dd843641268d5856ca4665ff76386efbea717c4aa9975ba256f9ccfc814cdd,0915526002,0.033881355932203386,1
2020-09-14,ed6a573cd359f4fb5d5f1c867c75e2061d71abd982e9b3043846b06a14292271,0898692006,0.06777966101694916,2
2020-09-14,ed6a573cd359f4fb5d5f1c867c75e2061d71abd982e9b3043846b06a14292271,0935694002,0.025406779661016947,2
2020-09-14,ed6a573cd359f4fb5d5f1c867c75e2061d71abd982e9b3043846b06a14292271,0868038004,0.050830508474576264,2
2020-09-14,ed6a573cd359f4fb5d5f1c867c75e2061d71abd982e9b3043846b06a14292271,0864562001,0.016932203389830508,2
2020-09-14,ee63a46362ab6fec36966acb52d3196be3490148a367c3062e1e8c0f05f12486,0821398002,0.016932203389830508,1
2020-09-14,eed8705a58587483a191c37b9a88e8ea858e22ef1d8587e1c5ba9c2a2dba9a9b,0654590006,0.03049152542372881,2
2020-09-14,eed8705a58587483a191c37b9a88e8ea858e22ef1d8587e1c5ba9c2a2dba9a9b,0486639003,0.03049152542372881,2
2020-09-14,efc097aed22207d4b374a6a8e23fe92bdc8a32c29ea609122a4b8b81860abbb8,0685814033,0.033881355932203386,2
2020-09-14,efc097aed22207d4b374a6a8e23fe92bdc8a32c29ea609122a4b8b81860abbb8,0685814033,0.033881355932203386,2
2020-09-14,f2bd0051a211c48afc5ea8288adf5d81463e42d3c622ae93659bb0563a3811f7,0868034001,0.06777966101694916,1
2020-09-14,f45ccbb80d52c9a70a8086b8fbcc74d6e8a0fecfb9158218eb5330262daec5b6,0908728001,0.06777966101694916,2
2020-09-14,f45ccbb80d52c9a70a8086b8fbcc74d6e8a0fecfb9158218eb5330262daec5b6,0865520002,0.010152542372881357,1
2020-09-14,fd7254bdc8fb682900a3749aab7d1be8b0a1957d1862467bedfe99e16b5f8943,0898596002,0.016932203389830508,1
2020-09-14,fd7254bdc8fb682900a3749aab7d1be8b0a1957d1862467bedfe99e16b5f8943,0914441001,0.033881355932203386,1
2020-09-14,fd7254bdc8fb682900a3749aab7d1be8b0a1957d1862467bedfe99e16b5f8943,0827968004,0.016932203389830508,1
2020-09-14,fdaa6f0991c89a014da7141e615c0dbc6ac8a4ee9883075948c7ec107c5cb765,0685813018,0.016932203389830508,2
2020-09-14,fdaa6f0991c89a014da7141e615c0dbc6ac8a4ee9883075948c7ec107c5cb765,0685813040,0.016932203389830508,2
2020-09-14,fdaa6f0991c89a014da7141e615c0dbc6ac8a4ee9883075948c7ec107c5cb765,0863587008,0.016932203389830508,2
2020-09-14,fdaa6f0991c89a014da7141e615c0dbc6ac8a4ee9883075948c7ec107c5cb765,0685813043,0.016932203389830508,2
2020-09-14,fdaa6f0991c89a014da7141e615c0dbc6ac8a4ee9883075948c7ec107c5cb765,0851318001,0.033881355932203386,2
2020-09-14,fdaa6f0991c89a014da7141e615c0dbc6ac8a4ee9883075948c7ec107c5cb765,0685813044,0.016932203389830508,2
2020-09-14,fdaa6f0991c89a014da7141e615c0dbc6ac8a4ee9883075948c7ec107c5cb765,0827792001,0.042355932203389825,2
2020-09-14,fdaa6f0991c89a014da7141e615c0dbc6ac8a4ee9883075948c7ec107c5cb765,0685813003,0.016932203389830508,2
2020-09-15,03619a8b7c65a6f4d03161ed03fa3218e474f9d6b8474fe8405274fb71788391,0805000001,0.050830508474576264,2
2020-09-15,03619a8b7c65a6f4d03161ed03fa3218e474f9d6b8474fe8405274fb71788391,0740519006,0.050830508474576264,2
2020-09-15,0380dac4030faf7453547d020f20d89be02cd87ab54864cd97d55d5160ffee29,0214844002,0.001677966101694915,1
2020-09-15,0380dac4030faf7453547d020f20d89be02cd87ab54864cd97d55d5160ffee29,0840607007,0.013542372881355931,1
2020-09-15,0380dac4030faf7453547d020f20d89be02cd87ab54864cd97d55d5160ffee29,0876053005,0.013542372881355931,1
2020-09-15,0891012c665959be87c45b9d1cf0ee9e90e8d21e8c4af74fb9a4f56dd77459e7,0399256001,0.016932203389830508,2
2020-09-15,0891012c665959be87c45b9d1cf0ee9e90e8d21e8c4af74fb9a4f56dd77459e7,0947509001,0.025966101694915252,2
2020-09-15,0891012c665959be87c45b9d1cf0ee9e90e8d21e8c4af74fb9a4f56dd77459e7,0794454002,0.012983050847457626,2
2020-09-15,0b215cde7e881e92465119da5192ef35b94659ac7d88f181f719fb98edb9ad73,0776179001,0.033881355932203386,2
2020-09-15,0b215cde7e881e92465119da5192ef35b94659ac7d88f181f719fb98edb9ad73,0621381014,0.033881355932203386,2
2020-09-15,0b215cde7e881e92465119da5192ef35b94659ac7d88f181f719fb98edb9ad73,0706016001,0.033881355932203386,2
2020-09-15,0b215cde7e881e92465119da5192ef35b94659ac7d88f181f719fb98edb9ad73,0621381016,0.033881355932203386,2
2020-09-15,0b215cde7e881e92465119da5192ef35b94659ac7d88f181f719fb98edb9ad73,0706016015,0.033881355932203386,2
2020-09-15,0b215cde7e881e92465119da5192ef35b94659ac7d88f181f719fb98edb9ad73,0915529003,0.033881355932203386,2
2020-09-15,0eede8492257c5d672af1c0ccfaf3c76cc1fbf0b872f85be11766eaa4157e24e,0924243001,0.042355932203389825,2
2020-09-15,0eede8492257c5d672af1c0ccfaf3c76cc1fbf0b872f85be11766eaa4157e24e,0891591001,0.08472881355932205,2
2020-09-15,0eede8492257c5d672af1c0ccfaf3c76cc1fbf0b872f85be11766eaa4157e24e,0906352001,0.05930508474576271,2
2020-09-15,0eede8492257c5d672af1c0ccfaf3c76cc1fbf0b872f85be11766eaa4157e24e,0875272001,0.050830508474576264,2
2020-09-15,0eede8492257c5d672af1c0ccfaf3c76cc1fbf0b872f85be11766eaa4157e24e,0851400020,0.05930508474576271,2
2020-09-15,12d9d31bbe74a4d2d48f1716c2a950e43067d8c9c62f2f377ac4e5bd3f83f7af,0610776065,0.007610169491525424,1
2020-09-15,12d9d31bbe74a4d2d48f1716c2a950e43067d8c9c62f2f377ac4e5bd3f83f7af,0694848010,0.03049152542372881,1
2020-09-15,12d9d31bbe74a4d2d48f1716c2a950e43067d8c9c62f2f377ac4e5bd3f83f7af,0610776083,0.007610169491525424,1
2020-09-15,190e9e7bcfdf11db52924ba3d686fa8c5e504786c0f02cf6b17dbcc6cb810ee8,0821397007,0.025406779661016947,2
2020-09-15,190e9e7bcfdf11db52924ba3d686fa8c5e504786c0f02cf6b17dbcc6cb810ee8,0694848008,0.03049152542372881,2
2020-09-15,1a067dea5e4bb672f56c13d6d7e8c4f919f357cf02e7f64419d7797563ed7206,0751471001,0.033881355932203386,2
2020-09-15,1a067dea5e4bb672f56c13d6d7e8c4f919f357cf02e7f64419d7797563ed7206,0751471001,0.033881355932203386,2
2020-09-15,1a067dea5e4bb672f56c13d6d7e8c4f919f357cf02e7f64419d7797563ed7206,0751471001,0.033881355932203386,2
2020-09-15,1eac023013c52e55c9df7978f1bd7f970f64c9bf49887ab7a5d13353fb0f591e,0757903024,0.016932203389830508,2
2020-09-15,1eac023013c52e55c9df7978f1bd7f970f64c9bf49887ab7a5d13353fb0f591e,0706016006,0.033881355932203386,2
2020-09-15,1eac023013c52e55c9df7978f1bd7f970f64c9bf49887ab7a5d13353fb0f591e,0893133001,0.042355932203389825,2
2020-09-15,1eac023013c52e55c9df7978f1bd7f970f64c9bf49887ab7a5d13353fb0f591e,0706016003,0.033881355932203386,2
2020-09-15,1eac023013c52e55c9df7978f1bd7f970f64c9bf49887ab7a5d13353fb0f591e,0818754004,0.016932203389830508,2
2020-09-15,1eac023013c52e55c9df7978f1bd7f970f64c9bf49887ab7a5d13353fb0f591e,0818754004,0.016932203389830508,2
2020-09-15,1eac023013c52e55c9df7978f1bd7f970f64c9bf49887ab7a5d13353fb0f591e,0762796013,0.033881355932203386,2
2020-09-15,1eac023013c52e55c9df7978f1bd7f970f64c9bf49887ab7a5d13353fb0f591e,0872713001,0.044050847457627114,2
2020-09-15,1eac023013c52e55c9df7978f1bd7f970f64c9bf49887ab7a5d13353fb0f591e,0751471001,0.033881355932203386,2
2020-09-15,1eac023013c52e55c9df7978f1bd7f970f64c9bf49887ab7a5d13353fb0f591e,0832307007,0.06777966101694916,2
2020-09-15,1eac023013c52e55c9df7978f1bd7f970f64c9bf49887ab7a5d13353fb0f591e,0852584001,0.033881355932203386,2
2020-09-15,265b4c7179a7ce14e730dcbf26d199b9d84b52ac35d83b611b35b582b548d43f,0928446001,0.0457457627118644,1
2020-09-15,265b4c7179a7ce14e730dcbf26d199b9d84b52ac35d83b611b35b582b548d43f,0908584001,0.03049152542372881,1
2020-09-15,265b4c7179a7ce14e730dcbf26d199b9d84b52ac35d83b611b35b582b548d43f,0904416002,0.03049152542372881,1
2020-09-15,28a006e9f0c8fa1edc8e6565e25603819abd010825e0148bb69adb8a3fe99fab,0783707109,0.005067796610169492,1
2020-09-15,28a006e9f0c8fa1edc8e6565e25603819abd010825e0148bb69adb8a3fe99fab,0903590001,0.012694915254237289,1
2020-09-15,2f08545d219d3710c20fb6882a20324743817f78a85577e6e2d9f692b31a3a32,0803757001,0.016932203389830508,1
2020-09-15,2f08545d219d3710c20fb6882a20324743817f78a85577e6e2d9f692b31a3a32,0803757001,0.016932203389830508,1
2020-09-15,35940be5a417658c64596bc0fc5667f06f4fba0325430639ec8f5d7c07c8737b,0806388001,0.013542372881355931,2
2020-09-15,35940be5a417658c64596bc0fc5667f06f4fba0325430639ec8f5d7c07c8737b,0926921001,0.033881355932203386,2
2020-09-15,37c3579410d0d866beb493e402c0e4ea8c7134698f1534f61851704410f65d98,0918522001,0.042355932203389825,2
2020-09-15,37c3579410d0d866beb493e402c0e4ea8c7134698f1534f61851704410f65d98,0859125001,0.033881355932203386,2
2020-09-15,3874541d12de24ece502a71d0584b80bdae93f4029a1d0abfdad4509db006b0e,0733097001,0.016932203389830508,1
2020-09-15,3874541d12de24ece502a71d0584b80bdae93f4029a1d0abfdad4509db006b0e,0828982001,0.025406779661016947,1
2020-09-15,3874541d12de24ece502a71d0584b80bdae93f4029a1d0abfdad4509db006b0e,0910601002,0.042355932203389825,1
2020-09-15,3874541d12de24ece502a71d0584b80bdae93f4029a1d0abfdad4509db006b0e,0861767002,0.022016949152542376,1
2020-09-15,3874541d12de24ece502a71d0584b80bdae93f4029a1d0abfdad4509db006b0e,0591334019,0.016932203389830508,1
2020-09-15,3d08888d0803081c3288b9ee4a651d7eddd483bee8ef7f597dd5ea0114f6696f,0863620002,0.016932203389830508,2
2020-09-15,3d08888d0803081c3288b9ee4a651d7eddd483bee8ef7f597dd5ea0114f6696f,0884851001,0.025406779661016947,2
2020-09-15,3d08888d0803081c3288b9ee4a651d7eddd483bee8ef7f597dd5ea0114f6696f,0918516001,0.050830508474576264,2
2020-09-15,42e8031d7dd60b5e798e962188d43a821a7c59e003e38685f530630bdec22ba1,0936979001,0.007610169491525424,1
2020-09-15,42e8031d7dd60b5e798e962188d43a821a7c59e003e38685f530630bdec22ba1,0853654007,0.007610169491525424,1
2020-09-15,4a7078731ea1b2f71bdf6daa40ed41d4bd11095cc6f643da1ace9faeaccd99e7,0762846027,0.025406779661016947,1
2020-09-15,4a7078731ea1b2f71bdf6daa40ed41d4bd11095cc6f643da1ace9faeaccd99e7,0889460003,0.025406779661016947,1
2020-09-15,4a7078731ea1b2f71bdf6daa40ed41d4bd11095cc6f643da1ace9faeaccd99e7,0885077001,0.008457627118644067,1
2020-09-15,4c05297990b7840c68b9d3dc386cb3e6c84d120c0ba750e8e6e71fa32ca003dd,0862482007,0.013542372881355931,1
2020-09-15,4c05297990b7840c68b9d3dc386cb3e6c84d120c0ba750e8e6e71fa32ca003dd,0862482009,0.010152542372881357,1
2020-09-15,4c791c425f7c543e869ae8fc39cb7dc55b30f409c516bc6cd1e29947240b1ccd,0923037001,0.033881355932203386,2
2020-09-15,4d3861f62bb0781683cfcb6dc2687312da4bec823f044ed0d23afafc37dff59e,0918200004,0.042355932203389825,2
2020-09-15,4d3861f62bb0781683cfcb6dc2687312da4bec823f044ed0d23afafc37dff59e,0767473012,0.033881355932203386,2
2020-09-15,4d3861f62bb0781683cfcb6dc2687312da4bec823f044ed0d23afafc37dff59e,0890225001,0.033881355932203386,2
2020-09-15,4d3861f62bb0781683cfcb6dc2687312da4bec823f044ed0d23afafc37dff59e,0814686004,0.050830508474576264,2
2020-09-15,4d3861f62bb0781683cfcb6dc2687312da4bec823f044ed0d23afafc37dff59e,0710278004,0.025406779661016947,2
2020-09-15,4d3861f62bb0781683cfcb6dc2687312da4bec823f044ed0d23afafc37dff59e,0746330004,0.042355932203389825,2
2020-09-15,4e10f5a2e7dcbc2dc01344255dea20476eb72970334c1d4f56dbe5581f7ceb34,0783346023,0.025406779661016947,2
2020-09-15,4e10f5a2e7dcbc2dc01344255dea20476eb72970334c1d4f56dbe5581f7ceb34,0877277002,0.03049152542372881,2
2020-09-15,4e10f5a2e7dcbc2dc01344255dea20476eb72970334c1d4f56dbe5581f7ceb34,0752814018,0.033881355932203386,2
2020-09-15,4e10f5a2e7dcbc2dc01344255dea20476eb72970334c1d4f56dbe5581f7ceb34,0904414004,0.06777966101694916,2
2020-09-15,4e758dc36085f5cd5fe6f1096f63c045f8b7e8ba586dc937a0eb2382b20e421a,0900658001,0.016932203389830508,2
2020-09-15,4e758dc36085f5cd5fe6f1096f63c045f8b7e8ba586dc937a0eb2382b20e421a,0883435002,0.016932203389830508,2
2020-09-15,4e758dc36085f5cd5fe6f1096f63c045f8b7e8ba586dc937a0eb2382b20e421a,0883435002,0.016932203389830508,2
2020-09-15,4e758dc36085f5cd5fe6f1096f63c045f8b7e8ba586dc937a0eb2382b20e421a,0888715001,0.03049152542372881,2
2020-09-15,4e758dc36085f5cd5fe6f1096f63c045f8b7e8ba586dc937a0eb2382b20e421a,0887317002,0.03049152542372881,2
2020-09-15,4e758dc36085f5cd5fe6f1096f63c045f8b7e8ba586dc937a0eb2382b20e421a,0862638004,0.011847457627118646,2
2020-09-15,4e758dc36085f5cd5fe6f1096f63c045f8b7e8ba586dc937a0eb2382b20e421a,0873109002,0.016932203389830508,2
2020-09-15,4f0bb7b247190222f60d907ca69938f743992a07ab281264a8ceedea71ff50ae,0783418006,0.005067796610169492,2
2020-09-15,4f0bb7b247190222f60d907ca69938f743992a07ab281264a8ceedea71ff50ae,0783418011,0.005067796610169492,2
2020-09-15,4f1d0263047522e32d31ce1abf4f112c33fb58da60de6979e909f5ef9e8e14f5,0861848001,0.01523728813559322,1
2020-09-15,4f1d0263047522e32d31ce1abf4f112c33fb58da60de6979e909f5ef9e8e14f5,0869379002,0.016932203389830508,1
2020-09-15,502eb36b08f1b9a24c41462bac763da172dc6a0c032446177587bb446851a246,0779781013,0.042355932203389825,1
2020-09-15,5b448e2171cb90152a24a703f354afb111b17662c8ba5617cfa946f9c66e0059,0767423001,0.025406779661016947,1
2020-09-15,5b448e2171cb90152a24a703f354afb111b17662c8ba5617cfa946f9c66e0059,0801447001,0.03049152542372881,1
2020-09-15,5cc0494e04a9ad3724de07bee86f75bce8668cae3c2d0b34bebf8d692bbbaa1b,0754792003,0.025406779661016947,2
2020-09-15,5cc0494e04a9ad3724de07bee86f75bce8668cae3c2d0b34bebf8d692bbbaa1b,0754792003,0.025406779661016947,2
2020-09-15,63b28ef8a026cd996180f58834c3897e45ef9112b4652b06418b6576b661deac,0872707005,0.023711864406779665,2
2020-09-15,6df2178bf913c0304e378f82b8b74b6cd7f4c0f3fc061169fbba1a1469560c05,0840607001,0.013542372881355931,1
2020-09-15,7505c1e8209bfe13c15ed2c2f10b9711db3b6365a44a394cf9dc1e93ef6ff00c,0777892001,0.033881355932203386,2
2020-09-15,7a9bbda83b42ecee5d13ca073d3d7ac0983cd5891c1f00f5dc12f378c88385f2,0865929002,0.016932203389830508,1
2020-09-15,7a9bbda83b42ecee5d13ca073d3d7ac0983cd5891c1f00f5dc12f378c88385f2,0867470002,0.042355932203389825,1
2020-09-15,7a9bbda83b42ecee5d13ca073d3d7ac0983cd5891c1f00f5dc12f378c88385f2,0728156018,0.050830508474576264,1
2020-09-15,7a9bbda83b42ecee5d13ca073d3d7ac0983cd5891c1f00f5dc12f378c88385f2,0570004108,0.016932203389830508,1
2020-09-15,7afcda42225485088c7c600886da4cb10228e7b199d66c810f674b6a5a8fcfd6,0863595004,0.033881355932203386,1
2020-09-15,7afcda42225485088c7c600886da4cb10228e7b199d66c810f674b6a5a8fcfd6,0863646003,0.033881355932203386,1
2020-09-15,80b67acafd3ff49fc3bda6b34621e0b036b13e80f448efe104bceba71d647f97,0887770005,0.016932203389830508,1
2020-09-15,80b67acafd3ff49fc3bda6b34621e0b036b13e80f448efe104bceba71d647f97,0750423009,0.027101694915254236,1
2020-09-15,86f02e871ae320df0a5129e1d45a1e7744ed7e7eb84179eb332292cf9d66ce78,0933963001,0.013542372881355931,1
2020-09-15,882f8701a55a14c2adde39d901dfbef6291648f810b2512ed09365853827f85e,0448509014,0.042355932203389825,2
2020-09-15,882f8701a55a14c2adde39d901dfbef6291648f810b2512ed09365853827f85e,0448509014,0.042355932203389825,2
2020-09-15,8abbe7647dd7e25e320e3a4972fbf49b9692f7fd8fec14b1686c7699afa7b622,0406724001,0.013542372881355931,2
2020-09-15,8abbe7647dd7e25e320e3a4972fbf49b9692f7fd8fec14b1686c7699afa7b622,0739610002,0.016932203389830508,2
2020-09-15,8abbe7647dd7e25e320e3a4972fbf49b9692f7fd8fec14b1686c7699afa7b622,0761406001,0.016932203389830508,2
2020-09-15,8d2cb451e32dbd34fdf897cd70aae12c547dde933926bc3452302a1eeca3504c,0903929002,0.016932203389830508,1
2020-09-15,8d2cb451e32dbd34fdf897cd70aae12c547dde933926bc3452302a1eeca3504c,0821398001,0.016932203389830508,1
2020-09-15,8d2cb451e32dbd34fdf897cd70aae12c547dde933926bc3452302a1eeca3504c,0814129002,0.013542372881355931,1
2020-09-15,9146dab6b549a256d1c948c37166804f0ffb2bc802b75657047a37ce9dda8d94,0803969007,0.025406779661016947,2
2020-09-15,921b0e1734b3bca12db71338b18033ff5d446fa84a5e3e1446fe7b7ab8ac5c8a,0860833001,0.025406779661016947,1
2020-09-15,921b0e1734b3bca12db71338b18033ff5d446fa84a5e3e1446fe7b7ab8ac5c8a,0720125001,0.033881355932203386,1
2020-09-15,92cd8e0ec2f25df69860c6d5c0e83eeefa9218a3e5f64053b3367e9a81cf03c0,0868823008,0.025406779661016947,1
2020-09-15,92cd8e0ec2f25df69860c6d5c0e83eeefa9218a3e5f64053b3367e9a81cf03c0,0894788003,0.016932203389830508,1
2020-09-15,92cd8e0ec2f25df69860c6d5c0e83eeefa9218a3e5f64053b3367e9a81cf03c0,0791587015,0.025406779661016947,1
2020-09-15,92cd8e0ec2f25df69860c6d5c0e83eeefa9218a3e5f64053b3367e9a81cf03c0,0905518002,0.016932203389830508,1
2020-09-15,92cd8e0ec2f25df69860c6d5c0e83eeefa9218a3e5f64053b3367e9a81cf03c0,0740922001,0.025406779661016947,1
2020-09-15,92cd8e0ec2f25df69860c6d5c0e83eeefa9218a3e5f64053b3367e9a81cf03c0,0865912001,0.050830508474576264,1
2020-09-15,92cd8e0ec2f25df69860c6d5c0e83eeefa9218a3e5f64053b3367e9a81cf03c0,0865912001,0.050830508474576264,1
2020-09-15,9a40b397c402dcb7046265ff30e0377a38f336cccb07518e3a1d18ff007850e8,0882900008,0.06438983050847458,2
2020-09-15,9a40b397c402dcb7046265ff30e0377a38f336cccb07518e3a1d18ff007850e8,0882900013,0.06438983050847458,2
2020-09-15,9a40b397c402dcb7046265ff30e0377a38f336cccb07518e3a1d18ff007850e8,0882900001,0.06438983050847458,2
2020-09-15,9a40b397c402dcb7046265ff30e0377a38f336cccb07518e3a1d18ff007850e8,0882900007,0.06438983050847458,2
2020-09-15,9ad3d4f131b3a58951c7a727b5d0699df3a38ea3fb985007e953373d8fc1c29f,0762600009,0.01128813559322034,2
2020-09-15,9ad3d4f131b3a58951c7a727b5d0699df3a38ea3fb985007e953373d8fc1c29f,0821397008,0.024203389830508473,2
2020-09-15,9ad3d4f131b3a58951c7a727b5d0699df3a38ea3fb985007e953373d8fc1c29f,0821397008,0.024203389830508473,2
2020-09-15,9ad3d4f131b3a58951c7a727b5d0699df3a38ea3fb985007e953373d8fc1c29f,0821397007,0.02423728813559322,2
2020-09-15,9ad3d4f131b3a58951c7a727b5d0699df3a38ea3fb985007e953373d8fc1c29f,0821397007,0.024203389830508473,2
2020-09-15,9ad3d4f131b3a58951c7a727b5d0699df3a38ea3fb985007e953373d8fc1c29f,0799044001,0.02905084745762712,2
2020-09-15,a0673ad7ddaf01317e2fe2a42c36cb12a8d4ccd763e38bdd943a9cd77bfbbd34,0706016003,0.033881355932203386,2
2020-09-15,a0673ad7ddaf01317e2fe2a42c36cb12a8d4ccd763e38bdd943a9cd77bfbbd34,0573085042,0.033881355932203386,2
2020-09-15,a3a7dcda84e1dd1ada9585c3f25c5873a1a354e7a64dcf36785611d8a606267b,0266875001,0.016932203389830508,2
2020-09-15,a3a7dcda84e1dd1ada9585c3f25c5873a1a354e7a64dcf36785611d8a606267b,0750423012,0.042355932203389825,2
2020-09-15,a3a7dcda84e1dd1ada9585c3f25c5873a1a354e7a64dcf36785611d8a606267b,0912088001,0.013542372881355931,2
2020-09-15,a3a7dcda84e1dd1ada9585c3f25c5873a1a354e7a64dcf36785611d8a606267b,0783346001,0.025406779661016947,2
2020-09-15,a3e35c32b73e74e934d4749dd9c85d6c2ef5696db7e42bf148dfbe7790e34720,0915529001,0.033881355932203386,2
2020-09-15,a3e35c32b73e74e934d4749dd9c85d6c2ef5696db7e42bf148dfbe7790e34720,0915529003,0.033881355932203386,2
2020-09-15,a3e35c32b73e74e934d4749dd9c85d6c2ef5696db7e42bf148dfbe7790e34720,0904414004,0.06777966101694916,2
2020-09-15,a8f0068da1b35e2fae63fbd9ae01344e5f74d31ca71f043ab0ee699aa57d0b80,0893141001,0.050830508474576264,2
2020-09-15,a8f0068da1b35e2fae63fbd9ae01344e5f74d31ca71f043ab0ee699aa57d0b80,0911870001,0.033881355932203386,2
2020-09-15,a8f0068da1b35e2fae63fbd9ae01344e5f74d31ca71f043ab0ee699aa57d0b80,0929165002,0.050830508474576264,2
2020-09-15,a8f0068da1b35e2fae63fbd9ae01344e5f74d31ca71f043ab0ee699aa57d0b80,0851094001,0.022016949152542376,2
2020-09-15,a8f0068da1b35e2fae63fbd9ae01344e5f74d31ca71f043ab0ee699aa57d0b80,0814762002,0.033881355932203386,2
2020-09-15,a8f0068da1b35e2fae63fbd9ae01344e5f74d31ca71f043ab0ee699aa57d0b80,0919741001,0.033881355932203386,2
2020-09-15,a8f0068da1b35e2fae63fbd9ae01344e5f74d31ca71f043ab0ee699aa57d0b80,0919741001,0.033881355932203386,2
2020-09-15,a998f707d6b88480ceb62f05c82d64616bee8cc5888f8521949aa35aec13e9a3,0610776001,0.008457627118644067,2
2020-09-15,a998f707d6b88480ceb62f05c82d64616bee8cc5888f8521949aa35aec13e9a3,0902265003,0.042355932203389825,2
2020-09-15,a998f707d6b88480ceb62f05c82d64616bee8cc5888f8521949aa35aec13e9a3,0902265003,0.042355932203389825,2
2020-09-15,b0c75e55250a48076eb5944deb9825eecb7f96d28edc3f7a501ca5c6b6baff8b,0737040007,0.025406779661016947,1
2020-09-15,b2ff468d218d01cea961c11ca9fd96e1fa8b73157168aa55a7397da95d2f70ed,0909592002,0.013542372881355931,1
2020-09-15,b2ff468d218d01cea961c11ca9fd96e1fa8b73157168aa55a7397da95d2f70ed,0865240002,0.008457627118644067,1
2020-09-15,b8544a1d1c6b06e297e6e6ba1784aaaba831b6272f4bc9c7ca18d66df8f80bbd,0810172018,0.06777966101694916,2
2020-09-15,b8e8bf913943d2e2fa5b867a01d94b07748ce6af30f35096a103d54c33e710d7,0706016006,0.033881355932203386,1
2020-09-15,b8e8bf913943d2e2fa5b867a01d94b07748ce6af30f35096a103d54c33e710d7,0880312003,0.016932203389830508,1
2020-09-15,c34786ab83b85aeefed5cbc24a398377f6236d514356103a74554f569fad33db,0674606049,0.033881355932203386,1
2020-09-15,c34786ab83b85aeefed5cbc24a398377f6236d514356103a74554f569fad33db,0777892010,0.033881355932203386,1
2020-09-15,c76480d4bac361ad23c58b1d8197b58192bdb4e432e70022102123a231753538,0906633001,0.050830508474576264,2
2020-09-15,c76480d4bac361ad23c58b1d8197b58192bdb4e432e70022102123a231753538,0908728003,0.06777966101694916,2
2020-09-15,ced019e90194bb864f33e92a26f727da1d0cd93e7541fd075217e386ea5cac1b,0640136001,0.018627118644067797,1
2020-09-15,ced019e90194bb864f33e92a26f727da1d0cd93e7541fd075217e386ea5cac1b,0691463002,0.016932203389830508,1
2020-09-15,d033c491afcaafec1563d5bb01c95d6ea9d0ea4a8b28c7e5f2914c3e48bfc8d1,0823926001,0.00835593220338983,2
2020-09-15,d033c491afcaafec1563d5bb01c95d6ea9d0ea4a8b28c7e5f2914c3e48bfc8d1,0872537002,0.06271186440677966,2
2020-09-15,d033c491afcaafec1563d5bb01c95d6ea9d0ea4a8b28c7e5f2914c3e48bfc8d1,0708138023,0.06689830508474576,2
2020-09-15,d033c491afcaafec1563d5bb01c95d6ea9d0ea4a8b28c7e5f2914c3e48bfc8d1,0679853020,0.011728813559322034,2
2020-09-15,d033c491afcaafec1563d5bb01c95d6ea9d0ea4a8b28c7e5f2914c3e48bfc8d1,0918603001,0.05016949152542373,2
2020-09-15,d033c491afcaafec1563d5bb01c95d6ea9d0ea4a8b28c7e5f2914c3e48bfc8d1,0761406004,0.02506779661016949,2
2020-09-15,d033c491afcaafec1563d5bb01c95d6ea9d0ea4a8b28c7e5f2914c3e48bfc8d1,0761406004,0.02506779661016949,2
2020-09-15,d033c491afcaafec1563d5bb01c95d6ea9d0ea4a8b28c7e5f2914c3e48bfc8d1,0929594001,0.01671186440677966,2
2020-09-15,d033c491afcaafec1563d5bb01c95d6ea9d0ea4a8b28c7e5f2914c3e48bfc8d1,0933963001,0.013372881355932204,2
2020-09-15,d033c491afcaafec1563d5bb01c95d6ea9d0ea4a8b28c7e5f2914c3e48bfc8d1,0767423010,0.02506779661016949,2
2020-09-15,d033c491afcaafec1563d5bb01c95d6ea9d0ea4a8b28c7e5f2914c3e48bfc8d1,0767423010,0.02506779661016949,2
2020-09-15,d033c491afcaafec1563d5bb01c95d6ea9d0ea4a8b28c7e5f2914c3e48bfc8d1,0902265003,0.04179661016949153,2
2020-09-15,d033c491afcaafec1563d5bb01c95d6ea9d0ea4a8b28c7e5f2914c3e48bfc8d1,0902265003,0.04179661016949153,2
2020-09-15,d033c491afcaafec1563d5bb01c95d6ea9d0ea4a8b28c7e5f2914c3e48bfc8d1,0887771003,0.033440677966101694,2
2020-09-15,d033c491afcaafec1563d5bb01c95d6ea9d0ea4a8b28c7e5f2914c3e48bfc8d1,0751471043,0.033440677966101694,2
2020-09-15,d033c491afcaafec1563d5bb01c95d6ea9d0ea4a8b28c7e5f2914c3e48bfc8d1,0751471043,0.033440677966101694,2
2020-09-15,d52b2a0df9a1714ed7315b949a9bfe4923969cb9bc4bdb4b2b5a6054d480bf5e,0825550002,0.022016949152542376,2
2020-09-15,d52b2a0df9a1714ed7315b949a9bfe4923969cb9bc4bdb4b2b5a6054d480bf5e,0752814022,0.033881355932203386,2
2020-09-15,d7e728405cacd097b0178a6447dbc4020d56565d2074f29b1f44a77f40408e52,0933404001,0.008457627118644067,1
2020-09-15,d8c03bf68922bc42b624ebaf3c038a2e601db34064efdf9dfbd3c3805506a764,0918525001,0.050830508474576264,2
2020-09-15,d8c03bf68922bc42b624ebaf3c038a2e601db34064efdf9dfbd3c3805506a764,0760961003,0.07625423728813559,2
2020-09-15,dbaea18889640974c70316088f0605166f1cac806e2545a3c7c9027747415646,0906352001,0.05930508474576271,2
2020-09-15,dbaea18889640974c70316088f0605166f1cac806e2545a3c7c9027747415646,0909320002,0.05930508474576271,2
2020-09-15,dbaea18889640974c70316088f0605166f1cac806e2545a3c7c9027747415646,0922381001,0.042355932203389825,2
2020-09-15,df5d56667399673ac0525cc13ddd90a9b97acfd6952d2cc5cc316eab6311f9c8,0752661004,0.022016949152542376,2
2020-09-15,e161d3b08c9e6553a4bb6b80d0243086a5f2c070d6dfa2642f56fa41c8d9ca78,0897221001,0.061000000000000006,2
2020-09-15,e3e1ae8ebc6401328364e3e948fbe9d4f0c19d93ae465420f4a4022d16a77611,0673462004,0.033881355932203386,2
2020-09-15,e3e1ae8ebc6401328364e3e948fbe9d4f0c19d93ae465420f4a4022d16a77611,0912028002,0.06777966101694916,2
2020-09-15,efd22dd391016f36e37436e813fd001901187a024b1cf51244839a10641f5479,0903924002,0.022016949152542376,2
2020-09-15,efd22dd391016f36e37436e813fd001901187a024b1cf51244839a10641f5479,0868410002,0.013542372881355931,2
2020-09-15,f3c285ae5fb8212fa502fda151b8b44891661d345efb85fe6c4324770ffe8f26,0856818001,0.06354237288135593,2
2020-09-15,fdcc3680caf2deef90b64964b2c4fbd1c62901805d2ff0f9df2833fd8c50898a,0923758001,0.033881355932203386,2
2020-09-15,fdcc3680caf2deef90b64964b2c4fbd1c62901805d2ff0f9df2833fd8c50898a,0918522001,0.042355932203389825,2
2020-09-15,fe452b72e97790e68dcf79f49521782d486c345981f773a16160db6fa2b28567,0772902001,0.01083050847457627,2
2020-09-15,fe452b72e97790e68dcf79f49521782d486c345981f773a16160db6fa2b28567,0831987001,0.020322033898305086,2
2020-09-15,fe452b72e97790e68dcf79f49521782d486c345981f773a16160db6fa2b28567,0816591005,0.006779661016949152,2
2020-09-15,fe452b72e97790e68dcf79f49521782d486c345981f773a16160db6fa2b28567,0865929003,0.013542372881355931,2
2020-09-15,fe452b72e97790e68dcf79f49521782d486c345981f773a16160db6fa2b28567,0880238002,0.013542372881355931,2
2020-09-15,fe452b72e97790e68dcf79f49521782d486c345981f773a16160db6fa2b28567,0932642001,0.017610169491525426,2
2020-09-15,ff0648e6c297856646f2de5af16371480057b2c3dbd47b0d6b39c04f421e0ecb,0652730004,0.04320338983050847,2
2020-09-16,0329f6a6682ad231723108c556d0861d8ff8a2fc5d843e3cdda9af4541b3c45c,0845729001,0.042355932203389825,2
2020-09-16,0329f6a6682ad231723108c556d0861d8ff8a2fc5d843e3cdda9af4541b3c45c,0946764002,0.10167796610169492,2
2020-09-16,0329f6a6682ad231723108c556d0861d8ff8a2fc5d843e3cdda9af4541b3c45c,0888570001,0.050830508474576264,2
2020-09-16,0329f6a6682ad231723108c556d0861d8ff8a2fc5d843e3cdda9af4541b3c45c,0895610004,0.050830508474576264,2
2020-09-16,0329f6a6682ad231723108c556d0861d8ff8a2fc5d843e3cdda9af4541b3c45c,0806527003,0.050830508474576264,2
2020-09-16,0329f6a6682ad231723108c556d0861d8ff8a2fc5d843e3cdda9af4541b3c45c,0813365001,0.016932203389830508,2
2020-09-16,10b2ef05cb2240b2e4a8a4899bebcf2cdf81c797b8fd80ab3e10bbbb9a06e4ab,0915529005,0.033881355932203386,2
2020-09-16,10b2ef05cb2240b2e4a8a4899bebcf2cdf81c797b8fd80ab3e10bbbb9a06e4ab,0915529005,0.033881355932203386,2
2020-09-16,10b2ef05cb2240b2e4a8a4899bebcf2cdf81c797b8fd80ab3e10bbbb9a06e4ab,0915529003,0.033881355932203386,2
2020-09-16,10b2ef05cb2240b2e4a8a4899bebcf2cdf81c797b8fd80ab3e10bbbb9a06e4ab,0915529003,0.033881355932203386,2
2020-09-16,122bb5e35b56c8016c2450c55aa8d698e062919ba040adb81c03dbf9a54bbe91,0929165002,0.04791525423728814,2
2020-09-16,122bb5e35b56c8016c2450c55aa8d698e062919ba040adb81c03dbf9a54bbe91,0803757023,0.015966101694915254,2
2020-09-16,122bb5e35b56c8016c2450c55aa8d698e062919ba040adb81c03dbf9a54bbe91,0814686003,0.04793220338983051,2
2020-09-16,15dc7028bc7d0a185fb556ae152cad088036f7b4426c4aca3d3404a7faee6b7b,0881577002,0.042355932203389825,1
2020-09-16,15dc7028bc7d0a185fb556ae152cad088036f7b4426c4aca3d3404a7faee6b7b,0781135005,0.050830508474576264,1
2020-09-16,15dc7028bc7d0a185fb556ae152cad088036f7b4426c4aca3d3404a7faee6b7b,0882203001,0.025406779661016947,1
2020-09-16,17962253b750117eebe8bc69b3e4691fb952afa4be9ffd99e9467ce9a6d0ff0f,0737040007,0.025406779661016947,1
2020-09-16,17962253b750117eebe8bc69b3e4691fb952afa4be9ffd99e9467ce9a6d0ff0f,0790918001,0.00676271186440678,1
2020-09-16,17962253b750117eebe8bc69b3e4691fb952afa4be9ffd99e9467ce9a6d0ff0f,0888206001,0.022016949152542376,1
2020-09-16,17962253b750117eebe8bc69b3e4691fb952afa4be9ffd99e9467ce9a6d0ff0f,0739533003,0.035576271186440675,1
2020-09-16,1915742dc6d383e1576ac433cc31d343c8d1deefa3c6f0b7570476e7584ef572,0783517002,0.042355932203389825,2
2020-09-16,1915742dc6d383e1576ac433cc31d343c8d1deefa3c6f0b7570476e7584ef572,0783517006,0.042355932203389825,2
2020-09-16,1915742dc6d383e1576ac433cc31d343c8d1deefa3c6f0b7570476e7584ef572,0785034009,0.050830508474576264,2
2020-09-16,194c874906eb00a0c83d73d116a861984353c9769af8cc4f417fe519a840018c,0720125040,0.033881355932203386,1
2020-09-16,194c874906eb00a0c83d73d116a861984353c9769af8cc4f417fe519a840018c,0849886002,0.016932203389830508,1
2020-09-16,194c874906eb00a0c83d73d116a861984353c9769af8cc4f417fe519a840018c,0865929001,0.016932203389830508,1
2020-09-16,194c874906eb00a0c83d73d116a861984353c9769af8cc4f417fe519a840018c,0912204001,0.008457627118644067,1
2020-09-16,194c874906eb00a0c83d73d116a861984353c9769af8cc4f417fe519a840018c,0768912001,0.016932203389830508,1
2020-09-16,194c874906eb00a0c83d73d116a861984353c9769af8cc4f417fe519a840018c,0806783002,0.013542372881355931,1
2020-09-16,194c874906eb00a0c83d73d116a861984353c9769af8cc4f417fe519a840018c,0881203003,0.010152542372881357,1
2020-09-16,19891a187d644b0658a8da3c23c82f64ef868599fc8a488a87873e8713c24d86,0899247005,0.013542372881355931,1
2020-09-16,19891a187d644b0658a8da3c23c82f64ef868599fc8a488a87873e8713c24d86,0832473005,0.0033728813559322033,1
2020-09-16,19f7199572a29f603f225cf82183b71282e6bb28e874916619188a7e9c3b38be,0921906003,0.033881355932203386,1
2020-09-16,19f7199572a29f603f225cf82183b71282e6bb28e874916619188a7e9c3b38be,0927491001,0.050830508474576264,1
2020-09-16,19f7199572a29f603f225cf82183b71282e6bb28e874916619188a7e9c3b38be,0844294002,0.01523728813559322,1
2020-09-16,1ad11e995af0ab9659105b48aff4b110fee646e09604e5d2a714385c1a120c8d,0878190005,0.044050847457627114,2
2020-09-16,1d2276a3c23e5bda926cc5bc2c7a2947273db993a7b3651f9dfb33574fb21533,0894293001,0.012694915254237289,1
2020-09-16,1d2276a3c23e5bda926cc5bc2c7a2947273db993a7b3651f9dfb33574fb21533,0882810001,0.016932203389830508,1
2020-09-16,1ea987871cb5ddbdbf3793fbfb6b7b5f31c6fe77d58229c073cda68e80bcaba3,0837743002,0.027101694915254236,1
2020-09-16,1efa293ba2a3e14578c40dc5e10d4e2a2f230550bc6ae3de15f9edbea26a3f5d,0873679001,0.025406779661016947,1
2020-09-16,1efa293ba2a3e14578c40dc5e10d4e2a2f230550bc6ae3de15f9edbea26a3f5d,0915526001,0.033881355932203386,1
2020-09-16,205758af9aa7eaa5b56e746a65158026c337aca21ac4fb9c015b551a0a37c74e,0875329002,0.013084745762711864,2
2020-09-16,205758af9aa7eaa5b56e746a65158026c337aca21ac4fb9c015b551a0a37c74e,0894780001,0.03272881355932203,2
2020-09-16,205758af9aa7eaa5b56e746a65158026c337aca21ac4fb9c015b551a0a37c74e,0924243001,0.04093220338983051,2
2020-09-16,205758af9aa7eaa5b56e746a65158026c337aca21ac4fb9c015b551a0a37c74e,0865799006,0.03272881355932203,2
2020-09-16,205758af9aa7eaa5b56e746a65158026c337aca21ac4fb9c015b551a0a37c74e,0909721003,0.04091525423728813,2
2020-09-16,205758af9aa7eaa5b56e746a65158026c337aca21ac4fb9c015b551a0a37c74e,0852584001,0.03272881355932203,2
2020-09-16,24f1f31a5777f8789b2f616aa9b14d191db7e1cab17fd0e8d275947b00fed67a,0761406005,0.025406779661016947,2
2020-09-16,24f1f31a5777f8789b2f616aa9b14d191db7e1cab17fd0e8d275947b00fed67a,0889456002,0.025406779661016947,2
2020-09-16,2b609b2c3f38a6e4db9c52958b25b7d83d8942b54e1aad34f7a7672b81e70abf,0871527002,0.033881355932203386,2
2020-09-16,2b609b2c3f38a6e4db9c52958b25b7d83d8942b54e1aad34f7a7672b81e70abf,0706016002,0.033881355932203386,2
2020-09-16,2b609b2c3f38a6e4db9c52958b25b7d83d8942b54e1aad34f7a7672b81e70abf,0921671001,0.050830508474576264,2
2020-09-16,3e8300c60516a0f39fd1511bd141fd9bf41bb9f120ba647105e5d26de98a14e9,0861583002,0.050830508474576264,1
2020-09-16,48f1d5eaf970fc2977921c9724859d35d9fd4e86601dba6ca1c56596d4a4ef6b,0752814003,0.033881355932203386,2
2020-09-16,48f1d5eaf970fc2977921c9724859d35d9fd4e86601dba6ca1c56596d4a4ef6b,0783346001,0.025406779661016947,2
2020-09-16,4e6537f7aea1205a48b0fcb132374955e61ebf163bd9c68a5628c8880e793f14,0764073002,0.042355932203389825,2
2020-09-16,4e6537f7aea1205a48b0fcb132374955e61ebf163bd9c68a5628c8880e793f14,0682550002,0.033881355932203386,2
2020-09-16,4e6537f7aea1205a48b0fcb132374955e61ebf163bd9c68a5628c8880e793f14,0891763004,0.025406779661016947,2
2020-09-16,53cef962dfed11ca46e3899f01364c09b4c35eafb77ce6692376f43f3497e0e0,0936622001,0.025406779661016947,2
2020-09-16,53cef962dfed11ca46e3899f01364c09b4c35eafb77ce6692376f43f3497e0e0,0935892001,0.025406779661016947,2
2020-09-16,543defbf9f580745511800f4f6b81773c9a3063b76009b4a94825428d96c7392,0679853030,0.016932203389830508,1
2020-09-16,543defbf9f580745511800f4f6b81773c9a3063b76009b4a94825428d96c7392,0624486001,0.013542372881355931,1
2020-09-16,560ac85b0288f2ccec78bc3fde44c479f59a9f50e79c2db6518a9e55ce09496e,0886241001,0.027101694915254236,1
2020-09-16,560ac85b0288f2ccec78bc3fde44c479f59a9f50e79c2db6518a9e55ce09496e,0612800016,0.016932203389830508,1
2020-09-16,560ac85b0288f2ccec78bc3fde44c479f59a9f50e79c2db6518a9e55ce09496e,0890631005,0.0033728813559322033,1
2020-09-16,592473c2d4d146c46ca93c511e57c3b8685b955a15e02b5c63b5436c339db599,0923340001,0.016932203389830508,2
2020-09-16,592473c2d4d146c46ca93c511e57c3b8685b955a15e02b5c63b5436c339db599,0903994005,0.022016949152542376,2
2020-09-16,592473c2d4d146c46ca93c511e57c3b8685b955a15e02b5c63b5436c339db599,0759465001,0.011847457627118646,2
2020-09-16,69d1e65fe673ea68d04511bf52b66d2e30e560dd5e9742c0bb6d5fa0437c05e6,0898107003,0.025406779661016947,2
2020-09-16,69d1e65fe673ea68d04511bf52b66d2e30e560dd5e9742c0bb6d5fa0437c05e6,0889460001,0.025406779661016947,2
2020-09-16,6e29344ef22eee4663d7a817289878ca2b15295eb7d3f69b8514817bcd6aa1c9,0915526001,0.033881355932203386,1
2020-09-16,6e29344ef22eee4663d7a817289878ca2b15295eb7d3f69b8514817bcd6aa1c9,0237347045,0.033881355932203386,1
2020-09-16,717a8359eb7d2f5fe65311251b5374d42d1fdcb398d988e8f8256a88850e7191,0909370001,0.033881355932203386,1
2020-09-16,7181e2e401679fd7872ed39c7f5c96a8a236776d5d0bd39b8144086490a7ccfa,0894757001,0.03049152542372881,2
2020-09-16,7181e2e401679fd7872ed39c7f5c96a8a236776d5d0bd39b8144086490a7ccfa,0946764003,0.10167796610169492,2
2020-09-16,7181e2e401679fd7872ed39c7f5c96a8a236776d5d0bd39b8144086490a7ccfa,0922037002,0.06777966101694916,2
2020-09-16,7181e2e401679fd7872ed39c7f5c96a8a236776d5d0bd39b8144086490a7ccfa,0894757002,0.03049152542372881,2
2020-09-16,7181e2e401679fd7872ed39c7f5c96a8a236776d5d0bd39b8144086490a7ccfa,0756898003,0.050830508474576264,2
2020-09-16,7181e2e401679fd7872ed39c7f5c96a8a236776d5d0bd39b8144086490a7ccfa,0883808003,0.03049152542372881,2
2020-09-16,71e1132a7fa5479907febbd32b93212acd911ddfb087cb45d7a8804c0a1b1985,0910642002,0.2525423728813559,2
2020-09-16,71e1132a7fa5479907febbd32b93212acd911ddfb087cb45d7a8804c0a1b1985,0910642002,0.2525423728813559,2
2020-09-16,725f0159281473a681af34ec4c467cda2d44a58fd2f91f3c0d5213714d54f4a6,0779659001,0.050830508474576264,2
2020-09-16,725f0159281473a681af34ec4c467cda2d44a58fd2f91f3c0d5213714d54f4a6,0806131011,0.033881355932203386,2
2020-09-16,728c75903c2a0c2a7d734fb167a56f2e3bf7b5a8a541cd5239f89eb4afd778c1,0806131001,0.027101694915254236,1
2020-09-16,7b0c3834a50cff545cbdf7f123b20dfaf5a09463b8f910b7979953001229f18b,0911870001,0.033881355932203386,1
2020-09-16,7b0c3834a50cff545cbdf7f123b20dfaf5a09463b8f910b7979953001229f18b,0909370001,0.033881355932203386,1
2020-09-16,7eb1d934301910e7a294955b93fbaba2ed91148f22cb2a8d065b4c0da5786924,0843777001,0.009745762711864408,1
2020-09-16,7eb1d934301910e7a294955b93fbaba2ed91148f22cb2a8d065b4c0da5786924,0780297013,0.012525423728813559,1
2020-09-16,7eb1d934301910e7a294955b93fbaba2ed91148f22cb2a8d065b4c0da5786924,0351484039,0.009033898305084746,1
2020-09-16,8850b64c21661bde11ecc7b50e40952f57710a9bf9f129662e72be351cde24e1,0757187004,0.01523728813559322,2
2020-09-16,8850b64c21661bde11ecc7b50e40952f57710a9bf9f129662e72be351cde24e1,0759871004,0.00676271186440678,2
2020-09-16,8879a01a85c11545b7e3a510c3683c5ad8f54eb1b85e2b488fd851584e332517,0923534006,0.016932203389830508,2
2020-09-16,8a0f9a897ed2b625b8810f5d9ca2a225c6be2aad22de3808547497025388fc79,0547780028,0.025406779661016947,2
2020-09-16,8a0f9a897ed2b625b8810f5d9ca2a225c6be2aad22de3808547497025388fc79,0685814064,0.033881355932203386,2
2020-09-16,8f3aa12d39e956711a5469ff150d6cc557af7d8a737b5450ca28e313d59df5ed,0815456003,0.042355932203389825,2
2020-09-16,8f3aa12d39e956711a5469ff150d6cc557af7d8a737b5450ca28e313d59df5ed,0815456004,0.042355932203389825,2
2020-09-16,8f3aa12d39e956711a5469ff150d6cc557af7d8a737b5450ca28e313d59df5ed,0905932007,0.042355932203389825,2
2020-09-16,8fc2350a5e1ef0b3c518ccc474b015a3078bebbfaf4bff36768ae9cfedd3a913,0909370001,0.033881355932203386,1
2020-09-16,8fc2350a5e1ef0b3c518ccc474b015a3078bebbfaf4bff36768ae9cfedd3a913,0608776002,0.013542372881355931,1
2020-09-16,95b40515919d9cb962b621a0af4cf1443fcca83c63a4bfb04eaf9ec09834efd2,0857812007,0.018627118644067797,1
2020-09-16,9b79f246741edbfd600a7141d7a3b443a328cadfe237d0ac67736d778b675195,0794575001,0.033881355932203386,1
2020-09-16,9dd24c07abd3cf5a91280c2cca62e2f47ef85c275955fc0def6c568b40e67639,0910096002,0.042355932203389825,2
2020-09-16,9dd24c07abd3cf5a91280c2cca62e2f47ef85c275955fc0def6c568b40e67639,0906794004,0.033881355932203386,2
2020-09-16,a41f28f3f945cc6fa8f7c2c46c948d9e10f3f055b90d394ba8104394f5d78771,0573085057,0.033881355932203386,2
2020-09-16,a41f28f3f945cc6fa8f7c2c46c948d9e10f3f055b90d394ba8104394f5d78771,0573085028,0.033881355932203386,2
2020-09-16,a69097bf166f83d06b713ace6fff657cf7c1d31d265d450134033b904c6ccf89,0694848010,0.03049152542372881,2
2020-09-16,a69097bf166f83d06b713ace6fff657cf7c1d31d265d450134033b904c6ccf89,0748355002,0.022016949152542376,2
2020-09-16,a82f8499b0dff7445aeb654803079ba37f54d18c5109d6df0232fdc401c79a57,0809961004,0.02886440677966102,1
2020-09-16,a82f8499b0dff7445aeb654803079ba37f54d18c5109d6df0232fdc401c79a57,0808569002,0.010084745762711865,1
2020-09-16,a8a30e3f11b49e7324ce7f67756e0ee62893a02c4ecb4f7a54590a53131f329d,0719655014,0.022016949152542376,1
2020-09-16,a8a30e3f11b49e7324ce7f67756e0ee62893a02c4ecb4f7a54590a53131f329d,0794191004,0.022016949152542376,1
2020-09-16,a8a30e3f11b49e7324ce7f67756e0ee62893a02c4ecb4f7a54590a53131f329d,0837249009,0.022016949152542376,1
2020-09-16,a8a30e3f11b49e7324ce7f67756e0ee62893a02c4ecb4f7a54590a53131f329d,0837249024,0.016932203389830508,1
2020-09-16,a8a30e3f11b49e7324ce7f67756e0ee62893a02c4ecb4f7a54590a53131f329d,0757971003,0.022016949152542376,1
2020-09-16,a8ba03521ac1d2f7098dd388fc8441bdd03336eb10523a48c0e4cc59dacb21d4,0922037003,0.06777966101694916,1
2020-09-16,c3b40fc67dd508de2aca99dcf7eb63c22a5bb85f21d2b9c730f7bc019316b9bc,0785060003,0.042355932203389825,2
2020-09-16,c3b40fc67dd508de2aca99dcf7eb63c22a5bb85f21d2b9c730f7bc019316b9bc,0885919009,0.025406779661016947,2
2020-09-16,c3b40fc67dd508de2aca99dcf7eb63c22a5bb85f21d2b9c730f7bc019316b9bc,0754106004,0.042355932203389825,2
2020-09-16,c3b40fc67dd508de2aca99dcf7eb63c22a5bb85f21d2b9c730f7bc019316b9bc,0579010044,0.013542372881355931,2
2020-09-16,c3b40fc67dd508de2aca99dcf7eb63c22a5bb85f21d2b9c730f7bc019316b9bc,0877537001,0.042355932203389825,2
2020-09-16,c3b40fc67dd508de2aca99dcf7eb63c22a5bb85f21d2b9c730f7bc019316b9bc,0701701019,0.025406779661016947,2
2020-09-16,c3f179e846252ac3a753553a1875ac0e04891a05ee97d591b31e775fd584effd,0857440006,0.050830508474576264,1
2020-09-16,c3f179e846252ac3a753553a1875ac0e04891a05ee97d591b31e775fd584effd,0860249001,0.050830508474576264,1
2020-09-16,c7b0159aa098e6f409e7f9d60ee7612b3d4e178fdf005c68aa07f4f98a85caf9,0803685001,0.03789830508474576,2
2020-09-16,c7b0159aa098e6f409e7f9d60ee7612b3d4e178fdf005c68aa07f4f98a85caf9,0879291001,0.019694915254237288,2
2020-09-16,de86932ccf86405fbe02157b08f1c725bd6c203f7d760c849131b69c1917a22b,0839332002,0.06777966101694916,1
2020-09-16,de86932ccf86405fbe02157b08f1c725bd6c203f7d760c849131b69c1917a22b,0898573002,0.033881355932203386,1
2020-09-16,df562aac9d6da4dc3d275c30084f6b3a9f04ed362eaeeb5521cca8611ffc70ba,0931720001,0.033881355932203386,2
2020-09-16,df562aac9d6da4dc3d275c30084f6b3a9f04ed362eaeeb5521cca8611ffc70ba,0914805006,0.050830508474576264,2
2020-09-16,df562aac9d6da4dc3d275c30084f6b3a9f04ed362eaeeb5521cca8611ffc70ba,0914805002,0.050830508474576264,2
2020-09-16,df562aac9d6da4dc3d275c30084f6b3a9f04ed362eaeeb5521cca8611ffc70ba,0916256005,0.05930508474576271,2
2020-09-16,e03b79502e73e2db4a1aacca4b1fd59769c633ab30e2bf7eb03747e117471952,0903813002,0.03049152542372881,2
2020-09-16,e03b79502e73e2db4a1aacca4b1fd59769c633ab30e2bf7eb03747e117471952,0888140002,0.038966101694915246,2
2020-09-16,e643dd7d4d1ea50aa341361e303258a07f591848d54a586b7490eed31a57a906,0748355003,0.022016949152542376,2
2020-09-16,e643dd7d4d1ea50aa341361e303258a07f591848d54a586b7490eed31a57a906,0855080001,0.025406779661016947,2
2020-09-16,e70272bf90fc637fb211648337eab3e89519145801852e647decf71c8a6890f8,0784001006,0.033881355932203386,1
2020-09-16,ec0fcb0fea2322b93168a373ab4d8bed65046c0ef707a2321f0577a08205af14,0349080001,0.016932203389830508,2
2020-09-16,ec0fcb0fea2322b93168a373ab4d8bed65046c0ef707a2321f0577a08205af14,0788575002,0.042355932203389825,2
2020-09-16,ec0fcb0fea2322b93168a373ab4d8bed65046c0ef707a2321f0577a08205af14,0788575002,0.042355932203389825,2
2020-09-16,ec0fcb0fea2322b93168a373ab4d8bed65046c0ef707a2321f0577a08205af14,0914441001,0.033881355932203386,2
2020-09-16,f285ff176d2b3f34c3154663442123627ac815f9585ed76e014f0b46ad02ce59,0685814061,0.033881355932203386,2
2020-09-16,f285ff176d2b3f34c3154663442123627ac815f9585ed76e014f0b46ad02ce59,0852584001,0.033881355932203386,2
2020-09-16,f285ff176d2b3f34c3154663442123627ac815f9585ed76e014f0b46ad02ce59,0874370001,0.06777966101694916,2
2020-09-16,f285ff176d2b3f34c3154663442123627ac815f9585ed76e014f0b46ad02ce59,0866731001,0.025406779661016947,2
2020-09-16,f285ff176d2b3f34c3154663442123627ac815f9585ed76e014f0b46ad02ce59,0783418001,0.008457627118644067,2
2020-09-16,f3313f01e7766a2eab76ff39319b9b47cdee9e53aa8a4e230b2fefbee65bd031,0794575017,0.033881355932203386,2
2020-09-16,f3313f01e7766a2eab76ff39319b9b47cdee9e53aa8a4e230b2fefbee65bd031,0929165002,0.050830508474576264,2
2020-09-16,f3313f01e7766a2eab76ff39319b9b47cdee9e53aa8a4e230b2fefbee65bd031,0910601003,0.042355932203389825,2
2020-09-16,f3313f01e7766a2eab76ff39319b9b47cdee9e53aa8a4e230b2fefbee65bd031,0923037003,0.033881355932203386,2
2020-09-16,f7098dfdfec031a3cff754dd7d0470b95f462ac74cd89f55836555aadf1d9bde,0916500001,0.042355932203389825,2
2020-09-16,f7098dfdfec031a3cff754dd7d0470b95f462ac74cd89f55836555aadf1d9bde,0810169020,0.050830508474576264,2
2020-09-16,f7098dfdfec031a3cff754dd7d0470b95f462ac74cd89f55836555aadf1d9bde,0873362002,0.042355932203389825,2
2020-09-16,f7098dfdfec031a3cff754dd7d0470b95f462ac74cd89f55836555aadf1d9bde,0843940001,0.033881355932203386,2
2020-09-16,ff511b097c5059275884e1d43ea466380803bdb3bb366327ff80f21748c9771a,0845790001,0.033881355932203386,2
2020-09-16,ff511b097c5059275884e1d43ea466380803bdb3bb366327ff80f21748c9771a,0762143001,0.013542372881355931,2
2020-09-17,009d1f01410c945ed5f25c733f2c8261c5f17800fab8b4c8875efee404ca59fc,0895804007,0.025406779661016947,2
2020-09-17,009d1f01410c945ed5f25c733f2c8261c5f17800fab8b4c8875efee404ca59fc,0928171001,0.050830508474576264,2
2020-09-17,021a3378b79a02037826cfa0fc50697c38ebd58f5d3d3a8a4abdc8e6736c3fa0,0817361008,0.042355932203389825,1
2020-09-17,021a3378b79a02037826cfa0fc50697c38ebd58f5d3d3a8a4abdc8e6736c3fa0,0817361007,0.018627118644067797,1
2020-09-17,117b80b9b4c334d2a8bf67a29e7216ed1943b714c6d6919c681df77b73f4b3c1,0909721001,0.042355932203389825,2
2020-09-17,122bb5e35b56c8016c2450c55aa8d698e062919ba040adb81c03dbf9a54bbe91,0914805002,0.050830508474576264,2
2020-09-17,12ad37d8450ff1e1a81a7f17f3aa95a7ddd084e801c28e73441e18a6799fad47,0677930037,0.016932203389830508,2
2020-09-17,12ad37d8450ff1e1a81a7f17f3aa95a7ddd084e801c28e73441e18a6799fad47,0909869004,0.025406779661016947,2
2020-09-17,132135899e497c6b72787c986f2a9b49ad2e7cda78afa5c4e2eca6bc8a0206a9,0909059002,0.042355932203389825,2
2020-09-17,18515d86c0d0e779fe04dc60e40ba594b45c970f4f14d42d77969d23b47c4e0a,0923340001,0.016932203389830508,1
2020-09-17,1bf16775ac0e99e1224548ef6036f115ddf07c6406683161808561d69cd81af3,0684886001,0.027101694915254236,2
2020-09-17,1bf16775ac0e99e1224548ef6036f115ddf07c6406683161808561d69cd81af3,0764280001,0.033881355932203386,2
2020-09-17,205d77acab6bcfaa3cc81b09e78c5cc9a1e60dde229355a77c7cc01c840c8239,0867969007,0.033881355932203386,2
2020-09-17,205d77acab6bcfaa3cc81b09e78c5cc9a1e60dde229355a77c7cc01c840c8239,0930380003,0.033881355932203386,2
2020-09-17,2062bbfb8a8c443edf4b34a4154aff62f9487629f9ba8b2fa256212aa70e3367,0877769001,0.05930508474576271,1
2020-09-17,264afbf64f04479703b4433a8bc6534f8c1696beaa2a24c80bc5e1f8f8cb118b,0843597001,0.013542372881355931,1
2020-09-17,265b4c7179a7ce14e730dcbf26d199b9d84b52ac35d83b611b35b582b548d43f,0865929007,0.016932203389830508,1
2020-09-17,265b4c7179a7ce14e730dcbf26d199b9d84b52ac35d83b611b35b582b548d43f,0903790001,0.033881355932203386,1
2020-09-17,28bd960690c5d96e63aa07a49269d3d54b1379cb84703645bfadaed32e3cdbbb,0808684001,0.027101694915254236,1
2020-09-17,28bd960690c5d96e63aa07a49269d3d54b1379cb84703645bfadaed32e3cdbbb,0882082001,0.013542372881355931,1
2020-09-17,2afd4682a343220fbe8ce4356e5376a297844bc22a24d28bbc6a4eec40a2c3af,0930380001,0.033881355932203386,2
2020-09-17,2afd4682a343220fbe8ce4356e5376a297844bc22a24d28bbc6a4eec40a2c3af,0803757005,0.016932203389830508,2
2020-09-17,2b3c54cb115b432459f869bcc194f017fe3019a88f177b29d526501246eecdb7,0869379007,0.018627118644067797,2
2020-09-17,2b933ca07e10f6623550b7b972668e38a0ca46a58ddd3b63ac8775efa2530d43,0810156002,0.026084745762711865,2
2020-09-17,2b933ca07e10f6623550b7b972668e38a0ca46a58ddd3b63ac8775efa2530d43,0843940001,0.03261016949152542,2
2020-09-17,2b933ca07e10f6623550b7b972668e38a0ca46a58ddd3b63ac8775efa2530d43,0469562065,0.03913559322033898,2
2020-09-17,2b933ca07e10f6623550b7b972668e38a0ca46a58ddd3b63ac8775efa2530d43,0873366002,0.0428135593220339,2
2020-09-17,2b933ca07e10f6623550b7b972668e38a0ca46a58ddd3b63ac8775efa2530d43,0778723001,0.03427118644067796,2
2020-09-17,2d1740350e01919c7dc7e0930d39601a38d2df71cfbc9f53a1b7a89f2e61f953,0849103001,0.03,2
2020-09-17,2d1740350e01919c7dc7e0930d39601a38d2df71cfbc9f53a1b7a89f2e61f953,0884319002,0.022508474576271188,2
2020-09-17,3a96b01f92ab80845ea0259c4d094a745e2454d8486144526ad5867a4f6666a1,0893141002,0.03430508474576271,2
2020-09-17,3a96b01f92ab80845ea0259c4d094a745e2454d8486144526ad5867a4f6666a1,0852584001,0.03049152542372881,2
2020-09-17,3db94b63388222357eec7561f44395d084aa48bd7fa7ce52f7e9d1540ba49cd9,0926502001,0.05930508474576271,1
2020-09-17,3db94b63388222357eec7561f44395d084aa48bd7fa7ce52f7e9d1540ba49cd9,0885989002,0.042355932203389825,1
2020-09-17,3db94b63388222357eec7561f44395d084aa48bd7fa7ce52f7e9d1540ba49cd9,0882882002,0.050830508474576264,1
2020-09-17,3db94b63388222357eec7561f44395d084aa48bd7fa7ce52f7e9d1540ba49cd9,0926842001,0.022016949152542376,1
2020-09-17,3f82a90f4bd44f146f2a0b06c507e62f49be3fc6437912fc5a03910a2f4fa5aa,0715624001,0.025406779661016947,2
2020-09-17,3f82a90f4bd44f146f2a0b06c507e62f49be3fc6437912fc5a03910a2f4fa5aa,0907409001,0.016932203389830508,2
2020-09-17,3ffb740431a3d13ad7a38f6e793c09c7dc43de0d50718525803758127139d135,0905070001,0.025406779661016947,1
2020-09-17,3ffb740431a3d13ad7a38f6e793c09c7dc43de0d50718525803758127139d135,0820032006,0.022016949152542376,1
2020-09-17,3ffb740431a3d13ad7a38f6e793c09c7dc43de0d50718525803758127139d135,0876803001,0.042355932203389825,1
2020-09-17,409eb6dfdeff4bde9de48cdbfa525c4872df3a3b329de9141c39660babf60454,0683001027,0.016932203389830508,2
2020-09-17,409eb6dfdeff4bde9de48cdbfa525c4872df3a3b329de9141c39660babf60454,0683001028,0.016932203389830508,2
2020-09-17,409eb6dfdeff4bde9de48cdbfa525c4872df3a3b329de9141c39660babf60454,0631536040,0.016932203389830508,2
2020-09-17,409eb6dfdeff4bde9de48cdbfa525c4872df3a3b329de9141c39660babf60454,0631536039,0.016932203389830508,2
2020-09-17,430e2c9a4229bb161dfc31bc3483d6e1209bea0520b6e45b9275bb88bcc27043,0918894002,0.016932203389830508,1
2020-09-17,474ea4789ea56f977021dd3d8cb63a5109e70b1695979ddc7f19872926913a81,0909014001,0.05930508474576271,1
2020-09-17,4d7332cb81aca6f526f2c671dea74ce3bd3c770e7ef560a6fb58e8b75c6cc01e,0795338004,0.022016949152542376,2
2020-09-17,4d7332cb81aca6f526f2c671dea74ce3bd3c770e7ef560a6fb58e8b75c6cc01e,0917296004,0.050830508474576264,2
2020-09-17,4d741c6ae23120b1409466b1fe1a6116e12cb2f583a771c725fbe0883d16cbe3,0932554001,0.013542372881355931,2
2020-09-17,4d741c6ae23120b1409466b1fe1a6116e12cb2f583a771c725fbe0883d16cbe3,0932554001,0.013542372881355931,2
2020-09-17,4f5be65c7d3a9e34e7f639f4e50cabcf1173b8686296e0dd6fc50eb3a63fe5e4,0754267058,0.016932203389830508,1
2020-09-17,4f5be65c7d3a9e34e7f639f4e50cabcf1173b8686296e0dd6fc50eb3a63fe5e4,0717490008,0.008457627118644067,1
2020-09-17,52407bd502c44c11edb870aacd4d6672b25f01ecf491a1933d3111702dbab193,0666444003,0.013542372881355931,2
2020-09-17,52407bd502c44c11edb870aacd4d6672b25f01ecf491a1933d3111702dbab193,0809238001,0.042355932203389825,2
2020-09-17,55f7a75d96ed54cf16817b989ec6d178b3776b169305ccdcb5ae7257d2bd2092,0754357005,0.05930508474576271,2
2020-09-17,55f7a75d96ed54cf16817b989ec6d178b3776b169305ccdcb5ae7257d2bd2092,0813803009,0.005067796610169492,1
2020-09-17,55f7a75d96ed54cf16817b989ec6d178b3776b169305ccdcb5ae7257d2bd2092,0894762002,0.16779661016949152,2
2020-09-17,55f7a75d96ed54cf16817b989ec6d178b3776b169305ccdcb5ae7257d2bd2092,0893059005,0.042355932203389825,1
2020-09-17,55f7a75d96ed54cf16817b989ec6d178b3776b169305ccdcb5ae7257d2bd2092,0890480001,0.011847457627118646,1
2020-09-17,55f7a75d96ed54cf16817b989ec6d178b3776b169305ccdcb5ae7257d2bd2092,0865799005,0.033881355932203386,2
2020-09-17,55f7a75d96ed54cf16817b989ec6d178b3776b169305ccdcb5ae7257d2bd2092,0888422001,0.042355932203389825,1
2020-09-17,5ee0d0fa256ad6ee45ffa93f33e63d4269446d1661088128ef81353b6b0c109d,0816586002,0.025406779661016947,1
2020-09-17,5ee0d0fa256ad6ee45ffa93f33e63d4269446d1661088128ef81353b6b0c109d,0816586002,0.025406779661016947,1
2020-09-17,5ee0d0fa256ad6ee45ffa93f33e63d4269446d1661088128ef81353b6b0c109d,0871517008,0.025406779661016947,1
2020-09-17,5f78f443227f8e953e349811a7a6b26e3c5e70c18588630f516d04bc9adce252,0894763002,0.21864406779661016,2
2020-09-17,5f78f443227f8e953e349811a7a6b26e3c5e70c18588630f516d04bc9adce252,0869706001,0.08472881355932205,2
2020-09-17,5f78f443227f8e953e349811a7a6b26e3c5e70c18588630f516d04bc9adce252,0918149001,0.022016949152542376,2
2020-09-17,5f78f443227f8e953e349811a7a6b26e3c5e70c18588630f516d04bc9adce252,0893133001,0.042355932203389825,2
2020-09-17,5f9b7c1ffbc1b9f9c170b5c6d883388d9e20d44c09f2fd8ddbff13eaeccec457,0821107001,0.016932203389830508,1
2020-09-17,5f9b7c1ffbc1b9f9c170b5c6d883388d9e20d44c09f2fd8ddbff13eaeccec457,0821395005,0.016932203389830508,1
2020-09-17,66058da036bd8d0b69da8a4600b4a48fd829419b729873547945b3ee8394449b,0923037003,0.033881355932203386,2
2020-09-17,66aed150aa83cfe4f0779e11a4b6f7923329fd4fba32eb38b2a8ec94cdd385bc,0821395005,0.016932203389830508,1
2020-09-17,66aed150aa83cfe4f0779e11a4b6f7923329fd4fba32eb38b2a8ec94cdd385bc,0536139067,0.016932203389830508,1
2020-09-17,66aed150aa83cfe4f0779e11a4b6f7923329fd4fba32eb38b2a8ec94cdd385bc,0902388002,0.016932203389830508,1
2020-09-17,68c8a184daa7c4fb6dc39f966bbf2188dd4af0f7cb29aca0ce7880ba42f52f2d,0696533001,0.003,1
2020-09-17,68c8a184daa7c4fb6dc39f966bbf2188dd4af0f7cb29aca0ce7880ba42f52f2d,0793185042,0.011542372881355933,1
2020-09-17,69eb84594a5233ffb0a23db5f42cbbcf3b1af5922f8f3fba3c1e87367147aab9,0918171003,0.050830508474576264,2
2020-09-17,69eb84594a5233ffb0a23db5f42cbbcf3b1af5922f8f3fba3c1e87367147aab9,0910601002,0.042355932203389825,2
2020-09-17,69eb84594a5233ffb0a23db5f42cbbcf3b1af5922f8f3fba3c1e87367147aab9,0910601003,0.042355932203389825,2
2020-09-17,6a52960dadbea10e932a72b148769ad3a4254cf95bb8871cdcdb2d848d724ffa,0685813043,0.016932203389830508,2
2020-09-17,6add0639c9b15244211244e99400ce0a30cfb2a529c8c6120d587c922a3f1f87,0821062001,0.03952542372881356,1
2020-09-17,6add0639c9b15244211244e99400ce0a30cfb2a529c8c6120d587c922a3f1f87,0884319001,0.023711864406779665,1
2020-09-17,6add0639c9b15244211244e99400ce0a30cfb2a529c8c6120d587c922a3f1f87,0896152001,0.031627118644067795,1
2020-09-17,6de234da70e420c599e1c28e0444cd655bd5ea5bc8dfcaf92f2c058e21593d2d,0865250002,0.016932203389830508,1
2020-09-17,6de234da70e420c599e1c28e0444cd655bd5ea5bc8dfcaf92f2c058e21593d2d,0909832001,0.016932203389830508,1
2020-09-17,6de234da70e420c599e1c28e0444cd655bd5ea5bc8dfcaf92f2c058e21593d2d,0920753001,0.011847457627118646,1
2020-09-17,6de234da70e420c599e1c28e0444cd655bd5ea5bc8dfcaf92f2c058e21593d2d,0865240002,0.008457627118644067,1
2020-09-17,704892ce549a6c3b4cf5836ca6a2e48e366690341750645a07001d55281c8cc3,0848039001,0.018627118644067797,2
2020-09-17,704892ce549a6c3b4cf5836ca6a2e48e366690341750645a07001d55281c8cc3,0857924010,0.033881355932203386,2
2020-09-17,704892ce549a6c3b4cf5836ca6a2e48e366690341750645a07001d55281c8cc3,0857924010,0.033881355932203386,2
2020-09-17,704892ce549a6c3b4cf5836ca6a2e48e366690341750645a07001d55281c8cc3,0932558001,0.03049152542372881,2
2020-09-17,704892ce549a6c3b4cf5836ca6a2e48e366690341750645a07001d55281c8cc3,0932558001,0.03049152542372881,2
2020-09-17,704892ce549a6c3b4cf5836ca6a2e48e366690341750645a07001d55281c8cc3,0763275001,0.008457627118644067,2
2020-09-17,719f3628d4b69f5e3a0d42f83d28a35db8260164b646c1f49dcae8e7cb8c82f8,0935357001,0.13557627118644067,2
2020-09-17,71cfd8bda66bf3588cc24389bae27f399a3fe8d915c9255f0099809d3f2c02be,0929695001,0.042355932203389825,1
2020-09-17,76bf8043bd6315c6f61cb23d70e2c56373996c72742b65f4fd980594d88a1af3,0803757004,0.01523728813559322,2
2020-09-17,76bf8043bd6315c6f61cb23d70e2c56373996c72742b65f4fd980594d88a1af3,0878097001,0.016762711864406782,2
2020-09-17,7839e09a85cdc41146a6312a6496fd8709a77db58f47cbe3c4d74cd8c43d8085,0898694001,0.050830508474576264,2
2020-09-17,7b3324ed2b894d6548d18c9b63a7bd9a3941bbeb4c9bfb180618f02487d53417,0372860001,0.013542372881355931,1
2020-09-17,7b3324ed2b894d6548d18c9b63a7bd9a3941bbeb4c9bfb180618f02487d53417,0908230001,0.012694915254237289,1
2020-09-17,7b3324ed2b894d6548d18c9b63a7bd9a3941bbeb4c9bfb180618f02487d53417,0899499012,0.013542372881355931,1
2020-09-17,7bcd9155c9b9f4e350d39e9f66bf0b635c8f597f937d6b7fd34498b6832e40c9,0780096004,0.010152542372881357,1
2020-09-17,7ed3f123c4b8b3c7cdae894346f8ab3d513db4a3d5f273d3773d26855480b344,0794575005,0.033881355932203386,1
2020-09-17,7ed3f123c4b8b3c7cdae894346f8ab3d513db4a3d5f273d3773d26855480b344,0840607003,0.01371186440677966,1
2020-09-17,84264feb45487d3404c865ece2c4d2c6c5b66473b759e90a346a070bb2e935a9,0918649001,0.011847457627118646,1
2020-09-17,85e3855fb77cc69e61eb7f8498af54e13d9b26e32d5f420ccf6643e68a6c868c,0797835008,0.06777966101694916,1
2020-09-17,89fff0c0175f86772bc8d55a91ffefe2129a052bfeaf1c25860b186379b8634c,0893059005,0.042355932203389825,2
2020-09-17,89fff0c0175f86772bc8d55a91ffefe2129a052bfeaf1c25860b186379b8634c,0886566001,0.033881355932203386,2
2020-09-17,89fff0c0175f86772bc8d55a91ffefe2129a052bfeaf1c25860b186379b8634c,0872537006,0.08472881355932205,2
2020-09-17,89fff0c0175f86772bc8d55a91ffefe2129a052bfeaf1c25860b186379b8634c,0872537002,0.08472881355932205,2
2020-09-17,89fff0c0175f86772bc8d55a91ffefe2129a052bfeaf1c25860b186379b8634c,0809238001,0.042355932203389825,2
2020-09-17,8a030ac3e94083828928ad1002b27fd3e8a1e4f794343be0717d1bacd9e84e86,0768913002,0.03049152542372881,2
2020-09-17,8a030ac3e94083828928ad1002b27fd3e8a1e4f794343be0717d1bacd9e84e86,0696142004,0.07625423728813559,2
2020-09-17,8a030ac3e94083828928ad1002b27fd3e8a1e4f794343be0717d1bacd9e84e86,0887166001,0.011847457627118646,2
2020-09-17,8a030ac3e94083828928ad1002b27fd3e8a1e4f794343be0717d1bacd9e84e86,0695662009,0.016932203389830508,2
2020-09-17,8e722572a1ab156e5e77b733767316273800726f5ad0733d2adaf2d6740b6d28,0759326009,0.0457457627118644,2
2020-09-17,8e722572a1ab156e5e77b733767316273800726f5ad0733d2adaf2d6740b6d28,0689047004,0.053372881355932204,2
2020-09-17,8e7cea234d8a336350de6954172d658c07dd8a28d9d1803b2face556d6bf36c9,0879088001,0.042355932203389825,2
2020-09-17,8e7cea234d8a336350de6954172d658c07dd8a28d9d1803b2face556d6bf36c9,0876147004,0.10167796610169492,2
2020-09-17,9549e2d372372b2da2fd25eaa46139a080c26b2c343aa8006f0513f416670234,0516859008,0.013542372881355931,1
2020-09-17,9549e2d372372b2da2fd25eaa46139a080c26b2c343aa8006f0513f416670234,0928857001,0.008457627118644067,1
2020-09-17,9549e2d372372b2da2fd25eaa46139a080c26b2c343aa8006f0513f416670234,0903306006,0.016932203389830508,1
2020-09-17,96c548ab8d8f772717a44bd8a0662f36c57bb3a659c8aa179a4bd3f5c54e204f,0912574001,0.016932203389830508,2
2020-09-17,9b79f246741edbfd600a7141d7a3b443a328cadfe237d0ac67736d778b675195,0903854001,0.025406779661016947,2
2020-09-17,9b79f246741edbfd600a7141d7a3b443a328cadfe237d0ac67736d778b675195,0912574003,0.016932203389830508,2
2020-09-17,9ba942d03064d486d7b0c2373659461680763233bd6a816bcb4e6469cd42e3ca,0854193001,0.013542372881355931,1
2020-09-17,9ba942d03064d486d7b0c2373659461680763233bd6a816bcb4e6469cd42e3ca,0854193003,0.013542372881355931,1
2020-09-17,9d74754084a93f29bbe0bd340c76e650cbdd696784184981657781c20838a242,0783346032,0.022016949152542376,1
2020-09-17,9d74754084a93f29bbe0bd340c76e650cbdd696784184981657781c20838a242,0766346008,0.022016949152542376,1
2020-09-17,9e6fe9ac585a031b1b6c42cc2969a3eebf5561855059f3a7b6da976dcdbbd394,0827572002,0.025406779661016947,2
2020-09-17,9e6fe9ac585a031b1b6c42cc2969a3eebf5561855059f3a7b6da976dcdbbd394,0916995003,0.016932203389830508,2
2020-09-17,9e6fe9ac585a031b1b6c42cc2969a3eebf5561855059f3a7b6da976dcdbbd394,0804759004,0.025406779661016947,2
2020-09-17,9e6fe9ac585a031b1b6c42cc2969a3eebf5561855059f3a7b6da976dcdbbd394,0804759017,0.025406779661016947,2
2020-09-17,9e6fe9ac585a031b1b6c42cc2969a3eebf5561855059f3a7b6da976dcdbbd394,0896148002,0.05930508474576271,2
2020-09-17,9e6fe9ac585a031b1b6c42cc2969a3eebf5561855059f3a7b6da976dcdbbd394,0804759005,0.025406779661016947,2
2020-09-17,9e6fe9ac585a031b1b6c42cc2969a3eebf5561855059f3a7b6da976dcdbbd394,0864437002,0.033881355932203386,2
2020-09-17,9e6fe9ac585a031b1b6c42cc2969a3eebf5561855059f3a7b6da976dcdbbd394,0941138004,0.016932203389830508,2
2020-09-17,9e6fe9ac585a031b1b6c42cc2969a3eebf5561855059f3a7b6da976dcdbbd394,0867503006,0.03049152542372881,2
2020-09-17,9e6fe9ac585a031b1b6c42cc2969a3eebf5561855059f3a7b6da976dcdbbd394,0868247001,0.05930508474576271,2
2020-09-17,a3bd92422af45daea2c1ee6e41b448e157af96d6f28906c7fd6a745656b60851,0357751002,0.010152542372881357,1
2020-09-17,a3bd92422af45daea2c1ee6e41b448e157af96d6f28906c7fd6a745656b60851,0818972002,0.013542372881355931,1
2020-09-17,a3bd92422af45daea2c1ee6e41b448e157af96d6f28906c7fd6a745656b60851,0759482001,0.008457627118644067,1
2020-09-17,a3bd92422af45daea2c1ee6e41b448e157af96d6f28906c7fd6a745656b60851,0872231004,0.012694915254237289,1
2020-09-17,a3bd92422af45daea2c1ee6e41b448e157af96d6f28906c7fd6a745656b60851,0685816066,0.008457627118644067,1
2020-09-17,aa8db50efbe15a2451ba7473ddc531239756456ab690bf402b8889c62197ad4d,0873279006,0.042355932203389825,2
2020-09-17,aa8db50efbe15a2451ba7473ddc531239756456ab690bf402b8889c62197ad4d,0911108003,0.033881355932203386,2
2020-09-17,abed12d8d8b6f9ec947fd70fe106b053be4d67139335bb88155702c500d31b2e,0873045002,0.01523728813559322,1
2020-09-17,abed12d8d8b6f9ec947fd70fe106b053be4d67139335bb88155702c500d31b2e,0850917001,0.022864406779661017,1
2020-09-17,abed12d8d8b6f9ec947fd70fe106b053be4d67139335bb88155702c500d31b2e,0915526002,0.03049152542372881,1
2020-09-17,b0250f37a0b81b530ccd2e607d02940196e129dd52a31c72934410e9bd9ab1b6,0881908001,0.013542372881355931,1
2020-09-17,b0250f37a0b81b530ccd2e607d02940196e129dd52a31c72934410e9bd9ab1b6,0849738002,0.01523728813559322,1
2020-09-17,b0bfd009017373d5ef6e3e673a52e96643e9a78537e6cc5579dcbda9652e82a5,0867969003,0.033881355932203386,2
2020-09-17,b0bfd009017373d5ef6e3e673a52e96643e9a78537e6cc5579dcbda9652e82a5,0867969003,0.033881355932203386,2
2020-09-17,b0bfd009017373d5ef6e3e673a52e96643e9a78537e6cc5579dcbda9652e82a5,0573085042,0.033881355932203386,2
2020-09-17,b0bfd009017373d5ef6e3e673a52e96643e9a78537e6cc5579dcbda9652e82a5,0573085042,0.033881355932203386,2
2020-09-17,b0bfd009017373d5ef6e3e673a52e96643e9a78537e6cc5579dcbda9652e82a5,0907957001,0.022016949152542376,2
2020-09-17,b0bfd009017373d5ef6e3e673a52e96643e9a78537e6cc5579dcbda9652e82a5,0719530014,0.033881355932203386,2
2020-09-17,b0bfd009017373d5ef6e3e673a52e96643e9a78537e6cc5579dcbda9652e82a5,0719530014,0.033881355932203386,2
2020-09-17,b0bfd009017373d5ef6e3e673a52e96643e9a78537e6cc5579dcbda9652e82a5,0621381024,0.033881355932203386,2
2020-09-17,b0bfd009017373d5ef6e3e673a52e96643e9a78537e6cc5579dcbda9652e82a5,0621381024,0.033881355932203386,2
2020-09-17,b0bfd009017373d5ef6e3e673a52e96643e9a78537e6cc5579dcbda9652e82a5,0706016002,0.033881355932203386,2
2020-09-17,b0bfd009017373d5ef6e3e673a52e96643e9a78537e6cc5579dcbda9652e82a5,0706016002,0.033881355932203386,2
2020-09-17,b0bfd009017373d5ef6e3e673a52e96643e9a78537e6cc5579dcbda9652e82a5,0621381027,0.033881355932203386,2
2020-09-17,b0bfd009017373d5ef6e3e673a52e96643e9a78537e6cc5579dcbda9652e82a5,0621381027,0.033881355932203386,2
2020-09-17,b0bfd009017373d5ef6e3e673a52e96643e9a78537e6cc5579dcbda9652e82a5,0706016038,0.033881355932203386,2
2020-09-17,b9b73c1fdb0599b725b06e3b635a7616b7726daa59d8ecc1c842fd8984551821,0909320001,0.05930508474576271,2
2020-09-17,b9b73c1fdb0599b725b06e3b635a7616b7726daa59d8ecc1c842fd8984551821,0896152003,0.033881355932203386,2
2020-09-17,bcbc98f816cabc2aaf52e57e8ff0d0a648c31173e27585e77cb8c273b0ec9d64,0516903024,0.025406779661016947,2
2020-09-17,bcbc98f816cabc2aaf52e57e8ff0d0a648c31173e27585e77cb8c273b0ec9d64,0934835001,0.025406779661016947,2
2020-09-17,bcbc98f816cabc2aaf52e57e8ff0d0a648c31173e27585e77cb8c273b0ec9d64,0573085043,0.033881355932203386,2
2020-09-17,bf2276303640caa6eb75ebf582209930ef0769bdd261259ca5fe525659033c28,0874122005,0.008457627118644067,1
2020-09-17,c68bdfb8061a4f18562c3615a419f2033f923ff44a64889a751a01b2fb08782a,0786022008,0.03811864406779661,2
2020-09-17,c6f312b00ec321c02d4ea0b2146619e85e91e8de330dff77c84ade7714434f6f,0875272012,0.050830508474576264,2
2020-09-17,cb9e13a29d8e7ece41ab17f334eb4406ef7ae6080799d2f7f749a526e34f9afa,0795975003,0.01228813559322034,1
2020-09-17,cb9e13a29d8e7ece41ab17f334eb4406ef7ae6080799d2f7f749a526e34f9afa,0859400005,0.05377966101694916,1
2020-09-17,d1cbdc4a75ae7f4a320b2ccf6dd365957e43df12febb5645fe98fe2de2d06d8e,0869331006,0.029,1
2020-09-17,d1cbdc4a75ae7f4a320b2ccf6dd365957e43df12febb5645fe98fe2de2d06d8e,0852584002,0.03223728813559322,1
2020-09-17,d1cbdc4a75ae7f4a320b2ccf6dd365957e43df12febb5645fe98fe2de2d06d8e,0868405004,0.016101694915254237,1
2020-09-17,d1cbdc4a75ae7f4a320b2ccf6dd365957e43df12febb5645fe98fe2de2d06d8e,0791587010,0.024169491525423727,1
2020-09-17,d59d92a543fbea8eb58b34f40c9ea235de12c429dd148ca9be5a1328fb319c16,0850917001,0.025406779661016947,2
2020-09-17,d7a718eb413ce9bc34669bcd17df56b67fce90c612e5654631c9f6f464dc14ad,0448509024,0.017779661016949153,1
2020-09-17,d7a718eb413ce9bc34669bcd17df56b67fce90c612e5654631c9f6f464dc14ad,0448509018,0.021169491525423727,1
2020-09-17,d7a718eb413ce9bc34669bcd17df56b67fce90c612e5654631c9f6f464dc14ad,0448509018,0.017779661016949153,1
2020-09-17,d7a718eb413ce9bc34669bcd17df56b67fce90c612e5654631c9f6f464dc14ad,0448509001,0.021169491525423727,1
2020-09-17,d7a718eb413ce9bc34669bcd17df56b67fce90c612e5654631c9f6f464dc14ad,0448509014,0.021169491525423727,1
2020-09-17,d995e07977fb34ae9f25e685db6bc45e74e49e19788b4f8ae6cb015609aa7bed,0804992033,0.025406779661016947,1
2020-09-17,de04b8cb8adcdac35d192e5e2c2a08d0a6ce49bb9d88e00f885b0a6afcddfd8c,0685044011,0.050830508474576264,2
2020-09-17,de04b8cb8adcdac35d192e5e2c2a08d0a6ce49bb9d88e00f885b0a6afcddfd8c,0399061032,0.05930508474576271,2
2020-09-17,de04b8cb8adcdac35d192e5e2c2a08d0a6ce49bb9d88e00f885b0a6afcddfd8c,0828991003,0.033881355932203386,2
2020-09-17,de04b8cb8adcdac35d192e5e2c2a08d0a6ce49bb9d88e00f885b0a6afcddfd8c,0870328001,0.033881355932203386,2
2020-09-17,de04b8cb8adcdac35d192e5e2c2a08d0a6ce49bb9d88e00f885b0a6afcddfd8c,0905132001,0.06777966101694916,2
2020-09-17,de86932ccf86405fbe02157b08f1c725bd6c203f7d760c849131b69c1917a22b,0868874002,0.033881355932203386,1
2020-09-17,e0df2008467c52dca7ca17eab9d4db115414e1caaf4e70c22d08c99f574d3168,0827635001,0.050830508474576264,2
2020-09-17,e0df2008467c52dca7ca17eab9d4db115414e1caaf4e70c22d08c99f574d3168,0910601001,0.042355932203389825,2
2020-09-17,e0df2008467c52dca7ca17eab9d4db115414e1caaf4e70c22d08c99f574d3168,0748269009,0.025406779661016947,2
2020-09-17,e0df2008467c52dca7ca17eab9d4db115414e1caaf4e70c22d08c99f574d3168,0910601002,0.042355932203389825,2
2020-09-17,e0fe90daae59bb2c09e801b2d3b6daa6fbe7677e31ff38d149630bd3234d9c97,0892309001,0.016932203389830508,1
2020-09-17,e0fe90daae59bb2c09e801b2d3b6daa6fbe7677e31ff38d149630bd3234d9c97,0786187005,0.03049152542372881,1
2020-09-17,e0fe90daae59bb2c09e801b2d3b6daa6fbe7677e31ff38d149630bd3234d9c97,0822311012,0.013542372881355931,1
2020-09-17,e0fe90daae59bb2c09e801b2d3b6daa6fbe7677e31ff38d149630bd3234d9c97,0891763003,0.025406779661016947,1
2020-09-17,e0fe90daae59bb2c09e801b2d3b6daa6fbe7677e31ff38d149630bd3234d9c97,0903306002,0.016932203389830508,1
2020-09-17,e0fe90daae59bb2c09e801b2d3b6daa6fbe7677e31ff38d149630bd3234d9c97,0903306002,0.016932203389830508,1
2020-09-17,e43cbd2a294b19d7402d5ec6d65bdff436b6ae66372f06046445f16b87636887,0920972001,0.042355932203389825,1
2020-09-17,e43cbd2a294b19d7402d5ec6d65bdff436b6ae66372f06046445f16b87636887,0572998005,0.042355932203389825,1
2020-09-17,e5178f672d9d8d384700249ee8355a036e54dbb2b8e9bd7f8f64050ea57b85ef,0911034001,0.033881355932203386,2
2020-09-17,e5178f672d9d8d384700249ee8355a036e54dbb2b8e9bd7f8f64050ea57b85ef,0934793001,0.050830508474576264,2
2020-09-17,e5178f672d9d8d384700249ee8355a036e54dbb2b8e9bd7f8f64050ea57b85ef,0912574003,0.016932203389830508,2
2020-09-17,e5178f672d9d8d384700249ee8355a036e54dbb2b8e9bd7f8f64050ea57b85ef,0889550001,0.08472881355932205,2
2020-09-17,e5904b3fdaa87fbc7e06be76017765e21e9607cac19a9dcf649c8740bd188bea,0889550002,0.07935593220338982,2
2020-09-17,e5904b3fdaa87fbc7e06be76017765e21e9607cac19a9dcf649c8740bd188bea,0893820001,0.020610169491525426,2
2020-09-17,e70272bf90fc637fb211648337eab3e89519145801852e647decf71c8a6890f8,0897679003,0.042355932203389825,2
2020-09-17,e8c9bbc46d5b8de813159901a3af07a5f761bc8a28528e58be7af92be0377131,0879921002,0.033881355932203386,2
2020-09-17,e962edb356994a81d4e25e1059aaa41f1bd6a576bae74b92f39d0fe68fbfd290,0875350001,0.016932203389830508,1
2020-09-17,e962edb356994a81d4e25e1059aaa41f1bd6a576bae74b92f39d0fe68fbfd290,0865915001,0.05930508474576271,1
2020-09-17,efc79d9551af529eaa1078b8096e0d3c7778167a1b19094baa5f85603b762406,0870328003,0.033881355932203386,2
2020-09-17,efc79d9551af529eaa1078b8096e0d3c7778167a1b19094baa5f85603b762406,0862970001,0.022016949152542376,2
2020-09-17,f43320987c75351679ad0670406c0f379a1541995129c7c49519f0f1d823511f,0456163060,0.033881355932203386,1
2020-09-17,f43320987c75351679ad0670406c0f379a1541995129c7c49519f0f1d823511f,0902518007,0.016932203389830508,1
2020-09-17,f49bc5c839556fb6fa4f5321f7045a223f813e7951f92ca371cacf2378dcabfe,0706016001,0.033881355932203386,2
2020-09-17,f49bc5c839556fb6fa4f5321f7045a223f813e7951f92ca371cacf2378dcabfe,0706016053,0.033881355932203386,2
2020-09-17,fc25803a0c57bad0cdad160ad880617f88447a9bd8499d335d52d873839447bd,0702368001,0.03049152542372881,2
2020-09-17,fc25803a0c57bad0cdad160ad880617f88447a9bd8499d335d52d873839447bd,0702368016,0.03049152542372881,2
2020-09-18,0196e614bdffd9963ae9eed1e547c84233bb7bf6b6b7bbe4fe0f8b68662ff995,0819547001,0.027101694915254236,1
2020-09-18,0196e614bdffd9963ae9eed1e547c84233bb7bf6b6b7bbe4fe0f8b68662ff995,0685816011,0.008457627118644067,1
2020-09-18,02f726450d7617bb0644d00ccabfdf85ac1fdf14b2aa21327c03bf2abc5bb8b2,0803969003,0.025406779661016947,2
2020-09-18,02f726450d7617bb0644d00ccabfdf85ac1fdf14b2aa21327c03bf2abc5bb8b2,0803969003,0.025406779661016947,2
2020-09-18,02f726450d7617bb0644d00ccabfdf85ac1fdf14b2aa21327c03bf2abc5bb8b2,0846181003,0.025406779661016947,2
2020-09-18,0891012c665959be87c45b9d1cf0ee9e90e8d21e8c4af74fb9a4f56dd77459e7,0399256001,0.016932203389830508,1
2020-09-18,093e981814cdd2cbcfe0b46f1dcfc167f9a429d00f96f64f46f6834222072c62,0863583002,0.033881355932203386,2
2020-09-18,093e981814cdd2cbcfe0b46f1dcfc167f9a429d00f96f64f46f6834222072c62,0925512001,0.06777966101694916,2
2020-09-18,093e981814cdd2cbcfe0b46f1dcfc167f9a429d00f96f64f46f6834222072c62,0929165001,0.050830508474576264,2
2020-09-18,0ca84ba2cd82b68ee50c0b5ae1494ee7e5fddeb3e260d7ee0ec758c3b0f760d5,0706016015,0.033881355932203386,1
2020-09-18,0cc419e102766c5aa2ffb7c883ff2ffbecd10cfd892e6ecdd1252e6148b6e7a2,0795881001,0.021779661016949153,1
2020-09-18,0cc419e102766c5aa2ffb7c883ff2ffbecd10cfd892e6ecdd1252e6148b6e7a2,0919152001,0.018864406779661017,1
2020-09-18,10b2ef05cb2240b2e4a8a4899bebcf2cdf81c797b8fd80ab3e10bbbb9a06e4ab,0802461004,0.00676271186440678,1
2020-09-18,12866b8615cda98b1221fb60f917dedda9f8b6ff90bd6ad0675f4f1b28f3948f,0859153001,0.02771186440677966,1
2020-09-18,12cd761353634a453711b0de9b5949c04d4281a3562494817adad02e12c7e243,0788632001,0.010152542372881357,1
2020-09-18,12cd761353634a453711b0de9b5949c04d4281a3562494817adad02e12c7e243,0865935003,0.025406779661016947,1
2020-09-18,1398d146d3e903efeca5f8f4bf49758fad9f68e306c76a378645f56bbd6d3c1c,0891763003,0.025406779661016947,1
2020-09-18,1398d146d3e903efeca5f8f4bf49758fad9f68e306c76a378645f56bbd6d3c1c,0876410006,0.016932203389830508,1
2020-09-18,151618ac2e67d2db7cba1b89373f7074f262ea75d5d94c4a66fa5cf1428d898b,0740519002,0.050830508474576264,1
2020-09-18,1a128669e4bf63a9c26e50673e7d299c63d46f164f1c4ca1ce73a15ffcd01b5b,0772902001,0.013542372881355931,2
2020-09-18,1a128669e4bf63a9c26e50673e7d299c63d46f164f1c4ca1ce73a15ffcd01b5b,0706016015,0.033881355932203386,2
2020-09-18,1ad94e3eddca289ea256a0e2d8c8fce85f7393412808b724304689f0bc789b45,0685816049,0.008457627118644067,1
2020-09-18,1ad94e3eddca289ea256a0e2d8c8fce85f7393412808b724304689f0bc789b45,0863587002,0.016932203389830508,1
2020-09-18,1b3af50691f514d60bd88612b72280bbf5127fc4f04e89c7c081008e5fe89e80,0853388001,0.01523728813559322,1
2020-09-18,1b3af50691f514d60bd88612b72280bbf5127fc4f04e89c7c081008e5fe89e80,0832884001,0.010152542372881357,1
2020-09-18,1d6e5fc6e1e5421506dbd26eac9e2905fc9d5e595246fc387bc67e8b1847058e,0797078018,0.033881355932203386,2
2020-09-18,1d6e5fc6e1e5421506dbd26eac9e2905fc9d5e595246fc387bc67e8b1847058e,0856440002,0.042355932203389825,2
2020-09-18,1d6e5fc6e1e5421506dbd26eac9e2905fc9d5e595246fc387bc67e8b1847058e,0761406006,0.025406779661016947,2
2020-09-18,25c55cd7e104694bf2f743b51ea7aee20cf0c07fdca6a9577214f99bcb314bcc,0839752002,0.016932203389830508,1
2020-09-18,25fac6cba6e8393c51bc7e768e31a69ecbe8b662b913b2f6091e8adcbc74b3d8,0767423001,0.022864406779661017,2
2020-09-18,25fac6cba6e8393c51bc7e768e31a69ecbe8b662b913b2f6091e8adcbc74b3d8,0809238005,0.03811864406779661,2
2020-09-18,25fac6cba6e8393c51bc7e768e31a69ecbe8b662b913b2f6091e8adcbc74b3d8,0878190005,0.061000000000000006,2
2020-09-18,2860d9887f80d55b9eb1c16823749fae9b01356cc537e105dddc173e67276a18,0858565001,0.020322033898305086,2
2020-09-18,2c14eb24625e8b1c04447adbf19ec671a45a7ea0196b029457285b82c6241f64,0111586001,0.01128813559322034,1
2020-09-18,2c14eb24625e8b1c04447adbf19ec671a45a7ea0196b029457285b82c6241f64,0111586001,0.01128813559322034,1
2020-09-18,2c14eb24625e8b1c04447adbf19ec671a45a7ea0196b029457285b82c6241f64,0111586001,0.01128813559322034,1
2020-09-18,2c463dc19dcaa503dac5a4161fe19f46efadfe6c4b58225208c1a73440a8fd07,0928206001,0.033881355932203386,2
2020-09-18,2c463dc19dcaa503dac5a4161fe19f46efadfe6c4b58225208c1a73440a8fd07,0928351001,0.033881355932203386,2
2020-09-18,2d9a2799c53722b65fd1ac995562742851937cf952cf61cea0fcd989c6e4cc55,0916916001,0.016932203389830508,1
2020-09-18,3874541d12de24ece502a71d0584b80bdae93f4029a1d0abfdad4509db006b0e,0516859007,0.013542372881355931,1
2020-09-18,3f7a03326ac385b3689bd7a9da253f1d22cb875c06cae4523217a97629c39d6f,0923758001,0.028796610169491522,2
2020-09-18,3f7a03326ac385b3689bd7a9da253f1d22cb875c06cae4523217a97629c39d6f,0907702003,0.014389830508474576,2
2020-09-18,3f7a03326ac385b3689bd7a9da253f1d22cb875c06cae4523217a97629c39d6f,0793012001,0.02159322033898305,2
2020-09-18,3f7a03326ac385b3689bd7a9da253f1d22cb875c06cae4523217a97629c39d6f,0920869001,0.04320338983050847,2
2020-09-18,437cb017c782d27299043b8ded9fe3dde7df9a63524f659ff68b5260058faab0,0762846027,0.020322033898305086,2
2020-09-18,46b996887ec69d9a6044aab5e4638855c57185cfda81abadce2a144cc7d963f2,0937252001,0.15252542372881356,2
2020-09-18,46b996887ec69d9a6044aab5e4638855c57185cfda81abadce2a144cc7d963f2,0897464002,0.025406779661016947,2
2020-09-18,47ae62fc6196437591d8a682e0d9a808ab8bfd0214280300fea5d4a0e03963a3,0883886001,0.022864406779661017,1
2020-09-18,47ae62fc6196437591d8a682e0d9a808ab8bfd0214280300fea5d4a0e03963a3,0886390001,0.019813559322033897,1
2020-09-18,47ae62fc6196437591d8a682e0d9a808ab8bfd0214280300fea5d4a0e03963a3,0868879004,0.01523728813559322,1
2020-09-18,47ae62fc6196437591d8a682e0d9a808ab8bfd0214280300fea5d4a0e03963a3,0865929003,0.01523728813559322,1
2020-09-18,4ca56a76baa57388dfdd7ec2371f9ad4679f07c898fe02029ac034c0a77228ba,0928351001,0.032372881355932207,2
2020-09-18,4ca56a76baa57388dfdd7ec2371f9ad4679f07c898fe02029ac034c0a77228ba,0896169005,0.04857627118644067,2
2020-09-18,4dd5a08c8d8e51aa0c0f875dfb1705a8b4c165946af29839bce2357387cbd8d8,0912075005,0.023711864406779665,2
2020-09-18,4dd5a08c8d8e51aa0c0f875dfb1705a8b4c165946af29839bce2357387cbd8d8,0851400001,0.05930508474576271,2
2020-09-18,4e7dfd881d66db1a7b135afad5c8b94069533b25bad0a5d99161372081253403,0714620005,0.008457627118644067,2
2020-09-18,4e7dfd881d66db1a7b135afad5c8b94069533b25bad0a5d99161372081253403,0872454002,0.00676271186440678,2
2020-09-18,4e7dfd881d66db1a7b135afad5c8b94069533b25bad0a5d99161372081253403,0872454004,0.00676271186440678,2
2020-09-18,53982652c03bdb6f41255d45a87d8f8587047dfceedd95fa88188fe577915521,0832473003,0.010152542372881357,1
2020-09-18,53982652c03bdb6f41255d45a87d8f8587047dfceedd95fa88188fe577915521,0918149001,0.022016949152542376,1
2020-09-18,5887a8256c7f0fa71b9ac6a93c8e56160836c38742f89bc639c232b91dd263e6,0788575002,0.042355932203389825,1
2020-09-18,592029b32191be22da272ce607504dba396f09ac00f7a9d55a8d795215d9f07b,0942187001,0.016932203389830508,2
2020-09-18,592029b32191be22da272ce607504dba396f09ac00f7a9d55a8d795215d9f07b,0706016003,0.033881355932203386,2
2020-09-18,5ac14d97309c86c5e3d9833b82497e53bce19b09f2fb4c1447f83ae607fba1be,0790368006,0.033881355932203386,2
2020-09-18,5ac14d97309c86c5e3d9833b82497e53bce19b09f2fb4c1447f83ae607fba1be,0919273002,0.042355932203389825,2
2020-09-18,602e77d9be3011704f6995d8021551ca569bdc15770caff9122741f47b6b2382,0759814011,0.033881355932203386,1
2020-09-18,602e77d9be3011704f6995d8021551ca569bdc15770caff9122741f47b6b2382,0801068014,0.022016949152542376,1
2020-09-18,602e77d9be3011704f6995d8021551ca569bdc15770caff9122741f47b6b2382,0907951002,0.016932203389830508,1
2020-09-18,602e77d9be3011704f6995d8021551ca569bdc15770caff9122741f47b6b2382,0556539003,0.005067796610169492,1
2020-09-18,66058da036bd8d0b69da8a4600b4a48fd829419b729873547945b3ee8394449b,0799365002,0.050830508474576264,2
2020-09-18,663e218509510fa662f77481dd05f4782b660ced5678717cb571c92e2419f529,0762846026,0.025406779661016947,2
2020-09-18,663e218509510fa662f77481dd05f4782b660ced5678717cb571c92e2419f529,0906977001,0.050830508474576264,2
2020-09-18,663e218509510fa662f77481dd05f4782b660ced5678717cb571c92e2419f529,0762846008,0.025406779661016947,2
2020-09-18,663e218509510fa662f77481dd05f4782b660ced5678717cb571c92e2419f529,0852442002,0.050830508474576264,2
2020-09-18,66c8084b119065d9fd1d5a011d54e086e4b3c642791658913dc35fcd7a09496f,0797988002,0.025406779661016947,2
2020-09-18,672132c034113dbd63a80219b8a46f9b4a3cd8932002f316f81f4ecb5dd286a9,0863595001,0.033881355932203386,2
2020-09-18,672132c034113dbd63a80219b8a46f9b4a3cd8932002f316f81f4ecb5dd286a9,0863595001,0.033881355932203386,2
2020-09-18,672132c034113dbd63a80219b8a46f9b4a3cd8932002f316f81f4ecb5dd286a9,0863595006,0.033881355932203386,2
2020-09-18,672132c034113dbd63a80219b8a46f9b4a3cd8932002f316f81f4ecb5dd286a9,0863595006,0.033881355932203386,2
2020-09-18,68d571a00f8e5a5000cc874dc0fd366a74886847743ef876d29f9e9e9643fa85,0931720001,0.033881355932203386,2
2020-09-18,68d571a00f8e5a5000cc874dc0fd366a74886847743ef876d29f9e9e9643fa85,0583456006,0.033881355932203386,2
2020-09-18,68d571a00f8e5a5000cc874dc0fd366a74886847743ef876d29f9e9e9643fa85,0743790004,0.033881355932203386,2
2020-09-18,68d571a00f8e5a5000cc874dc0fd366a74886847743ef876d29f9e9e9643fa85,0796210001,0.025406779661016947,2
2020-09-18,68d571a00f8e5a5000cc874dc0fd366a74886847743ef876d29f9e9e9643fa85,0906365003,0.025406779661016947,2
2020-09-18,68d571a00f8e5a5000cc874dc0fd366a74886847743ef876d29f9e9e9643fa85,0635895004,0.025406779661016947,2
2020-09-18,69e14c384e02a5a920643445bac5c4c217f5e3ab569ea745281a1abc01088e68,0237347059,0.033881355932203386,2
2020-09-18,69e14c384e02a5a920643445bac5c4c217f5e3ab569ea745281a1abc01088e68,0883307004,0.033881355932203386,2
2020-09-18,69e14c384e02a5a920643445bac5c4c217f5e3ab569ea745281a1abc01088e68,0677930023,0.016932203389830508,2
2020-09-18,69e14c384e02a5a920643445bac5c4c217f5e3ab569ea745281a1abc01088e68,0682238003,0.033881355932203386,2
2020-09-18,69e14c384e02a5a920643445bac5c4c217f5e3ab569ea745281a1abc01088e68,0912820001,0.042355932203389825,2
2020-09-18,69e14c384e02a5a920643445bac5c4c217f5e3ab569ea745281a1abc01088e68,0715624002,0.025406779661016947,2
2020-09-18,70946585a2a2669a7b28717295ad56791a85bd22c2d4c90b69c31614bed3cf04,0909733001,0.025406779661016947,2
2020-09-18,70946585a2a2669a7b28717295ad56791a85bd22c2d4c90b69c31614bed3cf04,0909733001,0.025406779661016947,2
2020-09-18,70946585a2a2669a7b28717295ad56791a85bd22c2d4c90b69c31614bed3cf04,0711053003,0.013542372881355931,2
2020-09-18,70946585a2a2669a7b28717295ad56791a85bd22c2d4c90b69c31614bed3cf04,0711053003,0.013542372881355931,2
2020-09-18,71b1da32fef5cd27534f0083a5272a1e0e3577ef32234f7377aa350012a73ad2,0855249008,0.025406779661016947,1
2020-09-18,71f25dc68c73630d9e7f8fdcfb1c8a431c31c735db28d454f9375facc08690be,0775996014,0.01294915254237288,1
2020-09-18,72485b4b8c1e3cb533549f4ad8bbd4a7d091d064eea82d9abe6f855182daa9f6,0803070001,0.016932203389830508,1
2020-09-18,72485b4b8c1e3cb533549f4ad8bbd4a7d091d064eea82d9abe6f855182daa9f6,0803070009,0.016932203389830508,1
2020-09-18,72485b4b8c1e3cb533549f4ad8bbd4a7d091d064eea82d9abe6f855182daa9f6,0899364002,0.05930508474576271,1
2020-09-18,74c9ae5bdc4d8908304588aaedbc1a7a2abc744d9b67f4e87c900f1ca1fafee5,0904422001,0.043440677966101696,2
2020-09-18,74c9ae5bdc4d8908304588aaedbc1a7a2abc744d9b67f4e87c900f1ca1fafee5,0856440001,0.0361864406779661,2
2020-09-18,76f21d29eef7a365fc5a9048712641705e26f04f867ebe07ec56cb549cb8130d,0509091057,0.016932203389830508,1
2020-09-18,76f21d29eef7a365fc5a9048712641705e26f04f867ebe07ec56cb549cb8130d,0821398002,0.016932203389830508,1
2020-09-18,76f21d29eef7a365fc5a9048712641705e26f04f867ebe07ec56cb549cb8130d,0888951001,0.025406779661016947,1
2020-09-18,773a830a65b54cff60d6f67de04fab6f781c142cbb623f6ed8671615e40b1d89,0908384001,0.05930508474576271,2
2020-09-18,773a830a65b54cff60d6f67de04fab6f781c142cbb623f6ed8671615e40b1d89,0573085043,0.033881355932203386,2
2020-09-18,773a830a65b54cff60d6f67de04fab6f781c142cbb623f6ed8671615e40b1d89,0901924004,0.06777966101694916,2
2020-09-18,773a830a65b54cff60d6f67de04fab6f781c142cbb623f6ed8671615e40b1d89,0573085042,0.033881355932203386,2
2020-09-18,773a830a65b54cff60d6f67de04fab6f781c142cbb623f6ed8671615e40b1d89,0799365028,0.050830508474576264,2
2020-09-18,77f9559e3de9715be3dd700d3565f91dcf33fb843ee0ce9baaad63f836811eb6,0611415001,0.016932203389830508,2
2020-09-18,77f9559e3de9715be3dd700d3565f91dcf33fb843ee0ce9baaad63f836811eb6,0611415001,0.016932203389830508,2
2020-09-18,77f9559e3de9715be3dd700d3565f91dcf33fb843ee0ce9baaad63f836811eb6,0611415035,0.016932203389830508,2
2020-09-18,7919bb8ba262826a5637740a9869cb757a9fd0ed39b4e708fe492c29bf9e7a75,0889574007,0.010152542372881357,1
2020-09-18,7919bb8ba262826a5637740a9869cb757a9fd0ed39b4e708fe492c29bf9e7a75,0868841002,0.011847457627118646,1
2020-09-18,7919bb8ba262826a5637740a9869cb757a9fd0ed39b4e708fe492c29bf9e7a75,0862661005,0.013542372881355931,1
2020-09-18,79988be47536c28c1eef949d5644d7350d8955f39bffa788a364d9e87c83effa,0767577046,0.025406779661016947,1
2020-09-18,7dec6b979724e168adeff45c1a833720347c914ccbc6e9f07112c527073d14a6,0768931002,0.016932203389830508,2
2020-09-18,7dec6b979724e168adeff45c1a833720347c914ccbc6e9f07112c527073d14a6,0894780001,0.033881355932203386,2
2020-09-18,7dec6b979724e168adeff45c1a833720347c914ccbc6e9f07112c527073d14a6,0903994001,0.022016949152542376,2
2020-09-18,7dec6b979724e168adeff45c1a833720347c914ccbc6e9f07112c527073d14a6,0898694002,0.050830508474576264,2
2020-09-18,8240da9a5ef6bee78f990c4fbe7977651acda03fc6b66ef6710122ea5005bdf2,0568597006,0.042355932203389825,2
2020-09-18,833d28d3eda04bfea95481c7e321edb2c6680445fddd88e52835c7b8d40173e0,0913272003,0.033881355932203386,2
2020-09-18,86f02e871ae320df0a5129e1d45a1e7744ed7e7eb84179eb332292cf9d66ce78,0933417001,0.008457627118644067,1
2020-09-18,8a0f9a897ed2b625b8810f5d9ca2a225c6be2aad22de3808547497025388fc79,0547780003,0.025406779661016947,2
2020-09-18,913662efd922c352da45819ee28c042cb543f21f8034691d33dd1b0f61948ece,0884319005,0.025406779661016947,2
2020-09-18,913662efd922c352da45819ee28c042cb543f21f8034691d33dd1b0f61948ece,0863595004,0.033881355932203386,2
2020-09-18,95a442fe594e0fc48f167cfa4f51ba4c54501203610d3772fdd0fb6ff7a2dc09,0869331006,0.03049152542372881,1
2020-09-18,95a442fe594e0fc48f167cfa4f51ba4c54501203610d3772fdd0fb6ff7a2dc09,0869331002,0.03049152542372881,1
2020-09-18,95a442fe594e0fc48f167cfa4f51ba4c54501203610d3772fdd0fb6ff7a2dc09,0875350002,0.016932203389830508,1
2020-09-18,95a442fe594e0fc48f167cfa4f51ba4c54501203610d3772fdd0fb6ff7a2dc09,0868405004,0.016932203389830508,1
2020-09-18,95a442fe594e0fc48f167cfa4f51ba4c54501203610d3772fdd0fb6ff7a2dc09,0158340001,0.016932203389830508,1
2020-09-18,95a442fe594e0fc48f167cfa4f51ba4c54501203610d3772fdd0fb6ff7a2dc09,0791587015,0.025406779661016947,1
2020-09-18,95a442fe594e0fc48f167cfa4f51ba4c54501203610d3772fdd0fb6ff7a2dc09,0866731002,0.025406779661016947,1
2020-09-18,95a442fe594e0fc48f167cfa4f51ba4c54501203610d3772fdd0fb6ff7a2dc09,0914453001,0.042355932203389825,1
2020-09-18,95a442fe594e0fc48f167cfa4f51ba4c54501203610d3772fdd0fb6ff7a2dc09,0915292001,0.025406779661016947,1
2020-09-18,95a442fe594e0fc48f167cfa4f51ba4c54501203610d3772fdd0fb6ff7a2dc09,0915921002,0.016932203389830508,1
2020-09-18,95a442fe594e0fc48f167cfa4f51ba4c54501203610d3772fdd0fb6ff7a2dc09,0866731001,0.025406779661016947,1
2020-09-18,95a442fe594e0fc48f167cfa4f51ba4c54501203610d3772fdd0fb6ff7a2dc09,0894956001,0.025406779661016947,1
2020-09-18,9af042731d2e8f307fd567a6039de8982d6343e18bbb9d4e5d3ddb0e3506fccb,0884465001,0.11862711864406779,2
2020-09-18,9af042731d2e8f307fd567a6039de8982d6343e18bbb9d4e5d3ddb0e3506fccb,0929745001,0.050830508474576264,2
2020-09-18,9af042731d2e8f307fd567a6039de8982d6343e18bbb9d4e5d3ddb0e3506fccb,0914805002,0.050830508474576264,2
2020-09-18,9af042731d2e8f307fd567a6039de8982d6343e18bbb9d4e5d3ddb0e3506fccb,0933989001,0.042355932203389825,2
2020-09-18,9edf420137725a51ae994da418053c2fc4e495aa6d5ef3fcc15a07224f9a3f2e,0817124002,0.042355932203389825,2
2020-09-18,a278ecbf3cd3d7004142b7a46a5c6a9a19f77c9cbd873a9b42deedb1100fe9d1,0897869001,0.004050847457627119,1
2020-09-18,a278ecbf3cd3d7004142b7a46a5c6a9a19f77c9cbd873a9b42deedb1100fe9d1,0881349002,0.09489830508474577,1
2020-09-18,a37b8eb26fc5785b64612adfb5e301c3017aaf253677462c8ad6c4ba1bd8393b,0859125001,0.033881355932203386,1
2020-09-18,a37b8eb26fc5785b64612adfb5e301c3017aaf253677462c8ad6c4ba1bd8393b,0924125001,0.004389830508474576,1
2020-09-18,a37b8eb26fc5785b64612adfb5e301c3017aaf253677462c8ad6c4ba1bd8393b,0906305002,0.033881355932203386,1
2020-09-18,a37b8eb26fc5785b64612adfb5e301c3017aaf253677462c8ad6c4ba1bd8393b,0344956026,0.013542372881355931,1
2020-09-18,a3d25f2456a9cc75da45464904cfd40cc3abdfcc7b96b334abb8ae4e7667866c,0917053002,0.08472881355932205,2
2020-09-18,a3d25f2456a9cc75da45464904cfd40cc3abdfcc7b96b334abb8ae4e7667866c,0911034001,0.033881355932203386,2
2020-09-18,aa8a6ffa8c618710ecc4f028a9bfb345b166065833317db5d1ddbb9dede51d37,0859077016,0.022016949152542376,1
2020-09-18,aa8a6ffa8c618710ecc4f028a9bfb345b166065833317db5d1ddbb9dede51d37,0767605015,0.022016949152542376,1
2020-09-18,afc860b52f9c644b7e91eef1caa1334bb18e92708f7896be2db35e2d5ff60072,0783517006,0.042355932203389825,2
2020-09-18,b4953fc13ff6be2c5916e844c6fc02c08ef143604e51818d5c6aa077ad5eddcb,0878604001,0.033881355932203386,2
2020-09-18,b4953fc13ff6be2c5916e844c6fc02c08ef143604e51818d5c6aa077ad5eddcb,0893141002,0.050830508474576264,2
2020-09-18,b4953fc13ff6be2c5916e844c6fc02c08ef143604e51818d5c6aa077ad5eddcb,0916468003,0.033881355932203386,2
2020-09-18,b6b226eea2cafe7dbdcbcbe2944a8196332de1b2df5f11db7f50503d99ec21d5,0746300007,0.03049152542372881,1
2020-09-18,be94373630b30a0c308545a8771ae51f29f69ef276e82519908f9d8f9958d8c1,0783346020,0.025406779661016947,2
2020-09-18,be94373630b30a0c308545a8771ae51f29f69ef276e82519908f9d8f9958d8c1,0863001002,0.020322033898305086,2
2020-09-18,c092978de8c8b89dc53c9d3b878c6aa08cc29caf7c93c0b8f4338227c9991f4e,0850917001,0.02471186440677966,2
2020-09-18,c092978de8c8b89dc53c9d3b878c6aa08cc29caf7c93c0b8f4338227c9991f4e,0903049004,0.06591525423728814,2
2020-09-18,c092978de8c8b89dc53c9d3b878c6aa08cc29caf7c93c0b8f4338227c9991f4e,0896064004,0.04942372881355932,2
2020-09-18,c092978de8c8b89dc53c9d3b878c6aa08cc29caf7c93c0b8f4338227c9991f4e,0896064004,0.04942372881355932,2
2020-09-18,c092978de8c8b89dc53c9d3b878c6aa08cc29caf7c93c0b8f4338227c9991f4e,0568601044,0.04942372881355932,2
2020-09-18,c7b92f8a65ec4272654090aafa4d2ae2b6cc2e0b58e5662f89c9dfd12afacd15,0871517007,0.025406779661016947,1
2020-09-18,c7b92f8a65ec4272654090aafa4d2ae2b6cc2e0b58e5662f89c9dfd12afacd15,0871517014,0.025406779661016947,1
2020-09-18,c7b92f8a65ec4272654090aafa4d2ae2b6cc2e0b58e5662f89c9dfd12afacd15,0871517014,0.025406779661016947,1
2020-09-18,cb254ecc76ccd59b26df92abc860b6ef3eae26f3e6346f45cfab0c10910a42c5,0855793003,0.00676271186440678,1
2020-09-18,cc0680987fdf6762ea42696d2a8e6cb9379a67ea9fb479ffba03aa4bed913b8e,0788575001,0.021169491525423727,1
2020-09-18,cd370509ba88aec94f428849396c593f2a99ace0d860e3e7e57846c2472aeac1,0908728001,0.06777966101694916,2
2020-09-18,cd370509ba88aec94f428849396c593f2a99ace0d860e3e7e57846c2472aeac1,0756318007,0.042355932203389825,2
2020-09-18,cd61cb24377e7f2f4e9f6caa52cd9e58a7afcb856b4e872dc6fd9e0aa3b467e5,0715624001,0.018627118644067797,2
2020-09-18,cd61cb24377e7f2f4e9f6caa52cd9e58a7afcb856b4e872dc6fd9e0aa3b467e5,0911870001,0.033881355932203386,1
2020-09-18,ceabccdf1b286e9f1d378a9545da49508ee7726b5756459dd4c5f188146946a4,0733067004,0.016932203389830508,1
2020-09-18,ceabccdf1b286e9f1d378a9545da49508ee7726b5756459dd4c5f188146946a4,0473954013,0.016932203389830508,1
2020-09-18,ceabccdf1b286e9f1d378a9545da49508ee7726b5756459dd4c5f188146946a4,0904584008,0.025406779661016947,1
2020-09-18,cf822ee797c75f985e5bd2ef206c588b938b2bb190c93dc2b19ff8c493102335,0751471039,0.033881355932203386,1
2020-09-18,cf822ee797c75f985e5bd2ef206c588b938b2bb190c93dc2b19ff8c493102335,0909888006,0.025406779661016947,1
2020-09-18,cf822ee797c75f985e5bd2ef206c588b938b2bb190c93dc2b19ff8c493102335,0873678007,0.025406779661016947,1
2020-09-18,cf822ee797c75f985e5bd2ef206c588b938b2bb190c93dc2b19ff8c493102335,0751471038,0.033881355932203386,1
2020-09-18,d05b54896c35b36946a6c55394ee29960c302289ccaeb995208fa524fd0019d6,0898694001,0.050830508474576264,1
2020-09-18,d05b54896c35b36946a6c55394ee29960c302289ccaeb995208fa524fd0019d6,0918892001,0.033881355932203386,1
2020-09-18,d7a718eb413ce9bc34669bcd17df56b67fce90c612e5654631c9f6f464dc14ad,0610776093,0.008457627118644067,1
2020-09-18,d7a718eb413ce9bc34669bcd17df56b67fce90c612e5654631c9f6f464dc14ad,0399256001,0.016932203389830508,1
2020-09-18,d7a718eb413ce9bc34669bcd17df56b67fce90c612e5654631c9f6f464dc14ad,0717490002,0.008457627118644067,1
2020-09-18,d7a718eb413ce9bc34669bcd17df56b67fce90c612e5654631c9f6f464dc14ad,0898596005,0.016932203389830508,1
2020-09-18,de86932ccf86405fbe02157b08f1c725bd6c203f7d760c849131b69c1917a22b,0909093003,0.033881355932203386,1
2020-09-18,de86932ccf86405fbe02157b08f1c725bd6c203f7d760c849131b69c1917a22b,0915526001,0.033881355932203386,1
2020-09-18,dffc1ef78093532a18eece9d007f648f55e92499b38002bc95fb0c53b3636d1c,0919365008,0.042355932203389825,2
2020-09-18,e0fe90daae59bb2c09e801b2d3b6daa6fbe7677e31ff38d149630bd3234d9c97,0885951001,0.03049152542372881,1
2020-09-18,e0fe90daae59bb2c09e801b2d3b6daa6fbe7677e31ff38d149630bd3234d9c97,0883026001,0.013542372881355931,1
2020-09-18,e78cc325adae17552f0712245f4c20a9345c27b39f35d3f88454ab7c1d241aa3,0808684001,0.027101694915254236,1
2020-09-18,e78cc325adae17552f0712245f4c20a9345c27b39f35d3f88454ab7c1d241aa3,0673396002,0.013542372881355931,1
2020-09-18,f2f4ec4b21dd5ee0cac18631f0e2878955701f7685dac380362087427f82ae83,0893059004,0.042355932203389825,1
2020-09-18,f3bede81bceab9a2fee64aa000fcb56442fb22fc8eaf215caee53f298dd15a3e,0915611004,0.033881355932203386,1
2020-09-18,f3bede81bceab9a2fee64aa000fcb56442fb22fc8eaf215caee53f298dd15a3e,0903913002,0.06777966101694916,1
2020-09-18,f3bede81bceab9a2fee64aa000fcb56442fb22fc8eaf215caee53f298dd15a3e,0921226001,0.016932203389830508,1
2020-09-18,f8fd3cb3177bbe11b5c28dd3f8dd0ca16391ef4adb924787a3e4c4a20e5fa9c8,0808552011,0.016932203389830508,1
2020-09-18,f8fd3cb3177bbe11b5c28dd3f8dd0ca16391ef4adb924787a3e4c4a20e5fa9c8,0869331008,0.03049152542372881,1
2020-09-18,f9a1a63254656790e0b8f3854472544199e4c1e88e9280fa55aca3c8d5befb5d,0849886012,0.025406779661016947,1
2020-09-18,ff02b27eeec6f8075cb9e6757bb2e87c451469de27776f09276f0e3d16d2753f,0738713029,0.035576271186440675,1
2020-09-19,078aa441fc04573d06f765562ec6260b9f0017fc6cc08ebbd93d3c9a7484bf38,0881917001,0.06777966101694916,2
2020-09-19,078aa441fc04573d06f765562ec6260b9f0017fc6cc08ebbd93d3c9a7484bf38,0881917001,0.06777966101694916,2
2020-09-19,078aa441fc04573d06f765562ec6260b9f0017fc6cc08ebbd93d3c9a7484bf38,0896161001,0.05930508474576271,2
2020-09-19,078aa441fc04573d06f765562ec6260b9f0017fc6cc08ebbd93d3c9a7484bf38,0803757001,0.016932203389830508,2
2020-09-19,078aa441fc04573d06f765562ec6260b9f0017fc6cc08ebbd93d3c9a7484bf38,0929165001,0.050830508474576264,2
2020-09-19,078aa441fc04573d06f765562ec6260b9f0017fc6cc08ebbd93d3c9a7484bf38,0891098001,0.06777966101694916,2
2020-09-19,078aa441fc04573d06f765562ec6260b9f0017fc6cc08ebbd93d3c9a7484bf38,0762143009,0.013542372881355931,2
2020-09-19,078aa441fc04573d06f765562ec6260b9f0017fc6cc08ebbd93d3c9a7484bf38,0762600004,0.03049152542372881,2
2020-09-19,078aa441fc04573d06f765562ec6260b9f0017fc6cc08ebbd93d3c9a7484bf38,0875856006,0.033881355932203386,2
2020-09-19,078aa441fc04573d06f765562ec6260b9f0017fc6cc08ebbd93d3c9a7484bf38,0875856006,0.033881355932203386,2
2020-09-19,078aa441fc04573d06f765562ec6260b9f0017fc6cc08ebbd93d3c9a7484bf38,0874754004,0.033881355932203386,2
2020-09-19,078aa441fc04573d06f765562ec6260b9f0017fc6cc08ebbd93d3c9a7484bf38,0728156006,0.050830508474576264,2
2020-09-19,078aa441fc04573d06f765562ec6260b9f0017fc6cc08ebbd93d3c9a7484bf38,0919978002,0.033881355932203386,2
2020-09-19,078aa441fc04573d06f765562ec6260b9f0017fc6cc08ebbd93d3c9a7484bf38,0874754001,0.033881355932203386,2
2020-09-19,078aa441fc04573d06f765562ec6260b9f0017fc6cc08ebbd93d3c9a7484bf38,0563519018,0.025406779661016947,2
2020-09-19,078aa441fc04573d06f765562ec6260b9f0017fc6cc08ebbd93d3c9a7484bf38,0842000008,0.033881355932203386,2
2020-09-19,078aa441fc04573d06f765562ec6260b9f0017fc6cc08ebbd93d3c9a7484bf38,0762600013,0.03049152542372881,2
2020-09-19,078aa441fc04573d06f765562ec6260b9f0017fc6cc08ebbd93d3c9a7484bf38,0574109039,0.025406779661016947,2
2020-09-19,078aa441fc04573d06f765562ec6260b9f0017fc6cc08ebbd93d3c9a7484bf38,0860997002,0.025406779661016947,2
2020-09-19,078aa441fc04573d06f765562ec6260b9f0017fc6cc08ebbd93d3c9a7484bf38,0882336002,0.033881355932203386,2
2020-09-19,078aa441fc04573d06f765562ec6260b9f0017fc6cc08ebbd93d3c9a7484bf38,0884319002,0.025406779661016947,2
2020-09-19,078aa441fc04573d06f765562ec6260b9f0017fc6cc08ebbd93d3c9a7484bf38,0874754002,0.033881355932203386,2
2020-09-19,078aa441fc04573d06f765562ec6260b9f0017fc6cc08ebbd93d3c9a7484bf38,0865935002,0.025406779661016947,2
2020-09-19,15ce41bb861f82c108f9bf72419d8cb318bfd1fd78ac1f6796334125d4688dd9,0579541001,0.016932203389830508,1
2020-09-19,160f4d02edabf84c1141a0e05e1914b1031d062a93e2f91d8e151397013776e8,0715828029,0.033881355932203386,2
2020-09-19,160f4d02edabf84c1141a0e05e1914b1031d062a93e2f91d8e151397013776e8,0873279005,0.042355932203389825,2
2020-09-19,160f4d02edabf84c1141a0e05e1914b1031d062a93e2f91d8e151397013776e8,0791587001,0.025406779661016947,2
2020-09-19,190e9e7bcfdf11db52924ba3d686fa8c5e504786c0f02cf6b17dbcc6cb810ee8,0878733001,0.03049152542372881,2
2020-09-19,190e9e7bcfdf11db52924ba3d686fa8c5e504786c0f02cf6b17dbcc6cb810ee8,0821397007,0.025406779661016947,2
2020-09-19,1a4bad15a93b7bfafafe1d6fe95a585413410af06176c4675c9c415512b8b416,0871710010,0.033881355932203386,1
2020-09-19,1a4bad15a93b7bfafafe1d6fe95a585413410af06176c4675c9c415512b8b416,0664074078,0.016932203389830508,1
2020-09-19,1a4bad15a93b7bfafafe1d6fe95a585413410af06176c4675c9c415512b8b416,0791120002,0.050830508474576264,1
2020-09-19,1a4bad15a93b7bfafafe1d6fe95a585413410af06176c4675c9c415512b8b416,0818397005,0.033881355932203386,1
2020-09-19,1a4bad15a93b7bfafafe1d6fe95a585413410af06176c4675c9c415512b8b416,0523490001,0.005067796610169492,1
2020-09-19,1ad11e995af0ab9659105b48aff4b110fee646e09604e5d2a714385c1a120c8d,0878190005,0.050830508474576264,1
2020-09-19,1b65d5996ec52f9069958d567118f9fe45ed508f339010bf65a9eada00032768,0772324005,0.035576271186440675,1
2020-09-19,1bbedea325d737ab8d9c67576ed3d7b8474aa58a50f2d03b68d20ca0bc05f9fe,0732409048,0.013542372881355931,1
2020-09-19,1bbedea325d737ab8d9c67576ed3d7b8474aa58a50f2d03b68d20ca0bc05f9fe,0732409040,0.013542372881355931,1
2020-09-19,2216bde15226cdcb7cf3dec709bdf94da9ad0384df001f3ecc25b1d4ff382266,0564309022,0.016932203389830508,1
2020-09-19,2216bde15226cdcb7cf3dec709bdf94da9ad0384df001f3ecc25b1d4ff382266,0793185033,0.016932203389830508,1
2020-09-19,2216bde15226cdcb7cf3dec709bdf94da9ad0384df001f3ecc25b1d4ff382266,0877961009,0.002694915254237288,1
2020-09-19,23854346d12243ac7c0c182ddae62db9ccf2778fd91eb4c7a4b6fe8037367562,0911034002,0.03049152542372881,1
2020-09-19,23854346d12243ac7c0c182ddae62db9ccf2778fd91eb4c7a4b6fe8037367562,0935541001,0.022864406779661017,1
2020-09-19,23854346d12243ac7c0c182ddae62db9ccf2778fd91eb4c7a4b6fe8037367562,0907846003,0.022864406779661017,1
2020-09-19,23854346d12243ac7c0c182ddae62db9ccf2778fd91eb4c7a4b6fe8037367562,0767423010,0.022864406779661017,1
2020-09-19,23854346d12243ac7c0c182ddae62db9ccf2778fd91eb4c7a4b6fe8037367562,0911034001,0.03049152542372881,1
2020-09-19,25c55cd7e104694bf2f743b51ea7aee20cf0c07fdca6a9577214f99bcb314bcc,0877961005,0.002694915254237288,1
2020-09-19,25c55cd7e104694bf2f743b51ea7aee20cf0c07fdca6a9577214f99bcb314bcc,0575347014,0.013542372881355931,1
2020-09-19,2767b3ef1d9c0ddb978eef77334cb1966c837d265c3c8f13f5e7346cff272d1a,0807244030,0.004118644067796611,1
2020-09-19,2767b3ef1d9c0ddb978eef77334cb1966c837d265c3c8f13f5e7346cff272d1a,0877961024,0.004118644067796611,1
2020-09-19,2767b3ef1d9c0ddb978eef77334cb1966c837d265c3c8f13f5e7346cff272d1a,0666444002,0.013542372881355931,1
2020-09-19,2767b3ef1d9c0ddb978eef77334cb1966c837d265c3c8f13f5e7346cff272d1a,0873217004,0.025406779661016947,1
2020-09-19,33694412e2e5b9f3494490c5558a9a43b6a663107b8641f72fc645cef35002ff,0640021019,0.050830508474576264,2
2020-09-19,33694412e2e5b9f3494490c5558a9a43b6a663107b8641f72fc645cef35002ff,0767423011,0.025406779661016947,2
2020-09-19,336ec0c621b6115d47693f72bb0c5b4ba22bc445d0ba130c1276ab26401056d0,0719530004,0.016932203389830508,2
2020-09-19,336ec0c621b6115d47693f72bb0c5b4ba22bc445d0ba130c1276ab26401056d0,0783346016,0.020322033898305086,2
2020-09-19,336ec0c621b6115d47693f72bb0c5b4ba22bc445d0ba130c1276ab26401056d0,0867966009,0.033881355932203386,2
2020-09-19,34d4bb9711948ea4cd919545c01ac04a744967861aefb2b85cfc93b39efcbb9b,0871710001,0.033881355932203386,1
2020-09-19,36fc30cb36f890a676e03da5b72fe90008df40d4fca3cadff7decbb2bf188e9f,0928206001,0.033881355932203386,2
2020-09-19,36fc30cb36f890a676e03da5b72fe90008df40d4fca3cadff7decbb2bf188e9f,0928206001,0.033881355932203386,2
2020-09-19,36fc30cb36f890a676e03da5b72fe90008df40d4fca3cadff7decbb2bf188e9f,0928206001,0.033881355932203386,2
2020-09-19,36fc30cb36f890a676e03da5b72fe90008df40d4fca3cadff7decbb2bf188e9f,0928351001,0.033881355932203386,2
2020-09-19,36fc30cb36f890a676e03da5b72fe90008df40d4fca3cadff7decbb2bf188e9f,0928351001,0.033881355932203386,2
2020-09-19,37d7d1f485f4b73f714b91029327a554e8ac066f68d868a38ac451b8930ef6ec,0809350002,0.050830508474576264,2
2020-09-19,37d7d1f485f4b73f714b91029327a554e8ac066f68d868a38ac451b8930ef6ec,0809350002,0.050830508474576264,2
2020-09-19,403edf496683b1be5c338b11644d0e18b8a02430395e8f956236190ccdd6f9c8,0908542001,0.016932203389830508,1
2020-09-19,403edf496683b1be5c338b11644d0e18b8a02430395e8f956236190ccdd6f9c8,0562613010,0.022016949152542376,1
2020-09-19,408268183c327b7f203dca723b05db8897b89d08bdaddc2cfb31134a77dd6944,0700701002,0.025406779661016947,1
2020-09-19,408268183c327b7f203dca723b05db8897b89d08bdaddc2cfb31134a77dd6944,0736923003,0.016932203389830508,1
2020-09-19,408268183c327b7f203dca723b05db8897b89d08bdaddc2cfb31134a77dd6944,0153115019,0.025406779661016947,1
2020-09-19,4109762f45e492fc6de0b25f368a3e5c48c33bfd3c3a180f08b29ac64c3ca7ac,0865929007,0.016932203389830508,1
2020-09-19,4353e15bb3b73030614afd6552361dbb6922bab3e419f6dd6c0ab31abd2245d7,0695632002,0.033881355932203386,1
2020-09-19,4353e15bb3b73030614afd6552361dbb6922bab3e419f6dd6c0ab31abd2245d7,0751471037,0.033881355932203386,1
2020-09-19,464e7c8e2cc328c1d5a098525c2a4971a4a4b389b691b0fd114a03f2cc46fecf,0578487002,0.016932203389830508,1
2020-09-19,464e7c8e2cc328c1d5a098525c2a4971a4a4b389b691b0fd114a03f2cc46fecf,0839332001,0.06777966101694916,1
2020-09-19,464e7c8e2cc328c1d5a098525c2a4971a4a4b389b691b0fd114a03f2cc46fecf,0728156006,0.050830508474576264,1
2020-09-19,46af0528727dfbf5a6f665ba4f6a70a4db0878040937ed9180b8bb76e982dbb5,0850917001,0.025406779661016947,2
2020-09-19,46af0528727dfbf5a6f665ba4f6a70a4db0878040937ed9180b8bb76e982dbb5,0572998007,0.042355932203389825,2
2020-09-19,46b996887ec69d9a6044aab5e4638855c57185cfda81abadce2a144cc7d963f2,0897464002,0.025406779661016947,2
2020-09-19,4afde20157ce325a00e629baf83405d3328016837c5f58b9ae80034d4aeecc7c,0573085042,0.033881355932203386,2
2020-09-19,4afde20157ce325a00e629baf83405d3328016837c5f58b9ae80034d4aeecc7c,0573085043,0.033881355932203386,2
2020-09-19,4cd339950555cd54acd4904fce032fb3bc415df66aba50552454ed165aeef83f,0918835003,0.021338983050847457,1
2020-09-19,4cd339950555cd54acd4904fce032fb3bc415df66aba50552454ed165aeef83f,0921226001,0.014220338983050848,1
2020-09-19,541cc987748427de74176de90683c2a6091dcfe5071e4e141302c528d29584f5,0698387015,0.08472881355932205,2
2020-09-19,541cc987748427de74176de90683c2a6091dcfe5071e4e141302c528d29584f5,0914999001,0.025406779661016947,2
2020-09-19,541cc987748427de74176de90683c2a6091dcfe5071e4e141302c528d29584f5,0875856006,0.033881355932203386,2
2020-09-19,54a9bf87d10e83277cf61b569891126f40d6219d3e616fa1bf47c8d56c3841c1,0863583001,0.03,2
2020-09-19,54a9bf87d10e83277cf61b569891126f40d6219d3e616fa1bf47c8d56c3841c1,0909869001,0.022508474576271188,2
2020-09-19,5a7e50f10bd4ef9c3a3711794f1bbf3b7171e23bea8d4ae43baafda0b0ee1c31,0865929007,0.016932203389830508,2
2020-09-19,5a7e50f10bd4ef9c3a3711794f1bbf3b7171e23bea8d4ae43baafda0b0ee1c31,0865929007,0.016932203389830508,2
2020-09-19,5a7e50f10bd4ef9c3a3711794f1bbf3b7171e23bea8d4ae43baafda0b0ee1c31,0865929014,0.016932203389830508,2
2020-09-19,5a7e50f10bd4ef9c3a3711794f1bbf3b7171e23bea8d4ae43baafda0b0ee1c31,0865929014,0.016932203389830508,2
2020-09-19,5be6566b5e4931559f71f5e4bb32350ce13a6a3754517b1dd5485f9cd4595aba,0791587015,0.018627118644067797,1
2020-09-19,5cd46eb4278ef60b4483b78df949f07f728c6b2b7bf65ab969c47ed147a7d5c2,0914441001,0.033881355932203386,1
2020-09-19,5cd46eb4278ef60b4483b78df949f07f728c6b2b7bf65ab969c47ed147a7d5c2,0914441001,0.033881355932203386,1
2020-09-19,5cd46eb4278ef60b4483b78df949f07f728c6b2b7bf65ab969c47ed147a7d5c2,0914441004,0.033881355932203386,1
2020-09-19,602e77d9be3011704f6995d8021551ca569bdc15770caff9122741f47b6b2382,0880481003,0.016932203389830508,1
2020-09-19,63b28ef8a026cd996180f58834c3897e45ef9112b4652b06418b6576b661deac,0706621005,0.006084745762711864,1
2020-09-19,63b28ef8a026cd996180f58834c3897e45ef9112b4652b06418b6576b661deac,0873041007,0.022016949152542376,1
2020-09-19,63b28ef8a026cd996180f58834c3897e45ef9112b4652b06418b6576b661deac,0890423004,0.013542372881355931,1
2020-09-19,63b28ef8a026cd996180f58834c3897e45ef9112b4652b06418b6576b661deac,0791494001,0.025406779661016947,1
2020-09-19,678018a4b21a51500b3867328969125e516b2d36813a0dd1af65d948bff52bf4,0906382001,0.025406779661016947,2
2020-09-19,678018a4b21a51500b3867328969125e516b2d36813a0dd1af65d948bff52bf4,0906382001,0.025406779661016947,2
2020-09-19,678018a4b21a51500b3867328969125e516b2d36813a0dd1af65d948bff52bf4,0900279001,0.042355932203389825,2
2020-09-19,678018a4b21a51500b3867328969125e516b2d36813a0dd1af65d948bff52bf4,0868880006,0.050830508474576264,2
2020-09-19,678018a4b21a51500b3867328969125e516b2d36813a0dd1af65d948bff52bf4,0868880006,0.050830508474576264,2
2020-09-19,678018a4b21a51500b3867328969125e516b2d36813a0dd1af65d948bff52bf4,0902163001,0.042355932203389825,2
2020-09-19,678018a4b21a51500b3867328969125e516b2d36813a0dd1af65d948bff52bf4,0902163001,0.042355932203389825,2
2020-09-19,678018a4b21a51500b3867328969125e516b2d36813a0dd1af65d948bff52bf4,0885315001,0.050830508474576264,2
2020-09-19,68ad29a0d58eaf1ece120a30147bc86e518fd40bb69a0bebcbe830968efc7075,0891886001,0.050830508474576264,2
2020-09-19,68ad29a0d58eaf1ece120a30147bc86e518fd40bb69a0bebcbe830968efc7075,0903926002,0.050830508474576264,2
2020-09-19,68ad29a0d58eaf1ece120a30147bc86e518fd40bb69a0bebcbe830968efc7075,0896169005,0.050830508474576264,2
2020-09-19,68ad29a0d58eaf1ece120a30147bc86e518fd40bb69a0bebcbe830968efc7075,0923569002,0.05930508474576271,2
2020-09-19,699de7ed34091858ed13a0d33c1ca9e72e54bd562dd3a204a892039f23a2e317,0730683050,0.042355932203389825,2
2020-09-19,699de7ed34091858ed13a0d33c1ca9e72e54bd562dd3a204a892039f23a2e317,0730683050,0.042355932203389825,2
2020-09-19,6f0cd16801b1415847853ea9719daaf8da11710b9eefc216998211545115ce62,0825585007,0.018627118644067797,1
2020-09-19,6f0cd16801b1415847853ea9719daaf8da11710b9eefc216998211545115ce62,0825585002,0.018627118644067797,1
2020-09-19,6f0cd16801b1415847853ea9719daaf8da11710b9eefc216998211545115ce62,0825585002,0.018627118644067797,1
2020-09-19,719f3628d4b69f5e3a0d42f83d28a35db8260164b646c1f49dcae8e7cb8c82f8,0935357001,0.13557627118644067,2
2020-09-19,71b1da32fef5cd27534f0083a5272a1e0e3577ef32234f7377aa350012a73ad2,0781135005,0.050830508474576264,1
2020-09-19,725a7eafa49921be132bf87492ef1adf16513fb8fe7cb8dff3dbc669ab7c666b,0816587005,0.03049152542372881,1
2020-09-19,725a7eafa49921be132bf87492ef1adf16513fb8fe7cb8dff3dbc669ab7c666b,0759814011,0.03049152542372881,1
2020-09-19,725a7eafa49921be132bf87492ef1adf16513fb8fe7cb8dff3dbc669ab7c666b,0621381016,0.03049152542372881,1
2020-09-19,725f0159281473a681af34ec4c467cda2d44a58fd2f91f3c0d5213714d54f4a6,0572998009,0.042355932203389825,2
2020-09-19,7505c1e8209bfe13c15ed2c2f10b9711db3b6365a44a394cf9dc1e93ef6ff00c,0923534004,0.016932203389830508,2
2020-09-19,7505c1e8209bfe13c15ed2c2f10b9711db3b6365a44a394cf9dc1e93ef6ff00c,0918890002,0.025406779661016947,2
2020-09-19,777e83e451b221454cfe6d0fade7f2222d66678c857e68d37c58392f66654956,0863646005,0.03264406779661017,1
2020-09-19,777e83e451b221454cfe6d0fade7f2222d66678c857e68d37c58392f66654956,0678942032,0.016322033898305086,1
2020-09-19,777e83e451b221454cfe6d0fade7f2222d66678c857e68d37c58392f66654956,0678942054,0.01630508474576271,1
2020-09-19,777e83e451b221454cfe6d0fade7f2222d66678c857e68d37c58392f66654956,0678942036,0.016322033898305086,1
2020-09-19,777e83e451b221454cfe6d0fade7f2222d66678c857e68d37c58392f66654956,0868035001,0.06532203389830508,1
2020-09-19,777e83e451b221454cfe6d0fade7f2222d66678c857e68d37c58392f66654956,0863646003,0.03264406779661017,1
2020-09-19,7b85b7c0da4233581c46a909a190901c7657dadc5fd1206daebbeeb099717c50,0831282007,0.022864406779661017,1
2020-09-19,7f474dd9e028e6898664559a91e6eed07f2c90e7c1d42c957e4635b9e290f7a9,0685814005,0.033881355932203386,1
2020-09-19,7f474dd9e028e6898664559a91e6eed07f2c90e7c1d42c957e4635b9e290f7a9,0685814063,0.033881355932203386,1
2020-09-19,7f474dd9e028e6898664559a91e6eed07f2c90e7c1d42c957e4635b9e290f7a9,0713995001,0.10167796610169492,1
2020-09-19,7f474dd9e028e6898664559a91e6eed07f2c90e7c1d42c957e4635b9e290f7a9,0714032001,0.050830508474576264,1
2020-09-19,8240da9a5ef6bee78f990c4fbe7977651acda03fc6b66ef6710122ea5005bdf2,0568597006,0.042355932203389825,1
2020-09-19,8240da9a5ef6bee78f990c4fbe7977651acda03fc6b66ef6710122ea5005bdf2,0859153001,0.033881355932203386,1
2020-09-19,828e1dba5f80ce697c6d1979623638b5724a87409613878111860ae59674bfef,0865250002,0.01523728813559322,1
2020-09-19,828e1dba5f80ce697c6d1979623638b5724a87409613878111860ae59674bfef,0574109042,0.022864406779661017,1
2020-09-19,828e1dba5f80ce697c6d1979623638b5724a87409613878111860ae59674bfef,0736923003,0.01523728813559322,1
2020-09-19,82dbe80e496399401a3bc7feb52b77895091cee174569a0e35759b14158f4b5a,0840607007,0.016932203389830508,2
2020-09-19,82dbe80e496399401a3bc7feb52b77895091cee174569a0e35759b14158f4b5a,0877274001,0.033881355932203386,2
2020-09-19,82dbe80e496399401a3bc7feb52b77895091cee174569a0e35759b14158f4b5a,0836699001,0.022016949152542376,2
2020-09-19,877df66fe1af06c62d9cd607cca20405da91ed304ed1fffd52d92bc8d3831e26,0562245046,0.03130508474576271,2
2020-09-19,877df66fe1af06c62d9cd607cca20405da91ed304ed1fffd52d92bc8d3831e26,0568597006,0.03910169491525423,2
2020-09-19,877df66fe1af06c62d9cd607cca20405da91ed304ed1fffd52d92bc8d3831e26,0751471001,0.03130508474576271,2
2020-09-19,877df66fe1af06c62d9cd607cca20405da91ed304ed1fffd52d92bc8d3831e26,0751471001,0.03130508474576271,2
2020-09-19,877df66fe1af06c62d9cd607cca20405da91ed304ed1fffd52d92bc8d3831e26,0562245001,0.03130508474576271,2
2020-09-19,8cd31ae95e7f9027c482486e2e05d44e02a896da087b501ff8fa2dbc33060d22,0753692027,0.013542372881355931,1
2020-09-19,91042c6faaae4aeb3fdc08e6df80722a44923742afc50d9f0261f252c14786f5,0664074071,0.016932203389830508,1
2020-09-19,911612a8fa0f8fae8c251b7e37872b30fd494e70938d3945e4c9ea478634bbc0,0863595006,0.033881355932203386,1
2020-09-19,911612a8fa0f8fae8c251b7e37872b30fd494e70938d3945e4c9ea478634bbc0,0863646001,0.033881355932203386,1
2020-09-19,911612a8fa0f8fae8c251b7e37872b30fd494e70938d3945e4c9ea478634bbc0,0868134001,0.06777966101694916,1
2020-09-19,92e5af0b5e79cdbedd8aaab47d603079a7138c6546a2665a8750fe2f345bfde5,0806131012,0.033881355932203386,2
2020-09-19,92e5af0b5e79cdbedd8aaab47d603079a7138c6546a2665a8750fe2f345bfde5,0806131012,0.033881355932203386,2
2020-09-19,9410281dbe431bab3585c283f95cfdfb22dcbdf340043af68c15e9193030fad5,0783346030,0.025406779661016947,1
2020-09-19,9410281dbe431bab3585c283f95cfdfb22dcbdf340043af68c15e9193030fad5,0783346016,0.025406779661016947,1
2020-09-19,9e48272d1f76a289499be20da35df3a801ba47ce7f386775be847e95e60c42d2,0942937001,0.022016949152542376,2
2020-09-19,9e48272d1f76a289499be20da35df3a801ba47ce7f386775be847e95e60c42d2,0516859015,0.013542372881355931,2
2020-09-19,a1e65fabdd319304d161b067f3b78a3497977e3f626e7b3d3f141fd67c53cb2a,0898694001,0.050830508474576264,2
2020-09-19,a2b171ce30081971eed0388d661bd033c8f99279a557197e79c04b7137106e2c,0904730002,0.08472881355932205,2
2020-09-19,a86b6c34f724a6d4a0b9f324f31e5761a0e27c0059aa280742a780a9ba0aeaad,0372860002,0.013542372881355931,1
2020-09-19,a86b6c34f724a6d4a0b9f324f31e5761a0e27c0059aa280742a780a9ba0aeaad,0855706002,0.016932203389830508,1
2020-09-19,a86b6c34f724a6d4a0b9f324f31e5761a0e27c0059aa280742a780a9ba0aeaad,0894758002,0.022016949152542376,1
2020-09-19,ab7ce42f0e20d1b9443e14edfbaa7f01c864a8d0fa2fa48930720d9d6512b4e3,0808619004,0.016508474576271186,2
2020-09-19,ad57a69bc7c61c3df57b48f9763a5d5e5c22b06f87aa85c8c0505b5f465b4662,0489435014,0.013542372881355931,2
2020-09-19,ad57a69bc7c61c3df57b48f9763a5d5e5c22b06f87aa85c8c0505b5f465b4662,0881863001,0.013542372881355931,2
2020-09-19,b20d7a84232d61041e35e8a744362cb2339415df77886bebb7ddbaa678331f1c,0787481002,0.033881355932203386,1
2020-09-19,b2b96acc59e098b9c95d50ab2a1494b1076a5c8a59fa760db24d7a4507a645c6,0888507001,0.025406779661016947,1
2020-09-19,b2b96acc59e098b9c95d50ab2a1494b1076a5c8a59fa760db24d7a4507a645c6,0866714016,0.016932203389830508,1
2020-09-19,b68ee50959321bb5d9baded96c9abb9db134daf391af3b643f23a6b0b7b0f0c7,0918522001,0.042355932203389825,2
2020-09-19,b68ee50959321bb5d9baded96c9abb9db134daf391af3b643f23a6b0b7b0f0c7,0918522001,0.042355932203389825,2
2020-09-19,b68ee50959321bb5d9baded96c9abb9db134daf391af3b643f23a6b0b7b0f0c7,0895610001,0.050830508474576264,2
2020-09-19,b68ee50959321bb5d9baded96c9abb9db134daf391af3b643f23a6b0b7b0f0c7,0895610001,0.050830508474576264,2
2020-09-19,b68ee50959321bb5d9baded96c9abb9db134daf391af3b643f23a6b0b7b0f0c7,0793193008,0.033881355932203386,2
2020-09-19,b7216cc0c4aa4a12159ffac58f464df9e9e0f34d466392359c78331363fe486f,0920084004,0.05930508474576271,2
2020-09-19,b7216cc0c4aa4a12159ffac58f464df9e9e0f34d466392359c78331363fe486f,0882900013,0.06777966101694916,2
2020-09-19,b7216cc0c4aa4a12159ffac58f464df9e9e0f34d466392359c78331363fe486f,0874754001,0.033881355932203386,2
2020-09-19,b7216cc0c4aa4a12159ffac58f464df9e9e0f34d466392359c78331363fe486f,0882900001,0.06777966101694916,2
2020-09-19,b7216cc0c4aa4a12159ffac58f464df9e9e0f34d466392359c78331363fe486f,0882900007,0.06777966101694916,2
2020-09-19,b7216cc0c4aa4a12159ffac58f464df9e9e0f34d466392359c78331363fe486f,0882900007,0.06777966101694916,2
2020-09-19,bd0d96830c5e99daef707a38b5ee5fcb848634edb72355ac89dd1185a95d9a37,0799365027,0.04913559322033898,2
2020-09-19,bd0d96830c5e99daef707a38b5ee5fcb848634edb72355ac89dd1185a95d9a37,0799365027,0.04913559322033898,2
2020-09-19,bd0d96830c5e99daef707a38b5ee5fcb848634edb72355ac89dd1185a95d9a37,0799365028,0.04913559322033898,2
2020-09-19,bd0d96830c5e99daef707a38b5ee5fcb848634edb72355ac89dd1185a95d9a37,0799365028,0.04913559322033898,2
2020-09-19,beb0682aa404363c66406d7eb290649106985f95ae73e736e2e3313b372f3acf,0874816001,0.03179661016949153,2
2020-09-19,beb0682aa404363c66406d7eb290649106985f95ae73e736e2e3313b372f3acf,0912574002,0.015881355932203387,2
2020-09-19,beb0682aa404363c66406d7eb290649106985f95ae73e736e2e3313b372f3acf,0687524018,0.023847457627118644,2
2020-09-19,beb0682aa404363c66406d7eb290649106985f95ae73e736e2e3313b372f3acf,0893432002,0.03179661016949153,2
2020-09-19,bf55b6ec0e9c5185f984a0441d16e62c49a47798a3f77d202d835b245ede27bf,0868879003,0.033881355932203386,1
2020-09-19,bf55b6ec0e9c5185f984a0441d16e62c49a47798a3f77d202d835b245ede27bf,0572797001,0.011847457627118646,1
2020-09-19,c7b92f8a65ec4272654090aafa4d2ae2b6cc2e0b58e5662f89c9dfd12afacd15,0910446001,0.05930508474576271,2
2020-09-19,c898f9e5aa29fdba124c9c456f4425c80c8b6bac0ba667245ea159ec0deee233,0935694001,0.022864406779661017,1
2020-09-19,c898f9e5aa29fdba124c9c456f4425c80c8b6bac0ba667245ea159ec0deee233,0456163086,0.03049152542372881,1
2020-09-19,c898f9e5aa29fdba124c9c456f4425c80c8b6bac0ba667245ea159ec0deee233,0919499007,0.03049152542372881,1
2020-09-19,d42bb780856afbdf19f6a7f869ed4f2db071987c7e1dc03fb114977a4d16fbbe,0903306006,0.016932203389830508,1
2020-09-19,d42bb780856afbdf19f6a7f869ed4f2db071987c7e1dc03fb114977a4d16fbbe,0868258001,0.016932203389830508,1
2020-09-19,d52b2a0df9a1714ed7315b949a9bfe4923969cb9bc4bdb4b2b5a6054d480bf5e,0752814022,0.033881355932203386,2
2020-09-19,d771a4672a08e403cf45b2a37dbab3e959e28428d1910f620c718b42648ef383,0935541001,0.020322033898305086,1
2020-09-19,d7a718eb413ce9bc34669bcd17df56b67fce90c612e5654631c9f6f464dc14ad,0924126001,0.004389830508474576,1
2020-09-19,d7a718eb413ce9bc34669bcd17df56b67fce90c612e5654631c9f6f464dc14ad,0892621001,0.008457627118644067,1
2020-09-19,d9d5db3823864dbc3b2788d789d0134e62368c40dfc9788eca0824a4d13d0d0f,0852442003,0.050830508474576264,1
2020-09-19,dbc255b0939dba931e45a8abed3659c6127896f3f2608aeca3f7c0050abd3b9b,0874819003,0.05930508474576271,2
2020-09-19,e5f00cfcaa65475606082d870d3a1e17f464d7aa39693e44d5cf74fe217b4bd5,0296366006,0.002694915254237288,1
2020-09-19,e5f00cfcaa65475606082d870d3a1e17f464d7aa39693e44d5cf74fe217b4bd5,0744796001,0.005067796610169492,1
2020-09-19,e8c9bbc46d5b8de813159901a3af07a5f761bc8a28528e58be7af92be0377131,0868597012,0.016932203389830508,2
2020-09-19,e97bddf77199db073b204ea8d904e53675be42b220a9342375b87aeba5e8d668,0801447001,0.03049152542372881,1
2020-09-19,ea0dec251ee925a5ca8d938503a4c80c50b90328ce98a0389f3df849aa7d8b7d,0762846001,0.025406779661016947,1
2020-09-19,ea0dec251ee925a5ca8d938503a4c80c50b90328ce98a0389f3df849aa7d8b7d,0751471001,0.033881355932203386,1
2020-09-19,ef97ef73ee2eb161247f704bba7e4c2e8e2109fe01f9c7ec43b6e3f21631e1c8,0924040002,0.016932203389830508,2
2020-09-19,ef97ef73ee2eb161247f704bba7e4c2e8e2109fe01f9c7ec43b6e3f21631e1c8,0835704008,0.025406779661016947,2
2020-09-19,ef97ef73ee2eb161247f704bba7e4c2e8e2109fe01f9c7ec43b6e3f21631e1c8,0841185005,0.013542372881355931,2
2020-09-19,efb49c233ace70945525b3bac7bdbe195158a46c44f659bbdbdf50307eb6b396,0881570001,0.042355932203389825,1
2020-09-19,efb49c233ace70945525b3bac7bdbe195158a46c44f659bbdbdf50307eb6b396,0906305002,0.033881355932203386,1
2020-09-19,efb49c233ace70945525b3bac7bdbe195158a46c44f659bbdbdf50307eb6b396,0909531001,0.016932203389830508,1
2020-09-19,efb49c233ace70945525b3bac7bdbe195158a46c44f659bbdbdf50307eb6b396,0865917002,0.016932203389830508,1
2020-09-19,efb49c233ace70945525b3bac7bdbe195158a46c44f659bbdbdf50307eb6b396,0917606001,0.050830508474576264,1
2020-09-19,efb49c233ace70945525b3bac7bdbe195158a46c44f659bbdbdf50307eb6b396,0804992014,0.025406779661016947,1
2020-09-19,efb49c233ace70945525b3bac7bdbe195158a46c44f659bbdbdf50307eb6b396,0786304008,0.025406779661016947,1
2020-09-19,efb49c233ace70945525b3bac7bdbe195158a46c44f659bbdbdf50307eb6b396,0804992017,0.025406779661016947,1
2020-09-19,efb49c233ace70945525b3bac7bdbe195158a46c44f659bbdbdf50307eb6b396,0926500001,0.05930508474576271,1
2020-09-19,f0aaeaa0d37f9c7ae07220b8901b458cc4c187f6da5237e927317b5c6a249d01,0925246001,0.13557627118644067,2
2020-09-19,f0aaeaa0d37f9c7ae07220b8901b458cc4c187f6da5237e927317b5c6a249d01,0874719001,0.10167796610169492,2
2020-09-19,f3f280a68895971c9a840b63d626e4b6437b339933d18d87fb4c250184847f36,0226959007,0.016932203389830508,2
2020-09-19,f3f280a68895971c9a840b63d626e4b6437b339933d18d87fb4c250184847f36,0806605001,0.009033898305084746,2
2020-09-19,f3f280a68895971c9a840b63d626e4b6437b339933d18d87fb4c250184847f36,0806605001,0.009016949152542373,2
2020-09-19,f3f280a68895971c9a840b63d626e4b6437b339933d18d87fb4c250184847f36,0806605001,0.009033898305084746,2
2020-09-19,fa8f6585ae20553f57b87c8f3b2113503b8ea9e25aa6240c4b45b8e285fb0048,0759814011,0.028796610169491522,1
2020-09-19,fa8f6585ae20553f57b87c8f3b2113503b8ea9e25aa6240c4b45b8e285fb0048,0679854001,0.016932203389830508,1
2020-09-19,fc0d47dc60757ed98b4f2f1669dccd59b12f519a90dbb6bc50c6889a3fb36014,0568601044,0.042355932203389825,1
2020-09-19,fc0d47dc60757ed98b4f2f1669dccd59b12f519a90dbb6bc50c6889a3fb36014,0889460002,0.025406779661016947,1
2020-09-19,ff0648e6c297856646f2de5af16371480057b2c3dbd47b0d6b39c04f421e0ecb,0652730004,0.04320338983050847,2
2020-09-20,0aa0fb09eeffe0e342f54ff7d6cf328ee585dba7da6ecd921b254587b05d13ad,0578630002,0.033881355932203386,2
2020-09-20,0aa0fb09eeffe0e342f54ff7d6cf328ee585dba7da6ecd921b254587b05d13ad,0578630002,0.033881355932203386,2
2020-09-20,0aa0fb09eeffe0e342f54ff7d6cf328ee585dba7da6ecd921b254587b05d13ad,0578630002,0.033881355932203386,2
2020-09-20,0e8737019972ae41d72a868e228a1a70d4816bb16fee428a6d3f10dc326d359a,0768931006,0.016932203389830508,2
2020-09-20,0e8737019972ae41d72a868e228a1a70d4816bb16fee428a6d3f10dc326d359a,0399136061,0.08472881355932205,2
2020-09-20,0f0bdf1abc90a4ff9960633908179ac0efd16b40f80a119807e5c09cb0062735,0825771007,0.022864406779661017,2
2020-09-20,0f2e72a9dff681c2efb94ba007a165086e3b5ee51ba312a894a7dd56625684a8,0944506001,0.042355932203389825,2
2020-09-20,1541bd029ca20216654183b832e4c22240de6b468c2e653303cb2aaab5a18605,0794454002,0.050830508474576264,2
2020-09-20,1541bd029ca20216654183b832e4c22240de6b468c2e653303cb2aaab5a18605,0794454002,0.050830508474576264,2
2020-09-20,1541bd029ca20216654183b832e4c22240de6b468c2e653303cb2aaab5a18605,0790791005,0.033881355932203386,2
2020-09-20,1541bd029ca20216654183b832e4c22240de6b468c2e653303cb2aaab5a18605,0884319003,0.025406779661016947,2
2020-09-20,1c4e8b8b41056e5ac91c4818029ccd1700c36a0c3124c0849c31b7e0ca99f7b8,0564358059,0.033881355932203386,1
2020-09-20,1c4e8b8b41056e5ac91c4818029ccd1700c36a0c3124c0849c31b7e0ca99f7b8,0843614010,0.033881355932203386,1
2020-09-20,23aae347b55077295ba9d20412f37906dea5da401b360777fea32559e3041f83,0869331003,0.03049152542372881,1
2020-09-20,28a006e9f0c8fa1edc8e6565e25603819abd010825e0148bb69adb8a3fe99fab,0887202001,0.03049152542372881,1
2020-09-20,3b56f358e3be152d0451dcbca42db4c114f1c51958ef78b71634c69e7721a987,0562245104,0.033881355932203386,1
2020-09-20,3f11f4ee03c41969174e9b377dccff24286ed3ac37053439b0f5e047a39ed125,0797988002,0.025406779661016947,2
2020-09-20,3f11f4ee03c41969174e9b377dccff24286ed3ac37053439b0f5e047a39ed125,0797988002,0.025406779661016947,2
2020-09-20,40ed2146288c0f24522ad8b760e60a7756f8f6da079838af6a24129aa408d071,0372860001,0.012779661016949152,1
2020-09-20,40ed2146288c0f24522ad8b760e60a7756f8f6da079838af6a24129aa408d071,0372860001,0.012779661016949152,1
2020-09-20,40ed2146288c0f24522ad8b760e60a7756f8f6da079838af6a24129aa408d071,0708138023,0.06394915254237288,1
2020-09-20,40ed2146288c0f24522ad8b760e60a7756f8f6da079838af6a24129aa408d071,0749699001,0.023983050847457627,1
2020-09-20,41b5c457a5ccc189deb5d9b7420d3e1125e304fe8d5ea13bc496b9c19decf751,0913272003,0.033881355932203386,2
2020-09-20,41b5c457a5ccc189deb5d9b7420d3e1125e304fe8d5ea13bc496b9c19decf751,0895555002,0.042355932203389825,2
2020-09-20,41b5c457a5ccc189deb5d9b7420d3e1125e304fe8d5ea13bc496b9c19decf751,0884720001,0.033881355932203386,2
2020-09-20,41b5c457a5ccc189deb5d9b7420d3e1125e304fe8d5ea13bc496b9c19decf751,0895555001,0.042355932203389825,2
2020-09-20,49ce25b69842c8a6bdd8dc7a94b668e2f785ed86daaa15b1527c87daf3fa7428,0897892001,0.08472881355932205,2
2020-09-20,4e7dfd881d66db1a7b135afad5c8b94069533b25bad0a5d99161372081253403,0857924010,0.033881355932203386,2
2020-09-20,5476ab9f363c0abdc0e84a0df696748959643434696b943535bd335112a93056,0723930003,0.01523728813559322,1
2020-09-20,5476ab9f363c0abdc0e84a0df696748959643434696b943535bd335112a93056,0624486061,0.013542372881355931,1
2020-09-20,5476ab9f363c0abdc0e84a0df696748959643434696b943535bd335112a93056,0568601044,0.050830508474576264,1
2020-09-20,5537e3b4ed68388b4f08f824199cef3f16fa79f577acbe6224ec663e2fafdb0a,0902163001,0.042355932203389825,2
2020-09-20,5a2577815a0fe6675892a0e7b8faacab12ed58ef0e70a38b3702d253bdfdedef,0903926002,0.050830508474576264,2
2020-09-20,5a2577815a0fe6675892a0e7b8faacab12ed58ef0e70a38b3702d253bdfdedef,0903926001,0.050830508474576264,2
2020-09-20,5ac14d97309c86c5e3d9833b82497e53bce19b09f2fb4c1447f83ae607fba1be,0908728002,0.06777966101694916,2
2020-09-20,6705c23f70657b4f24d6137cd45a8932929c4d07863723fd1ed922535fc81a21,0856667005,0.025406779661016947,1
2020-09-20,6a3eec1b72785d7ade19862ba1e1765062a29ea96b288d6ae1d9979171be34a4,0881111001,0.08189830508474576,2
2020-09-20,6a3eec1b72785d7ade19862ba1e1765062a29ea96b288d6ae1d9979171be34a4,0872537006,0.08189830508474576,2
2020-09-20,6a3eec1b72785d7ade19862ba1e1765062a29ea96b288d6ae1d9979171be34a4,0894780001,0.032762711864406775,2
2020-09-20,6f63e39f2b8012bb2dce5ac6c8d9af79e8c6844a1908c28e376f11fa45960ae8,0685813001,0.016932203389830508,2
2020-09-20,6f63e39f2b8012bb2dce5ac6c8d9af79e8c6844a1908c28e376f11fa45960ae8,0685813001,0.016932203389830508,2
2020-09-20,6f63e39f2b8012bb2dce5ac6c8d9af79e8c6844a1908c28e376f11fa45960ae8,0685813003,0.016932203389830508,2
2020-09-20,6f63e39f2b8012bb2dce5ac6c8d9af79e8c6844a1908c28e376f11fa45960ae8,0685813003,0.016932203389830508,2
2020-09-20,739456f6bcf585965acf7c5751724db9c85e70a826c56b5a42e976fa48d23da0,0923569002,0.05930508474576271,2
2020-09-20,739456f6bcf585965acf7c5751724db9c85e70a826c56b5a42e976fa48d23da0,0787758004,0.16779661016949152,2
2020-09-20,739456f6bcf585965acf7c5751724db9c85e70a826c56b5a42e976fa48d23da0,0786978007,0.21864406779661016,2
2020-09-20,739456f6bcf585965acf7c5751724db9c85e70a826c56b5a42e976fa48d23da0,0902528007,0.050830508474576264,2
2020-09-20,7529cdbb52af61c386877690ba4238f8d2c851ba602fd06b9c3362fcdec35ea6,0910457001,0.050830508474576264,2
2020-09-20,7529cdbb52af61c386877690ba4238f8d2c851ba602fd06b9c3362fcdec35ea6,0910457001,0.050830508474576264,2
2020-09-20,7529cdbb52af61c386877690ba4238f8d2c851ba602fd06b9c3362fcdec35ea6,0893432002,0.033881355932203386,2
2020-09-20,7529cdbb52af61c386877690ba4238f8d2c851ba602fd06b9c3362fcdec35ea6,0893432002,0.033881355932203386,2
2020-09-20,7541811550ba609bb150abc882b9d2f58ca571be3278a00091cc6760b4d6b9ea,0894293001,0.016932203389830508,1
2020-09-20,7541811550ba609bb150abc882b9d2f58ca571be3278a00091cc6760b4d6b9ea,0562613010,0.022016949152542376,1
2020-09-20,7dd434febe29a1b11dae486855a4317ae51cafa2b1f32ea2bcec7e2dcfe8c207,0871710001,0.033881355932203386,1
2020-09-20,7dd434febe29a1b11dae486855a4317ae51cafa2b1f32ea2bcec7e2dcfe8c207,0871710001,0.033881355932203386,1
2020-09-20,7dd434febe29a1b11dae486855a4317ae51cafa2b1f32ea2bcec7e2dcfe8c207,0898692006,0.06777966101694916,1
2020-09-20,7dd434febe29a1b11dae486855a4317ae51cafa2b1f32ea2bcec7e2dcfe8c207,0888343003,0.050830508474576264,1
2020-09-20,7dd434febe29a1b11dae486855a4317ae51cafa2b1f32ea2bcec7e2dcfe8c207,0904584008,0.025406779661016947,1
2020-09-20,804dc1f8041c074cb736d4651a13c433c1daf35d29068e8da4f2ffa0526aa4cc,0714790030,0.050830508474576264,2
2020-09-20,81908e4302f6d0cb794003bbf319d5e82b388d55a1c0bdb11f6ef6e6f2f23052,0901924004,0.0661864406779661,2
2020-09-20,81908e4302f6d0cb794003bbf319d5e82b388d55a1c0bdb11f6ef6e6f2f23052,0790368006,0.033084745762711865,2
2020-09-20,81908e4302f6d0cb794003bbf319d5e82b388d55a1c0bdb11f6ef6e6f2f23052,0929275001,0.05791525423728814,2
2020-09-20,81908e4302f6d0cb794003bbf319d5e82b388d55a1c0bdb11f6ef6e6f2f23052,0806388002,0.013220338983050847,2
2020-09-20,81908e4302f6d0cb794003bbf319d5e82b388d55a1c0bdb11f6ef6e6f2f23052,0806388002,0.013220338983050847,2
2020-09-20,81908e4302f6d0cb794003bbf319d5e82b388d55a1c0bdb11f6ef6e6f2f23052,0874599001,0.0661864406779661,2
2020-09-20,81908e4302f6d0cb794003bbf319d5e82b388d55a1c0bdb11f6ef6e6f2f23052,0894780001,0.033118644067796604,2
2020-09-20,8313decb53a08b96e19a747a20310148a465cbf2d2da69028b1e7c269bb31f2f,0911870004,0.033881355932203386,1
2020-09-20,8313decb53a08b96e19a747a20310148a465cbf2d2da69028b1e7c269bb31f2f,0880504002,0.011610169491525423,1
2020-09-20,8313decb53a08b96e19a747a20310148a465cbf2d2da69028b1e7c269bb31f2f,0770315007,0.016932203389830508,1
2020-09-20,8313decb53a08b96e19a747a20310148a465cbf2d2da69028b1e7c269bb31f2f,0737221008,0.014508474576271187,1
2020-09-20,8313decb53a08b96e19a747a20310148a465cbf2d2da69028b1e7c269bb31f2f,0865917001,0.014508474576271187,1
2020-09-20,8313decb53a08b96e19a747a20310148a465cbf2d2da69028b1e7c269bb31f2f,0770315020,0.016932203389830508,1
2020-09-20,87f54e37c38bbe9147a63fd76b40afe23204dc4c55fde506f1f5e7348f2fe77a,0596877005,0.042355932203389825,2
2020-09-20,92e5af0b5e79cdbedd8aaab47d603079a7138c6546a2665a8750fe2f345bfde5,0806131012,0.033881355932203386,2
2020-09-20,97c2d15f0379bbc11ab5b85efc7a6dfa90fc50b785c163446e75f0cac9fd3763,0775825001,0.13557627118644067,2
2020-09-20,97c2d15f0379bbc11ab5b85efc7a6dfa90fc50b785c163446e75f0cac9fd3763,0775825001,0.13557627118644067,2
2020-09-20,98df3fedcbb3f9d10e09b4ab8530d5e7bd3f38919813a323f6f34b21948d0d2d,0803070001,0.016932203389830508,1
2020-09-20,98df3fedcbb3f9d10e09b4ab8530d5e7bd3f38919813a323f6f34b21948d0d2d,0821395005,0.016932203389830508,1
2020-09-20,9aae5012cb0359750cac2d485890a15f5b7b8cbdcd9db494d7c02bab10387374,0854356001,0.022016949152542376,1
2020-09-20,a2aeeeb091e5d4aa482efd2e3d153a61c398aa7c1483d54e1ce9d521c1da8938,0719957006,0.022016949152542376,1
2020-09-20,a2aeeeb091e5d4aa482efd2e3d153a61c398aa7c1483d54e1ce9d521c1da8938,0547780040,0.025406779661016947,1
2020-09-20,a2aeeeb091e5d4aa482efd2e3d153a61c398aa7c1483d54e1ce9d521c1da8938,0949551002,0.033881355932203386,1
2020-09-20,a4c4585cffffa5883f4b9c1169632e0d4c053bd1caa7b93b1757a7fac4c06194,0123173001,0.01128813559322034,2
2020-09-20,a4c4585cffffa5883f4b9c1169632e0d4c053bd1caa7b93b1757a7fac4c06194,0123173001,0.01128813559322034,2
2020-09-20,a4c4585cffffa5883f4b9c1169632e0d4c053bd1caa7b93b1757a7fac4c06194,0123173001,0.01128813559322034,2
2020-09-20,a4c4585cffffa5883f4b9c1169632e0d4c053bd1caa7b93b1757a7fac4c06194,0891886003,0.03811864406779661,2
2020-09-20,a998f707d6b88480ceb62f05c82d64616bee8cc5888f8521949aa35aec13e9a3,0763469002,0.042355932203389825,2
2020-09-20,a998f707d6b88480ceb62f05c82d64616bee8cc5888f8521949aa35aec13e9a3,0763469002,0.042355932203389825,2
2020-09-20,aa28eb58504134961a0bd725b957aeb64adae43fe93d846484104d79dbcb15f8,0918240003,0.09854237288135594,2
2020-09-20,aa28eb58504134961a0bd725b957aeb64adae43fe93d846484104d79dbcb15f8,0909014006,0.11498305084745762,2
2020-09-20,adcaf6e9da963d76dc1efe1657038aff613c3d72d8940850301119e20f77b88e,0906382001,0.025406779661016947,2
2020-09-20,adcaf6e9da963d76dc1efe1657038aff613c3d72d8940850301119e20f77b88e,0906382001,0.025406779661016947,2
2020-09-20,b0c75e55250a48076eb5944deb9825eecb7f96d28edc3f7a501ca5c6b6baff8b,0832307007,0.061000000000000006,2
2020-09-20,b2bff9cbb1d90f9b557a41cde9fd88196602f37665d761ce3f636251d5afb305,0841383002,0.007610169491525424,2
2020-09-20,b2bff9cbb1d90f9b557a41cde9fd88196602f37665d761ce3f636251d5afb305,0841383002,0.007627118644067797,2
2020-09-20,b2bff9cbb1d90f9b557a41cde9fd88196602f37665d761ce3f636251d5afb305,0841383002,0.007610169491525424,2
2020-09-20,b2bff9cbb1d90f9b557a41cde9fd88196602f37665d761ce3f636251d5afb305,0841383002,0.007610169491525424,2
2020-09-20,b2bff9cbb1d90f9b557a41cde9fd88196602f37665d761ce3f636251d5afb305,0573085043,0.03049152542372881,2
2020-09-20,bdf704bafec92df7fdb87c42cf1683651bd7397cfa195e6e46f1263c5a1213eb,0685600001,0.016932203389830508,2
2020-09-20,bdf704bafec92df7fdb87c42cf1683651bd7397cfa195e6e46f1263c5a1213eb,0754238024,0.033881355932203386,2
2020-09-20,bdf704bafec92df7fdb87c42cf1683651bd7397cfa195e6e46f1263c5a1213eb,0768912005,0.016932203389830508,2
2020-09-20,bdf704bafec92df7fdb87c42cf1683651bd7397cfa195e6e46f1263c5a1213eb,0768912001,0.016932203389830508,2
2020-09-20,beaae7ac9b28bf070c27098345feca0c31de8197b736a31bfb9d59959e6b887b,0903357001,0.033881355932203386,2
2020-09-20,beaae7ac9b28bf070c27098345feca0c31de8197b736a31bfb9d59959e6b887b,0902265001,0.042355932203389825,2
2020-09-20,beaae7ac9b28bf070c27098345feca0c31de8197b736a31bfb9d59959e6b887b,0902265001,0.042355932203389825,2
2020-09-20,beaae7ac9b28bf070c27098345feca0c31de8197b736a31bfb9d59959e6b887b,0881691001,0.025406779661016947,2
2020-09-20,c25dbba2a33b2bd8cfbca08b9333f59b651994d0b79a808c42033a144f78f8da,0573085057,0.033881355932203386,2
2020-09-20,c25dbba2a33b2bd8cfbca08b9333f59b651994d0b79a808c42033a144f78f8da,0399201042,0.08472881355932205,2
2020-09-20,c480fa4e2a2e89f354f4242eaac2aa9beeded462b382347422ecb3ac681f8f63,0237347045,0.033881355932203386,2
2020-09-20,c480fa4e2a2e89f354f4242eaac2aa9beeded462b382347422ecb3ac681f8f63,0237347045,0.033881355932203386,2
2020-09-20,c978fa933fadfe10aa85b6813a7af16dbcfdbfd966a0d404191e0e3265139273,0564358012,0.033881355932203386,1
2020-09-20,c978fa933fadfe10aa85b6813a7af16dbcfdbfd966a0d404191e0e3265139273,0757298001,0.022016949152542376,1
2020-09-20,c9dc5b208b5227a4e5f61077099f20ee6cbb0b87fcc4a58b92f4eae0b627bc8c,0794575002,0.033881355932203386,2
2020-09-20,c9dc5b208b5227a4e5f61077099f20ee6cbb0b87fcc4a58b92f4eae0b627bc8c,0797710006,0.033881355932203386,2
2020-09-20,cb254ecc76ccd59b26df92abc860b6ef3eae26f3e6346f45cfab0c10910a42c5,0842001001,0.021169491525423727,1
2020-09-20,cd4e53a9880e0cbd4ef3e61be41061b052deae7a5ce40a78dee5723e49715d69,0785018004,0.016932203389830508,1
2020-09-20,ce76ffeba9d81bbec4a0043d4c005404b6a46326fab0ff5433deb79015414b64,0733803001,0.013542372881355931,2
2020-09-20,ce76ffeba9d81bbec4a0043d4c005404b6a46326fab0ff5433deb79015414b64,0733803001,0.013542372881355931,2
2020-09-20,d6ee59d9e42edee96513f531242340d7a6282b693c2174c3d7d3c0671fdd9d8f,0906794003,0.033881355932203386,2
2020-09-20,d6ee59d9e42edee96513f531242340d7a6282b693c2174c3d7d3c0671fdd9d8f,0906794001,0.033881355932203386,2
2020-09-20,d6ee59d9e42edee96513f531242340d7a6282b693c2174c3d7d3c0671fdd9d8f,0918484003,0.08472881355932205,2
2020-09-20,db4ab6471eea74fcd3bb231ba62b9dc296ebcfdb6af1bc4071f5e034f39e1492,0855706009,0.016932203389830508,1
2020-09-20,dc7b181f7b49ed78edaebeddb8c57b9f77374f90005750d926cc2cf54367f13f,0805000008,0.050830508474576264,2
2020-09-20,dc7b181f7b49ed78edaebeddb8c57b9f77374f90005750d926cc2cf54367f13f,0805000007,0.050830508474576264,2
2020-09-20,dc7b181f7b49ed78edaebeddb8c57b9f77374f90005750d926cc2cf54367f13f,0765743007,0.06777966101694916,2
2020-09-20,dc7b181f7b49ed78edaebeddb8c57b9f77374f90005750d926cc2cf54367f13f,0794321007,0.06777966101694916,2
2020-09-20,dc989c60b8f7a1d5c2ad98b42979a85958e06e8567e6b79fbdf59d9c7321417a,0906090005,0.08472881355932205,2
2020-09-20,dc989c60b8f7a1d5c2ad98b42979a85958e06e8567e6b79fbdf59d9c7321417a,0715024011,0.03049152542372881,2
2020-09-20,dc989c60b8f7a1d5c2ad98b42979a85958e06e8567e6b79fbdf59d9c7321417a,0907957002,0.022016949152542376,2
2020-09-20,dd22635d7badd8d8aa2363d5be91ce988a2b2ccdb5d1ac01a0ad3378e6a73a32,0915529005,0.033881355932203386,2
2020-09-20,dd22635d7badd8d8aa2363d5be91ce988a2b2ccdb5d1ac01a0ad3378e6a73a32,0926500001,0.05930508474576271,2
2020-09-20,e270a3903c671e207541a560ea479e5da45f90e54aced23e5adf5d35f530ccd7,0864434002,0.025406779661016947,2
2020-09-20,e2c4aab84a595246ab613b1a35da0869dffa2f6c9d484c9edeee250c4894c187,0920529001,0.033881355932203386,1
2020-09-20,e2c4aab84a595246ab613b1a35da0869dffa2f6c9d484c9edeee250c4894c187,0839332001,0.06777966101694916,1
2020-09-20,e2c4aab84a595246ab613b1a35da0869dffa2f6c9d484c9edeee250c4894c187,0879242008,0.033881355932203386,1
2020-09-20,e515ec9d9b810de2d7f0b13a7b6df7d106a4e0d4ea140870c67b38579ddc9290,0685814062,0.033881355932203386,2
2020-09-20,e515ec9d9b810de2d7f0b13a7b6df7d106a4e0d4ea140870c67b38579ddc9290,0810710008,0.050830508474576264,2
2020-09-20,e541a9df02f95c521361287b8e4b0a0dab43ec48ef229aab61996eeccc0589bb,0909014006,0.11862711864406779,2
2020-09-20,f2be281dff7326d9eda22af5ce32e5f8c40db27fbab5730b934d411841dbc166,0908292001,0.04879661016949152,2
2020-09-20,f2be281dff7326d9eda22af5ce32e5f8c40db27fbab5730b934d411841dbc166,0911870004,0.03252542372881356,2
2020-09-20,f2be281dff7326d9eda22af5ce32e5f8c40db27fbab5730b934d411841dbc166,0903389001,0.040661016949152536,2
2020-09-20,f2be281dff7326d9eda22af5ce32e5f8c40db27fbab5730b934d411841dbc166,0909721002,0.040661016949152536,2
2020-09-20,fb10bc630812515150843f27fa9c76cb319cdffb452105ecc623c804fc64f62d,0742400040,0.005067796610169492,1
2020-09-20,fb10bc630812515150843f27fa9c76cb319cdffb452105ecc623c804fc64f62d,0783707097,0.005067796610169492,1
2020-09-20,fb10bc630812515150843f27fa9c76cb319cdffb452105ecc623c804fc64f62d,0706271039,0.00676271186440678,1
2020-09-20,fb10bc630812515150843f27fa9c76cb319cdffb452105ecc623c804fc64f62d,0893820001,0.022016949152542376,1
2020-09-20,fb10bc630812515150843f27fa9c76cb319cdffb452105ecc623c804fc64f62d,0769008002,0.033881355932203386,1
2020-09-20,fb10bc630812515150843f27fa9c76cb319cdffb452105ecc623c804fc64f62d,0867200001,0.013542372881355931,1
2020-09-20,fb10bc630812515150843f27fa9c76cb319cdffb452105ecc623c804fc64f62d,0867200001,0.013542372881355931,1
2020-09-20,fe47e50fe8dd1bbdb87c35ed530f703d2edab4bd8440e23fa7d675d1d9ca0c7c,0788575002,0.039661016949152535,2
2020-09-20,fe47e50fe8dd1bbdb87c35ed530f703d2edab4bd8440e23fa7d675d1d9ca0c7c,0898439001,0.020610169491525426,2
2020-09-20,fe47e50fe8dd1bbdb87c35ed530f703d2edab4bd8440e23fa7d675d1d9ca0c7c,0156231001,0.00623728813559322,2
2020-09-20,fe47e50fe8dd1bbdb87c35ed530f703d2edab4bd8440e23fa7d675d1d9ca0c7c,0859249001,0.01247457627118644,2
2020-09-20,fe47e50fe8dd1bbdb87c35ed530f703d2edab4bd8440e23fa7d675d1d9ca0c7c,0179208001,0.01247457627118644,2
2020-09-21,00fe8fb9b5a49ed8c38699c1860847c266f288da271b1c718f0179ac026080e4,0926433001,0.05930508474576271,2
2020-09-21,00fe8fb9b5a49ed8c38699c1860847c266f288da271b1c718f0179ac026080e4,0926433001,0.05930508474576271,2
2020-09-21,00fe8fb9b5a49ed8c38699c1860847c266f288da271b1c718f0179ac026080e4,0926433001,0.05713559322033899,2
2020-09-21,00fe8fb9b5a49ed8c38699c1860847c266f288da271b1c718f0179ac026080e4,0926433001,0.05715254237288135,2
2020-09-21,00fe8fb9b5a49ed8c38699c1860847c266f288da271b1c718f0179ac026080e4,0922037003,0.06777966101694916,2
2020-09-21,00fe8fb9b5a49ed8c38699c1860847c266f288da271b1c718f0179ac026080e4,0922037003,0.06532203389830508,2
2020-09-21,00fe8fb9b5a49ed8c38699c1860847c266f288da271b1c718f0179ac026080e4,0936428003,0.06777966101694916,2
2020-09-21,00fe8fb9b5a49ed8c38699c1860847c266f288da271b1c718f0179ac026080e4,0877769001,0.05930508474576271,2
2020-09-21,027fc9967afc151b64c3c697c4b806cc20f82a94b9751eb5d19f4e6ac7a35115,0399256001,0.016932203389830508,1
2020-09-21,027fc9967afc151b64c3c697c4b806cc20f82a94b9751eb5d19f4e6ac7a35115,0826492001,0.033881355932203386,1
2020-09-21,06ece326eb806f75bdefa8655e2ff0d3c2861c6675864fbf708d086a51f795f9,0720504008,0.03116949152542373,2
2020-09-21,06ece326eb806f75bdefa8655e2ff0d3c2861c6675864fbf708d086a51f795f9,0806766001,0.04676271186440678,2
2020-09-21,09a73a3f105ced6d98a95fe97e7cb3c323bf75b37821fc3049d7b4aa6835254f,0866590001,0.05930508474576271,2
2020-09-21,09a73a3f105ced6d98a95fe97e7cb3c323bf75b37821fc3049d7b4aa6835254f,0866457006,0.027101694915254236,2
2020-09-21,09a73a3f105ced6d98a95fe97e7cb3c323bf75b37821fc3049d7b4aa6835254f,0880696001,0.05930508474576271,2
2020-09-21,09a73a3f105ced6d98a95fe97e7cb3c323bf75b37821fc3049d7b4aa6835254f,0926799001,0.05930508474576271,2
2020-09-21,0abd1d7cda5c61e378dc4313d615b567ba4e629353ba5b37cca40de0ad8b462a,0918835002,0.024203389830508473,2
2020-09-21,0abd1d7cda5c61e378dc4313d615b567ba4e629353ba5b37cca40de0ad8b462a,0910507001,0.06459322033898304,2
2020-09-21,0abd1d7cda5c61e378dc4313d615b567ba4e629353ba5b37cca40de0ad8b462a,0896169005,0.048440677966101686,2
2020-09-21,0ca84ba2cd82b68ee50c0b5ae1494ee7e5fddeb3e260d7ee0ec758c3b0f760d5,0903096006,0.037508474576271184,2
2020-09-21,0ca84ba2cd82b68ee50c0b5ae1494ee7e5fddeb3e260d7ee0ec758c3b0f760d5,0879965002,0.015,2
2020-09-21,0e01ed92d2dabb00ca278d4a7a0aab37a4d8c1fd0db41ea8b09be53f8fa190ef,0870999004,0.050830508474576264,1
2020-09-21,0e01ed92d2dabb00ca278d4a7a0aab37a4d8c1fd0db41ea8b09be53f8fa190ef,0893539001,0.025406779661016947,2
2020-09-21,0e01ed92d2dabb00ca278d4a7a0aab37a4d8c1fd0db41ea8b09be53f8fa190ef,0682550002,0.027101694915254236,1
2020-09-21,12866b8615cda98b1221fb60f917dedda9f8b6ff90bd6ad0675f4f1b28f3948f,0918835003,0.021338983050847457,1
2020-09-21,12866b8615cda98b1221fb60f917dedda9f8b6ff90bd6ad0675f4f1b28f3948f,0130035001,0.007101694915254238,1
2020-09-21,12866b8615cda98b1221fb60f917dedda9f8b6ff90bd6ad0675f4f1b28f3948f,0130035001,0.007101694915254238,1
2020-09-21,12866b8615cda98b1221fb60f917dedda9f8b6ff90bd6ad0675f4f1b28f3948f,0523490003,0.005067796610169492,1
2020-09-21,18b04d6fad7b313c0e70100ba9fe08fad5c6c2449d792d6a5865e121507513eb,0855216002,0.012186440677966101,1
2020-09-21,18b04d6fad7b313c0e70100ba9fe08fad5c6c2449d792d6a5865e121507513eb,0852584001,0.03049152542372881,1
2020-09-21,1a067dea5e4bb672f56c13d6d7e8c4f919f357cf02e7f64419d7797563ed7206,0783346001,0.025406779661016947,2
2020-09-21,1a067dea5e4bb672f56c13d6d7e8c4f919f357cf02e7f64419d7797563ed7206,0783346001,0.025406779661016947,2
2020-09-21,1a067dea5e4bb672f56c13d6d7e8c4f919f357cf02e7f64419d7797563ed7206,0751471001,0.033881355932203386,2
2020-09-21,1ad94e3eddca289ea256a0e2d8c8fce85f7393412808b724304689f0bc789b45,0685813042,0.016932203389830508,1
2020-09-21,1b65d5996ec52f9069958d567118f9fe45ed508f339010bf65a9eada00032768,0678942054,0.016932203389830508,1
2020-09-21,1e9a6ffda86add706d238a0f1a39c23c40b9d80c301279c64ed2a8c5473e4b9a,0935892001,0.025406779661016947,2
2020-09-21,1e9a6ffda86add706d238a0f1a39c23c40b9d80c301279c64ed2a8c5473e4b9a,0936622001,0.025406779661016947,2
2020-09-21,2b3c54cb115b432459f869bcc194f017fe3019a88f177b29d526501246eecdb7,0904201002,0.033881355932203386,2
2020-09-21,2b3c54cb115b432459f869bcc194f017fe3019a88f177b29d526501246eecdb7,0869379007,0.033881355932203386,2
2020-09-21,2b3c54cb115b432459f869bcc194f017fe3019a88f177b29d526501246eecdb7,0889753004,0.016932203389830508,2
2020-09-21,2b3c54cb115b432459f869bcc194f017fe3019a88f177b29d526501246eecdb7,0889753001,0.016932203389830508,2
2020-09-21,2cd8c49e45ac21a706986d98b8c837a08872b699f3297e72c1e19314d3b8f879,0855706009,0.014220338983050848,1
2020-09-21,2cd8c49e45ac21a706986d98b8c837a08872b699f3297e72c1e19314d3b8f879,0891763003,0.021338983050847457,1
2020-09-21,2fb94d3e7b3b925a9ae3e50553810f8d65225c507bf3d849af5489a0f45b7cfb,0724905009,0.050830508474576264,1
2020-09-21,301055fa47760c1e05038cfacc0899addcc70a7b5b6672cec0ca5f3ce3d84e52,0865799005,0.033881355932203386,2
2020-09-21,301055fa47760c1e05038cfacc0899addcc70a7b5b6672cec0ca5f3ce3d84e52,0865929014,0.016932203389830508,2
2020-09-21,301055fa47760c1e05038cfacc0899addcc70a7b5b6672cec0ca5f3ce3d84e52,0863595005,0.033881355932203386,2
2020-09-21,391aa83dfd9c672da8908c3671de121f29b02f7c0e3852024181f11398dda0f0,0930380003,0.033881355932203386,2
2020-09-21,391aa83dfd9c672da8908c3671de121f29b02f7c0e3852024181f11398dda0f0,0930380001,0.033881355932203386,2
2020-09-21,3c9287fa3ec0714e07b1499db26896a7430bccb765b992d216fed82a77668c7d,0828911003,0.022016949152542376,2
2020-09-21,3c9287fa3ec0714e07b1499db26896a7430bccb765b992d216fed82a77668c7d,0633162016,0.022016949152542376,2
2020-09-21,3c9287fa3ec0714e07b1499db26896a7430bccb765b992d216fed82a77668c7d,0828911002,0.022016949152542376,2
2020-09-21,3c9287fa3ec0714e07b1499db26896a7430bccb765b992d216fed82a77668c7d,0890930002,0.042355932203389825,2
2020-09-21,4438361bf2f6a0d6fd7f02904a3608112b1cb3f9c4ae30b59e2f159fe20e5fcd,0926450001,0.008457627118644067,1
2020-09-21,4438361bf2f6a0d6fd7f02904a3608112b1cb3f9c4ae30b59e2f159fe20e5fcd,0877961006,0.002135593220338983,1
2020-09-21,4438361bf2f6a0d6fd7f02904a3608112b1cb3f9c4ae30b59e2f159fe20e5fcd,0809320001,0.003999999999999999,1
2020-09-21,4438361bf2f6a0d6fd7f02904a3608112b1cb3f9c4ae30b59e2f159fe20e5fcd,0877961019,0.003999999999999999,1
2020-09-21,4d7332cb81aca6f526f2c671dea74ce3bd3c770e7ef560a6fb58e8b75c6cc01e,0917296004,0.050830508474576264,2
2020-09-21,4e5c6ea532d2f634d38a91dadedb75a121545a98fae2e599d2bb2ae5e10c2296,0910457001,0.03811864406779661,2
2020-09-21,4ec557e4274b15f8b709ca81814567b23a77d4e4a867682131fdb3e3cc31163c,0893141002,0.050830508474576264,2
2020-09-21,4ec557e4274b15f8b709ca81814567b23a77d4e4a867682131fdb3e3cc31163c,0913341002,0.033881355932203386,2
2020-09-21,4ec557e4274b15f8b709ca81814567b23a77d4e4a867682131fdb3e3cc31163c,0883079006,0.033881355932203386,2
2020-09-21,4ec557e4274b15f8b709ca81814567b23a77d4e4a867682131fdb3e3cc31163c,0913340002,0.042355932203389825,2
2020-09-21,54196fcbd3c3308834de74a1b08c3386eb5a4871fddada88f6af6b0757d86f26,0923758001,0.033881355932203386,2
2020-09-21,54196fcbd3c3308834de74a1b08c3386eb5a4871fddada88f6af6b0757d86f26,0891591003,0.08472881355932205,2
2020-09-21,56ff119f2da82611e328d89daf64263f357acba3b796d92a9ba66f02b36b68a1,0781135004,0.050830508474576264,1
2020-09-21,56ff119f2da82611e328d89daf64263f357acba3b796d92a9ba66f02b36b68a1,0865938002,0.025406779661016947,1
2020-09-21,5ff5ad6d96a9b20aa776b8ff852c581f147078dbb327596e57499b60ef81a085,0864562001,0.016932203389830508,2
2020-09-21,5ff5ad6d96a9b20aa776b8ff852c581f147078dbb327596e57499b60ef81a085,0864562005,0.016932203389830508,2
2020-09-21,68f5bc52aa3a4e2202b24529188c463c0575a13fb536f3d5e213ee00991e2eaa,0888908001,0.08472881355932205,2
2020-09-21,68f5bc52aa3a4e2202b24529188c463c0575a13fb536f3d5e213ee00991e2eaa,0922489001,0.06777966101694916,2
2020-09-21,68f5bc52aa3a4e2202b24529188c463c0575a13fb536f3d5e213ee00991e2eaa,0922489001,0.06777966101694916,2
2020-09-21,6b6bafe3d023b47d5459b746adb0d7a1e23816a6436a08d82fa3bbe76df570d5,0596877005,0.042355932203389825,2
2020-09-21,6b6bafe3d023b47d5459b746adb0d7a1e23816a6436a08d82fa3bbe76df570d5,0596877005,0.042355932203389825,2
2020-09-21,7d2b908ee5d784ebad576f5591e498d35406a3ac9f4b7b1c524f89d0059081f5,0723469002,0.025406779661016947,2
2020-09-21,7d2b908ee5d784ebad576f5591e498d35406a3ac9f4b7b1c524f89d0059081f5,0819113001,0.03049152542372881,2
2020-09-21,7d2b908ee5d784ebad576f5591e498d35406a3ac9f4b7b1c524f89d0059081f5,0860797001,0.025406779661016947,2
2020-09-21,7db8df1be61346eca2e3a5e540ccbc4ddf75859ff437ab830e066c2259ffe384,0736049005,0.022508474576271188,2
2020-09-21,7db8df1be61346eca2e3a5e540ccbc4ddf75859ff437ab830e066c2259ffe384,0907149004,0.03,2
2020-09-21,8004dbe98a7f672b4b4bdfb22a232ecce2aa1edc8ddf548e3a5f2f0461e71b48,0863290001,0.050830508474576264,2
2020-09-21,8004dbe98a7f672b4b4bdfb22a232ecce2aa1edc8ddf548e3a5f2f0461e71b48,0804992034,0.025406779661016947,2
2020-09-21,8004dbe98a7f672b4b4bdfb22a232ecce2aa1edc8ddf548e3a5f2f0461e71b48,0804992014,0.025406779661016947,2
2020-09-21,854cad904e5621ed68d8959fe0fd15edcb16afa410d0848caa3cfbd3e47478b3,0871517007,0.025406779661016947,1
2020-09-21,873591a1d642b81eef6890dd50c59c3332f632b8f4ea0e402327b53d8b224cbe,0762846006,0.025406779661016947,2
2020-09-21,873591a1d642b81eef6890dd50c59c3332f632b8f4ea0e402327b53d8b224cbe,0762846029,0.025406779661016947,2
2020-09-21,90c62b0d71da274541cd81d7223aa15dc6b3f7c24ef62789275486d832d7a918,0635049001,0.016559322033898302,2
2020-09-21,90c62b0d71da274541cd81d7223aa15dc6b3f7c24ef62789275486d832d7a918,0767422004,0.03764406779661017,2
2020-09-21,91042c6faaae4aeb3fdc08e6df80722a44923742afc50d9f0261f252c14786f5,0921226002,0.016932203389830508,2
2020-09-21,91042c6faaae4aeb3fdc08e6df80722a44923742afc50d9f0261f252c14786f5,0928152003,0.06777966101694916,2
2020-09-21,93cbf0d3148b3d400780265283b28f3463fa34467237547a18d6b90d454df43f,0579541001,0.016932203389830508,2
2020-09-21,93cbf0d3148b3d400780265283b28f3463fa34467237547a18d6b90d454df43f,0892519001,0.033881355932203386,2
2020-09-21,93cbf0d3148b3d400780265283b28f3463fa34467237547a18d6b90d454df43f,0903994005,0.022016949152542376,2
2020-09-21,93cbf0d3148b3d400780265283b28f3463fa34467237547a18d6b90d454df43f,0836142004,0.016932203389830508,2
2020-09-21,97ddbf89a567486c8d474827a737475d82e548c7c8edefdd547e5080a9b512bf,0926921001,0.033881355932203386,2
2020-09-21,97ddbf89a567486c8d474827a737475d82e548c7c8edefdd547e5080a9b512bf,0666444001,0.013542372881355931,2
2020-09-21,99ee182f09ccff86f28a77fdf445f16c1d8ee941d74e3222597cdab01e0b06f9,0797394001,0.025406779661016947,1
2020-09-21,99ee182f09ccff86f28a77fdf445f16c1d8ee941d74e3222597cdab01e0b06f9,0568601006,0.050830508474576264,1
2020-09-21,99ee182f09ccff86f28a77fdf445f16c1d8ee941d74e3222597cdab01e0b06f9,0568597006,0.042355932203389825,1
2020-09-21,9f6ed334ca0cdae650f5289cd6a84f445780ee2a1650cedff963867b766fa714,0200182002,0.010322033898305084,1
2020-09-21,9f6ed334ca0cdae650f5289cd6a84f445780ee2a1650cedff963867b766fa714,0910503002,0.006440677966101694,1
2020-09-21,9f6ed334ca0cdae650f5289cd6a84f445780ee2a1650cedff963867b766fa714,0865932001,0.01905084745762712,1
2020-09-21,9f6ed334ca0cdae650f5289cd6a84f445780ee2a1650cedff963867b766fa714,0806605001,0.010322033898305084,1
2020-09-21,a2c2f146627483e8cf18e4fcc390412aa1a1dfb6a14f27a9294c8703340eae97,0456163060,0.033881355932203386,1
2020-09-21,a3d25f2456a9cc75da45464904cfd40cc3abdfcc7b96b334abb8ae4e7667866c,0917053002,0.08472881355932205,2
2020-09-21,a4e6a822b948a169fdc39ca0b3fa24b693539f432251be26eec1564bee42e91e,0872387002,0.050830508474576264,2
2020-09-21,a4e6a822b948a169fdc39ca0b3fa24b693539f432251be26eec1564bee42e91e,0774113006,0.06777966101694916,2
2020-09-21,a4e6a822b948a169fdc39ca0b3fa24b693539f432251be26eec1564bee42e91e,0823359004,0.05930508474576271,2
2020-09-21,a4e6a822b948a169fdc39ca0b3fa24b693539f432251be26eec1564bee42e91e,0911870001,0.033881355932203386,2
2020-09-21,a924d9c650ee032b3ee11859a53f48fb5e6b29a4e66f6ceb61f8afc2890bce90,0934211005,0.05930508474576271,2
2020-09-21,a924d9c650ee032b3ee11859a53f48fb5e6b29a4e66f6ceb61f8afc2890bce90,0685814064,0.033881355932203386,2
2020-09-21,b0bb7f8b55416a707a2401fc93192d3a16312cb7f1e2d182ce2c8f9c754e5ce0,0357751003,0.004389830508474576,1
2020-09-21,b7111696f4ced412a5b86ece501b8ef08242c4d5012308a456765af1c59d867f,0855706009,0.016932203389830508,1
2020-09-21,b7111696f4ced412a5b86ece501b8ef08242c4d5012308a456765af1c59d867f,0896170012,0.016932203389830508,1
2020-09-21,b73a04e1bf0f13e3174cd6fe437fa840c3044e6350df05decc681eb5a2624ce4,0834063001,0.042355932203389825,2
2020-09-21,b73a04e1bf0f13e3174cd6fe437fa840c3044e6350df05decc681eb5a2624ce4,0774038001,0.033881355932203386,2
2020-09-21,b73a04e1bf0f13e3174cd6fe437fa840c3044e6350df05decc681eb5a2624ce4,0810169017,0.050830508474576264,2
2020-09-21,b73a04e1bf0f13e3174cd6fe437fa840c3044e6350df05decc681eb5a2624ce4,0900799002,0.042355932203389825,2
2020-09-21,b73a04e1bf0f13e3174cd6fe437fa840c3044e6350df05decc681eb5a2624ce4,0810172018,0.06777966101694916,2
2020-09-21,b8a1a6052b53b579c5ef7716d04764b9a8cc73be86627bb73d4bfaf8869ef646,0826500007,0.01523728813559322,1
2020-09-21,b8a1a6052b53b579c5ef7716d04764b9a8cc73be86627bb73d4bfaf8869ef646,0826500007,0.01523728813559322,1
2020-09-21,bad8767c49a0b6322b7ea35caec48116a5108c78e316041fddd657d6fdb66b24,0887457001,0.10167796610169492,2
2020-09-21,bb695262ea79f508306e78e13bb9ac8b56d9a44d4d9a974683f3884c8082d8f5,0819004001,0.005067796610169492,1
2020-09-21,bb695262ea79f508306e78e13bb9ac8b56d9a44d4d9a974683f3884c8082d8f5,0860395001,0.005067796610169492,1
2020-09-21,bc66df29267d1d4b818169861ad265ed27aea37402be3e695b8f3f25fcf8294a,0804992034,0.022016949152542376,2
2020-09-21,bc66df29267d1d4b818169861ad265ed27aea37402be3e695b8f3f25fcf8294a,0804992017,0.022016949152542376,2
2020-09-21,bd42f5d677ce5db4211998dc032539093b57e1ab7061ea6cd19484ddc5d4b4a5,0810169017,0.050830508474576264,2
2020-09-21,bd42f5d677ce5db4211998dc032539093b57e1ab7061ea6cd19484ddc5d4b4a5,0798915001,0.022016949152542376,2
2020-09-21,bd42f5d677ce5db4211998dc032539093b57e1ab7061ea6cd19484ddc5d4b4a5,0896928002,0.06777966101694916,2
2020-09-21,bf2276303640caa6eb75ebf582209930ef0769bdd261259ca5fe525659033c28,0937915002,0.02069491525423729,2
2020-09-21,bf2276303640caa6eb75ebf582209930ef0769bdd261259ca5fe525659033c28,0571706001,0.02069491525423729,2
2020-09-21,bf2276303640caa6eb75ebf582209930ef0769bdd261259ca5fe525659033c28,0823165005,0.023881355932203387,2
2020-09-21,bf2276303640caa6eb75ebf582209930ef0769bdd261259ca5fe525659033c28,0811835009,0.02069491525423729,2
2020-09-21,bf5c5a23ea6c403d5fc9996bb3c7f9f82866b29fbba01f83361662ecf9ebebce,0805947001,0.042355932203389825,2
2020-09-21,bf5c5a23ea6c403d5fc9996bb3c7f9f82866b29fbba01f83361662ecf9ebebce,0919978002,0.033881355932203386,2
2020-09-21,bf5c5a23ea6c403d5fc9996bb3c7f9f82866b29fbba01f83361662ecf9ebebce,0873276001,0.033881355932203386,2
2020-09-21,bf5c5a23ea6c403d5fc9996bb3c7f9f82866b29fbba01f83361662ecf9ebebce,0906305001,0.033881355932203386,2
2020-09-21,bf5c5a23ea6c403d5fc9996bb3c7f9f82866b29fbba01f83361662ecf9ebebce,0875784002,0.04320338983050847,2
2020-09-21,bfedd7a12d3b52a36c5ee2c8630bbf7ad07a31d67afd423b4da7254ab90a5236,0905957007,0.042355932203389825,2
2020-09-21,bfedd7a12d3b52a36c5ee2c8630bbf7ad07a31d67afd423b4da7254ab90a5236,0905957007,0.042355932203389825,2
2020-09-21,c1aadee0621cc4644b72a2dd80e082e036c94ce8dc672a25d4ef9d939c39b23b,0900237001,0.06615254237288136,2
2020-09-21,c1aadee0621cc4644b72a2dd80e082e036c94ce8dc672a25d4ef9d939c39b23b,0834924005,0.033067796610169495,2
2020-09-21,c1aadee0621cc4644b72a2dd80e082e036c94ce8dc672a25d4ef9d939c39b23b,0640021024,0.0496271186440678,2
2020-09-21,c1aadee0621cc4644b72a2dd80e082e036c94ce8dc672a25d4ef9d939c39b23b,0640021019,0.04961016949152542,2
2020-09-21,c1aadee0621cc4644b72a2dd80e082e036c94ce8dc672a25d4ef9d939c39b23b,0936990001,0.011559322033898306,2
2020-09-21,c1aadee0621cc4644b72a2dd80e082e036c94ce8dc672a25d4ef9d939c39b23b,0928210002,0.06615254237288136,2
2020-09-21,caedd2c9b4c39ec93a4f9fe12a097073b60c6f59072cd308412f6a018fd9ba84,0751994007,0.050830508474576264,2
2020-09-21,caedd2c9b4c39ec93a4f9fe12a097073b60c6f59072cd308412f6a018fd9ba84,0730863043,0.050830508474576264,2
2020-09-21,cffe75a37d0c1a9b77dc3409688df761269e524a3f8de32655011887dd7e4873,0926378001,0.005067796610169492,1
2020-09-21,cffe75a37d0c1a9b77dc3409688df761269e524a3f8de32655011887dd7e4873,0880784002,0.005067796610169492,1
2020-09-21,d64a13f8b274ebe2a006c2d9f9195f8730164c5ba9c1c6a4f4e20d87dce6c6b2,0803083002,0.013542372881355931,1
2020-09-21,d64a13f8b274ebe2a006c2d9f9195f8730164c5ba9c1c6a4f4e20d87dce6c6b2,0918726001,0.022016949152542376,1
2020-09-21,d64a13f8b274ebe2a006c2d9f9195f8730164c5ba9c1c6a4f4e20d87dce6c6b2,0828268002,0.050830508474576264,1
2020-09-21,d64a13f8b274ebe2a006c2d9f9195f8730164c5ba9c1c6a4f4e20d87dce6c6b2,0902023001,0.03049152542372881,1
2020-09-21,d8826cc9347bbb0dd79712c850af48896a1c092fdf5a01eb18b190831e8e6e6b,0826205002,0.013542372881355931,2
2020-09-21,d8826cc9347bbb0dd79712c850af48896a1c092fdf5a01eb18b190831e8e6e6b,0814224002,0.022016949152542376,2
2020-09-21,d8826cc9347bbb0dd79712c850af48896a1c092fdf5a01eb18b190831e8e6e6b,0801673002,0.016932203389830508,2
2020-09-21,d8f09209406c8e0eaa24f22fcf1d97a3591165d62e5c640a40aeb1b08a9fc2f1,0906794001,0.03347457627118644,2
2020-09-21,d8f09209406c8e0eaa24f22fcf1d97a3591165d62e5c640a40aeb1b08a9fc2f1,0542533033,0.03347457627118644,2
2020-09-21,d8f09209406c8e0eaa24f22fcf1d97a3591165d62e5c640a40aeb1b08a9fc2f1,0856440002,0.04184745762711864,2
2020-09-21,d8f09209406c8e0eaa24f22fcf1d97a3591165d62e5c640a40aeb1b08a9fc2f1,0912100003,0.050220338983050845,2
2020-09-21,d8f09209406c8e0eaa24f22fcf1d97a3591165d62e5c640a40aeb1b08a9fc2f1,0789407007,0.10044067796610169,2
2020-09-21,d8f09209406c8e0eaa24f22fcf1d97a3591165d62e5c640a40aeb1b08a9fc2f1,0813365001,0.016728813559322032,2
2020-09-21,d8f09209406c8e0eaa24f22fcf1d97a3591165d62e5c640a40aeb1b08a9fc2f1,0856440001,0.04184745762711864,2
2020-09-21,d8f09209406c8e0eaa24f22fcf1d97a3591165d62e5c640a40aeb1b08a9fc2f1,0912100001,0.050220338983050845,2
2020-09-21,d8f09209406c8e0eaa24f22fcf1d97a3591165d62e5c640a40aeb1b08a9fc2f1,0876415003,0.04181355932203389,2
2020-09-21,d8f09209406c8e0eaa24f22fcf1d97a3591165d62e5c640a40aeb1b08a9fc2f1,0888571001,0.04184745762711864,2
2020-09-21,d8f09209406c8e0eaa24f22fcf1d97a3591165d62e5c640a40aeb1b08a9fc2f1,0663406006,0.10044067796610169,2
2020-09-21,e47e839cccc989d47cc86166f92bed32ddf64795b50adb48c01bc54ae49e8fcc,0942069001,0.008457627118644067,2
2020-09-21,e47e839cccc989d47cc86166f92bed32ddf64795b50adb48c01bc54ae49e8fcc,0751471038,0.033881355932203386,2
2020-09-21,e47e839cccc989d47cc86166f92bed32ddf64795b50adb48c01bc54ae49e8fcc,0799365028,0.050830508474576264,2
2020-09-21,e4c6523dc8e9217008f863c913acc15c7a35fe5d78f4b8e0f91f87d91a07055d,0732206001,0.025406779661016947,2
2020-09-21,e4c6523dc8e9217008f863c913acc15c7a35fe5d78f4b8e0f91f87d91a07055d,0614854005,0.016932203389830508,2
2020-09-21,e4c6523dc8e9217008f863c913acc15c7a35fe5d78f4b8e0f91f87d91a07055d,0803468002,0.025406779661016947,2
2020-09-21,e4c6523dc8e9217008f863c913acc15c7a35fe5d78f4b8e0f91f87d91a07055d,0907527001,0.042355932203389825,2
2020-09-21,e4c6523dc8e9217008f863c913acc15c7a35fe5d78f4b8e0f91f87d91a07055d,0902802005,0.033881355932203386,2
2020-09-21,e4c6523dc8e9217008f863c913acc15c7a35fe5d78f4b8e0f91f87d91a07055d,0456163087,0.033881355932203386,2
2020-09-21,e4c6523dc8e9217008f863c913acc15c7a35fe5d78f4b8e0f91f87d91a07055d,0449570061,0.025406779661016947,2
2020-09-21,e4c6523dc8e9217008f863c913acc15c7a35fe5d78f4b8e0f91f87d91a07055d,0819113001,0.03049152542372881,2
2020-09-21,e4c6523dc8e9217008f863c913acc15c7a35fe5d78f4b8e0f91f87d91a07055d,0572797002,0.011847457627118646,2
2020-09-21,e4c6523dc8e9217008f863c913acc15c7a35fe5d78f4b8e0f91f87d91a07055d,0803083002,0.022016949152542376,2
2020-09-21,e4c6523dc8e9217008f863c913acc15c7a35fe5d78f4b8e0f91f87d91a07055d,0449570048,0.025406779661016947,2
2020-09-21,e4c6523dc8e9217008f863c913acc15c7a35fe5d78f4b8e0f91f87d91a07055d,0719655001,0.022016949152542376,2
2020-09-21,e4c6523dc8e9217008f863c913acc15c7a35fe5d78f4b8e0f91f87d91a07055d,0890677001,0.042355932203389825,2
2020-09-21,e4c6523dc8e9217008f863c913acc15c7a35fe5d78f4b8e0f91f87d91a07055d,0736923003,0.016932203389830508,2
2020-09-21,e4c6523dc8e9217008f863c913acc15c7a35fe5d78f4b8e0f91f87d91a07055d,0791587001,0.025406779661016947,2
2020-09-21,e4c6523dc8e9217008f863c913acc15c7a35fe5d78f4b8e0f91f87d91a07055d,0935840002,0.050830508474576264,2
2020-09-21,e4c6523dc8e9217008f863c913acc15c7a35fe5d78f4b8e0f91f87d91a07055d,0456163090,0.033881355932203386,2
2020-09-21,e4c6523dc8e9217008f863c913acc15c7a35fe5d78f4b8e0f91f87d91a07055d,0866610002,0.050830508474576264,2
2020-09-21,e4c6523dc8e9217008f863c913acc15c7a35fe5d78f4b8e0f91f87d91a07055d,0456163086,0.033881355932203386,2
2020-09-21,e4c6523dc8e9217008f863c913acc15c7a35fe5d78f4b8e0f91f87d91a07055d,0919273004,0.042355932203389825,2
2020-09-21,e4c6523dc8e9217008f863c913acc15c7a35fe5d78f4b8e0f91f87d91a07055d,0863477001,0.016932203389830508,2
2020-09-21,e4c6523dc8e9217008f863c913acc15c7a35fe5d78f4b8e0f91f87d91a07055d,0740519002,0.050830508474576264,2
2020-09-21,e4c6523dc8e9217008f863c913acc15c7a35fe5d78f4b8e0f91f87d91a07055d,0866731001,0.025406779661016947,2
2020-09-21,e4c6523dc8e9217008f863c913acc15c7a35fe5d78f4b8e0f91f87d91a07055d,0883808002,0.03049152542372881,2
2020-09-21,e4c6523dc8e9217008f863c913acc15c7a35fe5d78f4b8e0f91f87d91a07055d,0572797001,0.011847457627118646,2
2020-09-21,e886c613511863aa6865f896e195556f72f989a7931483c26263121e44485248,0794575010,0.033881355932203386,1
2020-09-21,e886c613511863aa6865f896e195556f72f989a7931483c26263121e44485248,0804992014,0.025406779661016947,1
2020-09-21,e886c613511863aa6865f896e195556f72f989a7931483c26263121e44485248,0621381016,0.033881355932203386,1
2020-09-21,e886c613511863aa6865f896e195556f72f989a7931483c26263121e44485248,0804992017,0.025406779661016947,1
2020-09-21,ea63b7decaa43b75284cd33496aca38a30f8d7d71a2f16dbbc0496b94ce87059,0685814063,0.033881355932203386,2
2020-09-21,ea63b7decaa43b75284cd33496aca38a30f8d7d71a2f16dbbc0496b94ce87059,0456163086,0.033881355932203386,2
2020-09-21,ead1a42e368c88cd5dabd709546189e748985751ce78e142ada445823463cbd2,0881942002,0.0321864406779661,1
2020-09-21,ead1a42e368c88cd5dabd709546189e748985751ce78e142ada445823463cbd2,0854075002,0.04828813559322033,1
2020-09-21,ead1a42e368c88cd5dabd709546189e748985751ce78e142ada445823463cbd2,0827681001,0.04828813559322033,1
2020-09-21,ecc7571b1fa642894b092c6a60422fac60eeb9445cde7620243b24a184ff73cd,0914414002,0.01523728813559322,1
2020-09-21,ecc7571b1fa642894b092c6a60422fac60eeb9445cde7620243b24a184ff73cd,0859737002,0.022864406779661017,1
2020-09-21,ecc7571b1fa642894b092c6a60422fac60eeb9445cde7620243b24a184ff73cd,0881448001,0.019813559322033897,1
2020-09-21,ed7592f7d1d4ab3f0d93c2bf11bb5433abae55f072173cd9de65659cabe03d98,0767423010,0.025406779661016947,1
2020-09-21,eeaf238236a0161eb1a31cc4acd65b7daf2de5c21f943e8dbda66a54bc1103f4,0778064051,0.005067796610169492,1
2020-09-21,f18af7c33076a28fbd451e46c8efc8fa6724574d033153e9a015e92545a52ef3,0861621002,0.013542372881355931,1
2020-09-21,f18af7c33076a28fbd451e46c8efc8fa6724574d033153e9a015e92545a52ef3,0753692018,0.008457627118644067,1
2020-09-21,f3a13df6a8437c3730a460e93186b9342c8d91188907ed7f15dce5ab5805e29c,0930380001,0.03186440677966102,2
2020-09-21,f3a13df6a8437c3730a460e93186b9342c8d91188907ed7f15dce5ab5805e29c,0673677002,0.023881355932203387,2
2020-09-21,f3a13df6a8437c3730a460e93186b9342c8d91188907ed7f15dce5ab5805e29c,0873279005,0.03983050847457627,2
2020-09-21,f3a13df6a8437c3730a460e93186b9342c8d91188907ed7f15dce5ab5805e29c,0572797002,0.011135593220338982,2
2020-09-21,f8dcebf139578c1ca8f5add2dabc6e679ccc50b3622f9b989a928dc543c49997,0919438002,0.022016949152542376,1
2020-09-21,f8dcebf139578c1ca8f5add2dabc6e679ccc50b3622f9b989a928dc543c49997,0807244012,0.0033728813559322033,1
2020-09-21,f8dcebf139578c1ca8f5add2dabc6e679ccc50b3622f9b989a928dc543c49997,0807241057,0.003389830508474576,1
2020-09-21,f8dcebf139578c1ca8f5add2dabc6e679ccc50b3622f9b989a928dc543c49997,0807241069,0.0033728813559322033,1
2020-09-21,f8dcebf139578c1ca8f5add2dabc6e679ccc50b3622f9b989a928dc543c49997,0536139070,0.016932203389830508,1
2020-09-21,fe452b72e97790e68dcf79f49521782d486c345981f773a16160db6fa2b28567,0877389001,0.04744067796610169,2
2020-09-21,ff0cc5d86cd1c7751ae443e8357b9d23681d2c5f67919f6e86db9ea625bb1e40,0879166004,0.044050847457627114,2
2020-09-21,ff0cc5d86cd1c7751ae443e8357b9d23681d2c5f67919f6e86db9ea625bb1e40,0879166004,0.044050847457627114,2
2020-09-22,010d830146f48546e81e5a98e65a304ffc30e8ddb82302ac1adb6ecbdf90b8bf,0791587001,0.025406779661016947,2
2020-09-22,010d830146f48546e81e5a98e65a304ffc30e8ddb82302ac1adb6ecbdf90b8bf,0791587001,0.025406779661016947,2
2020-09-22,012a71bf4f614c1163c523885eba6f2f7992d8be928ec3b0f441c6d1004437c2,0873771002,0.04630508474576272,2
2020-09-22,012a71bf4f614c1163c523885eba6f2f7992d8be928ec3b0f441c6d1004437c2,0673677022,0.02315254237288136,2
2020-09-22,0dfd3e31e6ab82e771ef2be1aea95f27d6a7af097ea68907d3171bec585a91ae,0787123017,0.033881355932203386,2
2020-09-22,0dfd3e31e6ab82e771ef2be1aea95f27d6a7af097ea68907d3171bec585a91ae,0865430007,0.050830508474576264,2
2020-09-22,1524fd350890ff3b30414504e7259d3748dee8f400d218798c6adac3a4eb3cda,0869331008,0.03049152542372881,2
2020-09-22,1524fd350890ff3b30414504e7259d3748dee8f400d218798c6adac3a4eb3cda,0810838010,0.042355932203389825,2
2020-09-22,183148552b4b43f09e99d52f45244730d1cfff6a7821f2853899a65f4dc3c176,0873678010,0.025406779661016947,1
2020-09-22,183148552b4b43f09e99d52f45244730d1cfff6a7821f2853899a65f4dc3c176,0770315026,0.016932203389830508,1
2020-09-22,1bbd0b38a543b34be05ceac6b603232d35e3e63c92da980782fcc22ae1dfc0f6,0874110016,0.025406779661016947,2
2020-09-22,1bbd0b38a543b34be05ceac6b603232d35e3e63c92da980782fcc22ae1dfc0f6,0874110016,0.025406779661016947,2
2020-09-22,1e15eef82f867c7ab9dfeb9bfbe7c549432a32ad33fd37320761c571941edb8a,0795836041,0.03049152542372881,1
2020-09-22,1e15eef82f867c7ab9dfeb9bfbe7c549432a32ad33fd37320761c571941edb8a,0685814069,0.03049152542372881,1
2020-09-22,1f8261101623653a208345e05cb69c17cb41cc6b956a1d20acdbbe92ac41d507,0909370001,0.033881355932203386,1
2020-09-22,205d77acab6bcfaa3cc81b09e78c5cc9a1e60dde229355a77c7cc01c840c8239,0806131011,0.033881355932203386,2
2020-09-22,2317635e0544be4edcaddbf185efeb19d078f22a7992eb7448cbb72b6f727df1,0865939004,0.016932203389830508,1
2020-09-22,2345ca1c01627305e15afbabba28d99f525e6fe140db054c1674d580a2699139,0706016003,0.033881355932203386,2
2020-09-22,2345ca1c01627305e15afbabba28d99f525e6fe140db054c1674d580a2699139,0706016001,0.033881355932203386,2
2020-09-22,239da594a55350c6bd74494e675f736d99372ca68c420fd5301b85aa920b6425,0685814063,0.033881355932203386,2
2020-09-22,239da594a55350c6bd74494e675f736d99372ca68c420fd5301b85aa920b6425,0685813003,0.016932203389830508,2
2020-09-22,239da594a55350c6bd74494e675f736d99372ca68c420fd5301b85aa920b6425,0903778001,0.033881355932203386,2
2020-09-22,24f1f31a5777f8789b2f616aa9b14d191db7e1cab17fd0e8d275947b00fed67a,0372860072,0.013542372881355931,2
2020-09-22,24f1f31a5777f8789b2f616aa9b14d191db7e1cab17fd0e8d275947b00fed67a,0867969003,0.033881355932203386,2
2020-09-22,24f1f31a5777f8789b2f616aa9b14d191db7e1cab17fd0e8d275947b00fed67a,0579541001,0.016932203389830508,2
2020-09-22,2ab322ac5d887c588296857f49f32a466cedacd2f2f99f4fdb8bb141d58723f7,0793506023,0.025406779661016947,1
2020-09-22,2ab322ac5d887c588296857f49f32a466cedacd2f2f99f4fdb8bb141d58723f7,0713380037,0.025406779661016947,1
2020-09-22,2ab322ac5d887c588296857f49f32a466cedacd2f2f99f4fdb8bb141d58723f7,0577425021,0.016932203389830508,1
2020-09-22,2ab322ac5d887c588296857f49f32a466cedacd2f2f99f4fdb8bb141d58723f7,0783418001,0.008457627118644067,1
2020-09-22,2d5690e7230386a0e8e157a2885727318240a887632ea3bcd8f17d106398df45,0882882007,0.050830508474576264,2
2020-09-22,2d5690e7230386a0e8e157a2885727318240a887632ea3bcd8f17d106398df45,0751664001,0.025406779661016947,2
2020-09-22,2d5690e7230386a0e8e157a2885727318240a887632ea3bcd8f17d106398df45,0882882002,0.050830508474576264,2
2020-09-22,3321e0fd70ea66fceeb4a4986d5beaf9bac2d1d2cb92b5abea06ea493ca771d2,0894085001,0.0274406779661017,2
2020-09-22,3321e0fd70ea66fceeb4a4986d5beaf9bac2d1d2cb92b5abea06ea493ca771d2,0881942001,0.03049152542372881,2
2020-09-22,3321e0fd70ea66fceeb4a4986d5beaf9bac2d1d2cb92b5abea06ea493ca771d2,0942069001,0.007610169491525424,2
2020-09-22,366dd6a028fe8837c5508c5d0499b6321cbcb6ae5047ef87913119558cd9866c,0673677023,0.025406779661016947,2
2020-09-22,366dd6a028fe8837c5508c5d0499b6321cbcb6ae5047ef87913119558cd9866c,0673677022,0.025406779661016947,2
2020-09-22,366dd6a028fe8837c5508c5d0499b6321cbcb6ae5047ef87913119558cd9866c,0729928001,0.025406779661016947,2
2020-09-22,383cf8272dd87fa9baada4b2a0f6727680d22cf95cd1244775616076f75dc860,0904567002,0.025406779661016947,2
2020-09-22,3cdfe0b40000ba4997cbaebb8895e116e15eb6b9e998221284097f82f58e9075,0935892001,0.024559322033898306,2
2020-09-22,3cdfe0b40000ba4997cbaebb8895e116e15eb6b9e998221284097f82f58e9075,0906097001,0.08188135593220339,2
2020-09-22,458899e9ee9c6afee6ecdda86b789bc7f1de0961ace76d8955a8dc023986ce88,0806783001,0.011508474576271186,1
2020-09-22,47d6dc09cb5df00e5c7109ff1864c470549f2963c6403b4519d00177214aa8f0,0752814017,0.033881355932203386,2
2020-09-22,47d6dc09cb5df00e5c7109ff1864c470549f2963c6403b4519d00177214aa8f0,0797892006,0.042355932203389825,2
2020-09-22,47d6dc09cb5df00e5c7109ff1864c470549f2963c6403b4519d00177214aa8f0,0739533003,0.06777966101694916,2
2020-09-22,47d6dc09cb5df00e5c7109ff1864c470549f2963c6403b4519d00177214aa8f0,0942187001,0.016932203389830508,2
2020-09-22,47d6dc09cb5df00e5c7109ff1864c470549f2963c6403b4519d00177214aa8f0,0882613002,0.033881355932203386,2
2020-09-22,47d6dc09cb5df00e5c7109ff1864c470549f2963c6403b4519d00177214aa8f0,0882613002,0.033881355932203386,2
2020-09-22,47d6dc09cb5df00e5c7109ff1864c470549f2963c6403b4519d00177214aa8f0,0882613003,0.033881355932203386,2
2020-09-22,47d6dc09cb5df00e5c7109ff1864c470549f2963c6403b4519d00177214aa8f0,0897756003,0.025406779661016947,2
2020-09-22,47d6dc09cb5df00e5c7109ff1864c470549f2963c6403b4519d00177214aa8f0,0881244001,0.033881355932203386,2
2020-09-22,47d6dc09cb5df00e5c7109ff1864c470549f2963c6403b4519d00177214aa8f0,0905507004,0.033881355932203386,2
2020-09-22,47d6dc09cb5df00e5c7109ff1864c470549f2963c6403b4519d00177214aa8f0,0905507004,0.033881355932203386,2
2020-09-22,4b0dd80725434bab165d4f7951e31de7d7be3a610ce0b4b10f94014b03e88d49,0874704002,0.050830508474576264,1
2020-09-22,598e04a195add67e1d61eb80782ec2b82e76191307b31f79baeb2bc942a4d5e6,0535035002,0.11862711864406779,2
2020-09-22,598e04a195add67e1d61eb80782ec2b82e76191307b31f79baeb2bc942a4d5e6,0564309022,0.016932203389830508,1
2020-09-22,598e04a195add67e1d61eb80782ec2b82e76191307b31f79baeb2bc942a4d5e6,0667409012,0.005067796610169492,1
2020-09-22,598e04a195add67e1d61eb80782ec2b82e76191307b31f79baeb2bc942a4d5e6,0452818034,0.013542372881355931,1
2020-09-22,598e04a195add67e1d61eb80782ec2b82e76191307b31f79baeb2bc942a4d5e6,0783346001,0.025406779661016947,1
2020-09-22,598e04a195add67e1d61eb80782ec2b82e76191307b31f79baeb2bc942a4d5e6,0706271031,0.00676271186440678,1
2020-09-22,62a0562c6b0c230caa2705aeac805091b85df0a6e7caf065caa6a8d5f8bbd0b1,0929980006,0.016932203389830508,1
2020-09-22,62a0562c6b0c230caa2705aeac805091b85df0a6e7caf065caa6a8d5f8bbd0b1,0867948004,0.022016949152542376,1
2020-09-22,62e9302f0aae9ef4e8e7fc04b92ffc4ee64bc9c4b15e28922f3158422b498d4d,0874819003,0.05930508474576271,2
2020-09-22,66f5fb0e68e8019bf03c4d83aca24020bc196ab820307888d06fcb31a39f6dbd,0714790020,0.050830508474576264,2
2020-09-22,66f5fb0e68e8019bf03c4d83aca24020bc196ab820307888d06fcb31a39f6dbd,0913597002,0.042355932203389825,2
2020-09-22,66f5fb0e68e8019bf03c4d83aca24020bc196ab820307888d06fcb31a39f6dbd,0572998009,0.042355932203389825,2
2020-09-22,6c4b2ea7ff8c0648071277a53dbbe015bd1ab2fbd478fe079231950408397624,0918836001,0.042355932203389825,2
2020-09-22,6c4b2ea7ff8c0648071277a53dbbe015bd1ab2fbd478fe079231950408397624,0896169002,0.050830508474576264,2
2020-09-22,6c4d9c66ef8a3bfdf76b337d65ad005512f1db3f7ec8f97039ce58dec2ecfcdd,0695632111,0.033881355932203386,1
2020-09-22,6c4d9c66ef8a3bfdf76b337d65ad005512f1db3f7ec8f97039ce58dec2ecfcdd,0785226004,0.022016949152542376,1
2020-09-22,6c4d9c66ef8a3bfdf76b337d65ad005512f1db3f7ec8f97039ce58dec2ecfcdd,0728156024,0.050830508474576264,1
2020-09-22,6c4d9c66ef8a3bfdf76b337d65ad005512f1db3f7ec8f97039ce58dec2ecfcdd,0927922002,0.033881355932203386,1
2020-09-22,6c4d9c66ef8a3bfdf76b337d65ad005512f1db3f7ec8f97039ce58dec2ecfcdd,0903049003,0.06777966101694916,1
2020-09-22,6c4d9c66ef8a3bfdf76b337d65ad005512f1db3f7ec8f97039ce58dec2ecfcdd,0724773004,0.05930508474576271,1
2020-09-22,6e51bd5c5e37332cea1d39f24001169407b241c1d42dad2018e51735272371da,0918525001,0.050830508474576264,2
2020-09-22,6e51bd5c5e37332cea1d39f24001169407b241c1d42dad2018e51735272371da,0915529003,0.033881355932203386,2
2020-09-22,7186d864a6b37a383ea981e0fbd78451c4941896ab92b93c3ddb08809d3a7b1f,0877666001,0.015796610169491524,2
2020-09-22,7186d864a6b37a383ea981e0fbd78451c4941896ab92b93c3ddb08809d3a7b1f,0886966002,0.06327118644067796,2
2020-09-22,7186d864a6b37a383ea981e0fbd78451c4941896ab92b93c3ddb08809d3a7b1f,0921226001,0.015796610169491524,2
2020-09-22,728c75903c2a0c2a7d734fb167a56f2e3bf7b5a8a541cd5239f89eb4afd778c1,0809961002,0.033881355932203386,1
2020-09-22,7671fc4620162c5a3295379260725514eaa9f204191816da5127af924f996ff9,0891591003,0.08472881355932205,1
2020-09-22,7696cde211f347839f664126b9cc48ef390fcde083c776cc4689ec2f2f58cf4a,0891630001,0.050830508474576264,2
2020-09-22,7696cde211f347839f664126b9cc48ef390fcde083c776cc4689ec2f2f58cf4a,0926433001,0.05930508474576271,2
2020-09-22,77f9559e3de9715be3dd700d3565f91dcf33fb843ee0ce9baaad63f836811eb6,0685814001,0.033881355932203386,2
2020-09-22,7839e09a85cdc41146a6312a6496fd8709a77db58f47cbe3c4d74cd8c43d8085,0910457001,0.050830508474576264,2
2020-09-22,7b48800f6872111d89ff7d886a7ebce7dbb89eec143be05f7ff1380704949828,0897730004,0.025406779661016947,2
2020-09-22,7bdba66806f57302e2955f3e206d1e0d13a3fa1858b32f5390dd4adee01075a7,0910446001,0.05930508474576271,2
2020-09-22,7e06b519b08d1ff9636b1aad25a815291e9f40a59ba0bb9cbcde69b0174f7c5f,0706016001,0.027101694915254236,1
2020-09-22,804dc1f8041c074cb736d4651a13c433c1daf35d29068e8da4f2ffa0526aa4cc,0714790020,0.050830508474576264,2
2020-09-22,80c2917e3430c77d8828eaf18d6370d929c377cde77204d930e59b6dcc6175c7,0685813042,0.016932203389830508,2
2020-09-22,843db95ff7baf836905a16a79c3c5160dd29f1123a5ae212550e0dd54f4922d4,0931769001,0.042355932203389825,2
2020-09-22,843db95ff7baf836905a16a79c3c5160dd29f1123a5ae212550e0dd54f4922d4,0931769001,0.042355932203389825,2
2020-09-22,843db95ff7baf836905a16a79c3c5160dd29f1123a5ae212550e0dd54f4922d4,0780361004,0.01523728813559322,2
2020-09-22,84b1e6e355a6e4207005fe4b90c764b4ae35c97feb793e8b1d75d53787bfc278,0901955002,0.025406779661016947,2
2020-09-22,84b1e6e355a6e4207005fe4b90c764b4ae35c97feb793e8b1d75d53787bfc278,0717490010,0.008457627118644067,2
2020-09-22,87fb978b9673333546636b93c1ca89f9f0fa46081f2865c93bf2bff042606160,0694848016,0.03049152542372881,2
2020-09-22,87fb978b9673333546636b93c1ca89f9f0fa46081f2865c93bf2bff042606160,0694848001,0.03049152542372881,2
2020-09-22,8bb076983a45dad7f32df373c0983f33140431b316167803abfe62a2f21805ed,0852523002,0.022016949152542376,1
2020-09-22,8bb076983a45dad7f32df373c0983f33140431b316167803abfe62a2f21805ed,0886225001,0.03049152542372881,1
2020-09-22,8bb076983a45dad7f32df373c0983f33140431b316167803abfe62a2f21805ed,0874754005,0.033881355932203386,1
2020-09-22,91042c6faaae4aeb3fdc08e6df80722a44923742afc50d9f0261f252c14786f5,0892093002,0.050830508474576264,2
2020-09-22,95a442fe594e0fc48f167cfa4f51ba4c54501203610d3772fdd0fb6ff7a2dc09,0814667001,0.029728813559322033,2
2020-09-22,95a442fe594e0fc48f167cfa4f51ba4c54501203610d3772fdd0fb6ff7a2dc09,0915921001,0.016508474576271186,2
2020-09-22,95a442fe594e0fc48f167cfa4f51ba4c54501203610d3772fdd0fb6ff7a2dc09,0861803001,0.016508474576271186,2
2020-09-22,95a442fe594e0fc48f167cfa4f51ba4c54501203610d3772fdd0fb6ff7a2dc09,0861803001,0.016508474576271186,2
2020-09-22,95a442fe594e0fc48f167cfa4f51ba4c54501203610d3772fdd0fb6ff7a2dc09,0902023002,0.029728813559322033,2
2020-09-22,95a442fe594e0fc48f167cfa4f51ba4c54501203610d3772fdd0fb6ff7a2dc09,0876043001,0.02477966101694915,2
2020-09-22,95a442fe594e0fc48f167cfa4f51ba4c54501203610d3772fdd0fb6ff7a2dc09,0914453002,0.041305084745762714,2
2020-09-22,95a442fe594e0fc48f167cfa4f51ba4c54501203610d3772fdd0fb6ff7a2dc09,0868283001,0.01652542372881356,2
2020-09-22,95a442fe594e0fc48f167cfa4f51ba4c54501203610d3772fdd0fb6ff7a2dc09,0852174003,0.02477966101694915,2
2020-09-22,95a442fe594e0fc48f167cfa4f51ba4c54501203610d3772fdd0fb6ff7a2dc09,0915921002,0.016508474576271186,2
2020-09-22,95a442fe594e0fc48f167cfa4f51ba4c54501203610d3772fdd0fb6ff7a2dc09,0915921002,0.016508474576271186,2
2020-09-22,95a442fe594e0fc48f167cfa4f51ba4c54501203610d3772fdd0fb6ff7a2dc09,0915921002,0.016508474576271186,2
2020-09-22,9621be189dc7cacb56daff121ab0714493d8a356c15390458f0f6a0a21cc6caf,0928892002,0.012559322033898306,2
2020-09-22,9621be189dc7cacb56daff121ab0714493d8a356c15390458f0f6a0a21cc6caf,0888343003,0.03537288135593221,2
2020-09-22,9621be189dc7cacb56daff121ab0714493d8a356c15390458f0f6a0a21cc6caf,0886557005,0.03930508474576271,2
2020-09-22,97c054adb637b15292f466eb42885c4b68eeb6504513d19d1cc4269794c61130,0885951003,0.03049152542372881,2
2020-09-22,97c054adb637b15292f466eb42885c4b68eeb6504513d19d1cc4269794c61130,0887681001,0.022016949152542376,2
2020-09-22,9dbec663511a05d64b0f31c140d0d1137f05fb28ec530cabe96eb912293792d3,0830176001,0.033881355932203386,2
2020-09-22,9dbec663511a05d64b0f31c140d0d1137f05fb28ec530cabe96eb912293792d3,0836267001,0.05930508474576271,2
2020-09-22,9dbec663511a05d64b0f31c140d0d1137f05fb28ec530cabe96eb912293792d3,0733803001,0.013542372881355931,2
2020-09-22,9dbec663511a05d64b0f31c140d0d1137f05fb28ec530cabe96eb912293792d3,0733803001,0.013542372881355931,2
2020-09-22,a65c3f9265bb2011e2823bc428fb146ddb4e69e67478e42bce5d969553e129f4,0884688002,0.013542372881355931,2
2020-09-22,a65c3f9265bb2011e2823bc428fb146ddb4e69e67478e42bce5d969553e129f4,0814817002,0.025406779661016947,2
2020-09-22,a65c3f9265bb2011e2823bc428fb146ddb4e69e67478e42bce5d969553e129f4,0855673001,0.022016949152542376,2
2020-09-22,a65c3f9265bb2011e2823bc428fb146ddb4e69e67478e42bce5d969553e129f4,0867023001,0.025406779661016947,2
2020-09-22,a8ba03521ac1d2f7098dd388fc8441bdd03336eb10523a48c0e4cc59dacb21d4,0762846027,0.025406779661016947,2
2020-09-22,a8ba03521ac1d2f7098dd388fc8441bdd03336eb10523a48c0e4cc59dacb21d4,0884319005,0.025406779661016947,2
2020-09-22,a8ba03521ac1d2f7098dd388fc8441bdd03336eb10523a48c0e4cc59dacb21d4,0887937001,0.016932203389830508,2
2020-09-22,a8ba03521ac1d2f7098dd388fc8441bdd03336eb10523a48c0e4cc59dacb21d4,0634541003,0.01523728813559322,2
2020-09-22,b255246c065539a3ce651c98d6ccd37111bb8f45ddc2433fbf1f2f5b8d5ecf19,0810170013,0.05761016949152543,2
2020-09-22,b255246c065539a3ce651c98d6ccd37111bb8f45ddc2433fbf1f2f5b8d5ecf19,0810170012,0.05761016949152543,2
2020-09-22,b255246c065539a3ce651c98d6ccd37111bb8f45ddc2433fbf1f2f5b8d5ecf19,0810172018,0.05761016949152543,2
2020-09-22,b5efeda16a6280081f2c9a7e3e7cb1610a6e33c18ffa4af9a49cae8383543b57,0931729004,0.050830508474576264,2
2020-09-22,b5efeda16a6280081f2c9a7e3e7cb1610a6e33c18ffa4af9a49cae8383543b57,0929275001,0.05930508474576271,2
2020-09-22,b5efeda16a6280081f2c9a7e3e7cb1610a6e33c18ffa4af9a49cae8383543b57,0929275001,0.05930508474576271,2
2020-09-22,b99f85542321ddd7254d6752c3e758be3d2cf9b4992e32a6ea6741354d4e221d,0885951003,0.0274406779661017,2
2020-09-22,b99f85542321ddd7254d6752c3e758be3d2cf9b4992e32a6ea6741354d4e221d,0887681001,0.019813559322033897,2
2020-09-22,b99f85542321ddd7254d6752c3e758be3d2cf9b4992e32a6ea6741354d4e221d,0719655001,0.019813559322033897,2
2020-09-22,b99f85542321ddd7254d6752c3e758be3d2cf9b4992e32a6ea6741354d4e221d,0758034013,0.022864406779661017,2
2020-09-22,b99f85542321ddd7254d6752c3e758be3d2cf9b4992e32a6ea6741354d4e221d,0859617001,0.03811864406779661,2
2020-09-22,b99f85542321ddd7254d6752c3e758be3d2cf9b4992e32a6ea6741354d4e221d,0756318001,0.03811864406779661,2
2020-09-22,bde41528bf0c2d8190e5099b4c18efce17c2c572745ba4f30859ba46733d1852,0883938001,0.033881355932203386,2
2020-09-22,bde41528bf0c2d8190e5099b4c18efce17c2c572745ba4f30859ba46733d1852,0901818001,0.042355932203389825,2
2020-09-22,bde41528bf0c2d8190e5099b4c18efce17c2c572745ba4f30859ba46733d1852,0811715001,0.033881355932203386,2
2020-09-22,bde41528bf0c2d8190e5099b4c18efce17c2c572745ba4f30859ba46733d1852,0811715001,0.033881355932203386,2
2020-09-22,bea7e6665ea02545075ac723fb0d5d5a8b006b0b75e99a0a989e6c44937182fc,0944989001,0.025406779661016947,2
2020-09-22,bea7e6665ea02545075ac723fb0d5d5a8b006b0b75e99a0a989e6c44937182fc,0908292002,0.050830508474576264,2
2020-09-22,bea7e6665ea02545075ac723fb0d5d5a8b006b0b75e99a0a989e6c44937182fc,0873279004,0.042355932203389825,2
2020-09-22,bea7e6665ea02545075ac723fb0d5d5a8b006b0b75e99a0a989e6c44937182fc,0907736002,0.050830508474576264,2
2020-09-22,beb07a60fa9baaa9f57c59133070d54aa791d2945255206981f8ddcbd85416c3,0870694001,0.013542372881355931,1
2020-09-22,beb07a60fa9baaa9f57c59133070d54aa791d2945255206981f8ddcbd85416c3,0871088001,0.025406779661016947,1
2020-09-22,c252dfb9360f8aff5666b491a4b578720f697ae175e274386330d5cd46086f8a,0874754002,0.033881355932203386,1
2020-09-22,c252dfb9360f8aff5666b491a4b578720f697ae175e274386330d5cd46086f8a,0904820002,0.033881355932203386,1
2020-09-22,c34786ab83b85aeefed5cbc24a398377f6236d514356103a74554f569fad33db,0417951001,0.00676271186440678,1
2020-09-22,c34786ab83b85aeefed5cbc24a398377f6236d514356103a74554f569fad33db,0417951001,0.00676271186440678,1
2020-09-22,c56fa0705e098e6a5fbf96b506de4b473f2bdd3723c86e6134378058799d5f5e,0573085057,0.03049152542372881,2
2020-09-22,c56fa0705e098e6a5fbf96b506de4b473f2bdd3723c86e6134378058799d5f5e,0706016003,0.03049152542372881,2
2020-09-22,c6a6eb67b69f64210f86d4c27680cb938221a977e9c7386454801ddf30f9c757,0915529003,0.033881355932203386,2
2020-09-22,c6a6eb67b69f64210f86d4c27680cb938221a977e9c7386454801ddf30f9c757,0752814003,0.033881355932203386,2
2020-09-22,c6a6eb67b69f64210f86d4c27680cb938221a977e9c7386454801ddf30f9c757,0673677002,0.025406779661016947,2
2020-09-22,c6a6eb67b69f64210f86d4c27680cb938221a977e9c7386454801ddf30f9c757,0915529005,0.033881355932203386,2
2020-09-22,c6a6eb67b69f64210f86d4c27680cb938221a977e9c7386454801ddf30f9c757,0903926003,0.050830508474576264,2
2020-09-22,c6a6eb67b69f64210f86d4c27680cb938221a977e9c7386454801ddf30f9c757,0903926003,0.050830508474576264,2
2020-09-22,ca6e0b7481da31afaa5672dc28713a76200947aff276d429b383b0d95a7299a6,0562245097,0.019338983050847455,2
2020-09-22,ca6e0b7481da31afaa5672dc28713a76200947aff276d429b383b0d95a7299a6,0562245046,0.029779661016949153,2
2020-09-22,cfb4fc4b9dfdb3a7bfc74a67ea01fb14713c7140ec4d8a89b903680d0884d820,0909014002,0.11545762711864407,2
2020-09-22,cfb4fc4b9dfdb3a7bfc74a67ea01fb14713c7140ec4d8a89b903680d0884d820,0889036004,0.04947457627118645,2
2020-09-22,cfb4fc4b9dfdb3a7bfc74a67ea01fb14713c7140ec4d8a89b903680d0884d820,0685044011,0.04947457627118645,2
2020-09-22,cfb4fc4b9dfdb3a7bfc74a67ea01fb14713c7140ec4d8a89b903680d0884d820,0778745010,0.03298305084745763,2
2020-09-22,d033c491afcaafec1563d5bb01c95d6ea9d0ea4a8b28c7e5f2914c3e48bfc8d1,0562245018,0.02310169491525424,2
2020-09-22,d033c491afcaafec1563d5bb01c95d6ea9d0ea4a8b28c7e5f2914c3e48bfc8d1,0562245018,0.02310169491525424,2
2020-09-22,d033c491afcaafec1563d5bb01c95d6ea9d0ea4a8b28c7e5f2914c3e48bfc8d1,0763280005,0.028050847457627117,2
2020-09-22,d033c491afcaafec1563d5bb01c95d6ea9d0ea4a8b28c7e5f2914c3e48bfc8d1,0763270002,0.02476271186440678,2
2020-09-22,d033c491afcaafec1563d5bb01c95d6ea9d0ea4a8b28c7e5f2914c3e48bfc8d1,0715099007,0.03303389830508474,2
2020-09-22,d033c491afcaafec1563d5bb01c95d6ea9d0ea4a8b28c7e5f2914c3e48bfc8d1,0881919001,0.02476271186440678,2
2020-09-22,d033c491afcaafec1563d5bb01c95d6ea9d0ea4a8b28c7e5f2914c3e48bfc8d1,0893432002,0.03301694915254237,2
2020-09-22,d033c491afcaafec1563d5bb01c95d6ea9d0ea4a8b28c7e5f2914c3e48bfc8d1,0906744001,0.04954237288135593,2
2020-09-22,d033c491afcaafec1563d5bb01c95d6ea9d0ea4a8b28c7e5f2914c3e48bfc8d1,0906744001,0.04954237288135593,2
2020-09-22,d033c491afcaafec1563d5bb01c95d6ea9d0ea4a8b28c7e5f2914c3e48bfc8d1,0805000001,0.04954237288135593,2
2020-09-22,d033c491afcaafec1563d5bb01c95d6ea9d0ea4a8b28c7e5f2914c3e48bfc8d1,0929165001,0.04954237288135593,2
2020-09-22,d033c491afcaafec1563d5bb01c95d6ea9d0ea4a8b28c7e5f2914c3e48bfc8d1,0929165001,0.04954237288135593,2
2020-09-22,d033c491afcaafec1563d5bb01c95d6ea9d0ea4a8b28c7e5f2914c3e48bfc8d1,0869706006,0.08257627118644068,2
2020-09-22,d25db246c72d13d6a1e2c3806d081091819bd8c7dd1233e4a611cea2c7a1b344,0919741001,0.033881355932203386,2
2020-09-22,d25db246c72d13d6a1e2c3806d081091819bd8c7dd1233e4a611cea2c7a1b344,0857030003,0.08472881355932205,2
2020-09-22,d9ea62772cb61d7140dd7c43869edd531bd8cf923676fd29051edc3969bf7f32,0901330002,0.050830508474576264,1
2020-09-22,d9ea62772cb61d7140dd7c43869edd531bd8cf923676fd29051edc3969bf7f32,0797988002,0.022508474576271188,1
2020-09-22,d9ea62772cb61d7140dd7c43869edd531bd8cf923676fd29051edc3969bf7f32,0842028004,0.03,1
2020-09-22,db0f8955ea427da5cbc5f860eb0a2278b1e60eb0bcdf97cb0423189bde13c0bf,0871710001,0.033881355932203386,2
2020-09-22,db0f8955ea427da5cbc5f860eb0a2278b1e60eb0bcdf97cb0423189bde13c0bf,0863583002,0.033881355932203386,2
2020-09-22,db0f8955ea427da5cbc5f860eb0a2278b1e60eb0bcdf97cb0423189bde13c0bf,0878190004,0.06777966101694916,2
2020-09-22,db0f8955ea427da5cbc5f860eb0a2278b1e60eb0bcdf97cb0423189bde13c0bf,0923755003,0.033881355932203386,2
2020-09-22,db0f8955ea427da5cbc5f860eb0a2278b1e60eb0bcdf97cb0423189bde13c0bf,0918603001,0.050830508474576264,2
2020-09-22,db0f8955ea427da5cbc5f860eb0a2278b1e60eb0bcdf97cb0423189bde13c0bf,0929594001,0.016932203389830508,2
2020-09-22,dbebd3ff5fbb8b6be8eb225a4b8b87419e605824cf932172c11b476f1fd2e925,0777892001,0.033881355932203386,2
2020-09-22,dbebd3ff5fbb8b6be8eb225a4b8b87419e605824cf932172c11b476f1fd2e925,0777892001,0.033881355932203386,2
2020-09-22,de20429b878df5d65d3c9fa0cd56be4bd615f0569ead0a37865eba89ceb49e7d,0685814005,0.033881355932203386,2
2020-09-22,de20429b878df5d65d3c9fa0cd56be4bd615f0569ead0a37865eba89ceb49e7d,0910601002,0.042355932203389825,2
2020-09-22,de20429b878df5d65d3c9fa0cd56be4bd615f0569ead0a37865eba89ceb49e7d,0910457001,0.03811864406779661,2
2020-09-22,de20429b878df5d65d3c9fa0cd56be4bd615f0569ead0a37865eba89ceb49e7d,0893133001,0.042355932203389825,2
2020-09-22,e0deaef490ce0eb89aab8954e20c1882efec41aaef2977d3a080ffd48fa380d1,0877273001,0.033881355932203386,1
2020-09-22,e0deaef490ce0eb89aab8954e20c1882efec41aaef2977d3a080ffd48fa380d1,0714790020,0.050830508474576264,2
2020-09-22,e0deaef490ce0eb89aab8954e20c1882efec41aaef2977d3a080ffd48fa380d1,0806388003,0.013542372881355931,1
2020-09-22,e0deaef490ce0eb89aab8954e20c1882efec41aaef2977d3a080ffd48fa380d1,0714790008,0.050830508474576264,2
2020-09-22,e0deaef490ce0eb89aab8954e20c1882efec41aaef2977d3a080ffd48fa380d1,0919786002,0.042355932203389825,2
2020-09-22,e0deaef490ce0eb89aab8954e20c1882efec41aaef2977d3a080ffd48fa380d1,0871519007,0.033881355932203386,2
2020-09-22,e21a5a0581113a78a014331da8c77b8701aba642128b63e6c5ac019a6baaed03,0834906017,0.016932203389830508,1
2020-09-22,e21a5a0581113a78a014331da8c77b8701aba642128b63e6c5ac019a6baaed03,0834906017,0.016932203389830508,1
2020-09-22,e4bac3620e01e73c7fc77a9b663b084fefc962213dcb7c7c26cf37248893f22b,0898596007,0.016932203389830508,1
2020-09-22,e4bac3620e01e73c7fc77a9b663b084fefc962213dcb7c7c26cf37248893f22b,0898596004,0.016932203389830508,1
2020-09-22,e4bac3620e01e73c7fc77a9b663b084fefc962213dcb7c7c26cf37248893f22b,0562245084,0.033881355932203386,1
2020-09-22,e6b6f44c52eb7d9f331765c64617e72a7a50ad0bdda882d53fbafab84c758b38,0890022002,0.042355932203389825,2
2020-09-22,e6b6f44c52eb7d9f331765c64617e72a7a50ad0bdda882d53fbafab84c758b38,0865926001,0.016932203389830508,2
2020-09-22,e6b6f44c52eb7d9f331765c64617e72a7a50ad0bdda882d53fbafab84c758b38,0923037003,0.033881355932203386,2
2020-09-22,e6b6f44c52eb7d9f331765c64617e72a7a50ad0bdda882d53fbafab84c758b38,0814116004,0.022016949152542376,2
2020-09-22,e6b6f44c52eb7d9f331765c64617e72a7a50ad0bdda882d53fbafab84c758b38,0898818003,0.022016949152542376,2
2020-09-22,e6b6f44c52eb7d9f331765c64617e72a7a50ad0bdda882d53fbafab84c758b38,0906226002,0.033881355932203386,2
2020-09-22,ea0dec251ee925a5ca8d938503a4c80c50b90328ce98a0389f3df849aa7d8b7d,0808021008,0.042355932203389825,1
2020-09-22,ea0dec251ee925a5ca8d938503a4c80c50b90328ce98a0389f3df849aa7d8b7d,0568601006,0.050830508474576264,1
2020-09-22,ea84c220ec39eff9ec685f71eebf5d573f085014e754e3b71ccf1ce490a4042b,0829054005,0.016932203389830508,2
2020-09-22,ea84c220ec39eff9ec685f71eebf5d573f085014e754e3b71ccf1ce490a4042b,0921671001,0.050830508474576264,2
2020-09-22,edf8eba508d5487d40bb1ba367f07a55c05eceb92b9ad49ebdbc2685d013ac54,0832481002,0.01523728813559322,1
2020-09-22,edf8eba508d5487d40bb1ba367f07a55c05eceb92b9ad49ebdbc2685d013ac54,0901965001,0.015254237288135594,1
2020-09-22,edf8eba508d5487d40bb1ba367f07a55c05eceb92b9ad49ebdbc2685d013ac54,0562245084,0.03049152542372881,1
2020-09-22,edf8eba508d5487d40bb1ba367f07a55c05eceb92b9ad49ebdbc2685d013ac54,0863595001,0.03049152542372881,1
2020-09-22,edf8eba508d5487d40bb1ba367f07a55c05eceb92b9ad49ebdbc2685d013ac54,0904584007,0.022864406779661017,1
2020-09-22,edf8eba508d5487d40bb1ba367f07a55c05eceb92b9ad49ebdbc2685d013ac54,0865932001,0.022864406779661017,1
2020-09-22,ef10c955310cfb0953af016ef897cffd1f91c416dd366a2f07c4ff65b68d0164,0884319007,0.025406779661016947,2
2020-09-22,ef10c955310cfb0953af016ef897cffd1f91c416dd366a2f07c4ff65b68d0164,0881111001,0.08472881355932205,2
2020-09-22,ef10c955310cfb0953af016ef897cffd1f91c416dd366a2f07c4ff65b68d0164,0919829001,0.042355932203389825,2
2020-09-22,ef2f62b041d8ab2a9e1b39ee141a5ea863f07a4d948f348e4d95260020b3e8d7,0842761001,0.016932203389830508,2
2020-09-22,ef2f62b041d8ab2a9e1b39ee141a5ea863f07a4d948f348e4d95260020b3e8d7,0905776004,0.033881355932203386,2
2020-09-22,ef2f62b041d8ab2a9e1b39ee141a5ea863f07a4d948f348e4d95260020b3e8d7,0907149004,0.033881355932203386,2
2020-09-22,ef2f62b041d8ab2a9e1b39ee141a5ea863f07a4d948f348e4d95260020b3e8d7,0893059003,0.042355932203389825,2
2020-09-22,ef2f62b041d8ab2a9e1b39ee141a5ea863f07a4d948f348e4d95260020b3e8d7,0842761008,0.016932203389830508,2
2020-09-22,f14ebb0b2010c4150b5a4732a31296f6f18fb847358928b385bbd9d174de678c,0850137018,0.016932203389830508,1
2020-09-22,f53597288aa0729f57be036ab885546166354ec39bde6010c6bcdc6b7fc7d76e,0800691016,0.011847457627118646,1
2020-09-22,f53597288aa0729f57be036ab885546166354ec39bde6010c6bcdc6b7fc7d76e,0800691008,0.011847457627118646,1
2020-09-22,f53597288aa0729f57be036ab885546166354ec39bde6010c6bcdc6b7fc7d76e,0860249001,0.050830508474576264,1
2020-09-22,f62dcf9d4bd1432ab845c609fc1b76aba5690db3a5865d6742bd4704494bdf77,0914441003,0.0321864406779661,1
2020-09-22,f62dcf9d4bd1432ab845c609fc1b76aba5690db3a5865d6742bd4704494bdf77,0914441005,0.0321864406779661,1
2020-09-22,f62dcf9d4bd1432ab845c609fc1b76aba5690db3a5865d6742bd4704494bdf77,0752814003,0.0321864406779661,1
2020-09-22,f62dcf9d4bd1432ab845c609fc1b76aba5690db3a5865d6742bd4704494bdf77,0921906005,0.0321864406779661,1
2020-09-22,f6884c986990167ce49a5962868e074f41c2766dc0d3e6550126c46ce243287d,0852584006,0.033881355932203386,2
2020-09-22,f6884c986990167ce49a5962868e074f41c2766dc0d3e6550126c46ce243287d,0730683052,0.042355932203389825,2
2020-09-22,f8dcebf139578c1ca8f5add2dabc6e679ccc50b3622f9b989a928dc543c49997,0834905005,0.022016949152542376,1
2020-09-22,fa62b5bb7fe31ad86195854af46030ba103ec5965ac784caa059b8480c11bd9e,0907409001,0.016932203389830508,2
2020-09-22,fa62b5bb7fe31ad86195854af46030ba103ec5965ac784caa059b8480c11bd9e,0923758001,0.033881355932203386,2
2020-09-22,fa62b5bb7fe31ad86195854af46030ba103ec5965ac784caa059b8480c11bd9e,0908081004,0.042355932203389825,2
2020-09-22,fa62b5bb7fe31ad86195854af46030ba103ec5965ac784caa059b8480c11bd9e,0874754016,0.033881355932203386,2
2020-09-22,fa62b5bb7fe31ad86195854af46030ba103ec5965ac784caa059b8480c11bd9e,0864216017,0.033881355932203386,2
2020-09-22,fa62b5bb7fe31ad86195854af46030ba103ec5965ac784caa059b8480c11bd9e,0894780001,0.033881355932203386,2
2020-09-22,fb10bc630812515150843f27fa9c76cb319cdffb452105ecc623c804fc64f62d,0929611001,0.013542372881355931,1
2020-09-22,fb10bc630812515150843f27fa9c76cb319cdffb452105ecc623c804fc64f62d,0214844001,0.001677966101694915,1
2020-09-22,fb10bc630812515150843f27fa9c76cb319cdffb452105ecc623c804fc64f62d,0868495006,0.038966101694915246,1
2020-09-22,fb10bc630812515150843f27fa9c76cb319cdffb452105ecc623c804fc64f62d,0869154007,0.033881355932203386,1
2020-09-22,fb10bc630812515150843f27fa9c76cb319cdffb452105ecc623c804fc64f62d,0689014016,0.042355932203389825,1
2020-09-22,fb10bc630812515150843f27fa9c76cb319cdffb452105ecc623c804fc64f62d,0802459008,0.008457627118644067,1
2020-09-22,fb10bc630812515150843f27fa9c76cb319cdffb452105ecc623c804fc64f62d,0899967001,0.03049152542372881,1
2020-09-22,fb10bc630812515150843f27fa9c76cb319cdffb452105ecc623c804fc64f62d,0868495001,0.038966101694915246,1
