tree
version=v4
num_class=1
num_tree_per_iteration=1
label_index=0
max_feature_idx=38
objective=lambdarank
feature_names=Column_0 Column_1 Column_2 Column_3 Column_4 Column_5 Column_6 Column_7 Column_8 Column_9 Column_10 Column_11 Column_12 Column_13 Column_14 Column_15 Column_16 Column_17 Column_18 Column_19 Column_20 Column_21 Column_22 Column_23 Column_24 Column_25 Column_26 Column_27 Column_28 Column_29 Column_30 Column_31 Column_32 Column_33 Column_34 Column_35 Column_36 Column_37 Column_38
feature_infos=[1:130] [1:103] [0.001118644024245441:0.42203390598297119] [0:0.22652585804462433] [0:1] [16:96] [0:3] [0:2] [0:6] [1:2814] [1:2239] [0.00076923076994717121:0.4209429919719696] [0.67032003402709961:2323.4345703125] [0:1] [-1:761] [1010001:1010028] [1:93] [1201:9989] [0:16] [0:999] [0:59] [-0.38912239670753479:0.35821777582168579] [0.013681218028068542:23.358123779296875] [0:1] [0:1] [0:1] [0:1] [0:1] [0:1] [0:1] [0:1] [0:1] [0:1] [0:1] [1:7] [1:24] [0.10000000149011612:0.90000009536743164] [0:1] [0:1]
tree_sizes=579 6930 7081 7102 7130 6909 7123 7133 7139 7101 6953 7154 7162 7170 7186 6971 7182 7233 6949 7182 6985 6947 7180 7151 6994 7196 7185 7219 7190 7165 6950 7195 7212 7227 7207 7204 7202 7011 7211 7208 7222 7193 7198 7190 7216 7214 7059 7217 7043 7202

Tree=0
num_leaves=4
num_cat=0
split_feature=19 3 10
split_gain=342819 2.91038e-11 2.91038e-11
threshold=6.5000000000000009 0.015192322898656132 358.00000000000006
decision_type=2 2 2
left_child=2 -2 -1
right_child=1 -3 -4
leaf_value=0.10000000000000001 -0.10000000000000001 -0.10000000000000001 0.10000000000000001
leaf_weight=28490.709634427913 31019.155946457759 11794.828691929579 14400.240394570865
leaf_count=131944 615729 279005 50343
internal_value=8.98028e-05 -0.1 0.1
internal_weight=85704.9 42814 42891
internal_count=1077021 894734 182287
is_linear=0
shrinkage=0.05


Tree=1
num_leaves=63
num_cat=0
split_feature=26 35 13 35 30 35 35 4 35 30 4 13 4 35 30 30 1 35 4 13 35 1 31 13 30 35 12 4 17 20 1 4 14 9 35 0 31 1 30 13 4 33 22 1 20 20 4 21 5 0 31 0 1 1 30 12 12 7 29 5 22 5
split_gain=489218 6687.82 497.512 488.341 323.002 207.928 121.668 107.135 97.8781 66.2902 59.1869 55.5167 51.704 45.9536 30.3788 28.4408 25.9256 22.749 21.4687 19.8202 19.6976 18.6444 17.9693 17.5525 16.6035 8.2745 5.98205 3.8346 3.68398 3.05554 2.85914 2.35162 2.00053 1.67383 1.44554 1.40543 1.25119 2.14941 1.24841 0.730176 0.718746 0.706077 0.689662 0.598482 0.70802 1.03257 0.571943 0.557258 0.542674 0.524298 0.654489 0.500084 1.33554 0.525517 0.615108 0.490559 0.698064 0.661733 0.412627 0.274118 0.259383 0.393697
threshold=1.0000000180025095e-35 8.5000000000000018 1.0000000180025095e-35 4.5000000000000009 1.0000000180025095e-35 10.500000000000002 7.5000000000000009 0.92422503232955944 2.5000000000000004 1.0000000180025095e-35 0.9529346525669099 1.0000000180025095e-35 0.90967366099357616 14.500000000000002 1.0000000180025095e-35 1.0000000180025095e-35 15.500000000000002 6.5000000000000009 1.0000000180025095e-35 1.0000000180025095e-35 3.5000000000000004 10.500000000000002 1.0000000180025095e-35 1.0000000180025095e-35 1.0000000180025095e-35 12.500000000000002 1.9788243770599367 0.78416147828102123 3609.0000000000005 2.5000000000000004 30.500000000000004 0.92422503232955944 261.50000000000006 199.50000000000003 1.5000000000000002 24.500000000000004 1.0000000180025095e-35 14.500000000000002 1.0000000180025095e-35 1.0000000180025095e-35 0.13961039483547213 1.0000000180025095e-35 1.4502468109130862 31.500000000000004 22.500000000000004 23.500000000000004 0.96808147430419933 -0.0091611566022038442 56.500000000000007 11.500000000000002 1.0000000180025095e-35 41.500000000000007 40.500000000000007 37.500000000000007 1.0000000180025095e-35 106.70432662963869 621.22604370117199 1.5000000000000002 1.0000000180025095e-35 20.500000000000004 1.0272327065467837 39.500000000000007
decision_type=2 2 2 2 2 2 2 2 2 2 2 2 2 2 2 2 2 2 2 2 2 2 2 2 2 2 2 2 2 2 2 2 2 2 2 2 2 2 2 2 2 2 2 2 2 2 2 2 2 2 2 2 2 2 2 2 2 2 2 2 2 2
left_child=43 3 4 8 5 7 9 16 34 11 18 17 14 -12 21 19 -3 -5 -7 20 -10 -8 -9 24 -14 26 31 35 38 -30 32 -4 -29 -32 49 -27 58 -38 -28 42 -16 48 -11 -1 51 -46 -13 -25 -17 -2 -51 52 53 59 -55 60 57 -57 -36 -45 61 -6
right_child=1 2 25 6 55 10 12 22 15 39 13 46 23 -15 40 41 -18 -19 -20 -21 -22 -23 -24 47 -26 27 28 30 29 -31 33 -33 -34 -35 36 -37 37 -39 -40 -41 -42 -43 -44 44 45 -47 -48 -49 -50 50 -52 -53 -54 54 -56 56 -58 -59 -60 -61 -62 -63
leaf_value=-0.090936209547097469 0.090875181767627489 -0.040044440241854218 -0.0078482593420007504 0.070919871582194594 0.089805972226334005 -0.031708759309996025 -0.0024260171465439739 0.012663550060811627 0.084591497277501704 0.087320975949009241 -0.021105686209877739 0.084089518915076544 0.049210358744433108 -0.052468146494632009 0.088016775669928979 0.08910660174873937 -0.0011634288103225721 0.058536885451840985 -0.065196957604553213 0.089591111385949967 0.078553366590825333 0.033766718582713677 0.063446373835913214 0.075391969108006329 0.085662361396490402 0.026299630075528192 0.074877902042685185 0.070004362955007213 0.068494453760372345 0.030994597262434323 0.038946487618974193 0.05181064138831265 0.043904256252170724 -0.0098018708092604545 0.090602591651070263 -0.030039707984358149 0.089809938976264103 0.084208965720426188 0.089470902977422537 0.090557226320206685 0.070179608785380473 0.090599325268791164 0.082110469279238721 -0.074907018770213912 -0.032047346631854427 -0.084187014365092072 0.088019270257957152 0.086871397616699791 0.086297021936529272 0.090683064477885503 0.089313492997915689 -0.090625162960086103 -0.047190772832013901 -0.082550497020782862 -0.053087068950453932 0.077869770638927138 0.087375112296721874 0.062554255659179075 0.088349933404611072 -0.088873937631420527 0.077270968770475124 0.074808898092654216
leaf_weight=75300.371440540999 42217.091618137434 166.17968950420618 3.0293355844914904 1866.5075336396694 17.512489393353466 57.092524314299226 64.35418152064085 275.97195878066123 4010.5418925937265 636.98428349755704 308.05092327482998 124.2895462103188 209.72135940939188 188.12898437678814 12.244651909917595 2325.6207199022174 57.781547883525491 462.87454369105399 295.91250980086625 1200.6208045370877 2036.5296106059104 79.591539219021797 18.593155279755592 13.50849676132202 36.706706646829844 2.6236131414771071 86.891666110605001 17.139193166047338 15.880048070102932 8.2563938014209253 8.0848305243998748 3.6324625350534916 12.843375615775583 2.2511958424001923 11209.926339035854 1.9148556012660263 4730.1166116446257 177.72589976154268 17.629243522882462 158.38324965164065 10.482382994145153 806.65433182194829 70.538825793191791 3.6358465608209363 1.3215634413063515 3.3733733184635639 363.02859968692064 48.632884491235018 185.58362225443125 3083.7341897301376 1216.4070283137262 197.72066825442016 2.1167995557188979 10.927107809111474 2.1141709629446259 15.689645644277334 8.4144797064363939 12.811980163678527 207.04017471894622 103.95613306388259 13.115037800744174 5.8339364454150191
leaf_count=861874 57710 1869 40 14257 112 929 705 3611 16522 2487 4873 1022 2443 4244 50 6666 714 4685 4568 5921 11402 908 148 139 206 52 1269 404 226 121 220 48 304 57 31269 45 7992 572 78 592 67 1581 308 113 34 103 3061 495 542 6388 2361 5782 55 365 62 108 41 99 379 2928 95 37
internal_value=2.46247e-05 0.086886 -0.0136203 0.0889867 -0.023414 -0.0288969 0.0723168 -0.00394839 0.0899309 0.0753894 -0.0441309 0.0716699 0.0485077 -0.0329969 0.0260679 0.0854782 -0.0300132 0.0684592 -0.0597808 0.0837231 0.082558 0.0175859 0.015869 0.0606284 0.0546401 0.0647121 0.0708813 0.0461017 0.0732735 0.0556668 0.0510064 0.0246818 0.0588241 0.0283291 0.0906795 0.00252912 0.0902747 0.0896071 0.0773393 0.0874885 0.0797897 0.0893124 0.0868015 -0.090927 -0.0887865 -0.0695104 0.087017 0.084376 0.088899 0.0908216 0.0902956 -0.0890689 -0.0865621 -0.087253 -0.0777741 0.078784 0.074721 0.0709852 0.0905617 -0.088402 0.0828976 0.0860584
internal_weight=154812 79186.7 1621.27 77565.4 1441.09 1367.71 4157.85 518.526 73407.6 3682.61 849.185 2816.7 475.242 496.18 166.673 10565.6 223.961 2329.38 353.005 7247.69 6047.07 143.946 294.565 308.569 246.428 180.176 135.319 44.8571 128.657 24.1364 40.3186 6.6618 29.9826 10.336 62842 4.53847 16324.8 4907.84 104.521 865.906 22.727 3317.86 707.523 75625.5 325.166 4.69494 487.318 62.1414 2511.2 46517.2 4300.14 320.471 122.75 120.633 13.0413 73.3776 36.9161 28.5016 11417 107.592 36.4615 23.3464
internal_count=1076358 205042 24312 180730 21448 20956 31425 6342 149305 26412 14614 23025 5013 9117 1730 42634 2583 18942 5497 33845 27924 1613 3759 3283 2649 2864 1782 1082 1694 347 985 88 708 277 106671 97 40212 8564 1347 3387 117 8789 2795 871316 9442 137 4083 634 7208 66459 8749 9305 3523 3468 427 492 248 207 31648 3041 244 149
is_linear=0
shrinkage=0.05


Tree=2
num_leaves=63
num_cat=0
split_feature=19 26 35 35 13 1 1 30 35 35 35 35 1 13 4 1 4 13 30 1 4 1 35 35 35 35 4 35 35 4 1 13 1 1 13 30 4 4 1 0 35 13 1 35 13 35 4 35 0 34 0 1 31 35 1 12 35 1 1 4 4 14
split_gain=380650 12.1102 2.44606 2.37624 0.457356 0.454992 0.311106 0.214439 0.140671 0.108495 0.103718 0.0979741 0.0699019 0.0633351 0.0623696 0.0560613 0.0533623 0.0526143 0.0451837 0.0426548 0.0389963 0.0350335 0.0293714 0.028091 0.0260837 0.023465 0.0212686 0.022527 0.0207128 0.0186477 0.0163821 0.0141385 0.0141101 0.0132729 0.0130991 0.0159998 0.012943 0.0127859 0.010733 0.0101649 0.00792113 0.00829039 0.00744455 0.00735343 0.00700146 0.00696627 0.00694758 0.0142474 0.00692347 0.00669384 0.00619299 0.00558525 0.00539611 0.00486446 0.00471418 0.00422523 0.00403459 0.00373481 0.0036849 0.00319149 0.00281301 0.00273402
threshold=6.5000000000000009 1.0000000180025095e-35 8.5000000000000018 8.5000000000000018 1.0000000180025095e-35 6.5000000000000009 10.500000000000002 1.0000000180025095e-35 6.5000000000000009 7.5000000000000009 10.500000000000002 10.500000000000002 3.5000000000000004 1.0000000180025095e-35 0.92422503232955944 11.500000000000002 0.92422503232955944 1.0000000180025095e-35 1.0000000180025095e-35 17.500000000000004 0.9529346525669099 6.5000000000000009 3.5000000000000004 4.5000000000000009 14.500000000000002 7.5000000000000009 0.9529346525669099 14.500000000000002 4.5000000000000009 0.91485509276390087 15.500000000000002 1.0000000180025095e-35 15.500000000000002 31.500000000000004 1.0000000180025095e-35 1.0000000180025095e-35 1.0000000180025095e-35 1.0000000180025095e-35 10.500000000000002 9.5000000000000018 4.5000000000000009 1.0000000180025095e-35 3.5000000000000004 12.500000000000002 1.0000000180025095e-35 2.5000000000000004 0.90967366099357616 7.5000000000000009 17.500000000000004 1.5000000000000002 5.5000000000000009 12.500000000000002 1.0000000180025095e-35 6.5000000000000009 8.5000000000000018 1.9788243770599367 3.5000000000000004 30.500000000000004 2.5000000000000004 0.064583335071802153 0.78416147828102123 261.50000000000006
decision_type=2 2 2 2 2 2 2 2 2 2 2 2 2 2 2 2 2 2 2 2 2 2 2 2 2 2 2 2 2 2 2 2 2 2 2 2 2 2 2 2 2 2 2 2 2 2 2 2 2 2 2 2 2 2 2 2 2 2 2 2 2 2
left_child=2 6 5 9 7 12 21 10 15 23 16 14 45 20 30 28 32 18 25 51 36 42 50 56 -22 -10 37 -28 39 38 -5 -30 -4 -21 35 -24 -13 -12 -11 -7 48 -42 -2 55 49 58 47 -19 -17 -16 -14 59 -18 -25 -23 -6 -3 60 -1 -8 -45 -62
right_child=1 3 4 11 43 8 19 -9 17 29 26 13 22 -15 44 40 52 46 -20 33 24 54 34 53 -26 -27 27 -29 31 -31 -32 -33 -34 -35 -36 -37 -38 -39 -40 -41 41 -43 -44 57 -46 -47 -48 -49 -50 -51 -52 -53 -54 -55 -56 -57 -58 -59 -60 -61 61 -63
leaf_value=0.08413904528589454 -0.084139272059639988 -0.090807419110842585 0.088916087429069299 -0.08608181105593421 0.086345191697159915 0.084338306885911887 -0.084514605147628763 0.084528157671850623 0.085298518894726477 -0.087359318476242717 0.088595903161431094 -0.086344766676791307 0.084235936276987666 -0.089227046978216928 -0.08790503976600883 0.084510832107151587 0.086953859851514381 0.084420299704193916 0.08436691560939967 -0.084645346847791292 -0.086714863969376429 -0.084229182337195521 0.084650307699591198 -0.09022594584257837 -0.085686795323687975 0.086005301186256877 0.088216386374482259 0.089433572362878827 0.084748726955688192 -0.089433306814755864 -0.087554752880665873 0.084289442807966311 0.087506881852556784 -0.084998502265192691 0.08420604779800217 0.084224384373282182 -0.085176730145771942 0.089943930444913486 -0.088791004592137956 0.084434678819860595 0.084874526863835023 0.084473367298530805 -0.084180325891353741 0.086885895129323251 -0.089908796332759888 0.084289484602530607 0.084361117952919173 0.086371600381995817 0.084620497854227594 -0.08942276231090325 0.084298392609576195 -0.084480123094344661 0.085226656246136734 -0.089797122072778596 -0.084297517798280777 0.084787336976659577 -0.090507214877960387 0.086458381731429751 0.084178843009449805 -0.084358905510156179 0.084886815037946164 0.085801199629721006
leaf_weight=19585.53257766366 28814.001106731594 321.29042284376919 56.222188998013735 84.108029207214713 4.5001327209174624 6020.5061597898602 386.07817553542554 43.500435400754213 291.70082325674593 26.279797676950693 25.399250341579318 27.544998198747635 10014.519265115261 14.447495663538573 94.165196169167757 2846.7037134692073 155.48269802890718 27.93326174467802 90.537641979753971 1849.8995303995907 144.62006469629705 6572.8823277596384 1001.1105281636119 233.63072293624282 107.60185376182199 196.56698975339532 132.60775850713253 53.287995833903551 664.9416515417397 48.48384515196085 24.34011572226882 224.01430598646402 25.967695888131857 310.74866832233965 336.5333549156785 282.77166002988815 170.66433243826032 57.213883623480797 26.083878761157393 5015.6088758036494 432.15141918323934 183.46613456867635 17904.115118354559 2.73547114804387 5.1664343345910302 936.80386827886105 184.16163734905422 14.064813770353792 2910.8153271209449 7.872272264212369 6574.8835645988584 3234.108701325953 4.6574866827577344 92.243785183876753 4096.8705061394721 132.65576193854213 171.74613123759627 9.3197257462888938 8273.260925129056 2231.0269251838326 22.339598517864943 12.892992272973059
leaf_count=29675 247112 2771 645 1289 63 17031 8694 407 3508 381 358 575 22971 311 1362 9026 2206 226 735 48470 2691 112511 7312 2607 2987 2545 2199 1241 6018 693 376 1461 364 9574 1863 1644 3675 881 338 14581 4410 1299 243305 44 69 4426 1448 171 9973 156 15404 76475 71 1290 78032 1527 1538 186 15294 47609 373 249
internal_value=-9.62224e-05 -0.0843196 0.0843195 -0.0886169 0.0871806 0.0842875 -0.0842144 0.0878982 0.0844932 -0.0902742 0.0881851 -0.086377 0.0842039 -0.0859684 -0.0872578 0.0844648 0.0874352 0.0851401 0.0853928 -0.0845063 -0.0858639 -0.0841737 0.0842805 -0.0904648 -0.0862763 0.0855831 0.088862 0.0885653 0.0844008 -0.0887267 -0.0864124 0.084633 0.0884709 -0.0846961 0.0844837 0.0845565 -0.0853391 0.0895295 -0.0880725 0.0843821 0.0845845 0.084755 -0.084155 0.0850238 -0.0881131 0.0841554 0.0844935 0.0850738 0.0845663 -0.0880221 0.0842607 -0.0844362 0.0869036 -0.0901046 -0.0842554 0.0848385 -0.0907028 0.0855615 0.0841509 -0.0843819 0.0853413 0.0852214
internal_weight=133847 67000 66847.4 1600.29 738.783 66108.6 65399.7 554.339 19103.2 919.759 510.839 680.531 47005.4 464.879 215.652 18298.2 242.33 804.965 578.805 8011.86 450.431 57387.9 18209.8 818.911 252.222 488.268 268.509 185.896 11925.1 100.848 108.448 888.956 82.1899 2160.65 1620.42 1283.88 198.209 82.6131 52.3637 11036.1 6373.14 615.618 46718.1 184.444 107.204 28795.6 226.16 41.9981 5757.52 102.037 16589.4 5851.21 160.14 325.875 10669.8 137.156 493.037 47.2878 27858.8 2617.11 37.9681 35.2326
internal_count=1076726 894891 181835 23109 10814 171021 871782 8372 72432 9618 7965 13491 98589 10239 3252 63799 3286 8633 6788 190822 9928 680960 49194 8206 5678 6053 4679 3440 39091 1412 1665 7479 1009 58044 10819 8956 4250 1239 719 31612 24708 5709 490417 2442 1587 49395 1845 397 18999 1518 38375 132778 2277 3897 190543 1590 4309 852 44969 56303 666 622
is_linear=0
shrinkage=0.05


Tree=3
num_leaves=63
num_cat=0
split_feature=19 26 35 35 13 1 1 30 35 35 35 35 13 35 13 35 4 4 1 4 30 1 1 30 35 35 1 4 35 4 1 30 35 1 4 4 1 13 1 13 35 13 35 1 1 31 31 1 1 35 17 13 1 35 4 1 1 35 34 4 4 8
split_gain=302105 5.90556 1.32934 1.29281 0.270876 0.207519 0.150192 0.131743 0.0915046 0.0586183 0.0563111 0.0541097 0.0411015 0.0384526 0.0367527 0.0358686 0.034996 0.0298384 0.0238061 0.0224161 0.0223946 0.0200799 0.0172494 0.0170771 0.0158178 0.0137895 0.0137094 0.011089 0.0123594 0.00983819 0.00932526 0.00886544 0.00936294 0.00794453 0.0077027 0.0067725 0.0064765 0.00644829 0.00563013 0.00547781 0.00447458 0.00377119 0.00361734 0.0036112 0.00345355 0.00335845 0.0031521 0.00263212 0.00259084 0.00255232 0.0025111 0.00245659 0.00228082 0.00225046 0.0101527 0.00205566 0.00199481 0.00191 0.00184363 0.00163306 0.00150567 0.00146869
threshold=6.5000000000000009 1.0000000180025095e-35 8.5000000000000018 8.5000000000000018 1.0000000180025095e-35 6.5000000000000009 10.500000000000002 1.0000000180025095e-35 4.5000000000000009 10.500000000000002 7.5000000000000009 10.500000000000002 1.0000000180025095e-35 7.5000000000000009 1.0000000180025095e-35 2.5000000000000004 0.92422503232955944 0.92422503232955944 11.500000000000002 0.9529346525669099 1.0000000180025095e-35 17.500000000000004 6.5000000000000009 1.0000000180025095e-35 14.500000000000002 4.5000000000000009 3.5000000000000004 0.9529346525669099 14.500000000000002 0.90967366099357616 15.500000000000002 1.0000000180025095e-35 4.5000000000000009 15.500000000000002 1.0000000180025095e-35 1.0000000180025095e-35 31.500000000000004 1.0000000180025095e-35 10.500000000000002 1.0000000180025095e-35 12.500000000000002 1.0000000180025095e-35 3.5000000000000004 3.5000000000000004 8.5000000000000018 1.0000000180025095e-35 1.0000000180025095e-35 16.500000000000004 12.500000000000002 6.5000000000000009 3667.5000000000005 1.0000000180025095e-35 8.5000000000000018 7.5000000000000009 0.90967366099357616 30.500000000000004 4.5000000000000009 3.5000000000000004 1.5000000000000002 0.78416147828102123 0.064583335071802153 2.5000000000000004
decision_type=2 2 2 2 2 2 2 2 2 2 2 2 2 2 2 2 2 2 2 2 2 2 2 2 2 2 2 2 2 2 2 2 2 2 2 2 2 2 2 2 2 2 2 2 2 2 2 2 2 2 2 2 2 2 2 2 2 2 2 2 2 2
left_child=2 6 5 10 7 15 22 9 18 17 25 16 13 20 19 26 30 33 42 34 -10 48 43 -15 -21 57 -1 35 -29 38 58 32 39 -4 -13 -11 61 -34 -12 -17 50 46 44 -2 -7 -19 -18 -20 60 -27 -6 -44 -24 -14 -55 59 -28 -3 -5 -42 -8 -23
right_child=1 3 4 11 40 8 21 -9 12 27 29 14 53 23 -16 31 41 45 47 24 -22 36 52 -25 -26 49 56 28 -30 -31 -32 -33 37 -35 -36 -37 -38 -39 -40 -41 55 -43 51 -45 -46 -47 -48 -49 -50 -51 -52 -53 -54 54 -56 -57 -58 -59 -60 -61 -62 -63
leaf_value=0.078858230333663806 -0.078851422946105004 -0.084247613795255291 0.082720655485087641 -0.080366341399366853 0.079307896882237452 0.078976749705676128 -0.079122408169892314 0.079143130109783758 0.079536348155506212 0.082459004165909733 -0.08146975188584786 -0.080630481162812712 0.079013175235272973 0.08034572984634597 -0.082928578942007225 0.079079450564069273 -0.081931205309064989 0.081124478811681375 0.079114221357545866 -0.080929747090862009 0.079013154400979349 -0.07925675935133647 -0.078917639509047205 0.079045736317009521 -0.080085900337948268 -0.083777692033329659 0.07889848111209613 0.082147166228733026 0.083128572496800113 -0.083132775682848589 -0.081607731768100711 0.078901849763548623 0.079411662490405044 0.081563784887903668 -0.079676896606206721 0.083534126489563945 -0.079468945481690451 0.078943005348161677 -0.082623203971093018 0.07889129095567278 0.081041982631050571 -0.083533708592725686 0.079170101780356994 -0.078881545587140903 0.079037040062679226 0.079725107008741747 -0.083592598272986707 0.079186132256474431 -0.079097466705942185 -0.083423941076767316 0.079910890757231762 0.078955037743251577 -0.078966995025065614 0.080659412282532914 0.07906465011656294 0.080684664387716265 0.078937315782563536 -0.084008280351051692 -0.081722570081543558 0.079721537434397138 -0.079011902508762832 -0.079165014991599642
leaf_weight=24609.175395146012 25437.164175473154 228.42812500335276 46.439413491636515 71.387759180739522 112.77663747780025 5264.7008578553796 361.797976186499 41.588869150727987 1109.0632461961359 21.643887013196945 21.574866034090519 24.553847523406148 520.87396677024662 181.81144309602678 12.989382218569515 2138.1722990870476 80.545533619821072 139.3839795216918 3308.2929536737502 126.09197786822915 250.77814115770161 936.12260479107499 6072.6889481972903 29.338719423860312 99.243037920445204 179.67158818244934 5736.573026701808 115.34604379720986 44.440134413540363 39.457760002464056 21.002572892233729 904.19440448284149 314.62552717328072 21.809635091573 153.98309271410108 45.316357553005219 290.38772606477141 95.727841213345528 20.75833491422236 472.23669992387295 2.5211891867220393 4.1535760238766661 560.03627543151379 16341.465716473758 4327.8188512101769 4.4236558303236952 2.9598409272730342 2067.8823392987251 3026.7361078048125 71.19376621209085 20.38654325529933 174.04645165801048 3808.9786735866219 11.693164270371197 68.119492843747139 8.4250202365219575 7806.994209215045 131.26497606001794 2.596964305266737 32.861860500648618 2082.5857099723071 816.8911381624639
leaf_count=45067 247214 2722 636 1227 1298 14418 8705 396 12463 354 373 576 3808 2564 338 12987 1425 2204 11207 2674 1929 27583 112362 264 2982 2638 12280 2198 1237 701 381 4994 2901 341 3639 849 9402 642 341 2568 45 68 4262 242931 12307 70 76 7715 76182 1272 318 1018 77980 154 618 181 17288 1580 60 615 47640 21125
internal_value=9.30666e-05 -0.0789806 0.0789804 -0.0823249 0.0812167 0.0789559 -0.0789076 0.0818327 0.0790986 0.0820876 -0.0837968 -0.0806251 0.0794028 0.0795373 -0.0803107 0.0788953 -0.0813428 0.08149 0.0790566 -0.0802265 0.0794399 -0.0791165 -0.0788773 0.0801651 -0.0805581 -0.0839618 0.0788805 0.0826465 0.0824201 -0.0825648 -0.0806779 0.0790392 0.0790803 0.082351 -0.079808 0.0831866 -0.0792502 0.0793023 -0.0820354 0.0790454 0.0795444 -0.0820632 0.0790121 -0.0788632 0.079004 0.0810814 -0.0819901 0.0791419 -0.0790665 -0.0836773 0.0794002 0.0791191 -0.0789367 0.0790511 0.0792983 0.0799828 0.0789209 -0.0841603 -0.0804139 0.0798156 -0.0790283 -0.079214
internal_weight=121076 60466.7 60609.5 1291.86 657.363 59952.2 59174.8 480.392 17874.5 438.803 692.349 599.508 2171.68 1570.99 416.861 42077.7 182.646 212.057 15702.8 403.872 1359.84 7514.52 51660.3 211.15 225.335 610.558 38152.7 226.746 159.786 81.791 94.9873 3924.96 3020.76 68.249 178.537 66.9602 2043.4 410.353 42.3332 2610.41 176.971 87.659 10326.6 41778.6 9592.52 143.808 83.5054 5376.18 5471.12 250.865 133.163 734.083 9881.67 600.687 79.8127 43.8081 13543.6 359.693 73.9847 35.383 2444.38 1753.01
internal_count=1076393 894197 182196 23073 10742 171454 871124 8285 72727 7889 9627 13446 21800 17220 10209 98727 3237 3251 50927 9871 14392 190637 680487 2828 5656 8212 74635 4638 3435 1415 1668 24092 19098 977 4215 1203 58110 3543 714 15555 2457 1569 32005 490145 26725 2274 1501 18922 132527 3910 1616 5280 190342 4580 772 841 29568 4302 1287 660 56345 48708
is_linear=0
shrinkage=0.05


Tree=4
num_leaves=63
num_cat=0
split_feature=19 26 1 1 34 1 34 1 1 13 1 13 1 18 4 1 18 0 1 34 4 0 19 1 19 4 1 1 1 34 13 0 30 1 30 38 1 13 1 34 34 0 1 18 0 0 4 8 1 4 0 1 1 1 0 0 1 0 4 19 4 4
split_gain=247955 3.36795 0.364293 0.255091 0.180875 0.0831419 0.0496658 0.0398216 0.0330507 0.031064 0.0304508 0.025725 0.0202058 0.0200826 0.016073 0.011113 0.0105298 0.0104276 0.0093307 0.00789679 0.00751438 0.0073901 0.00717446 0.00590392 0.00441026 0.00414871 0.00397997 0.00397789 0.00346993 0.00298944 0.00263102 0.00219693 0.0019897 0.00192749 0.00185151 0.00303973 0.00181663 0.0015654 0.00143768 0.00130331 0.00129548 0.00125581 0.00121699 0.00113657 0.00107548 0.00103335 0.000846129 0.000816062 0.000714201 0.000695941 0.000684941 0.000622457 0.000615651 0.000615458 0.000558497 0.000550579 0.00246785 0.00060567 0.000548946 0.000545728 0.000483836 0.00107555
threshold=6.5000000000000009 1.0000000180025095e-35 9.5000000000000018 9.5000000000000018 1.5000000000000002 10.500000000000002 1.5000000000000002 4.5000000000000009 13.500000000000002 1.0000000180025095e-35 17.500000000000004 1.0000000180025095e-35 7.5000000000000009 1.5000000000000002 0.92724865674972545 17.500000000000004 1.5000000000000002 12.500000000000002 6.5000000000000009 1.5000000000000002 0.95401689410209667 31.500000000000004 17.500000000000004 7.5000000000000009 13.500000000000002 0.92724865674972545 31.500000000000004 2.5000000000000004 8.5000000000000018 1.5000000000000002 1.0000000180025095e-35 17.500000000000004 1.0000000180025095e-35 3.5000000000000004 1.0000000180025095e-35 1.0000000180025095e-35 15.500000000000002 1.0000000180025095e-35 12.500000000000002 1.5000000000000002 3.5000000000000004 6.5000000000000009 8.5000000000000018 1.5000000000000002 30.500000000000004 23.500000000000004 0.064583335071802153 2.5000000000000004 8.5000000000000018 1.0000000180025095e-35 3.5000000000000004 24.500000000000004 23.500000000000004 4.5000000000000009 11.500000000000002 41.500000000000007 37.500000000000007 113.50000000000001 0.77836257219314586 3.5000000000000004 1.0000000180025095e-35 0.78679654002189647
decision_type=2 2 2 2 2 2 2 2 2 2 2 2 2 2 2 2 2 2 2 2 2 2 2 2 2 2 2 2 2 2 2 2 2 2 2 2 2 2 2 2 2 2 2 2 2 2 2 2 2 2 2 2 2 2 2 2 2 2 2 2 2 2
left_child=3 5 12 7 8 18 9 27 14 10 16 20 39 21 22 38 17 -5 33 25 -10 -12 -4 32 -16 28 47 -1 -14 30 43 54 37 -2 35 40 -11 41 46 53 -6 -9 -20 -25 -15 -18 -7 51 -27 -44 -29 -17 -38 -3 -8 56 -28 -57 -13 -33 -40 -62
right_child=1 2 4 6 34 15 31 23 11 36 13 58 19 44 24 26 45 -19 42 -21 -22 -23 -24 29 -26 48 55 50 -30 -31 -32 59 -34 -35 -36 -37 52 -39 60 -41 -42 -43 49 -45 -46 -47 -48 -49 -50 -51 -52 -53 -54 -55 -56 57 -58 -59 -60 -61 61 -63
leaf_value=0.074641309648543847 -0.074642359642645359 -0.078962590357443671 -0.077036895942097769 0.074993032160504264 -0.077799073914791808 -0.074850028585098413 0.074763655266883264 0.074742933637542266 -0.07588678744560147 0.074825781164473415 0.075414908174504525 -0.077644135388031277 -0.078046931430067024 0.074896418612834068 -0.077895973116850023 -0.074927192070868051 0.074839512962841234 0.075185576586887445 -0.074693176310578965 -0.078898246217879622 -0.076322400972069965 0.075783456759181689 -0.076219610499424342 0.074878572460736412 -0.077195016421006193 -0.078498028742172918 -0.075126645239027193 0.074665767342731323 -0.077245931082239996 0.074757615672497987 0.074743598841514103 0.074855733365200364 0.074705445706855708 -0.074665365371320958 -0.079099507857643955 -0.078802550669504395 0.074905410615504903 0.074705893336268495 -0.074894285114489853 -0.079052212313523815 -0.078879981348268402 0.074785751245303622 -0.07477981838661317 0.074764339268304614 0.075103537949927898 0.075074874278237946 -0.074765364113206528 -0.074881204639281981 -0.078095033299059119 -0.074720556830679602 0.074688189541183364 -0.075024221186609993 0.075018957654742313 -0.078762042005770971 0.074818167310686703 -0.075053582856063061 -0.075891083978464335 -0.075675176146335288 -0.07834320487660805 0.074920960886896079 -0.074764438393818286 -0.074841548641147712
leaf_weight=15236.600339978933 22782.432471450418 53.217775292694569 45.259074741974473 1257.6062040887773 13.033775672316553 347.04863167740405 667.7199133746326 4273.927569039166 179.16988269798458 910.99099322035909 603.60344848036766 3.648976476863024 25.784678939729929 143.80798915214837 32.869690723717213 669.43148238118738 497.55361257120967 1594.9885287862271 5685.8952325284481 26.110587567090988 221.24719146452844 175.58719499409199 66.025207158178091 1811.5283881351352 70.720124628394842 20.242651030421257 92.568302590399981 6070.8152663558722 28.426290232688189 2019.691929616034 571.69558050110936 756.64211007766426 3516.2669339925051 15164.998394969851 28.477052973583341 54.515539923682809 392.1031588036567 1638.5102636665106 272.88600472733378 87.017537377774715 3.5207895301282397 2857.2925016954541 594.35204264707863 247.4947750531137 111.09407344646752 51.458739425987005 1971.5964592322707 785.5266064144671 24.063262106850743 2976.017321119085 7759.0123050659895 219.48177380021662 171.63190735690296 136.07408366724849 1585.7352897562087 167.06380293890834 11.9169724881649 4.0130255725234738 12.187766294926405 556.52361479587853 582.45131718181074 2022.4625889388844
leaf_count=29739 246659 673 904 6835 312 8787 2575 15016 4358 4547 5358 95 447 533 628 20285 1540 10762 112396 420 5879 2175 1252 9011 1378 360 3059 15859 505 6912 2496 3550 10796 243675 533 1303 2437 5807 7504 1030 102 11411 13112 701 697 308 47769 21436 409 64679 22209 7130 1353 2022 6701 5660 474 165 311 2651 12507 56433
internal_value=-1.11171e-06 -0.0747428 -0.0774426 0.0747431 -0.076778 -0.0746866 0.0749793 0.0746944 -0.0764656 0.0750682 0.0751343 -0.0762057 -0.0786537 0.0753719 -0.0769692 -0.0748455 0.0750621 0.0751007 -0.0746625 -0.0781251 -0.0761275 0.075498 -0.076552 0.0747554 -0.0774174 -0.0779202 -0.0749473 0.0746589 -0.0776269 0.0748034 0.0748385 0.074832 0.0747372 -0.0746516 -0.0787589 -0.0786224 0.0748694 0.07475 -0.0748073 -0.0788921 -0.078029 0.0747601 -0.0747075 0.0748648 0.0749867 0.0748616 -0.074778 -0.0749183 -0.0782792 -0.0747304 0.0746783 -0.0749511 0.07494 -0.0788184 0.074802 -0.0751234 -0.0752138 -0.0750682 -0.0781821 0.0748834 -0.0748309 -0.0748243
internal_weight=110962 55481.8 1131.61 55479.9 730.675 54350.1 9477.05 46002.8 631.128 5910.43 4435.7 416.254 400.937 1034.09 214.874 7146.45 3401.61 2852.59 47203.7 124.627 400.417 779.191 111.284 16936.4 103.59 98.5169 1950 29066.4 54.211 4650.41 2630.72 3566.62 12286 37947.4 99.5472 71.0701 1474.73 8769.73 5196.45 276.309 16.5546 7131.22 9256.26 2059.02 254.902 549.012 2318.65 1674.44 44.3059 3570.37 13829.8 888.913 563.735 189.292 2253.46 275.562 104.485 171.077 15.8367 1313.17 2877.8 2604.91
internal_count=1076630 894651 22921 181979 17055 871730 52022 129957 14805 36545 28208 10643 5866 8763 4162 191209 19445 17597 680521 2141 10237 7533 2156 62150 2006 1721 58209 67807 952 19120 12208 15477 43030 490334 2250 1717 8337 32234 133000 3725 414 26427 190187 9712 1230 1848 56556 48851 769 77791 38068 27415 3790 2695 9276 9358 3533 5825 406 6201 76444 68940
is_linear=0
shrinkage=0.05


Tree=5
num_leaves=63
num_cat=0
split_feature=26 35 13 35 35 13 35 30 35 35 30 35 30 30 35 0 35 0 0 13 35 0 17 30 38 35 12 3 10 0 34 35 36 0 0 14 22 12 21 34 12 11 0 8 2 3 35 17 2 5 12 12 12 12 5 0 16 0 0 20 20 17
split_gain=199940 1760.56 244.49 174.913 92.318 49.0502 60.0763 45.7892 18.6585 17.989 15.3933 15.1386 14.3554 10.8937 10.0625 7.88446 7.53853 6.49798 5.84381 3.622 2.4151 2.4401 2.18044 2.06419 1.61647 1.40947 1.26149 1.21731 1.17979 1.07224 0.866791 2.02777 1.83391 0.623955 0.566905 0.5837 0.550088 0.548889 0.521403 0.503432 0.494574 0.472454 0.372442 0.343147 0.331069 0.30207 0.17978 0.188774 0.262729 0.153672 0.0913757 0.071051 0.0963329 0.0605638 0.053632 0.0432955 0.0416539 0.0323368 0.0176823 0.0100771 0.0190978 0.00927841
threshold=1.0000000180025095e-35 8.5000000000000018 1.0000000180025095e-35 3.5000000000000004 12.500000000000002 1.0000000180025095e-35 6.5000000000000009 1.0000000180025095e-35 2.5000000000000004 16.500000000000004 1.0000000180025095e-35 10.500000000000002 1.0000000180025095e-35 1.0000000180025095e-35 7.5000000000000009 26.500000000000004 4.5000000000000009 33.500000000000007 33.500000000000007 1.0000000180025095e-35 19.500000000000004 56.500000000000007 3609.0000000000005 1.0000000180025095e-35 1.0000000180025095e-35 12.500000000000002 1.9788243770599367 0.0077908795792609462 385.50000000000006 52.500000000000007 1.5000000000000002 1.5000000000000002 0.37500001490116125 11.500000000000002 15.500000000000002 230.50000000000003 1.4751618504524233 170.69634246826175 0.031110930256545547 2.5000000000000004 621.22604370117199 0.057486834004521377 21.500000000000004 5.5000000000000009 0.027313559316098694 0.018597755581140522 5.5000000000000009 3610.5000000000005 0.047027038410305984 59.500000000000007 310.17805480957037 373.57597351074224 396.04011535644537 495.82365417480474 30.500000000000004 12.500000000000002 5.5000000000000009 10.500000000000002 8.5000000000000018 22.500000000000004 23.500000000000004 1518.5000000000002
decision_type=2 2 2 2 2 2 2 2 2 2 2 2 2 2 2 2 2 2 2 2 2 2 2 2 2 2 2 2 2 2 2 2 2 2 2 2 2 2 2 2 2 2 2 2 2 2 2 2 2 2 2 2 2 2 2 2 2 2 2 2 2 2
left_child=57 3 4 8 7 6 12 11 30 13 14 15 16 18 -8 -3 -5 -13 -6 23 21 -11 25 24 -10 26 -4 -22 34 38 58 33 -33 -32 44 -36 -14 43 -27 -25 -39 -12 -30 -9 -24 -31 51 50 -49 -28 -48 55 -53 56 -55 -7 -21 -1 -2 -59 -61 -62
right_child=1 2 22 5 9 46 10 37 19 20 41 17 36 -15 -16 -17 -18 -19 -20 53 27 -23 28 39 -26 29 49 -29 42 45 31 32 -34 -35 35 -37 -38 40 -40 -41 -42 -43 -44 -45 -46 -47 47 48 -50 -51 -52 52 -54 54 -56 -57 -58 59 -60 60 61 -63
leaf_value=-0.071239489618332721 0.071238866227466946 0.0074987746847219585 0.031744763171521723 0.061686272058183812 -0.021744393491848771 0.070124898265300717 0.046285756056176297 0.065401810116578918 0.066449984522546066 -0.036219349795237783 0.064813592557155172 -0.0092273931708535487 0.067940427049847082 0.061249825605768318 0.032270759583638668 0.031760290793077996 0.05607651719027032 0.023295282966238635 0.0033116181129076343 0.066744631995250395 -0.014057160732909316 0.016145163877808434 0.042717320228398047 0.067931692609203398 0.062728563929053724 0.05740320633367707 0.065725650720417431 -0.049995636579171783 0.033696355397964402 0.042470968990397373 0.07114824671836581 0.068050326600073777 0.070445701751085651 0.070055047783011429 0.065412970077771609 0.041351392431477563 0.062752724030124593 0.043882694507968459 0.031624120532409532 0.070599344378966436 0.066633691663658526 0.049654576405893797 -0.00235396003673038 0.04777267164080138 0.064397701705437654 0.010827044643998279 0.069869935390321533 0.067634703704528759 0.057511959161684251 0.054109651648773995 0.067661589518408727 0.062703813058482605 0.069322694726658737 0.070204026707574002 0.06618487466896332 0.070988498427147842 0.070671447656688993 -0.071346446065328931 0.071346301330434708 -0.064438443462959669 -0.066661526166007262 -0.07153620314105949
leaf_weight=41352.189593395218 16565.708062544465 290.26361742243171 2.8567178491502991 1231.1921500265598 177.86935483291745 437.38911530375481 300.66564556770027 24.341141013428572 1979.5654580201954 64.225493472069502 75.167732909321785 200.08514374122024 567.47803985700011 4.3773742336779824 223.11297322064638 37.854096906259656 1166.0919350814074 16.635313434526324 26.773697538301349 6.8189352154731742 2.4629357587546101 2.3045374397188416 2.2460968811064985 490.99871347099543 342.25441300682724 31.716928586363792 104.57652696967125 54.397503476589918 1.5269883424043649 1.3564634546637528 15456.083975082263 1080.0945530477911 3070.7584782149643 1425.6481358259916 2.9963683597743538 15.869382532313464 56.156939391046762 8.2810151856392604 2.0907540637999764 276.42491217143834 3.3571518529206505 5.517190868034958 1.3497033827006815 3.1133736073970786 8.1507742144167405 1.698488116264343 256.6284354608506 72.508261706680059 7.0315196476876727 2.9269139263778916 57.301289938390255 5.9427306167781344 73.333073105663061 19.217352945357561 14.611144505441187 217.19898172467947 701.30805409140885 8840.9886467661709 4981.6078273057938 1.4702419564127902 1.1749766767024992 5.7690143976360559
leaf_count=636344 39916 5521 50 11478 4713 3030 4714 231 13938 2117 742 4393 4187 55 3854 786 14311 393 770 43 88 82 35 3287 2621 695 1333 1952 30 36 30995 4814 13504 4949 60 341 481 133 51 1486 35 69 36 37 134 55 2229 647 70 37 496 46 513 115 90 1497 4281 235588 12403 51 39 170
internal_value=4.88583e-06 0.0684616 0.00575001 0.0698046 -0.00469936 0.0606689 0.0578364 0.0072747 0.0707401 -0.0257336 0.0434475 0.00352424 0.0607155 -0.0167968 0.0403158 0.0102978 0.0589576 -0.00673097 -0.0184663 0.0673979 -0.0408723 -0.0344055 0.0591347 0.0666445 0.0659014 0.0617105 0.064538 -0.0484389 0.0473357 0.0532456 0.0710408 0.0708125 0.0698224 0.0710559 0.0503393 0.045173 0.0674733 0.0595452 0.055809 0.0688926 0.0504455 0.063777 0.0167821 0.0634026 0.059714 0.0248776 0.0697779 0.0689156 0.0667398 0.0654094 0.0694668 0.0702402 0.0688265 0.0705349 0.0684681 0.0704114 0.0706336 -0.0712581 0.0712637 -0.0713448 -0.0696153 -0.0707114
internal_weight=102461 52259.5 1095.7 51163.8 916.342 4752.72 3625.38 583.931 46411.1 332.411 604.464 544.838 3020.92 209.02 523.779 328.118 2397.28 216.72 204.643 3831.2 123.39 66.53 179.362 3089.24 2321.82 147.223 110.36 56.8604 32.1393 36.8626 42579.9 21032.6 4150.85 16881.7 29.2626 18.8658 623.635 39.0927 33.8077 767.424 11.6382 80.6849 2.87669 27.4545 10.3969 3.05495 1127.33 393.47 79.5398 107.503 313.93 733.864 79.2758 741.955 33.8285 654.588 708.127 50201.6 21547.3 8849.4 8.41423 6.94399
internal_count=1077197 205005 24199 180806 21306 48364 39836 11529 132442 9777 9379 11093 30457 5538 8568 6307 25789 4786 5483 25861 4239 2199 2893 21332 16559 2257 1420 2040 636 837 106581 54262 18318 35944 570 401 4668 436 746 4773 168 811 66 268 169 91 8528 3442 717 1370 2725 5086 559 4529 205 4527 4324 872192 52319 235848 260 209
is_linear=0
shrinkage=0.05


Tree=6
num_leaves=63
num_cat=0
split_feature=19 26 35 35 13 1 1 30 35 35 35 35 13 13 35 1 30 1 1 35 0 35 35 13 13 35 35 30 13 35 30 35 30 35 13 1 0 0 1 0 1 35 30 1 1 17 30 1 0 35 30 1 35 5 30 35 1 13 34 31 20 1
split_gain=178331 7.33755 1.41784 1.39438 0.34381 0.242259 0.154946 0.118682 0.0934283 0.0707874 0.0676946 0.0610558 0.0487845 0.0431037 0.0382265 0.0328171 0.0271348 0.018024 0.0172713 0.0170202 0.0151969 0.0150689 0.0146031 0.01311 0.0125615 0.0114274 0.0107279 0.0103275 0.00912646 0.0113415 0.0087116 0.0086855 0.00645598 0.00529057 0.00670694 0.00486179 0.00473756 0.00417403 0.0037161 0.00368634 0.00357704 0.00344699 0.00318752 0.00315281 0.00273017 0.00238945 0.00238493 0.00218669 0.00209812 0.00202935 0.00194273 0.00188984 0.00176693 0.00164877 0.00128935 0.00128692 0.00125793 0.001167 0.00114678 0.00113452 0.000971274 0.000889575
threshold=6.5000000000000009 1.0000000180025095e-35 8.5000000000000018 8.5000000000000018 1.0000000180025095e-35 6.5000000000000009 10.500000000000002 1.0000000180025095e-35 6.5000000000000009 10.500000000000002 10.500000000000002 6.5000000000000009 1.0000000180025095e-35 1.0000000180025095e-35 2.5000000000000004 11.500000000000002 1.0000000180025095e-35 17.500000000000004 6.5000000000000009 3.5000000000000004 4.5000000000000009 7.5000000000000009 14.500000000000002 1.0000000180025095e-35 1.0000000180025095e-35 14.500000000000002 7.5000000000000009 1.0000000180025095e-35 1.0000000180025095e-35 3.5000000000000004 1.0000000180025095e-35 3.5000000000000004 1.0000000180025095e-35 4.5000000000000009 1.0000000180025095e-35 15.500000000000002 9.5000000000000018 17.500000000000004 3.5000000000000004 26.500000000000004 32.500000000000007 12.500000000000002 1.0000000180025095e-35 12.500000000000002 2.5000000000000004 3568.5000000000005 1.0000000180025095e-35 8.5000000000000018 33.500000000000007 16.500000000000004 1.0000000180025095e-35 10.500000000000002 4.5000000000000009 33.500000000000007 1.0000000180025095e-35 16.500000000000004 30.500000000000004 1.0000000180025095e-35 2.5000000000000004 1.0000000180025095e-35 2.5000000000000004 25.500000000000004
decision_type=2 2 2 2 2 2 2 2 2 2 2 2 2 2 2 2 2 2 2 2 2 2 2 2 2 2 2 2 2 2 2 2 2 2 2 2 2 2 2 2 2 2 2 2 2 2 2 2 2 2 2 2 2 2 2 2 2 2 2 2 2 2
left_child=2 6 5 11 7 14 18 10 15 23 39 31 16 22 20 19 21 43 38 36 44 -10 27 32 -21 48 54 -11 29 46 -31 -3 35 37 -35 -5 -7 -17 -2 59 53 45 51 -8 -1 -6 -16 -20 -12 -24 52 -28 -33 58 57 -27 -43 -13 -19 -4 -47 -55
right_child=1 3 4 9 41 8 17 -9 12 13 25 26 -14 -15 28 33 -18 40 47 24 -22 -23 49 -25 -26 55 42 -29 -30 30 -32 50 -34 34 -36 -37 -38 -39 -40 -41 -42 56 -44 -45 -46 60 -48 -49 -50 -51 -52 -53 -54 61 -56 -57 -58 -59 -60 -61 -62 -63
leaf_value=0.068410495489803644 -0.068412039062236224 -0.074870935332132627 0.071393984466747384 -0.071349537535661631 0.068829355518991886 0.068562846706454697 -0.068610319183512278 0.068833262701111272 0.069473717640777324 -0.070504302630793422 0.072434199081849171 -0.073757385569383035 0.068640517854006877 -0.073499782995400054 0.068623956155064267 0.0687201861023745 0.068663998459785866 -0.068883671280369138 -0.068487300172654544 0.068879696098062243 0.068507433637236367 0.07009965275754064 -0.070144173319044101 -0.073964231059642477 0.068532109859906251 0.072957216416407261 -0.072606883787573753 -0.074492902781072734 0.068459232282326782 0.068881233483281248 0.068520024754558109 -0.07454411952078098 -0.074343957525291132 0.06905694366018808 0.068671174632841045 -0.072026980846685962 0.068641025072695247 0.068816493160498829 -0.068446775492995049 0.070735990408504146 -0.069029057643818392 0.069315620058921085 -0.074673341368190774 -0.0686933076491376 0.068447264737510394 0.069220732794989012 0.06848475623159489 -0.068540445667150951 0.07187500085475286 -0.06974721375460996 -0.074880954166665445 -0.073139729696367756 -0.074267719466852802 -0.06872443955137375 -0.074824698161525316 0.07344338584288479 0.070016722173052423 -0.07491862719589594 -0.068723381935745856 0.070547274909723165 0.070021859030205941 -0.068871216611622391
leaf_weight=12156.474570795894 18715.114883501083 181.91209000907838 163.69477316364646 112.05863364413381 104.81112035922706 4203.0709301605821 2059.0673589389771 32.822706077247858 238.87654513679445 205.40195365995169 135.23291191644967 56.7483024969697 204.25049697235227 10.620701966807244 1232.7571856528521 2226.4221931584179 70.850036369636655 768.25475220941007 4994.8949370905757 1012.3629772141576 7845.8919623717666 160.93161564320326 48.488819966092706 5.8363392129540435 349.7216837964952 26.486565224826336 32.025831332430243 1.6358398832380761 640.1427980363369 776.0484259724617 212.66932842880487 97.524032205343246 2.0370162036269894 361.14628943987191 163.76022707484663 34.681112742051482 3595.6599961146712 2274.3688907604665 13080.885215414688 26.21813178062439 228.48916712962091 35.168913392350078 2.584657058119773 2576.5610527796671 8634.1476062685251 14.252564013004305 410.0617489144206 3160.0025275554508 19.149388246238232 95.820007131434977 21.076837820932269 34.637768728658557 142.02575294487178 498.51851044874638 3.2494505289942017 28.002769513055682 7.8205703403800717 2.2492959871888152 130.54833649937063 4.0542258471250525 5.1506272405385962 130.18872386682779
leaf_count=29457 247396 2681 2667 2316 1289 14245 56473 414 3487 5105 2633 1153 1893 299 8489 9070 729 24676 112490 10279 21675 2537 1495 115 2485 681 641 36 4067 7361 1639 1431 47 4458 1290 776 12376 9867 243437 518 8576 667 53 76402 23234 218 2577 77885 443 3325 337 706 2454 15195 67 925 183 46 5087 73 99 4410
internal_value=-4.36718e-05 -0.0685749 0.0685754 -0.0726287 0.0709847 0.0685443 -0.0684795 0.0717244 0.068711 -0.0707441 0.0719599 -0.0743247 0.0692858 -0.0703616 0.0684666 0.0686837 0.0695659 -0.0687081 -0.068443 0.0686274 0.0684481 0.0697257 -0.0702667 -0.0716396 0.0687905 0.0725846 -0.0733787 -0.0705358 0.0686285 0.0686697 0.0688035 -0.0746058 -0.0715485 0.0687864 0.0689366 -0.0715096 0.0685989 0.0687689 -0.0684263 0.0712873 -0.0688445 0.0690573 -0.0729505 -0.0686564 0.0684258 0.0689237 0.0685892 -0.0685079 0.0723648 -0.0698806 -0.0744207 -0.0728837 -0.0743802 -0.0688169 -0.0738551 0.0732071 0.0694432 -0.0738017 -0.0688604 0.0713735 0.0694334 -0.0687548
internal_weight=94805.6 47433.1 47372.5 1090.61 602.865 46769.6 46342.5 435.661 14861.4 516.58 402.839 574.034 674.909 361.967 31908.2 14186.5 470.658 6391.63 39950.9 9160.82 28636.5 399.808 351.347 154.613 1362.08 208.872 131.495 207.038 3271.68 2631.54 988.718 442.539 148.777 5025.7 524.907 146.74 7798.73 4500.79 31796 193.967 1756 167.204 69.2483 4635.63 20790.6 124.214 1642.82 8154.9 154.382 144.309 260.627 66.6636 239.55 1527.51 62.247 54.4893 42.9895 58.9976 898.803 167.749 19.4032 628.707
internal_count=1077135 895110 182025 23083 10810 171215 872027 8354 72716 13514 7940 9569 8646 10260 98499 64070 6753 190819 681208 39385 74366 6024 9961 3254 12764 4682 2666 5141 24133 20066 9000 6903 3139 24685 5748 3092 26621 18937 490833 3258 57944 2456 1400 132875 52691 1606 11066 190375 3076 4820 4222 1347 3885 49368 1266 1606 850 1199 29763 2740 317 19605
is_linear=0
shrinkage=0.05


Tree=7
num_leaves=63
num_cat=0
split_feature=19 26 35 35 35 30 35 35 35 35 30 25 4 20 11 20 35 4 4 35 20 4 35 30 35 14 4 9 35 4 4 9 25 9 11 30 9 35 4 4 19 35 25 20 20 20 4 36 20 30 19 9 4 19 20 35 11 35 31 11 35 30
split_gain=153479 4.76781 0.954709 0.907819 0.139231 0.0581396 0.048148 0.0397671 0.0389567 0.0359134 0.0170063 0.0159532 0.0153262 0.0124663 0.011847 0.0116818 0.0108603 0.0101718 0.0100198 0.00982677 0.00982652 0.00849304 0.00716749 0.00606742 0.00565466 0.00514348 0.00496428 0.004859 0.00474007 0.00462855 0.00613836 0.00421235 0.00383187 0.0037564 0.00329612 0.00329496 0.00326466 0.00286086 0.00278498 0.00269375 0.00253945 0.00245042 0.00243285 0.00233076 0.00220683 0.0021227 0.00192521 0.00192414 0.00180447 0.00172078 0.00162566 0.00151328 0.00150456 0.00148926 0.00141997 0.00117859 0.00111695 0.00108296 0.0010479 0.00102817 0.00100695 0.000830496
threshold=6.5000000000000009 1.0000000180025095e-35 8.5000000000000018 8.5000000000000018 3.5000000000000004 1.0000000180025095e-35 10.500000000000002 6.5000000000000009 7.5000000000000009 10.500000000000002 1.0000000180025095e-35 1.0000000180025095e-35 0.8834841549396516 2.5000000000000004 0.033427551388740546 2.5000000000000004 4.5000000000000009 0.92422503232955944 0.90967366099357616 14.500000000000002 1.5000000000000002 0.95401689410209667 7.5000000000000009 1.0000000180025095e-35 3.5000000000000004 261.50000000000006 0.95180022716522228 199.50000000000003 6.5000000000000009 1.0000000180025095e-35 0.99367088079452526 129.50000000000003 1.0000000180025095e-35 203.50000000000003 0.024709895253181461 1.0000000180025095e-35 527.00000000000011 2.5000000000000004 0.90967366099357616 0.6711711883544923 11.500000000000002 2.5000000000000004 1.0000000180025095e-35 4.5000000000000009 4.5000000000000009 2.5000000000000004 0.22474747896194461 0.37500001490116125 1.5000000000000002 1.0000000180025095e-35 11.500000000000002 262.50000000000006 0.99367088079452526 12.500000000000002 1.5000000000000002 4.5000000000000009 0.024988922290503982 16.500000000000004 1.0000000180025095e-35 0.033461561426520355 12.500000000000002 1.0000000180025095e-35
decision_type=2 2 2 2 2 2 2 2 2 2 2 2 2 2 2 2 2 2 2 2 2 2 2 2 2 2 2 2 2 2 2 2 2 2 2 2 2 2 2 2 2 2 2 2 2 2 2 2 2 2 2 2 2 2 2 2 2 2 2 2 2 2
left_child=2 15 4 7 11 9 17 24 10 12 16 20 46 37 26 39 -6 47 23 21 29 53 -9 -10 -3 36 60 -28 -18 41 -31 -27 -17 34 -14 51 -16 54 -24 -2 -21 -1 48 -15 -34 -22 -4 -5 52 58 -23 -20 -41 -8 -13 -26 -48 -42 -19 -35 -11 -57
right_child=1 3 5 6 8 -7 19 22 18 14 -12 13 33 43 25 32 28 49 35 40 45 50 38 -25 55 31 27 -29 -30 30 -32 -33 44 59 -36 -37 -38 -39 -40 42 57 -43 -44 -45 -46 -47 56 -49 -50 -51 -52 -53 -54 -55 -56 61 -58 -59 -60 -61 -62 -63
leaf_value=0.066097056539081753 -0.066089825446540656 -0.071546234987748772 0.068874527543512643 -0.068369440646592103 0.066357230302859962 0.066402462461146713 -0.067984837869867823 -0.07068505832510269 0.067743423399716271 0.069239622922215735 0.066192854091024572 0.066061075436127673 0.06795278636637081 0.066145041698241078 0.06781571036255099 -0.066278851604788941 0.066504445459033695 -0.069183187130487336 0.066826770890801329 -0.067835534216760432 0.06621159459765906 -0.068632623411793173 -0.069596477404386389 0.066332436484248067 -0.071298761045481149 0.068283145541761098 0.068593742437219871 0.06924973620733782 0.066716018209894354 0.066231098177595385 0.066142185869807663 0.069123225312131678 -0.066139814515066453 0.068135671989151464 0.067358720189928931 0.066262450884479296 0.069118187434209513 0.066189596680509485 -0.070261828754900932 -0.066163297425774897 -0.067511102806967802 0.066220163989839972 -0.066075116733815484 0.06621039362142786 -0.066225358298480405 0.066285254559762294 0.068697300708678188 -0.070088746576956421 -0.066175871636203032 -0.071061418232418128 -0.068151443173783244 0.06715664663163963 -0.066113925160343201 -0.067492336305232534 0.066093868417014673 -0.071037098619985001 0.068105372690944563 -0.067178233817235242 -0.070225281102660908 0.067755897996732373 0.06969512813786706 -0.07153601032014982
leaf_weight=4213.0851658657193 16329.898848595098 162.40603405609727 32.016120173037052 71.65079452469945 1386.1707562953234 40.53178040869534 19.439721511676908 57.967723133042455 60.428432997316122 26.002655364573002 741.41951543651521 7279.9603139981627 32.773545030504465 4668.1493700407445 41.945443212985992 963.08250371180475 1298.4121729228646 64.235297650098801 106.68407740443945 26.030412450432777 3747.3255050815642 22.498506685718894 32.880929866805673 8.7182280123233777 93.605673030018806 33.149650176987052 71.565332595258951 46.615818506106734 332.53070845082402 2837.868346106261 6143.6263985075057 27.13738970272243 2433.4582438692451 45.189529998227954 81.198333261534572 20.630045400932431 5.4343344978988162 577.73421610891819 30.147701192647219 1710.9329980229959 36.274976417422295 447.11208094283938 3040.3244318319485 1927.7519988082349 1092.3665862660855 1323.4959504157305 12.948975712060927 1.6651294194161881 1502.7319568097591 1.296621873974799 79.855276070535183 51.572961771860719 15727.156794524752 72.952422071248293 6039.8236619755626 129.80743534862995 20.725127503275871 74.860653287731111 2.5065185017883769 29.427496671676636 22.746072329580784 8.9140397794544679
leaf_count=12323 293215 2687 500 1626 12509 528 578 1299 951 460 5962 19088 570 16331 836 29030 14889 1473 1481 1046 13462 657 715 94 1560 707 1621 1118 4443 9171 22014 626 58718 813 1278 245 122 4065 679 39839 1164 3235 53359 7540 31094 5370 211 45 39068 30 2106 838 327246 1878 17297 2495 326 2683 80 500 552 172
internal_value=-5.29819e-06 -0.0661935 0.0661935 -0.0696257 0.0661667 0.0682275 -0.0680443 -0.0710768 0.0664475 0.0683674 0.0664074 0.066138 0.0679392 0.0661075 0.0687639 -0.0661141 0.0664601 -0.0688171 0.0670544 -0.0677152 0.0661714 -0.0679435 -0.0702838 0.0675655 -0.0713199 0.0683549 0.0690276 0.0688525 0.0665476 0.0661493 0.0661703 0.0686613 -0.0661905 0.0677101 0.0675295 0.0668568 0.0679651 0.0660807 -0.0699147 -0.0661052 -0.067391 0.0661089 -0.0661166 0.0661641 -0.0661663 0.0662308 0.0685969 -0.0684085 -0.0661233 -0.0692574 -0.0682572 0.0669343 -0.0661188 -0.067596 0.0660759 -0.0711617 0.068333 -0.0672869 -0.0692223 0.0679859 0.0694522 -0.0710692
internal_weight=87570.9 43788.9 43781.9 988.996 43212.5 569.408 473.266 515.73 4006.57 528.876 3758.53 39205.9 254.279 20493.4 274.597 42800 3017.11 141.354 248.034 331.912 18712.5 194.746 120.996 69.1467 394.733 107.667 166.93 118.181 1630.94 13641.7 8981.49 60.287 4488.91 188.589 113.972 178.887 47.3798 13897.5 63.0286 38311 137.166 4660.2 21981.1 6595.9 3525.82 5070.82 65.6902 73.3159 18940.8 68.0384 102.354 158.257 17438.1 92.3921 13319.8 232.327 33.6741 111.136 66.7418 74.617 48.7487 138.721
internal_count=1076618 894542 182076 22973 171308 10768 13366 9607 41412 10240 37803 129896 4198 64321 6042 871569 31841 3254 3609 10112 65575 5219 2693 1045 6914 2291 3751 2739 19332 46743 31185 1333 118842 3161 1848 2564 958 40450 1394 752727 4893 15558 459512 23871 89812 18832 1037 1671 406153 1583 2763 2319 367085 2456 36385 4227 537 3847 1553 1313 1012 2667
is_linear=0
shrinkage=0.05


Tree=8
num_leaves=63
num_cat=0
split_feature=19 26 35 35 13 35 1 30 1 35 35 13 35 35 13 30 30 0 1 1 35 35 4 4 35 4 35 0 35 35 35 4 13 13 1 1 4 35 1 1 35 1 1 1 17 36 0 1 35 0 1 0 5 35 13 1 31 13 19 35 4 13
split_gain=132963 3.13989 0.675216 0.611796 0.168585 0.0973721 0.0675076 0.056817 0.0532692 0.0331123 0.0321813 0.0286008 0.0378461 0.026933 0.0207752 0.0134489 0.0126171 0.0111044 0.00798244 0.00737374 0.0073649 0.00705096 0.00677613 0.00624736 0.0056298 0.00539602 0.00533628 0.0051969 0.00468992 0.00367378 0.00337037 0.00301283 0.00270748 0.00262267 0.0022232 0.00201833 0.00200701 0.00165107 0.00161472 0.00150586 0.00139823 0.00138687 0.00135001 0.00131654 0.00124099 0.00105032 0.00100487 0.00100211 0.000990284 0.000960376 0.000911219 0.000900261 0.000800499 0.000794024 0.0007842 0.000752285 0.000700911 0.000663346 0.000614985 0.000604128 0.000582347 0.000576056
threshold=6.5000000000000009 1.0000000180025095e-35 8.5000000000000018 8.5000000000000018 1.0000000180025095e-35 3.5000000000000004 10.500000000000002 1.0000000180025095e-35 8.5000000000000018 10.500000000000002 10.500000000000002 1.0000000180025095e-35 6.5000000000000009 6.5000000000000009 1.0000000180025095e-35 1.0000000180025095e-35 1.0000000180025095e-35 4.5000000000000009 17.500000000000004 6.5000000000000009 7.5000000000000009 14.500000000000002 0.92422503232955944 0.92422503232955944 14.500000000000002 0.95401689410209667 4.5000000000000009 14.500000000000002 7.5000000000000009 3.5000000000000004 2.5000000000000004 0.95401689410209667 1.0000000180025095e-35 1.0000000180025095e-35 15.500000000000002 15.500000000000002 0.90967366099357616 12.500000000000002 32.500000000000007 3.5000000000000004 2.5000000000000004 12.500000000000002 13.500000000000002 10.500000000000002 3568.5000000000005 0.32500000298023229 7.5000000000000009 8.5000000000000018 16.500000000000004 23.500000000000004 2.5000000000000004 11.500000000000002 33.500000000000007 4.5000000000000009 1.0000000180025095e-35 30.500000000000004 1.0000000180025095e-35 1.0000000180025095e-35 5.5000000000000009 16.500000000000004 0.064583335071802153 1.0000000180025095e-35
decision_type=2 2 2 2 2 2 2 2 2 2 2 2 2 2 2 2 2 2 2 2 2 2 2 2 2 2 2 2 2 2 2 2 2 2 2 2 2 2 2 2 2 2 2 2 2 2 2 2 2 2 2 2 2 2 2 2 2 2 2 2 2 2
left_child=2 6 5 13 7 8 19 10 17 22 23 12 16 29 21 20 26 30 41 39 -14 25 33 34 31 -11 -7 51 -15 -3 50 -12 45 35 -4 -5 43 44 52 -2 46 60 -13 -30 -6 -24 -19 -21 -23 -29 -1 -10 -20 -31 -42 -39 -25 -38 -51 -26 -8 -32
right_child=1 3 4 9 37 11 18 -9 27 14 24 42 15 28 -16 -17 -18 40 38 47 -22 48 32 56 59 -27 -28 49 36 53 61 -33 -34 -35 -36 -37 57 55 -40 -41 54 -43 -44 -45 -46 -47 -48 -49 -50 58 -52 -53 -54 -55 -56 -57 -58 -59 -60 -61 -62 -63
leaf_value=0.064067730877806775 -0.064069081075868492 -0.068774490202065469 0.066824910991998346 -0.06589148623767932 0.064354276045239023 0.064384947065018419 -0.064275129696075656 0.064375731078496506 0.064202258498922624 -0.065329470001848536 0.067319859351451239 0.064141577580819606 0.064849618578004503 -0.068034762010942149 -0.067807119480622499 0.06425407508774221 0.064183855458569194 0.064129446311985167 -0.064384416503439276 -0.064121503604418706 0.065306417024140376 -0.065330282034109996 -0.066676430718973653 0.065991541192905151 0.067402791572029441 -0.065885567958553534 0.064555259946056917 0.064294354761697939 -0.066800184638141386 -0.06856389665298103 0.064194469703559895 0.066804414432722836 -0.068259275512116496 -0.067941362553486526 0.066154091208911012 -0.066567546310665984 -0.067637221558381685 0.064696057380426872 -0.064502242788638364 -0.064093164772971348 0.064215639637468833 -0.064266361562487495 0.064271167487760475 -0.067450543310731151 0.064805244578659368 -0.067443302053030771 0.064164214639165912 -0.064159857359328928 -0.065035602821973876 0.06434216366326366 0.064091071889558079 0.064251825651146233 -0.064306988777364849 -0.068365009759326426 0.064119003695721474 0.06524577899132887 0.065288819513713583 -0.068789367571685509 0.064477693824729732 0.06775165939250076 -0.064196325786493647 0.064087051235745235
leaf_weight=9791.4626618623734 15325.439716376364 143.59042214415967 38.397577945142984 51.131192244589329 93.62626070715487 956.59454013593495 275.74325394444168 29.286720767617226 2106.1857914105058 83.043055552989244 40.367024395614862 748.3064149916172 219.93928093835711 52.371532009914517 9.3570326231420022 65.285307340323925 501.03642240166664 7037.8786587119102 816.29765505902469 4373.4190932158381 147.35721838660538 42.732839941978455 54.036939973011613 113.70628270879388 24.406995704397559 91.89510752633214 885.81049474701285 2131.2107449807227 16.365988057106737 84.453777529299259 755.31717747449875 95.229693880304694 3.0852290429174891 1.8604139909148205 18.207939635962248 14.079822296276687 27.088401628658179 31.650239672511816 207.82268306240439 11258.706431435421 1003.7480911538005 2300.2951380489394 274.76405843347311 14.835493881255386 18.224593775346875 4.8671090081334105 2948.9654752574861 2789.2913276087493 85.661145796068013 762.63548857159913 7298.0143855959177 1621.1438690721989 564.7756601087749 123.6696017794311 265.4588932543993 7.7468211296945801 3.662733754143118 1.309696378186344 94.020393190905452 25.244272489100695 1564.9987826105207 149.51533225923777
leaf_count=29372 246958 2678 638 1271 1251 10107 8721 405 8333 2373 849 6004 3550 1285 312 741 4429 22716 29960 112301 2579 1505 1344 2183 688 2669 11776 8962 394 1560 5812 2193 73 48 350 353 673 653 8568 243225 8140 76098 2286 342 324 156 9749 77934 3317 3412 23210 6481 19536 2622 1849 195 79 31 443 935 47840 1017
internal_value=-6.17293e-05 -0.0641851 0.0641855 -0.0670963 0.065942 0.0641616 -0.0641184 0.0664934 0.0641362 -0.0657648 0.066666 0.0644024 0.0644856 -0.0683649 -0.0654866 0.0649153 0.0644063 0.064107 -0.064277 -0.0640914 0.0650329 -0.0654151 -0.0664386 0.0661777 0.0671247 -0.0656216 0.0644668 0.0642632 -0.0676896 -0.0685799 0.0640827 0.0669579 -0.0668154 -0.0660903 0.0666091 -0.0660375 -0.0673862 0.0645258 -0.0643723 -0.0640793 0.064146 -0.0642405 0.0641764 -0.0671094 0.0644278 -0.0667398 0.0641397 -0.0641364 -0.0651337 0.0643123 0.0640777 0.0642238 -0.0643528 -0.0684457 0.0641954 0.0648042 0.0659696 -0.0676904 0.064357 0.0675802 -0.0642081 0.0641767
internal_weight=80686.6 40382.2 40304.4 905.435 539.757 39764.7 39476.8 388.509 35965.6 441.75 359.223 3799.09 2776.02 463.685 312.689 432.582 2343.44 29250.4 5729.93 33746.9 367.296 303.332 129.061 173.975 185.248 174.938 1842.41 6715.2 111.971 351.714 17994.3 135.597 61.9893 67.0714 56.6055 65.211 59.5996 151.248 1588.9 26584.1 11256.1 4141.04 1023.07 31.2015 111.851 58.904 9986.84 7162.71 128.394 2987.87 17089.5 3727.33 1381.07 208.123 1269.21 39.3971 117.369 28.3981 856.656 49.6513 1840.74 904.833
internal_count=1075858 894147 181711 23006 10743 170968 871141 8320 129496 13421 7915 41472 33182 9585 10176 6870 26312 101865 190723 680418 6129 9864 3245 3250 4665 5042 21883 27631 2725 6860 59411 3042 1573 1672 988 1624 1440 2423 58064 490183 42454 132659 8290 736 1575 1500 32465 190235 4822 12817 52582 14814 49496 4182 9989 848 2262 704 3855 1623 56561 6829
is_linear=0
shrinkage=0.05


Tree=9
num_leaves=63
num_cat=0
split_feature=19 18 35 35 35 1 0 36 35 35 35 35 36 36 0 4 11 1 35 35 4 1 4 4 1 35 10 4 36 35 35 10 35 10 1 11 4 1 36 1 4 35 19 1 1 35 1 36 1 10 19 11 4 1 1 0 1 35 0 0 1 5
split_gain=116191 2.09169 0.470308 0.410238 0.0688954 0.0453561 0.0337391 0.0285384 0.0222606 0.0193564 0.0174071 0.0168794 0.00921173 0.00699609 0.00662994 0.00640697 0.00579204 0.00529635 0.00525694 0.0051085 0.00496756 0.0048819 0.00455549 0.00408615 0.0034741 0.00300552 0.00269583 0.0027144 0.0026409 0.00235734 0.00219575 0.00216228 0.00214205 0.0020208 0.00166682 0.00165665 0.00155488 0.00141932 0.00133816 0.00133567 0.00122201 0.00111868 0.00110445 0.00105829 0.000977158 0.000955684 0.00095171 0.000830315 0.000813906 0.000791578 0.00078912 0.00075894 0.000736621 0.000666302 0.000596866 0.000592662 0.000565263 0.000552842 0.000551169 0.000538778 0.000527679 0.000520651
threshold=6.5000000000000009 1.0000000180025095e-35 8.5000000000000018 8.5000000000000018 3.5000000000000004 10.500000000000002 9.5000000000000018 0.37500001490116125 10.500000000000002 7.5000000000000009 6.5000000000000009 10.500000000000002 0.22500000149011615 0.37500001490116125 4.5000000000000009 0.76253134012222301 0.033427551388740546 17.500000000000004 4.5000000000000009 14.500000000000002 0.90967366099357616 6.5000000000000009 0.92422503232955944 0.95401689410209667 13.500000000000002 7.5000000000000009 190.50000000000003 0.98373016715049755 0.37500001490116125 2.5000000000000004 4.5000000000000009 466.00000000000006 6.5000000000000009 190.50000000000003 15.500000000000002 0.024709895253181461 0.7379862666130067 15.500000000000002 0.37500001490116125 10.500000000000002 0.91485509276390087 2.5000000000000004 11.500000000000002 32.500000000000007 3.5000000000000004 14.500000000000002 12.500000000000002 0.32500000298023229 10.500000000000002 1148.0000000000002 9.5000000000000018 0.033505449071526534 1.0000000180025095e-35 8.5000000000000018 25.500000000000004 7.5000000000000009 32.500000000000007 16.500000000000004 23.500000000000004 11.500000000000002 2.5000000000000004 33.500000000000007
decision_type=2 2 2 2 2 2 2 2 2 2 2 2 2 2 2 2 2 2 2 2 2 2 2 2 2 2 2 2 2 2 2 2 2 2 2 2 2 2 2 2 2 2 2 2 2 2 2 2 2 2 2 2 2 2 2 2 2 2 2 2 2 2
left_child=2 5 4 10 6 21 14 11 22 13 12 15 -3 18 29 37 26 46 -6 23 28 44 34 52 59 54 27 -13 39 60 56 36 -20 35 -5 -17 -18 -4 51 -11 48 55 -21 61 -2 -28 -7 -24 -27 -9 -25 -22 -10 -23 -12 -16 -14 -44 -26 -8 -1 -19
right_child=1 3 7 8 9 17 24 49 19 20 25 16 30 -15 41 33 31 43 32 42 38 53 47 50 58 40 45 -29 -30 -31 -32 -33 -34 -35 -36 -37 -38 -39 -40 -41 -42 -43 57 -45 -46 -47 -48 -49 -50 -51 -52 -53 -54 -55 -56 -57 -58 -59 -60 -61 -62 -63
leaf_value=0.062375979561755314 -0.062376959244935762 -0.062774382494818204 0.064490602150650098 -0.063976107517426259 0.062595020015735137 -0.06249469676585695 0.062487862048263024 0.062640711660793894 -0.063872604698778132 0.063950761963437824 -0.065804711947636832 0.064774505763108087 -0.066365277329940076 0.062497879795203083 0.062425956950643749 0.063803345924206098 0.064664523835238893 -0.062643012991684677 0.062705499998083447 -0.06366593174414141 0.063126842663640409 -0.062421280503553958 -0.064673306385666013 -0.064378309360442185 0.06256610476649431 -0.064745521196243883 0.064727025437926897 0.064218519665784832 0.062696437749744247 0.062469744632607495 -0.066081486715669144 0.064799663480361355 0.062855374259749713 0.063851314732274025 -0.064599760472102793 0.06338094944582659 0.063934148810455796 0.063885682259722937 0.062591265238768887 0.06343387264561734 -0.065476887592543526 0.062486206284100725 -0.063453268860358014 -0.062741539514297881 -0.062397229189835306 0.065210418695717906 -0.062544374637680158 -0.065375322489350685 -0.065288349801807394 0.063640215344191578 -0.063951435727599232 0.062891879836221146 -0.063450138416351554 -0.062453633743001072 -0.06475129229406433 0.06245457369128829 -0.0655067636294768 -0.063203965173575211 0.062617302902962482 0.062523769638491974 0.062394592941789943 -0.062578726319852784
leaf_weight=8835.9528093338013 13868.101290270686 1.9072603844106186 31.363500989973545 48.896756054833531 1191.9305382724851 1729.2599833989516 1908.2723394222558 37.760081388056278 12.233413651585577 20.107276603579521 46.512404134497046 33.518083719536662 202.41337176971138 734.03204038925469 6526.170099645853 33.062528098002076 7.9971909746527663 769.55854031443596 1124.9321752618998 23.462503146380186 78.835232991725206 4085.3763432968408 52.909558659419417 12.623551370576022 1560.3887684382498 14.80172290094197 38.642077146098018 63.621294402517378 8.8465571142733079 845.22986204177141 111.74321982264519 9.3040940966457111 302.51784696988761 69.03494093939662 13.719918413087724 77.919839045032859 82.047981739975512 14.036382898688315 20.438578374683857 33.026182468980551 25.782250570133328 1152.2269918210804 32.985475093126297 195.20853152405471 10407.758439118043 13.903712931089101 2178.8262577680871 4.5763107128441325 12.944224324077366 2.090583434328436 76.047016058117151 60.929128734394908 65.903618812561035 2606.8295942433178 1.3846955820918072 2503.2842227071524 1.9356602188199747 68.245795242488384 792.73508590273559 2308.3458124473691 6691.0395297110081 533.15195170231164
leaf_count=29471 247277 83 532 1314 12088 56520 8050 532 382 333 1235 784 4200 7060 22842 624 179 29804 14388 1046 1347 112552 1440 425 7065 390 889 1572 113 6898 2612 241 4398 1340 379 1390 1933 254 277 597 701 9750 1205 8457 243248 460 76504 159 335 42 2377 917 2029 77809 50 8891 75 2741 3785 9882 23228 19519
internal_value=7.44509e-06 -0.0624761 0.0624768 -0.0649564 0.0624557 -0.0624194 0.0624332 0.0639783 -0.063835 0.0626643 -0.0660569 0.0640862 -0.0662388 0.0626343 0.0624081 0.0637728 0.06437 -0.062553 0.0626725 -0.0635989 0.0631162 -0.0623961 -0.0644078 -0.0637799 0.0625347 -0.0654865 0.0645664 0.0644104 0.0634963 0.0623884 -0.0662597 0.064074 0.0627373 0.0636389 -0.0641128 0.0635068 0.063999 0.0643036 0.0629692 0.0636295 -0.0652291 0.0624398 -0.0633568 -0.062633 -0.0623856 0.0648549 -0.0625224 -0.0647292 -0.0649988 0.0626931 -0.0640122 0.0630244 -0.0635163 -0.0624339 -0.0657743 0.0624339 -0.0663571 -0.0632852 0.0625834 0.0625075 0.062384 -0.0626167
internal_weight=74418.6 37205.1 37213.5 831.029 36699.2 36374.1 33123.6 514.302 411.604 3575.6 419.425 474.452 318 3353.41 26553.9 225.417 249.034 5406.01 2619.38 291.501 222.183 30968.1 120.103 166.808 6569.74 101.425 149.685 97.1394 61.98 16372.2 316.092 99.3493 1427.45 180.017 62.6167 110.982 90.0452 45.3999 160.203 53.1335 53.5282 10181.7 124.694 1497.92 24275.9 52.5458 3908.09 57.4859 27.7459 39.8507 88.6706 139.764 78.137 6692.21 47.8971 9029.45 204.349 101.231 2353.12 4216.62 15527 1302.71
internal_count=1077020 894868 182152 23178 171380 871690 129862 10772 13497 41518 9681 10198 6970 37934 101080 4140 6058 190804 30874 10205 3584 680886 3292 5213 28782 2711 3705 2356 1043 59597 6887 2353 18786 3354 1693 2014 2112 786 2541 930 1426 41483 4992 57780 490525 1349 133024 1599 725 574 2802 2264 2411 190361 1285 31733 4275 3946 10850 17932 52699 49323
is_linear=0
shrinkage=0.05


Tree=10
num_leaves=63
num_cat=0
split_feature=26 35 13 35 35 13 35 4 35 4 4 35 4 4 1 30 30 4 30 35 5 5 31 13 35 1 17 30 10 3 38 35 0 12 34 1 30 35 15 20 4 22 5 10 22 34 4 35 10 10 35 2 16 12 1 6 0 20 20 17 1 12
split_gain=97188.1 896.93 137.045 94.5933 59.8234 30.1846 31.6127 20.3912 14.6175 11.224 8.73173 8.37847 7.59005 8.81047 7.57944 7.28878 6.36309 6.07995 4.62199 4.04968 3.11398 2.67925 2.43188 1.74211 1.6994 1.43887 1.28044 1.05203 0.928365 0.909638 0.872623 0.764285 0.668452 0.633264 0.559212 1.12195 2.01454 0.488936 0.477188 0.349486 0.333916 0.297627 0.285644 0.277424 0.269832 0.214321 0.131629 0.147083 0.294722 0.125001 0.0442428 0.0621693 0.02588 0.0246813 0.0229287 0.0162273 0.0130682 0.00838269 0.0141461 0.00765975 0.00279364 0.0109926
threshold=1.0000000180025095e-35 8.5000000000000018 1.0000000180025095e-35 3.5000000000000004 11.500000000000002 1.0000000180025095e-35 6.5000000000000009 0.9529346525669099 16.500000000000004 0.064583335071802153 0.95505049824714672 2.5000000000000004 0.95180022716522228 0.064583335071802153 12.500000000000002 1.0000000180025095e-35 1.0000000180025095e-35 1.0000000180025095e-35 1.0000000180025095e-35 4.5000000000000009 33.500000000000007 25.500000000000004 1.0000000180025095e-35 1.0000000180025095e-35 18.500000000000004 32.500000000000007 3609.0000000000005 1.0000000180025095e-35 385.50000000000006 0.0077908795792609462 1.0000000180025095e-35 15.500000000000002 51.500000000000007 1.9788243770599367 1.5000000000000002 9.5000000000000018 1.0000000180025095e-35 1.5000000000000002 1010016.5000000001 2.5000000000000004 0.78679654002189647 1.4751618504524233 29.500000000000004 122.50000000000001 1.6279529333114626 2.5000000000000004 0.91485509276390087 7.5000000000000009 6.5000000000000009 315.50000000000006 5.5000000000000009 0.05083050765097142 5.5000000000000009 495.82365417480474 9.5000000000000018 1.5000000000000002 8.5000000000000018 22.500000000000004 23.500000000000004 1512.5000000000002 31.500000000000004 5.3359727859497079
decision_type=2 2 2 2 2 2 2 2 2 2 2 2 2 2 2 2 2 2 2 2 2 2 2 2 2 2 2 2 2 2 2 2 2 2 2 2 2 2 2 2 2 2 2 2 2 2 2 2 2 2 2 2 2 2 2 2 2 2 2 2 2 2
left_child=54 3 4 11 7 6 15 9 10 21 17 34 13 -8 -11 19 20 -6 -12 -5 -9 -3 -14 27 25 -10 31 30 38 -26 -13 33 44 -4 56 37 -37 -36 39 -28 -35 -17 -30 -18 -33 -29 47 49 -49 -7 55 -52 -25 -54 -1 -48 -2 60 -59 -60 -56 -62
right_child=1 2 26 5 8 46 12 16 24 14 18 23 22 -15 -16 41 43 -19 -20 -21 -22 -23 -24 52 29 -27 28 45 42 -31 -32 32 -34 40 35 36 -38 -39 -40 -41 -42 -43 -44 -45 -46 -47 50 48 -50 -51 51 -53 53 -55 57 -57 -58 58 59 -61 61 -63
leaf_value=-0.060939353560447357 0.060939194162743848 -0.0035517925248014027 0.027744064423118484 0.052704178973928345 0.0043595153942324535 0.059435138550346933 0.04219022905848685 0.025062738242153066 -0.028067443230365877 -0.02722433850060061 -0.0036079018211082788 0.057067746953612143 0.043860109036320184 0.020257034971844824 0.000295520931454031 0.057842702675513127 0.0579652151561326 -0.027810566758308505 0.051544033388161249 0.047926380973596555 0.012303495234270181 0.024561821593867161 0.025087647182889736 0.056237386031816744 -0.011758855688498033 0.0014110868508877385 0.049888475683775219 0.058355385064246534 0.027121204110868286 -0.039436725904220177 0.053797995321873529 0.048369292930121675 0.0097183232335484298 0.047532666521735635 0.060847584475264477 0.056311066244344468 0.060376208163087468 0.060031798707494727 0.018039524368864426 0.036767495745785993 0.056182378872936783 0.053253264831832528 -0.0082578623920898341 0.044481588535271607 0.022097655503380404 0.060397536693861331 0.060401383312345069 0.032521168313973954 0.056382617511211597 0.05571529341851509 0.059823865359911438 0.057310063862304667 0.060424423240837646 0.058751356740289779 -0.061053880516008387 0.057462952782311699 0.061046830633907846 -0.05330644173571264 -0.0558389800741107 -0.061264857779817473 -0.054259755088683637 -0.060886883203075476
leaf_weight=27230.423336384818 10862.084614381194 10.841104773804544 2.1441839393228284 892.74113313667476 18.195254981517792 174.59315515309572 80.415128098800778 124.03775426931679 34.09506541211158 40.955011181533337 144.68562476988882 1402.8538162335753 268.4747281447053 106.32496443018317 64.303618730045855 412.314073914662 9.9285036362707633 76.17505379486829 3.9012411031872025 881.37685791775584 77.821704926900566 38.82292795740068 18.436758864670992 3.8391016349196425 3.1353937191888681 4.7115415809676042 17.089478611946117 341.9204385895282 1.2606648504734033 55.783447968773544 238.78181421011686 10.034578014165161 1.4502270761877287 12.616331128403543 9217.6880321186036 423.67103900015354 1085.8970831874758 2293.7587889190763 1.6291542276740063 7.2187370443716636 96.505970194935799 38.636100266128778 1.0421575717628 6.1951117161661378 1.0828379448503245 205.8133630733937 457.54179552569985 1.5267682597041119 8.4907821509987098 25.939475275576115 221.19455278851092 27.672420931980014 543.05768036469817 22.976182375103235 5978.2176778940484 4.7472118884325019 3808.7158307135105 0.89331628661602636 0.80333365779370058 3.4178466191515326 0.62764575332403083 205.62267484981567
leaf_count=644289 40025 274 50 11413 535 1572 1455 3077 1385 1087 4684 13936 5281 2253 1666 4227 137 2482 68 14213 1975 868 431 39 126 200 356 3285 34 2513 2609 271 57 198 30581 3135 5548 14973 38 189 1603 483 34 122 37 1480 3856 32 154 257 2338 330 4239 203 217750 42 12488 47 41 145 26 9271
internal_value=-1.88824e-06 0.0583083 0.00804777 0.0595852 -0.00113624 0.0519447 0.0492766 0.0127012 -0.0162825 -0.00116777 -0.00971395 0.0604937 0.0375475 0.029702 -0.0104122 0.0517734 0.0225581 -0.021608 -0.00215985 0.0503306 0.0201437 0.0184249 0.0426538 0.0578662 -0.0326128 -0.0244884 0.0511425 0.0572252 0.041535 -0.0379638 0.0565921 0.0533334 0.0416456 0.0546536 0.0607555 0.060517 0.0592353 0.060685 0.0442363 0.045992 0.0551823 0.0574495 0.0111102 0.0527845 0.0458104 0.0591227 0.0597567 0.0586586 0.0527459 0.058954 0.0600819 0.0595443 0.0603288 0.0603565 -0.0609591 0.0603712 0.0609671 -0.061046 -0.0590226 -0.0602323 -0.0610476 -0.0608667
internal_weight=68357.2 34937.1 865.663 34071.5 713.588 3620.43 2698.72 372.906 340.683 154.923 242.957 30451.1 473.652 186.74 105.259 2225.07 217.983 94.3703 148.587 1774.12 201.859 49.664 286.911 2759.24 97.7254 38.8066 152.074 2189.37 28.2402 58.9188 1641.64 123.834 12.5676 111.266 27691.8 13021 1509.57 11511.4 25.9374 24.3082 109.122 450.95 2.30282 16.1236 11.1174 547.734 921.706 210.55 10.0176 200.533 711.156 248.867 569.873 566.034 33420 462.289 14670.8 6189.58 5.1145 4.22118 6184.47 206.25
internal_count=1076513 204944 24066 180878 21199 48337 39756 9206 11993 3895 7769 132541 9420 3708 2753 30336 5311 3017 4752 25626 5052 1142 5712 25791 4224 1585 2867 21310 651 2639 16545 2216 365 1851 106750 54237 8683 45554 583 545 1801 4710 68 259 308 4765 8581 2015 186 1829 6566 2668 4481 4442 871569 3898 52513 227280 233 186 227047 9297
is_linear=0
shrinkage=0.05


Tree=11
num_leaves=63
num_cat=0
split_feature=19 26 35 35 13 1 1 30 35 35 35 35 35 13 13 1 4 0 1 4 13 35 1 30 30 35 35 13 4 13 13 35 35 35 35 35 4 0 35 35 4 1 35 13 1 1 35 35 17 0 35 1 1 30 35 5 35 13 0 1 13 4
split_gain=89922.1 2.74713 0.521135 0.50177 0.135563 0.0867682 0.0567764 0.0333579 0.0288002 0.0268823 0.0253057 0.0235127 0.0196546 0.0194751 0.0174086 0.00903348 0.00862668 0.00763025 0.00731773 0.00645705 0.00618008 0.00581919 0.00577266 0.00444876 0.00443771 0.00426444 0.00416538 0.00465722 0.00370951 0.00356784 0.0035018 0.00343762 0.00276497 0.0027017 0.00250571 0.00229943 0.00207615 0.00204834 0.00204534 0.00190595 0.00185188 0.0013056 0.00124287 0.00196741 0.00116563 0.00112917 0.00109684 0.0010674 0.00102102 0.000883311 0.000810105 0.000805655 0.000791537 0.000710335 0.000679901 0.000652045 0.000649186 0.000630479 0.000555599 0.000551011 0.000542769 0.000502927
threshold=6.5000000000000009 1.0000000180025095e-35 8.5000000000000018 8.5000000000000018 1.0000000180025095e-35 7.5000000000000009 10.500000000000002 1.0000000180025095e-35 6.5000000000000009 11.500000000000002 11.500000000000002 6.5000000000000009 3.5000000000000004 1.0000000180025095e-35 1.0000000180025095e-35 13.500000000000002 0.95401689410209667 4.5000000000000009 17.500000000000004 0.9506097435951234 1.0000000180025095e-35 16.500000000000004 6.5000000000000009 1.0000000180025095e-35 1.0000000180025095e-35 16.500000000000004 3.5000000000000004 1.0000000180025095e-35 0.95505049824714672 1.0000000180025095e-35 1.0000000180025095e-35 3.5000000000000004 4.5000000000000009 10.500000000000002 7.5000000000000009 2.5000000000000004 0.95505049824714672 11.500000000000002 7.5000000000000009 10.500000000000002 0.90967366099357616 25.500000000000004 4.5000000000000009 1.0000000180025095e-35 3.5000000000000004 12.500000000000002 10.500000000000002 10.500000000000002 3568.5000000000005 21.500000000000004 12.500000000000002 8.5000000000000018 2.5000000000000004 1.0000000180025095e-35 4.5000000000000009 33.500000000000007 2.5000000000000004 1.0000000180025095e-35 7.5000000000000009 10.500000000000002 1.0000000180025095e-35 0.95505049824714672
decision_type=2 2 2 2 2 2 2 2 2 2 2 2 2 2 2 2 2 2 2 2 2 2 2 2 2 2 2 2 2 2 2 2 2 2 2 2 2 2 2 2 2 2 2 2 2 2 2 2 2 2 2 2 2 2 2 2 2 2 2 2 2 2
left_child=2 6 5 11 7 12 22 9 15 19 16 31 17 23 21 26 30 35 45 47 24 28 44 34 32 36 37 -28 -12 39 46 -3 -14 -21 -10 52 -11 -7 57 -18 59 55 49 -44 -2 -8 -5 -4 50 -17 -6 -24 -1 54 -33 -20 58 -13 -19 -40 -42 -9
right_child=1 3 4 10 48 8 18 61 13 25 14 38 20 -15 -16 42 29 56 41 33 -22 -23 51 -25 -26 -27 27 -29 -30 -31 -32 53 -34 -35 -36 -37 -38 -39 40 -41 60 -43 43 -45 -46 -47 -48 -49 -50 -51 -52 -53 -54 -55 -56 -57 -58 -59 -60 -61 -62 -63
leaf_value=0.059673086664661902 -0.0596741292413865 -0.064411981876282831 0.062018180941171112 -0.061633708668438994 0.059929519016201964 0.059807262223928216 -0.059814274582733556 0.060501174104729244 0.060445882689025093 0.062878652436074087 -0.06091470113135488 -0.063513520816471214 0.05994890233751024 0.059822918286722683 -0.063518937109541818 0.059925760965284097 -0.062423618175626409 0.059739995602894613 -0.05998600371288966 0.061403930097934489 0.059711424385545511 -0.060653069248272053 -0.059726474665494335 0.060024324568376447 0.059765522137695849 0.063273947394880167 0.060017121569340762 0.059770709316152963 -0.061435013477906024 -0.063967337316273964 -0.063573826760742302 -0.064166469747805419 0.060141181138679514 0.061931116304523783 0.060746852428469271 0.059776116417377782 0.062375543667359604 0.059874533250278528 -0.062566560880235877 -0.061873700801085119 -0.063345696725209941 -0.060059184301632207 0.060153723073458912 0.059878919928588341 -0.059698401203614596 -0.059872146572652211 -0.061221609848980167 0.062491744428590172 0.060375491610425241 0.059988831309774227 0.060244101856878896 -0.059764658125829241 0.059698216769569934 -0.06441385290202313 -0.063957912261919311 -0.059900720007752872 0.059792629973564715 -0.064499006859399355 0.059777920887106553 -0.063031525298336125 -0.064481808233241428 0.059987018120573547
leaf_weight=7101.8333618491888 11263.879397779703 122.03048840723932 53.112715672701597 56.220375718548894 82.438176024705172 2915.3522203452885 1510.2119863871485 6.6163884401321438 153.83767581172287 29.020869119092822 61.980022321455181 43.760292585939169 435.38048954308033 152.23059795424342 7.1528017334640017 1287.6996832825243 47.814797647297382 5513.7344483323395 559.62435941025615 103.18801610916853 284.31449554115534 73.987814070656896 3529.9507685303688 41.148096008226275 197.43774844333529 23.385430475696921 683.78356110304594 266.48287479951978 76.579831717535853 3.1293294671922913 2.1216290071606627 63.830616556107998 327.68953590467572 31.789267145097256 125.6301503200084 718.48103392124176 69.886062853038311 1849.4342913143337 13.337972333654763 23.500474284403026 23.503168551251296 406.76331169530749 195.8260724786669 97.590028326958418 8819.3055324982852 1907.4663488427177 22.652255270630121 15.33445370197296 22.778763921931386 975.83320123236626 27.222996331751347 2269.7273635817692 5607.6331562176347 13.67233671247959 100.77303145825863 373.84079048875719 866.75417551025748 1.6854767818003882 1170.7549337819219 12.199886312708257 1.1004914231598366 16.916384132578969
leaf_count=29529 247119 2699 1038 1696 1278 14205 56430 131 2916 720 2276 1225 5413 1693 268 7438 1423 22821 24246 2250 2687 3357 112752 652 2155 931 9398 2380 2777 86 61 1389 5039 745 2535 6885 1947 9181 371 746 665 18755 3168 964 243060 76037 744 325 502 5857 654 77993 23283 318 2459 15228 8328 47 4898 340 30 281
internal_value=3.69667e-05 -0.0598008 0.059801 -0.0627485 0.061433 0.0597757 -0.0597267 0.0619495 0.0599091 0.0620809 -0.0614382 -0.0639901 0.0597232 0.0602886 -0.0610927 0.0598874 -0.0619264 0.0597117 -0.0598854 0.0617287 0.0599162 -0.0610111 -0.0596975 0.0605097 0.0599768 0.0626667 0.0598524 0.059948 -0.0612023 -0.0623149 -0.0615693 -0.0642075 0.0600315 0.0615281 0.0605812 0.0596891 0.0625232 0.0598334 -0.0633071 -0.0622424 -0.0630869 -0.0599844 0.0599655 0.0600623 -0.0596848 -0.0598466 -0.0615154 0.0621243 0.0600709 0.059953 0.0600076 -0.0597414 0.0596842 -0.0640676 -0.0640388 -0.0599518 0.0597519 -0.0635501 0.0597466 -0.0627887 -0.0633965 0.0601316
internal_weight=62862.4 31411.8 31450.6 771.033 481.69 30968.9 30640.8 349.25 8744.85 325.717 375.139 395.894 22224 472.847 219.7 8272 155.439 20979.2 4757.91 203.424 1244.82 212.548 25882.9 320.616 960.508 122.292 5715.05 950.266 138.56 74.4446 80.9943 300.306 763.07 134.977 279.468 13427.9 98.9069 4764.79 95.5873 71.3153 50.1415 1340.23 2556.95 293.416 20083.2 3417.68 78.8726 68.4472 132.44 2263.53 109.661 5799.68 12709.5 178.276 164.604 933.465 7551.24 45.4458 6684.49 25.5379 24.6037 23.5328
internal_count=1076824 894597 182227 22977 10802 171425 871620 8368 60387 7956 13434 9543 111038 7796 8678 52591 4756 95744 190696 4358 15294 8410 680924 6103 12607 3598 35164 11778 5053 2255 2501 6865 10452 2995 5451 59697 2667 23386 2678 2169 1406 58229 17427 4132 490179 132467 2440 1363 2434 13295 1932 190745 52812 4166 3848 39474 36047 1272 27719 711 695 412
is_linear=0
shrinkage=0.05


Tree=12
num_leaves=63
num_cat=0
split_feature=19 26 35 35 13 1 1 30 35 35 35 35 13 35 13 1 4 1 0 4 13 35 1 30 30 35 13 13 35 4 35 13 35 35 35 35 35 4 0 35 4 35 13 1 1 35 1 17 35 35 1 1 35 30 19 35 13 4 4 13 1 13
split_gain=79227.8 1.90355 0.374015 0.350362 0.0983717 0.0576946 0.0400196 0.0249405 0.0212663 0.019049 0.0178092 0.0166617 0.0141897 0.0139511 0.0121521 0.00605686 0.00600562 0.00509286 0.00494148 0.00452396 0.00439845 0.00415104 0.00395588 0.00322962 0.0031763 0.00317412 0.00334247 0.00305984 0.00302541 0.00264519 0.0023821 0.0022661 0.00207084 0.00198608 0.00177467 0.00160524 0.00157286 0.00151282 0.0013933 0.00134053 0.00131351 0.000999999 0.00147227 0.000928044 0.000829479 0.000804113 0.000784065 0.000657496 0.000626391 0.000599397 0.000564109 0.000524663 0.00051928 0.000499102 0.000470556 0.000459282 0.000446308 0.000394818 0.000380214 0.000361026 0.000360121 0.000297178
threshold=6.5000000000000009 1.0000000180025095e-35 8.5000000000000018 8.5000000000000018 1.0000000180025095e-35 7.5000000000000009 10.500000000000002 1.0000000180025095e-35 6.5000000000000009 11.500000000000002 11.500000000000002 6.5000000000000009 1.0000000180025095e-35 3.5000000000000004 1.0000000180025095e-35 13.500000000000002 0.95401689410209667 17.500000000000004 4.5000000000000009 0.93844696879386913 1.0000000180025095e-35 16.500000000000004 6.5000000000000009 1.0000000180025095e-35 1.0000000180025095e-35 3.5000000000000004 1.0000000180025095e-35 1.0000000180025095e-35 16.500000000000004 0.95505049824714672 3.5000000000000004 1.0000000180025095e-35 10.500000000000002 4.5000000000000009 7.5000000000000009 2.5000000000000004 7.5000000000000009 0.95505049824714672 10.500000000000002 10.500000000000002 0.90967366099357616 4.5000000000000009 1.0000000180025095e-35 25.500000000000004 12.500000000000002 10.500000000000002 3.5000000000000004 3609.0000000000005 10.500000000000002 12.500000000000002 8.5000000000000018 2.5000000000000004 2.5000000000000004 1.0000000180025095e-35 3.5000000000000004 4.5000000000000009 1.0000000180025095e-35 0.95505049824714672 0.93649193644523632 1.0000000180025095e-35 10.500000000000002 1.0000000180025095e-35
decision_type=2 2 2 2 2 2 2 2 2 2 2 2 2 2 2 2 2 2 2 2 2 2 2 2 2 2 2 2 2 2 2 2 2 2 2 2 2 2 2 2 2 2 2 2 2 2 2 2 2 2 2 2 2 2 2 2 2 2 2 2 2 2
left_child=2 6 5 11 7 13 22 9 15 19 16 30 24 18 21 25 27 44 35 48 23 29 46 33 34 38 -27 45 37 -12 -3 39 -21 -15 -10 51 56 -11 -7 -18 60 54 -43 -19 -8 -5 -2 49 -4 -6 -24 -1 58 55 -17 -32 -13 -9 -20 -54 -38 -37
right_child=1 3 4 10 47 8 17 57 12 28 14 36 -14 20 -16 41 31 43 52 32 -22 -23 50 -25 -26 26 -28 -29 -30 -31 53 -33 -34 -35 -36 61 40 -39 -40 -41 -42 42 -44 -45 -46 -47 -48 -49 -50 -51 -52 -53 59 -55 -56 -57 -58 -59 -60 -61 -62 -63
leaf_value=0.058584813894536653 -0.058585741937660078 -0.062730283768861028 0.060647659191942607 -0.060297325604163093 0.058806042160363829 0.058689552852292153 -0.058707314168328723 0.059310655294298936 0.059263897468346018 0.061387024783447153 -0.059672575567470493 -0.061948673930009739 0.058712391922474405 0.058826634391653865 -0.061885094547693947 0.058802150034688555 -0.060994335931750458 -0.058826546473535163 0.058660484318420629 0.06009938089765287 0.058618223792606755 -0.059441870979447378 -0.058630811090374081 0.058665712071560266 0.05889665281963357 0.058883224658433833 0.058665665066981489 -0.062080237545913103 0.061729835425606276 -0.060128966165219393 -0.062514328124428004 -0.062273777653408129 0.060572967271982317 0.058996449739791318 0.059526378667848739 0.0586898476299344 -0.061117092116308849 0.060947059980494558 0.058745898783218259 -0.060512390944577221 -0.061834850081975402 0.059003800677069423 0.058756992180865109 -0.058920036867850016 -0.058758634742549658 -0.05993159586839536 -0.058606622938166569 0.059181723040392098 0.061028574616914411 0.059081774059479099 -0.058663992834325156 0.058606365781871186 0.058706681001935962 -0.062733569392022487 0.058850432717186554 -0.06233399947390017 -0.062809765904708353 0.058843968714005247 0.058635491132422585 0.058622835262928968 -0.061503700407785591 0.058598539370095321
leaf_weight=6346.0055121779442 10120.562935706228 108.80509436689317 48.741192225366831 51.225223510526121 77.570355426520109 2056.2422729842365 1404.339073754847 6.2682676129043129 142.59236445464194 27.54278177395463 57.84440487716347 40.419461838901043 141.95765979401767 402.03331109508872 6.9302504779770961 1273.6644985694438 43.595686100423336 873.70073724538088 2774.0975032411516 96.559615168720484 265.13548097386956 68.901116095483303 3258.0715031009167 187.28896595165133 38.651082223281264 641.67284845560789 243.55128445476294 2.2061506360769263 21.665172846056521 70.373891648836434 57.019315084442496 2.8560074009001246 30.334233978763223 301.15762895345688 117.42795335873961 547.07953155040741 12.543183891102673 67.231909700669348 2352.1559042818844 21.566147628240287 22.330204794183373 184.12006776873022 89.939587375149131 381.28620353899896 1792.0479338476434 21.269638663157821 8088.6402198858559 21.182804616168141 13.862110719084738 26.423647865653038 2110.6421102322638 5088.0214303582907 634.35371346771717 12.333275947719811 835.74553807359189 92.737056411802769 1.5629757866263378 16.360917620360851 3370.5444601736963 160.96244928240776 11.588405501097439 106.45146304368973
leaf_count=29509 246977 2688 1009 1704 1278 10873 56317 132 2874 727 2285 1234 1681 5397 285 7892 1417 39493 12461 2235 2691 3332 112463 2206 645 9404 2350 69 919 2765 1379 86 755 4979 2524 5843 384 1989 12537 747 685 3168 944 18722 76520 757 243040 488 314 674 78139 23251 6820 319 5328 2496 47 281 15331 1460 349 1000
internal_value=1.94662e-05 -0.0586967 0.0586964 -0.0612607 0.0601206 0.0586736 -0.0586321 0.060575 0.0587862 0.0606935 -0.0601269 -0.0623548 0.059124 0.0586283 -0.0598272 0.0587668 -0.0605553 -0.0587696 0.0586181 0.0603842 0.058797 -0.0597549 -0.0586061 0.0588502 0.0593196 0.058737 0.0588234 -0.0602458 0.0611968 -0.0599231 -0.0625493 -0.0608953 0.0602126 0.0588994 0.0593824 0.0585988 -0.0617589 0.0610749 0.0587196 -0.0608348 -0.0615585 0.058833 0.0589228 -0.058855 -0.0587361 -0.06019 -0.058595 0.0589278 0.060732 0.0588761 -0.0586439 0.0585944 0.0586517 -0.0624278 0.0588213 -0.0624027 -0.0619807 0.0589732 0.0586468 0.0586897 -0.0613027 0.058675
internal_weight=57490 28735.4 28754.6 706.107 453.743 28300.9 28029.3 328.566 8117.72 305.937 346.769 359.339 440.629 20183.1 204.05 7677.09 142.719 4451.37 19027.5 189.497 1155.62 197.119 23577.9 890.48 298.671 5293.62 885.224 74.701 116.44 128.218 270.895 68.0178 126.894 703.191 260.02 12087.6 88.4442 94.7747 4408.4 65.1618 46.4618 2383.47 274.06 1254.99 3196.39 72.4949 18209.2 125.177 62.6033 103.994 5368.71 11434 6939.96 162.09 2109.41 149.756 41.9824 22.6292 6144.64 795.316 24.1316 653.531
internal_count=1076668 894699 181969 23028 10801 171168 871671 8361 60220 7948 13447 9581 7724 110948 8667 52496 4780 191052 95675 4313 15273 8382 680619 12582 6043 35164 11754 2530 3635 5050 6882 2250 2990 10376 5398 59603 2699 2716 23410 2164 1418 17332 4112 58215 132837 2461 490017 2440 1323 1952 190602 52760 36072 4194 13220 3875 1281 413 27792 8280 733 6843
is_linear=0
shrinkage=0.05


Tree=13
num_leaves=63
num_cat=0
split_feature=19 26 35 35 13 1 1 30 35 35 35 35 13 35 13 4 1 1 4 1 13 35 1 35 13 30 30 35 4 13 13 35 35 35 35 4 35 35 4 35 1 35 13 35 1 1 35 1 35 35 1 1 19 30 9 13 13 35 5 13 1 4
split_gain=69916.3 1.32623 0.270151 0.246868 0.0720621 0.0394925 0.0280184 0.0178013 0.0157119 0.0137649 0.0127059 0.0113062 0.0107131 0.0100157 0.00888733 0.0044576 0.00413151 0.00360606 0.00334578 0.00322077 0.00313483 0.00298846 0.00277092 0.00243012 0.00243965 0.00234004 0.00226694 0.0021875 0.00196034 0.00181301 0.00174383 0.00160735 0.00141238 0.00135588 0.00133435 0.00108982 0.00104773 0.000925003 0.000897893 0.000796639 0.000783465 0.000770841 0.00106587 0.000633209 0.000631717 0.000576902 0.000553891 0.000536851 0.000497625 0.000474308 0.000447259 0.000399612 0.000349377 0.000343033 0.000336557 0.000336386 0.000324295 0.000319465 0.000307914 0.000271537 0.000257027 0.000256563
threshold=6.5000000000000009 1.0000000180025095e-35 8.5000000000000018 8.5000000000000018 1.0000000180025095e-35 7.5000000000000009 10.500000000000002 1.0000000180025095e-35 6.5000000000000009 11.500000000000002 11.500000000000002 6.5000000000000009 1.0000000180025095e-35 3.5000000000000004 1.0000000180025095e-35 0.95401689410209667 13.500000000000002 17.500000000000004 0.9529346525669099 3.5000000000000004 1.0000000180025095e-35 16.500000000000004 6.5000000000000009 3.5000000000000004 1.0000000180025095e-35 1.0000000180025095e-35 1.0000000180025095e-35 16.500000000000004 0.95505049824714672 1.0000000180025095e-35 1.0000000180025095e-35 3.5000000000000004 4.5000000000000009 10.500000000000002 7.5000000000000009 0.95401689410209667 7.5000000000000009 10.500000000000002 0.90967366099357616 2.5000000000000004 9.5000000000000018 4.5000000000000009 1.0000000180025095e-35 2.5000000000000004 27.500000000000004 12.500000000000002 10.500000000000002 3.5000000000000004 10.500000000000002 12.500000000000002 4.5000000000000009 8.5000000000000018 3.5000000000000004 1.0000000180025095e-35 2.5000000000000004 1.0000000180025095e-35 1.0000000180025095e-35 4.5000000000000009 42.500000000000007 1.0000000180025095e-35 10.500000000000002 0.95505049824714672
decision_type=2 2 2 2 2 2 2 2 2 2 2 2 2 2 2 2 2 2 2 2 2 2 2 2 2 2 2 2 2 2 2 2 2 2 2 2 2 2 2 2 2 2 2 2 2 2 2 2 2 2 2 2 2 2 2 2 2 2 2 2 2 2
left_child=2 6 5 11 7 13 22 9 16 18 15 31 25 19 21 30 23 45 48 39 26 28 47 40 -25 34 32 35 -12 37 46 -3 -15 -20 -10 -11 55 -17 60 -1 -7 52 -43 50 58 -8 -5 -2 -4 54 -21 -24 -18 57 -6 -13 -45 -33 -19 -40 -38 -9
right_child=1 3 4 10 49 8 17 61 12 27 14 36 -14 20 -16 29 41 44 33 43 -22 -23 51 24 -26 -27 -28 -29 -30 -31 -32 53 -34 -35 -36 -37 38 -39 59 -41 -42 42 -44 56 -46 -47 -48 -49 -50 -51 -52 -53 -54 -55 -56 -57 -58 -59 -60 -61 -62 -63
leaf_value=0.057640715937242896 -0.057636407093812903 -0.061274292661977814 0.059444680627808978 -0.059140826519561811 0.058420878374236124 0.057727976972110628 -0.0577423036760248 0.058269419150900781 0.058231413631273113 0.060095637026597384 -0.0585872959859009 -0.06058962950298017 0.057743572020636874 0.05784838456544681 -0.060550795386839079 -0.059753935898755661 0.057820704575768378 -0.057867979702024987 0.058969198123508808 0.057664725644934779 0.057665023559584597 -0.058387717967243874 -0.057675780668104575 0.05789834978138475 0.05770543499799527 0.057908405418064482 0.057707348088010993 0.060395904597597444 -0.058994843021787084 -0.060927744517664223 -0.060602124243302351 -0.061086690658932186 0.057997691730183903 0.059371318715086885 0.058465075579149275 0.059710331285451036 -0.059859448661484377 -0.05933318143610683 -0.060454661182601024 0.057714014089017267 0.057771850912832851 0.058000618934284986 0.057784139081674825 0.057739623154093617 -0.0579364066238445 -0.05778669896007476 -0.058822672974033666 -0.057654549928710636 0.059790348007466326 0.058101616290778174 0.057691092238727697 -0.057704866107123179 0.057863702848494195 -0.061275208191612134 0.057855986740061843 -0.06133617229941235 0.057665947205215819 -0.060928427377181328 -0.057801706861616481 -0.061324861377733991 -0.060209641564235056 0.05787203625654011
leaf_weight=8697.3255342245102 9082.3061614558101 98.644168389961123 47.255546111613512 46.165325004607439 2.7219267617911092 1987.0265162885189 1307.3398200143129 5.5258373320102701 134.08457966335118 26.114950047805905 53.50137934461236 36.906823111698031 136.77589066792279 370.78924990445375 6.4649209687486282 40.310463784262538 1195.5942931612954 653.72471054643393 89.701494099572301 2443.6521477848291 243.41638311371207 63.617938235402107 3005.9981656819582 591.30647060647607 226.72141829878092 36.402508857659996 170.7325758934021 20.727917305193841 65.790286342613399 2.7629073597490779 1.8524848977103818 52.364197313785553 276.5063815228641 27.355747343972325 112.2471858356148 61.737546871416271 10.871180552989246 19.324529869481921 19.278034722432498 387.19711083173752 2085.4665776565671 173.31529043521732 84.622601987794042 772.40229971334338 278.95635557640344 1662.0739132752642 19.44112591817975 7399.1720377542078 13.354088066145776 30.937151324935257 4705.5066146142781 1945.0836718594655 781.04353896342218 11.471595639362929 84.253871001303196 1.573252148926257 185.16300461813807 81.536172537133098 239.46924185194075 0.94017902389168639 10.114776806905864 15.330424590036273
leaf_count=44945 246888 2722 1048 1691 65 11337 56421 124 2887 731 2295 1233 1724 5413 284 1434 7933 32243 2215 12188 2694 3321 112609 9286 2371 653 2181 933 2795 90 65 1408 4944 726 2562 1942 367 733 645 4471 12042 3182 955 8997 14691 76129 753 243234 322 837 23144 77876 5378 328 1529 52 1842 2422 11107 31 334 287
internal_value=5.82135e-06 -0.0577338 0.0577339 -0.0599767 0.0589842 0.0577133 -0.0576774 0.0593876 0.0578095 0.0594904 -0.0589901 -0.0609496 0.0581069 0.0576735 -0.0587289 -0.059371 0.057792 -0.0577965 0.0592193 0.0576643 0.0578225 -0.0586645 -0.0576544 0.0577662 0.0578449 0.0582826 0.0578694 0.0599339 -0.0588121 -0.0596756 -0.0590893 -0.0611185 0.0579122 0.0590632 0.0583379 0.0598249 -0.0604325 -0.0596176 -0.0602573 0.0576438 0.0577504 0.0578483 0.0579296 0.0576872 -0.0578707 -0.0577672 -0.0590465 -0.0576446 0.0595208 0.0579335 0.0576821 -0.0576872 0.0578377 -0.0610128 0.0578737 -0.0606202 0.0577254 -0.0609903 -0.0578502 -0.0604951 -0.0600282 0.0579773
internal_weight=52439.4 26217.1 26222.3 642.932 425.017 25797.3 25574.1 307.104 7544.61 286.247 319.231 323.7 419.51 18252.7 189.375 129.857 7125.1 4141.56 177.667 17191.2 1061.44 182.91 21432.6 4890.52 818.028 282.734 818.028 108.58 119.292 62.3979 67.4589 244.016 647.296 117.057 246.332 87.8525 79.6842 59.635 41.2042 9084.52 4072.49 2234.58 257.938 8106.72 1172.15 2969.41 65.6065 16481.5 60.6096 117.913 7149.16 4951.08 1976.64 145.372 86.9758 38.4801 957.565 133.9 893.194 20.2182 20.986 20.8563
internal_count=1076089 894201 181888 23003 10759 171129 871198 8328 60310 7917 13461 9542 7826 110819 8695 4766 52484 190591 4311 95587 15232 8411 680607 35036 11657 6102 12538 3606 5090 2257 2509 6880 10357 2941 5449 2673 2662 2167 1377 49416 23379 17448 4137 46171 58041 132550 2444 490122 1370 2431 35332 190485 13311 4158 1594 1285 10839 3830 43350 676 701 411
is_linear=0
shrinkage=0.05


Tree=14
num_leaves=63
num_cat=0
split_feature=19 26 35 35 13 1 1 30 35 35 13 35 35 13 35 1 1 13 0 35 1 35 13 30 30 35 35 35 35 30 35 35 35 35 0 35 13 1 1 17 1 0 13 35 35 1 0 35 13 30 34 5 35 17 30 1 10 13 0 0 13 0
split_gain=61862.1 0.933757 0.19457 0.175623 0.0533242 0.0271477 0.0199376 0.0130124 0.0118834 0.0100802 0.00920107 0.00904433 0.00788989 0.00758463 0.00735984 0.00282472 0.00247192 0.00228446 0.00217989 0.00213271 0.00194714 0.00187597 0.00175192 0.00167715 0.00163986 0.00155401 0.00131505 0.0011467 0.00103202 0.00102036 0.000959219 0.000952575 0.000831857 0.000722314 0.000627903 0.000544489 0.000794405 0.000463243 0.000412755 0.000395863 0.000364219 0.000319609 0.000313904 0.00030324 0.000295104 0.000281247 0.000275302 0.000254966 0.000252172 0.000239778 0.000239576 0.000232538 0.00022504 0.000221596 0.000221299 0.000216838 0.000204023 0.000183503 0.00018037 0.000170202 0.000159568 0.000146357
threshold=6.5000000000000009 1.0000000180025095e-35 8.5000000000000018 8.5000000000000018 1.0000000180025095e-35 7.5000000000000009 10.500000000000002 1.0000000180025095e-35 6.5000000000000009 11.500000000000002 1.0000000180025095e-35 11.500000000000002 6.5000000000000009 1.0000000180025095e-35 3.5000000000000004 13.500000000000002 17.500000000000004 1.0000000180025095e-35 4.5000000000000009 16.500000000000004 6.5000000000000009 3.5000000000000004 1.0000000180025095e-35 1.0000000180025095e-35 1.0000000180025095e-35 16.500000000000004 10.500000000000002 3.5000000000000004 4.5000000000000009 1.0000000180025095e-35 10.500000000000002 7.5000000000000009 2.5000000000000004 7.5000000000000009 10.500000000000002 4.5000000000000009 1.0000000180025095e-35 25.500000000000004 12.500000000000002 3568.5000000000005 3.5000000000000004 26.500000000000004 1.0000000180025095e-35 12.500000000000002 2.5000000000000004 8.5000000000000018 23.500000000000004 14.500000000000002 1.0000000180025095e-35 1.0000000180025095e-35 1.5000000000000002 33.500000000000007 4.5000000000000009 2515.0000000000005 1.0000000180025095e-35 2.5000000000000004 2.5000000000000004 1.0000000180025095e-35 6.5000000000000009 53.500000000000007 1.0000000180025095e-35 51.500000000000007
decision_type=2 2 2 2 2 2 2 2 2 2 2 2 2 2 2 2 2 2 2 2 2 2 2 2 2 2 2 2 2 2 2 2 2 2 2 2 2 2 2 2 2 2 2 2 2 2 2 2 2 2 2 2 2 2 2 2 2 2 2 2 2 2
left_child=2 6 5 12 7 14 20 9 15 26 11 29 27 23 18 21 38 24 32 50 40 34 -23 31 28 47 41 -3 -16 30 -5 -10 55 48 -7 46 -37 51 -8 43 -2 -4 54 56 58 -22 -17 -11 -14 52 -13 -18 -29 61 -35 -1 -6 -46 -20 -45 -34 -12
right_child=1 3 4 10 39 8 16 -9 13 25 53 19 33 -15 17 35 37 -19 44 -21 45 22 -24 -25 -26 -27 -28 49 -30 -31 -32 -33 60 42 -36 36 -38 -39 -40 -41 -42 -43 -44 59 57 -47 -48 -49 -50 -51 -52 -53 -54 -55 -56 -57 -58 -59 -60 -61 -62 -63
leaf_value=0.056804239231069253 -0.056804963705518741 -0.060010582239667078 0.058153113109204374 -0.058368941954722378 0.057556456679562044 0.056880909681148666 -0.056898242900924656 0.0571089399326885 0.057330336055982103 0.058690203787203722 -0.059734463673553784 -0.057833302550479304 -0.059408678463193587 0.056900150583032029 0.05699218954709373 0.056964630506659342 -0.057009906210215615 0.056829848079577389 0.056841915924147869 -0.057470588836706617 -0.056839416749925167 0.05703501715065018 0.056865184273986624 0.057044207037761752 0.05686693703748396 0.059239991849956077 0.058454461671890307 -0.059844818259882228 0.057124406908227482 -0.059573176770042736 -0.058052164102689291 0.057533963303589432 0.056886267295783388 -0.059072316040400967 0.056921911878049784 0.057123542850557534 0.056929663830911338 -0.057057935740128754 -0.05693722519107236 0.0572738059743668 -0.056820671854805653 0.057924896631380819 -0.059838445109254325 0.057147149060830543 0.056897815894484033 -0.056864832358302947 0.057005565185581246 0.058900455717633672 -0.060070068133291382 -0.060010182360133481 -0.058553469431026864 -0.056953460381822342 -0.059705300019909827 -0.059161027668454685 -0.059767918451964108 0.056819665229419503 0.056962009906808699 0.056832886672540842 0.05686113830295976 0.057697974167663882 0.056814274181486157 -0.058984209483176279
leaf_weight=5033.1177066415548 8132.2114934939891 88.405900970101357 109.36052480712533 76.531212759204209 1.4738617651164521 1761.3766697570682 1210.348737639375 19.755668169818819 127.42005202639848 63.72510249260813 5.7731268471106869 109.12423571757972 33.488425632938743 123.59224543347955 340.78747844323516 1212.3051993381232 456.33851832617074 222.62246165424585 3118.975622985512 60.038806694559753 2758.6168152019382 555.45721234194934 208.97765601426363 33.611889387480915 154.7553497068584 18.946888899430633 38.548012254759669 46.796429738402367 260.33395494893193 1.5226754881441582 34.747288482263684 104.56638435088098 462.21115018054843 35.757754957303405 1987.1121125780046 158.51407908461988 79.249923157505691 334.60998171661049 1546.9054776253179 19.277337061241269 6755.909796686843 17.844690856523812 1.4747726470231999 21.484473085962239 536.65917050093412 1797.9221109114587 621.20997101068497 18.636022115126252 1.5060066673904646 10.269510626792906 1.1671771351248015 304.01908774394542 75.587142065167427 3.5990543449297547 1.1811662949621666 4161.770809520036 69.893520280718803 136.49571435153484 2004.7737400531769 1.5003550620749582 92.34390576928854 0.73251555114984501
leaf_count=29434 246829 2724 2712 3030 35 10949 56401 412 2936 1986 233 5067 1225 1678 5418 8655 24171 2693 16980 3357 112383 9377 2350 641 2158 916 1062 1406 5040 60 1460 2554 5952 1322 12453 3109 956 18731 76341 509 243424 522 51 605 6802 77996 4653 691 54 325 54 15235 2477 153 43 23179 1288 1476 10785 50 1033 43
internal_value=1.68222e-05 -0.0568911 0.0568912 -0.0588594 0.057984 0.0568725 -0.0568414 0.0583472 0.0569553 0.0584388 -0.0579933 -0.0579404 -0.0597219 0.0572237 0.0568376 0.0569394 -0.0569454 0.0569706 0.0568292 -0.0577104 -0.0568208 0.0569172 0.0569886 0.0573743 0.0570121 0.0588317 0.0581986 -0.0598711 0.0570495 -0.0582876 -0.05827 0.0574221 0.0568148 -0.0592728 0.0569026 0.0569877 0.0570589 -0.0570089 -0.0569201 0.0570673 -0.0568121 0.0581211 -0.0591231 0.0570252 0.0568535 -0.0568494 0.0569785 0.0587378 -0.0594371 -0.0597781 -0.0578409 -0.0569873 -0.0597586 -0.0594758 -0.0590946 0.0568112 0.0569743 0.0568847 0.0568494 0.0571831 0.0568743 -0.05965
internal_weight=47783.3 23884.6 23898.7 587.703 400.446 23498.2 23296.9 286.817 6973.39 267.061 293.236 283.131 294.467 389.191 16524.8 6584.2 3852.22 978.499 15546.3 170.33 19444.7 4512.92 764.435 265.598 755.877 101.308 165.753 221.059 601.121 112.801 111.279 231.986 9749.44 73.4081 3748.49 2071.28 237.764 1094.97 2757.25 113.63 14888.1 127.205 38.4137 94.3522 5796.9 4556.54 1833.52 82.3611 34.9944 132.653 110.291 760.358 122.384 10.1047 36.9389 9194.89 71.3674 673.155 5123.75 22.9848 554.555 6.50564
internal_count=1076644 894595 182049 23084 10788 171261 871511 8301 60311 7889 13457 13028 9627 7809 110950 52502 190879 15309 95641 8478 680632 35129 11727 6131 12616 3593 4296 6932 10458 4550 4490 5490 59598 2695 23402 17373 4065 58137 132742 2487 490253 3234 1416 1978 36043 190379 13308 2677 1279 4208 5121 39406 3883 429 1365 52613 1323 8278 27765 655 6985 276
is_linear=0
shrinkage=0.05


Tree=15
num_leaves=63
num_cat=0
split_feature=26 35 13 35 35 13 35 4 35 4 4 35 1 30 4 4 30 4 30 4 31 35 13 4 0 30 35 4 4 30 38 12 1 3 34 0 30 35 0 22 17 17 20 7 34 12 4 4 35 17 9 35 17 9 20 9 1 20 20 0 17 3
split_gain=52002.6 520.87 78.297 54.4246 36.4356 17.7602 19.5158 10.8243 10.7193 5.15012 4.69339 4.54679 4.39963 4.24929 4.04553 5.37268 3.27921 3.05245 2.28992 2.23004 1.74076 1.45074 1.12354 0.991182 1.00568 0.948995 0.789947 0.667753 0.653467 0.607885 0.520659 0.505356 0.44642 0.377813 0.370722 0.751686 1.73823 0.334507 0.317012 0.255724 0.246745 0.221064 0.216899 0.211024 0.115625 0.112568 0.0853884 0.0807156 0.096734 0.0888015 0.0797283 0.0358278 0.0369306 0.016534 0.0171944 0.0126213 0.00939142 0.00805065 0.0153939 0.00622414 0.00602274 0.0059417
threshold=1.0000000180025095e-35 8.5000000000000018 1.0000000180025095e-35 3.5000000000000004 11.500000000000002 1.0000000180025095e-35 6.5000000000000009 0.9529346525669099 16.500000000000004 0.064583335071802153 0.95505049824714672 2.5000000000000004 12.500000000000002 1.0000000180025095e-35 0.90550595521926891 0.064583335071802153 1.0000000180025095e-35 0.080128207802772536 1.0000000180025095e-35 0.13961039483547213 1.0000000180025095e-35 9.5000000000000018 1.0000000180025095e-35 0.95683228969573986 23.500000000000004 1.0000000180025095e-35 12.500000000000002 1.0000000180025095e-35 0.78416147828102123 1.0000000180025095e-35 1.0000000180025095e-35 1.9788243770599367 28.500000000000004 0.021719007752835754 1.5000000000000002 14.500000000000002 1.0000000180025095e-35 1.5000000000000002 24.500000000000004 1.4751618504524233 5886.0000000000009 3706.5000000000005 2.5000000000000004 1.5000000000000002 2.5000000000000004 110.12399673461915 0.94201681017875682 0.83602148294448864 7.5000000000000009 5829.5000000000009 361.50000000000006 6.5000000000000009 1671.0000000000002 531.50000000000011 1.5000000000000002 361.50000000000006 9.5000000000000018 22.500000000000004 23.500000000000004 8.5000000000000018 1512.5000000000002 0.016599218361079696
decision_type=2 2 2 2 2 2 2 2 2 2 2 2 2 2 2 2 2 2 2 2 2 2 2 2 2 2 2 2 2 2 2 2 2 2 2 2 2 2 2 2 2 2 2 2 2 2 2 2 2 2 2 2 2 2 2 2 2 2 2 2 2 2
left_child=56 3 4 11 7 6 13 9 10 25 17 34 -11 19 15 -8 21 -6 -12 -5 -16 -9 29 27 -25 -3 31 -10 38 30 -13 43 40 -34 59 37 -37 -36 -28 -15 -30 46 -43 -4 -31 -18 -33 48 50 -50 -7 55 -53 61 -55 -49 -1 -58 -59 -2 -60 -24
right_child=1 2 26 5 8 47 14 16 23 12 18 22 -14 39 20 -17 45 -19 -20 -21 -22 -23 53 24 -26 -27 28 -29 32 44 -32 41 33 -35 35 36 -38 -39 -40 -41 -42 42 -44 -45 -46 -47 -48 51 49 -51 -52 52 -54 54 -56 -57 57 58 60 -61 -62 -63
leaf_value=-0.056086095709744425 0.056086631905002043 0.015107727979383076 0.042877108022259441 0.050167128979414437 0.0038044739596411665 0.054598919997845746 0.038646873409767094 0.025692218267929778 -0.013501725978288191 -0.021374330642636968 -0.0010573395185904638 0.052505594488823443 0.0035208236785262896 0.053424460861140104 0.039839011197256052 0.017745905849635642 0.051361254051094332 -0.021905314713899567 0.043876517573216173 0.045261761617889557 0.021043617910789666 0.015721295238121623 0.055844703888982286 -0.010680095178462769 -0.028410333443582975 0.048160703567188205 0.029994304555623505 -0.039640467104015177 0.047269883194853868 0.053707549227860876 0.049401951005229892 0.048103595013271543 0.040054284004296441 0.015996890903077095 0.055964049095271431 0.049190688675615817 0.055454478278515268 0.055141054711783627 -0.0054828780939803583 0.04818429812090641 0.021945368154664545 0.048523416741645294 0.033800033000936119 0.014354131701677268 0.055530450264583309 0.041326882744989565 0.052564217366895961 0.055543211976462517 0.050503565508585507 0.034842407893209741 0.050412528665944305 0.055174769776241486 0.05329063683593286 0.055278965222668446 0.051631287411878814 0.054725229809041355 -0.056170609993641374 -0.046057837298734472 -0.05067038708720685 0.056177778459614816 -0.056363217960656603 0.055428831400749771
leaf_weight=16850.500361907296 6639.0358878970146 32.84785779658705 1.2458914518356314 307.33086930587888 14.648457365110515 99.963356751948595 56.712221028283238 61.579846330918372 2.7366966735571649 28.494819925166667 108.99503514543176 931.14911164157093 47.051558160223067 286.01675854250789 199.77446484006941 67.15481226798147 6.9651145190000516 54.491087330505252 2.9111205190420142 941.38623070344329 13.128587214276193 89.502386897802353 255.59655464813113 10.164069219492374 37.526194264180958 2.3253465425223103 1.7046500984579318 22.79481503739953 21.077169324271388 227.30707926303148 158.06850885972381 13.600642969831823 4.7633052384480825 2.4825763627886772 5736.2248916812241 145.48801390361041 463.96588710974902 1573.3159849289805 0.99851605482399453 25.34516666084528 1.0078400075435627 8.6801525317132455 3.5140626085922113 1.3523048497736454 140.91729641333222 4.6681840345263481 50.80826366879046 372.62545292824507 4.9189051389694205 1.1092480365186927 12.83296920917928 65.070840178057551 43.323519764468074 8.8919529691338521 5.0743021052330723 53.991112343966961 4321.5137107875198 0.54724078532308285 0.58288996294140849 2609.0782559886575 2.2893346073105931 129.35429773665965
leaf_count=644445 39969 1059 36 5912 590 1317 1448 1952 142 1103 4726 13851 1671 4293 5439 2006 129 2483 73 19798 432 3127 2879 548 2265 59 55 1296 652 3242 2584 278 185 105 32548 1915 3477 16146 46 483 38 224 117 45 1488 127 1046 4509 121 31 199 913 663 124 70 734 227061 40 42 12513 138 1440
internal_value=-3.90284e-05 0.053406 0.0089154 0.0547236 0.000879401 0.0478653 0.0454157 0.0135488 -0.0127451 0.00148889 -0.00621627 0.0556431 -0.00586921 0.0477721 0.0345 0.0273154 0.021755 -0.0164582 0.000111567 0.0464691 0.03868 0.0197854 0.0532925 -0.028888 -0.0246315 0.0172929 0.0470383 -0.0368387 0.040413 0.0526489 0.0520552 0.049718 0.0425809 0.0318118 0.0558973 0.0556462 0.0539592 0.0557869 0.0168895 0.0529979 0.0461142 0.0504536 0.0442805 0.0280315 0.0544052 0.0473347 0.0516223 0.0549716 0.0537928 0.0476217 0.0541226 0.0552334 0.0544217 0.0556436 0.0539537 0.0554397 -0.056103 -0.0561687 -0.0537436 0.0561123 -0.0552079 0.055705
internal_weight=43388.5 22213.1 638.938 21574.2 527.703 2550.68 1896.85 273.435 254.267 110.72 181.046 19023.5 75.5464 1560.08 336.77 123.867 162.716 69.1395 111.906 1248.72 212.903 151.082 1856.36 73.2218 47.6903 35.1732 111.235 25.5315 32.0341 1457.44 1089.22 79.2013 29.3309 7.24588 17167.1 7918.99 609.454 7309.54 2.70317 311.362 22.085 76.6031 12.1942 2.5982 368.224 11.6333 64.4089 653.835 118.824 6.02815 112.796 535.011 108.394 398.917 13.9663 426.617 21175.4 4324.93 3.41947 9248.11 2.87222 384.951
internal_count=1076447 204721 24177 180544 21350 48298 39811 9227 12123 3892 7872 132246 2774 30486 9325 3454 5335 3073 4799 25710 5871 5079 25678 4251 2813 1118 2827 1438 1081 21165 16435 1746 980 290 106568 54086 5392 48694 101 4776 690 1665 341 81 4730 256 1324 8487 1668 152 1516 6819 1576 4513 194 5243 871726 227281 220 52482 180 4319
is_linear=0
shrinkage=0.05


Tree=16
num_leaves=63
num_cat=0
split_feature=19 26 1 1 34 1 13 1 1 1 1 13 34 18 0 34 1 4 13 34 1 1 18 0 19 4 1 19 1 13 1 34 1 0 34 1 30 31 30 1 9 0 19 1 17 30 0 0 13 30 18 34 8 1 20 34 0 1 1 10 1 3
split_gain=48730.7 1.00452 0.0786757 0.0722777 0.0432709 0.0210967 0.0112356 0.00891804 0.00859953 0.00796285 0.00768383 0.00671987 0.00808412 0.00651976 0.00453744 0.00287411 0.00286511 0.00214831 0.00196791 0.00258784 0.00188765 0.00150036 0.00127907 0.0015577 0.00117596 0.00116715 0.000875553 0.000845683 0.000817158 0.000615527 0.000536494 0.000478475 0.000456031 0.000391401 0.000370684 0.000351846 0.000334835 0.000415273 0.000282333 0.000281128 0.00028035 0.000273265 0.000265978 0.000212658 0.00019856 0.000193582 0.000189187 0.000182699 0.000168928 0.000231311 0.000167514 0.000155623 0.000134666 0.000131575 0.000128638 0.000117163 0.000114938 0.000108289 0.000107193 0.000105604 0.00010504 0.000104541
threshold=6.5000000000000009 1.0000000180025095e-35 10.500000000000002 9.5000000000000018 1.5000000000000002 10.500000000000002 1.0000000180025095e-35 4.5000000000000009 13.500000000000002 16.500000000000004 8.5000000000000018 1.0000000180025095e-35 1.5000000000000002 1.5000000000000002 21.500000000000004 1.5000000000000002 17.500000000000004 0.95505049824714672 1.0000000180025095e-35 1.5000000000000002 6.5000000000000009 7.5000000000000009 1.5000000000000002 12.500000000000002 16.500000000000004 0.93649193644523632 2.5000000000000004 15.500000000000002 6.5000000000000009 1.0000000180025095e-35 25.500000000000004 1.5000000000000002 12.500000000000002 24.500000000000004 1.5000000000000002 3.5000000000000004 1.0000000180025095e-35 1.0000000180025095e-35 1.0000000180025095e-35 8.5000000000000018 2036.0000000000002 6.5000000000000009 13.500000000000002 29.500000000000004 1990.0000000000002 1.0000000180025095e-35 22.500000000000004 3.5000000000000004 1.0000000180025095e-35 1.0000000180025095e-35 1.5000000000000002 1.5000000000000002 3.5000000000000004 7.5000000000000009 1.5000000000000002 2.5000000000000004 24.500000000000004 79.000000000000014 36.500000000000007 722.00000000000011 4.5000000000000009 0.011495822109282018
decision_type=2 2 2 2 2 2 2 2 2 2 2 2 2 2 2 2 2 2 2 2 2 2 2 2 2 2 2 2 2 2 2 2 2 2 2 2 2 2 2 2 2 2 2 2 2 2 2 2 2 2 2 2 2 2 2 2 2 2 2 2 2 2
left_child=3 5 10 7 6 20 9 26 18 17 28 12 13 14 -10 25 32 -4 19 22 35 41 23 -5 -11 27 -1 -12 51 34 54 53 -7 -15 50 -2 37 40 55 -22 -6 -9 -27 44 -8 -21 -13 -28 49 -43 -23 60 57 -30 -18 -14 -40 -32 -54 -39 -3 -34
right_child=1 2 4 8 36 16 43 21 11 24 15 46 38 33 -16 -17 30 -19 -20 45 39 29 -24 -25 -26 42 47 -29 31 -31 52 -33 61 -35 -36 -37 -38 59 56 -41 -42 48 -44 -45 -46 -47 -48 -49 -50 -51 -52 -53 58 -55 -56 -57 -58 -59 -60 -61 -62 -63
leaf_value=0.055430309783043245 -0.055431063803694891 -0.058780733449075778 -0.056962440519063497 0.055685682156833866 -0.058036837083006304 -0.055533063188867762 -0.058726659866078224 0.055498528778229556 0.055886086482531273 -0.056774213610563486 -0.057957065037941527 0.055610468506502655 0.055774319821666821 0.055601955229903667 0.056122877672758836 -0.05867035455015468 -0.055614749939496437 -0.057364009076916717 0.05555599009797936 0.055627897879349554 -0.055468267460171916 0.055602354695405448 0.05558117718982946 0.055816914103248252 -0.05647890208238443 -0.058312054216988429 0.055450633796143789 -0.057389075219246313 -0.058500171838939088 0.05550730867833617 -0.055733720720361396 -0.058760107793972817 -0.055599696436560569 0.055733869913131832 0.055543226795220925 -0.055448179146504434 -0.058788764474259049 -0.058506394655126671 0.055618993624426495 -0.055495947255501457 -0.058778500459321883 0.05554148168127452 -0.057954275969927152 -0.058007588365095786 -0.058266217093216825 0.055563906269308676 0.055668491912890507 0.055470614401868693 0.055494766835666703 0.0554997066857921 0.055537865814562638 -0.058835912071395262 -0.055633072634878794 -0.05831986572604414 -0.055659067218682814 0.055676153133024188 0.055679135301410256 -0.05596340557255939 -0.055760665157930323 -0.058707412064770204 -0.058644266179859655 -0.055568545324561153
leaf_weight=4020.5522316768765 6501.636888647452 21.739789547398686 67.518682328052819 623.73452032916248 6.6876702271401864 1032.8909991234541 5.9609374841675145 2662.6702773831785 555.9461202993989 62.998381786979735 10.401478652842341 321.19283107854426 64.935882597230375 108.05646700039506 318.05089732073247 12.156323463656006 343.70142286084592 65.727903439663351 508.09892051294446 165.11903816647828 2315.3819149350747 855.00410397909582 161.00712828524411 354.71858286485076 72.51426912099123 8.0534926876425761 1989.9291369318962 17.714011342264715 19.163408113643527 412.49795936234295 198.63791487365961 12.375560291111467 375.85919689480215 117.24173884652555 545.31339118257165 5579.7691496238112 12.605842018499969 17.429311492480341 227.04985540360212 1519.1938665118068 1.5740648396313188 1199.2316585145891 14.633689429610966 2.2573608495295039 3.8560785539448261 415.77807606384158 249.69381169229746 2691.5938338004053 429.97002828121185 457.87957363203168 114.14131821319461 27.095181429758668 65.025570440106094 21.435631608590484 312.73036195524037 57.141687850467861 122.1986647117883 5.2677553361281744 22.040374847128987 10.451504259370266 40.12761209718883 950.20478890370578
leaf_count=29688 246979 670 3114 6851 305 56520 239 23783 7668 3488 406 3508 1242 776 5913 435 21639 2867 4871 2352 112432 9031 1116 4708 3974 292 15787 728 667 3755 12988 415 22139 1208 5670 243569 486 756 2421 78074 73 11403 560 120 161 4029 3052 22176 3689 4290 679 827 3857 780 17821 1005 1327 389 1468 457 1307 54151
internal_value=-1.14594e-05 -0.055532 -0.0576701 0.0555318 -0.0571918 -0.0554725 -0.0569531 0.0554808 0.0557112 -0.0568861 -0.0584395 0.0557828 0.0558362 0.0559104 0.0559723 -0.0579797 -0.0555875 -0.0571605 0.0556424 0.055668 -0.0554487 0.0555242 0.0557118 0.0557333 -0.0566162 -0.0578145 0.0554474 -0.0575992 -0.0586434 0.0555615 -0.0556609 -0.0584879 -0.055558 0.0556706 0.0555762 -0.055439 -0.0585669 -0.0584895 0.0556629 -0.0554792 -0.0581781 0.0555091 -0.0580813 -0.0584452 -0.0585458 0.0555821 0.0556358 0.0554621 0.0555227 0.0555299 0.0555948 -0.058736 -0.0557174 -0.058405 -0.0556359 0.0557284 0.05564 -0.0557397 -0.0556654 -0.0585817 -0.0586922 -0.0555774
internal_weight=39505.6 19756.8 534.478 19748.7 329.582 19222.3 280.834 15378.8 4369.96 268.759 204.896 2141.51 1570.62 1099.3 873.997 62.959 3306.36 133.247 2228.46 1720.36 15916 6676.71 1139.46 978.453 135.513 50.8027 8702.08 28.1155 141.937 1926.96 947.403 52.9746 2358.95 225.298 1514.46 12081.4 48.7484 36.1426 471.326 3834.58 8.26174 4749.75 22.6872 12.0744 9.81702 580.897 570.887 4681.52 2087.08 1657.11 969.145 88.9626 290.972 40.599 656.432 122.078 349.249 203.906 87.0659 27.8808 61.8674 1326.06
internal_count=1077151 895153 23127 181998 16040 872026 13963 129951 52047 13443 7087 28120 21560 15565 13581 2421 190972 5981 23927 19056 681054 62300 12675 11559 7462 1986 67651 1134 4666 19135 58162 1862 132810 1984 15380 490548 2077 1591 5995 190506 378 43165 852 520 400 6381 6560 37963 19382 15693 9710 2804 18702 1447 39460 2247 3748 13377 5325 1213 1977 76290
is_linear=0
shrinkage=0.05


Tree=17
num_leaves=63
num_cat=0
split_feature=19 26 35 35 35 35 35 35 35 3 30 20 35 30 11 3 30 10 11 35 20 25 25 35 30 25 14 19 20 20 14 35 19 35 10 35 30 24 20 35 3 25 20 19 11 11 11 10 35 11 30 3 31 20 35 30 11 3 20 35 30 11
split_gain=43245.3 0.707557 0.136657 0.126043 0.0168183 0.00796652 0.00712799 0.00627185 0.00490612 0.0038642 0.00287958 0.00284741 0.0019814 0.0019339 0.00145789 0.00138274 0.00132577 0.00116764 0.00102521 0.000902181 0.000834835 0.000905475 0.000828537 0.000717464 0.000715404 0.000686291 0.00058545 0.000564627 0.000530373 0.000524468 0.000486402 0.000483112 0.000452374 0.000375862 0.000374835 0.000355352 0.00032348 0.000311151 0.000306068 0.000304337 0.000283649 0.000280565 0.00044392 0.000276752 0.000274326 0.000268216 0.000263344 0.000252248 0.000247285 0.000204226 0.000185567 0.000182394 0.000179289 0.00015826 0.000154684 0.000154081 0.000150637 0.000145395 0.000136117 0.000131564 0.000130364 0.000128565
threshold=6.5000000000000009 1.0000000180025095e-35 8.5000000000000018 8.5000000000000018 3.5000000000000004 11.500000000000002 11.500000000000002 6.5000000000000009 6.5000000000000009 0.0059924323577433833 1.0000000180025095e-35 2.5000000000000004 16.500000000000004 1.0000000180025095e-35 0.033427551388740546 0.0059924323577433833 1.0000000180025095e-35 193.50000000000003 0.024759654887020591 3.5000000000000004 2.5000000000000004 1.0000000180025095e-35 1.0000000180025095e-35 16.500000000000004 1.0000000180025095e-35 1.0000000180025095e-35 261.50000000000006 11.500000000000002 1.5000000000000002 4.5000000000000009 261.50000000000006 7.5000000000000009 12.500000000000002 4.5000000000000009 106.50000000000001 7.5000000000000009 1.0000000180025095e-35 1.0000000180025095e-35 4.5000000000000009 10.500000000000002 0.00098261452512815616 1.0000000180025095e-35 1.5000000000000002 11.500000000000002 0.033461561426520355 0.033279810100793845 0.024759654887020591 466.00000000000006 14.500000000000002 0.033427551388740546 1.0000000180025095e-35 0.0085140499286353605 1.0000000180025095e-35 4.5000000000000009 2.5000000000000004 1.0000000180025095e-35 0.033461561426520355 0.005848013563081623 9.5000000000000018 2.5000000000000004 1.0000000180025095e-35 0.033238666132092483
decision_type=2 2 2 2 2 2 2 2 2 2 2 2 2 2 2 2 2 2 2 2 2 2 2 2 2 2 2 2 2 2 2 2 2 2 2 2 2 2 2 2 2 2 2 2 2 2 2 2 2 2 2 2 2 2 2 2 2 2 2 2 2 2
left_child=2 11 4 7 9 10 24 19 16 40 14 15 27 17 37 -2 33 18 48 -3 21 28 53 44 32 -22 47 -8 -11 51 -20 49 61 -6 -28 -9 45 -4 -27 -34 -1 42 52 -14 -19 -33 -39 -16 -7 55 -21 -24 -17 -13 -42 -10 -35 -31 -59 -23 -37 -5
right_child=1 3 5 6 8 13 12 35 31 20 -12 22 43 -15 26 41 -18 23 30 50 25 59 29 -25 -26 38 34 -29 -30 57 -32 36 39 56 -36 60 -38 46 -40 -41 54 -43 -44 -45 -46 -47 -48 -49 -50 -51 -52 -53 -54 -55 -56 -57 -58 58 -60 -61 -62 -63
leaf_value=0.054861014645606401 -0.054866179150719875 -0.057925389281986817 0.056106911036188402 -0.056424286877485769 0.055026861034892106 0.056302934382821294 -0.056174319001295263 -0.057327738043232428 0.055252286117004529 0.054923246700819266 0.05512552318553169 -0.054993139406047623 -0.055790136379554406 0.055200811801466423 0.055429066998916643 -0.054901451704302731 0.05494034885118191 0.056514889424210304 0.055877245184879611 -0.057679122554130872 0.055000332083919724 0.05489006210176061 -0.054886654962322451 0.056936154998057424 -0.057412968517876223 0.054926712672945757 0.05562048974564951 -0.055872419760797931 0.054957033582730255 -0.054908921318720987 0.056188330958205038 0.055404341962020244 -0.056344854154426506 0.055097839476260929 0.055909622374860295 -0.057066091509459009 0.055084636232858086 0.055964596028430763 0.054967326099155049 -0.056118314742015535 0.054882514079282234 -0.054875052060112062 -0.054935391372050627 -0.055489506260211652 0.056225263805172301 0.05525614528708498 0.055800327146715414 0.055873421974388028 0.056602171051205775 0.055130670794947371 -0.057919580453015151 -0.054928603432248271 -0.054877728896186986 -0.055066003599804264 0.054929477981915387 0.055090044542113692 0.055049369721739343 -0.05497341083415315 -0.055053589503531709 0.0549328167531698 -0.057607272657247605 -0.056654844390339243
leaf_weight=2114.9492236040533 4194.9581028167158 72.232607459649444 19.321656090207398 13.979940964840354 677.54775960557163 17.735867852345113 19.672510047443211 29.159593565389514 109.59569127392024 4774.6162962652743 16.547943501733243 435.05135352630168 9.432159851305185 4.1679324274882665 28.254005738534037 8089.9135268591344 321.73556219041348 22.351182347163558 23.052163663320243 101.65958764310926 612.81794067285955 1964.7933955453336 383.38768181018531 7.8997249891981474 1.5796194095164526 1399.7958194483072 23.306763740256429 72.799324666149914 1534.9134595729411 76.130894623696804 27.621225642040372 66.877389539033175 47.760130567476153 422.75621490273625 21.596394260413945 30.511856703087691 14.198362187482415 51.892134363763034 693.82873050216585 21.499046971090138 2063.7270393110812 1025.4940274981782 930.87523161992431 40.639022716321051 12.891386512666939 56.178723400458694 46.048348688520491 3.600837509147822 11.304747426882384 85.755165728740394 8.7110008522868139 799.52854298334569 883.42775418050587 89.925328469835222 191.60924485139549 16.889187976717949 258.20357024203986 437.19346029218286 60.226083018817008 198.07155374065042 1.1549092736095179 10.654928339645265
leaf_count=17637 186361 2700 557 713 12530 599 1159 1271 2766 38553 400 23792 681 117 751 419527 5385 817 814 3883 5063 16308 17199 419 73 12042 637 4104 12024 3613 1064 1844 2324 9513 658 1353 332 1512 6053 1096 16014 56181 48712 2738 462 1394 1347 106 515 1902 330 41310 42646 5397 3127 393 5377 23806 3652 3184 50 537
internal_value=4.43983e-05 -0.0549507 0.0549508 -0.0568416 0.0549317 0.0559473 -0.0560234 -0.0576415 0.0550671 0.054914 0.0557586 -0.0548984 -0.0557995 0.05626 0.0558126 -0.0548906 0.0550316 0.056296 0.0561826 -0.057788 0.0549296 0.0549219 -0.0549505 0.0565055 -0.0563577 0.0549538 0.0556432 -0.0559366 0.0549315 -0.054934 0.0560468 0.0552375 -0.05634 0.0550532 0.0557595 -0.0572018 0.0553106 0.0559235 0.0549402 -0.0562745 0.0548742 -0.0548999 -0.0549025 -0.0555461 0.0564089 0.0553367 0.0558874 0.0554793 0.0564194 0.0551902 -0.0576981 -0.054915 -0.0548991 -0.0550056 0.0548865 0.0552306 0.0550795 -0.0549733 -0.0549831 0.054894 -0.0570858 -0.056524
internal_weight=35804 17887.6 17916.5 481.446 17578.9 337.592 238.017 243.43 2029.74 15549.1 210.568 17406.1 142.543 127.024 194.02 15124.7 1680.24 122.856 79.714 182.603 11178.8 8472.39 2281.44 43.1423 95.4737 2706.44 76.758 92.4718 6309.53 1756.47 50.6734 349.495 93.894 1358.51 44.9032 60.8264 137.254 117.262 2093.62 69.2592 4370.29 10929.7 9904.22 50.0712 35.2426 123.056 97.9405 31.8548 29.0406 212.24 110.371 1182.92 8973.34 524.977 2255.34 126.485 680.96 573.55 497.42 2162.86 31.6668 24.6349
internal_count=1077424 895208 182216 23012 171441 10775 13425 9587 41436 130005 5968 872196 8682 4807 5568 753427 32805 4690 2992 6913 93227 70069 118769 1698 4743 23158 2152 5263 50577 89580 1878 8631 4670 27420 1295 2674 3570 3416 18095 3420 36778 567066 510885 3419 1279 3238 2859 857 1114 5061 4213 58509 462173 29189 19141 3159 14890 31071 27458 19492 1403 1250
is_linear=0
shrinkage=0.05


Tree=18
num_leaves=63
num_cat=0
split_feature=26 35 13 35 35 13 35 18 35 30 18 18 35 0 35 0 18 30 0 30 1 13 35 0 18 8 35 30 18 8 0 3 0 34 1 30 30 12 7 35 0 9 3 5 12 0 1 9 5 35 18 9 9 21 12 34 9 25 0 11 9 1
split_gain=36227 374.827 56.186 43.4987 26.7063 14.9181 14.3669 6.23217 5.6362 5.14627 4.91256 4.06581 3.61967 3.46951 3.33169 3.16282 3.03313 2.58739 1.98107 1.92644 1.72967 0.926366 0.866087 0.747295 0.628267 0.617897 0.605886 0.552668 0.808107 0.534068 0.513649 0.497592 0.410084 0.393887 0.753105 1.93777 0.387446 0.292165 0.289939 0.241202 0.185616 0.174932 0.174321 0.170847 0.148638 0.125192 0.168967 0.123825 0.0877801 0.0645248 0.075563 0.0714199 0.0673636 0.0634793 0.0634137 0.059793 0.0286405 0.031972 0.0176499 0.017594 0.0144672 0.0111761
threshold=1.0000000180025095e-35 8.5000000000000018 1.0000000180025095e-35 3.5000000000000004 12.500000000000002 1.0000000180025095e-35 6.5000000000000009 1.5000000000000002 16.500000000000004 1.0000000180025095e-35 1.5000000000000002 1.5000000000000002 2.5000000000000004 20.500000000000004 9.5000000000000018 10.500000000000002 1.5000000000000002 1.0000000180025095e-35 27.500000000000004 1.0000000180025095e-35 32.500000000000007 1.0000000180025095e-35 18.500000000000004 54.500000000000007 1.0000000180025095e-35 2.5000000000000004 12.500000000000002 1.0000000180025095e-35 1.5000000000000002 2.5000000000000004 38.500000000000007 0.0073531283996999272 52.500000000000007 1.5000000000000002 11.500000000000002 1.0000000180025095e-35 1.0000000180025095e-35 3.7467775344848637 1.5000000000000002 1.5000000000000002 19.500000000000004 344.50000000000006 0.020254764705896381 59.500000000000007 3.7467775344848637 42.500000000000007 31.500000000000004 212.50000000000003 52.500000000000007 6.5000000000000009 1.5000000000000002 188.50000000000003 8.5000000000000018 -0.00041794497519731516 599.10806274414074 2.5000000000000004 361.50000000000006 1.0000000180025095e-35 13.500000000000002 0.041468210518360145 62.500000000000007 10.500000000000002
decision_type=2 2 2 2 2 2 2 2 2 2 2 2 2 2 2 2 2 2 2 2 2 2 2 2 2 2 2 2 2 2 2 2 2 2 2 2 2 2 2 2 2 2 2 2 2 2 2 2 2 2 2 2 2 2 2 2 2 2 2 2 2 2
left_child=24 3 4 12 7 6 10 9 16 14 17 19 33 -13 -3 -12 20 -5 25 -8 -6 27 23 -10 61 -9 37 28 -14 -20 -18 -24 40 -2 39 -36 45 38 -4 -35 48 -11 60 47 -42 46 -26 -39 -28 56 52 -52 -51 -40 -48 -29 58 -58 -7 -47 -34 -1
right_child=1 2 26 5 8 49 11 18 22 41 15 13 21 -15 -16 -17 30 -19 29 -21 -22 -23 31 -25 36 -27 32 55 -30 -31 -32 -33 42 34 35 -37 -38 43 53 -41 44 -43 -44 -45 -46 59 54 -49 -50 50 51 -53 -54 -55 -56 -57 57 -59 -60 -61 -62 -63
leaf_value=-0.054369922833962248 0.054397907961513198 0.020609564379619708 0.046547002456007888 0.045471561536658218 -0.0057470603811409556 0.053455565071232253 0.033225562542308747 -0.021207631285985636 -0.020137043196239868 0.046283089326104948 0.0066412956901472451 -0.019377642090630733 0.050566556044490091 0.028472888178560057 0.0081943814256353036 0.037273594403296528 -0.044397300081903332 0.051518425311876198 0.012521852300947128 0.047251625824478616 0.021134519728593006 0.053893171643221542 -0.002599145273311908 0.023915312159651991 -0.051919583749110015 -0.046871234506228855 0.049273777000504795 0.05216604014281976 0.043819526972514761 -0.013550595072450414 -0.013546920893382828 -0.031772984674412939 0.03429738084383769 0.05421781000715007 0.046455721288567481 0.053730095686665459 -0.0013526254002157786 0.05034486171022861 0.0072057205698301307 0.053380308515584174 0.022008392072994289 0.032586349333447194 -0.00026668140683280047 0.032917996057673531 0.039235348823296406 -0.053502619502848486 -0.0030774784240578208 0.045052465141342486 0.032803878655264664 0.048181079161241966 0.050631474726133135 0.038863130763939747 0.052890723515420839 0.027612044109890533 -0.030284309935824288 0.053655552176140479 0.053129522252840372 0.050153367159485013 0.054174304953566871 -0.041755465601543557 0.023507462965149984 -0.054480151038987193
leaf_weight=12921.513151407242 7264.1765071563423 81.364877596497536 1.9532592892646781 932.76084974221885 87.57967836689204 236.26140390522778 233.76935951318592 5.6650926480069774 22.997106440365318 11.167089658789335 9.7838636804372054 6.530755058862268 788.65967717207968 9.0207977928221208 160.89509882032871 60.746550372801721 5.675448144786059 218.3102068239823 4.7323700226843339 27.344203081913292 6.4228767268359652 317.98182458430529 1.525948199443518 1.0047682626172889 0.57040538638830163 4.0025102281942964 6.6456770868972006 176.12788655329496 47.025882104411721 3.3577649584040046 1.7700140848755834 34.655280724167824 0.67916558962315254 3712.1826425120234 120.2986706988886 383.06164549849927 0.7242277543991803 47.210197071544826 0.75907953735440969 1118.8128303065896 1.3634574851021195 2.9462165432050815 0.82274745777249325 1.6741860760375846 15.336065028794108 1.3535812292248008 0.42472465615719557 14.430296375416217 0.92114649340510357 8.2829493749886733 3.7501221299171439 1.9646294657140968 91.093189539387822 0.76535861007869244 0.43203415721654892 109.11692082043737 40.064403412863612 11.647429229691623 133.78225393034518 0.41691710986196984 0.57256345730274916 2797.3993824557401
leaf_count=681085 52490 3132 62 24240 4695 3894 8074 293 1513 311 301 281 15539 332 7071 1626 369 4299 223 793 341 4548 97 59 38 220 227 3292 1007 165 108 2563 31 32229 2171 3718 53 1222 32 15923 61 105 48 50 644 99 31 393 33 176 74 44 1663 30 30 1503 728 219 1816 30 29 190692
internal_value=-1.19817e-06 0.051535 0.0101192 0.0528987 0.0025852 0.0460482 0.0435035 0.0120898 -0.0135349 0.0140739 0.0458335 0.0332152 0.053887 0.00837843 0.0123641 0.0330243 -0.00634349 0.0466184 -0.0165555 0.0346944 -0.00391033 0.0515112 -0.0256572 -0.0182929 -0.0543845 -0.0318327 0.0453702 0.0508355 0.0501869 0.00170063 -0.0370632 -0.0305426 0.0389484 0.0541583 0.0538321 0.0519916 -0.0343749 0.0479028 0.0337928 0.0540239 0.0407724 0.0434238 0.017611 0.0486778 0.0378288 -0.041854 -0.0308347 0.0491059 0.0472688 0.0532852 0.0521767 0.0465857 0.0524982 0.0174509 -0.016797 0.0527358 0.0535614 0.0524592 0.0537154 -0.0507364 0.0293619 -0.0543895
internal_weight=32314.3 16591.5 528.895 16062.6 435.762 2025.11 1498.27 274.131 161.631 256.373 1221.6 276.665 14037.4 15.5516 242.26 70.5304 101.448 1151.07 17.7577 261.114 94.0026 1438.91 60.1831 24.0019 15722.8 9.6676 93.1332 1120.93 835.686 8.09013 7.44546 36.1812 26.3408 12598.5 5334.36 503.36 3.92189 66.7924 3.4777 4831 24.2663 14.1133 2.07448 63.3147 16.6995 3.19766 1.42716 61.6405 7.56682 526.846 105.091 5.71475 99.3761 1.52444 0.856759 285.245 421.755 51.7118 370.044 1.7705 1.25173 15718.9
internal_count=1077165 205107 24127 180980 21265 48560 39946 11520 9745 10619 30466 9480 132420 613 10203 1927 5513 28539 901 8867 5036 25889 4232 1572 872058 513 2862 21341 16546 388 477 2660 1073 106531 54041 5889 281 1789 124 48152 965 416 108 1665 705 228 99 1615 260 8614 1957 118 1839 62 61 4795 6657 947 5710 129 60 871777
is_linear=0
shrinkage=0.05


Tree=19
num_leaves=63
num_cat=0
split_feature=19 26 35 35 13 1 1 35 13 35 35 35 13 35 30 1 1 35 0 35 4 30 4 13 1 35 30 4 30 35 13 4 35 13 30 0 35 4 4 0 1 35 1 4 4 19 1 35 1 35 1 0 4 30 12 13 1 17 20 0 17 20
split_gain=34132.5 0.673853 0.11628 0.113941 0.0314278 0.0205302 0.0144074 0.00870227 0.00699267 0.00642878 0.00629409 0.00525672 0.00421025 0.00340311 0.00331637 0.00247984 0.0020372 0.00200486 0.00191429 0.00187177 0.00150387 0.0014363 0.00122131 0.00119661 0.00118163 0.000986105 0.000723958 0.000662813 0.000563528 0.000540093 0.000805058 0.000473699 0.000470509 0.00043806 0.000426609 0.000399106 0.000393301 0.000373766 0.000373559 0.000346568 0.000342517 0.000339838 0.000334402 0.000268579 0.000217237 0.000217183 0.000215852 0.000210288 0.000191535 0.000185433 0.000177631 0.000168422 0.000165111 0.000157151 0.000155109 0.000154223 0.00011746 0.000113479 0.000110643 0.000106388 9.44233e-05 9.1557e-05
threshold=6.5000000000000009 1.0000000180025095e-35 8.5000000000000018 8.5000000000000018 1.0000000180025095e-35 7.5000000000000009 10.500000000000002 11.500000000000002 1.0000000180025095e-35 11.500000000000002 6.5000000000000009 6.5000000000000009 1.0000000180025095e-35 3.5000000000000004 1.0000000180025095e-35 12.500000000000002 17.500000000000004 16.500000000000004 4.5000000000000009 16.500000000000004 0.95401689410209667 1.0000000180025095e-35 0.9529346525669099 1.0000000180025095e-35 6.5000000000000009 3.5000000000000004 1.0000000180025095e-35 0.95505049824714672 1.0000000180025095e-35 3.5000000000000004 1.0000000180025095e-35 0.95401689410209667 10.500000000000002 1.0000000180025095e-35 1.0000000180025095e-35 10.500000000000002 6.5000000000000009 0.95180022716522228 0.9506097435951234 17.500000000000004 25.500000000000004 2.5000000000000004 12.500000000000002 1.0000000180025095e-35 0.064583335071802153 3.5000000000000004 3.5000000000000004 7.5000000000000009 2.5000000000000004 12.500000000000002 8.5000000000000018 7.5000000000000009 0.99367088079452526 1.0000000180025095e-35 1.9788243770599367 1.0000000180025095e-35 28.500000000000004 2515.0000000000005 1.5000000000000002 51.500000000000007 3609.0000000000005 1.5000000000000002
decision_type=2 2 2 2 2 2 2 2 2 2 2 2 2 2 2 2 2 2 2 2 2 2 2 2 2 2 2 2 2 2 2 2 2 2 2 2 2 2 2 2 2 2 2 2 2 2 2 2 2 2 2 2 2 2 2 2 2 2 2 2 2 2
left_child=2 6 5 10 7 13 24 14 9 20 25 15 28 18 22 29 42 21 41 27 43 31 44 26 46 -3 36 -11 38 35 -31 -9 -24 37 -22 -7 -15 47 -13 -17 58 48 -8 -5 -4 -41 -2 -12 -1 54 -26 52 -20 55 -6 -27 -51 59 -18 -10 -56 -44
right_child=1 3 4 8 49 11 16 17 57 19 33 12 -14 23 -16 39 40 -19 51 -21 34 -23 32 -25 50 53 -28 -29 -30 30 -32 -33 -34 -35 -36 -37 -38 -39 -40 45 -42 -43 61 -45 -46 -47 -48 -49 -50 56 -52 -53 -54 -55 60 -57 -58 -59 -60 -61 -62 -63
leaf_value=0.053907942086699127 -0.053908041700314713 -0.057060134264676134 0.055187780651021215 -0.055424939745262962 0.054561651347504139 0.053999775087319526 -0.054002675989271914 0.055817623735719718 -0.056768702754560578 -0.054813122917382155 -0.056284018695803142 0.054552821693769106 0.05400285664677338 0.054115524819195931 0.054211137721008322 0.054080315499495747 -0.054080201435228639 0.056188973401034015 0.053974448652642698 -0.054562870885246063 -0.055605447148897903 0.054385579236928362 0.054932713196625529 0.053932005102447889 -0.053942227789072088 -0.056779908162624848 0.053974498558831678 -0.055106979777752446 0.054183356034833756 0.054120454609363114 0.053971798719546021 0.05552348932088487 0.055209631147625331 -0.057013955015039613 -0.056786605658484916 0.054042499155715885 0.05435720585682452 -0.056397923554484135 0.054396230767986137 0.054108898951721177 -0.054175605307569479 0.053968911013837856 -0.054032293899631316 -0.055127962693865822 0.055415571948421206 0.054156575564983989 -0.053923808496491213 -0.056003516901155959 0.053927070114371291 0.054200820527511441 -0.053967475666221613 0.053990505480522449 0.053950643576938399 -0.0570299873635624 0.054050260441554969 -0.057141498032846919 0.054482379760785737 -0.056290629995992172 -0.054126660448442956 -0.056117528817839185 0.054228521852021094 -0.054062217799621698
leaf_weight=2790.1232099682093 4599.7074316991493 64.776385306380689 17.290377473458648 10.005047099664806 1.7009166786447156 1122.0821609180421 794.7698011090979 19.496602171100676 4.7446389226242882 34.333686855621636 12.418952056206763 60.241158152930439 88.454654973000288 370.74991339817643 11.111336442641912 638.19264914654195 268.50680206995457 15.968502214178441 1385.92662120983 41.898631712421775 38.870607637800276 2.4813873013481489 63.355378807522357 144.56805804185569 1744.4507553027943 89.396322817541659 98.130132244899869 43.503980165347457 21.825165231712162 335.87706575728953 124.9596580862999 45.947732853703201 20.239653796888888 2.0230278614908448 0.77979490719735522 1065.8296688646078 17.634411739185452 26.41847406513989 103.5584397315979 614.68652574717999 231.70310805784538 334.22325160726905 565.19452101923525 31.8453099867329 26.519697120413184 390.68760528229177 4110.7222833298147 14.462982793338597 2464.8870123624802 17.581373220309619 1159.8021353939548 626.55872076191008 1535.3616952802986 7.4881814941763869 49.127113568596542 3.049474796280264 4.6928821848705402 2.787751111201942 245.15928364591673 0.72280219569802273 8.7519530132412893 466.68927478790283
leaf_count=29470 246971 2664 542 551 59 10969 56339 719 241 2288 604 1892 1740 9842 325 7779 21744 934 14069 3296 2123 87 2221 2707 112316 3766 2164 2780 650 8458 2113 1951 749 89 37 10396 578 1264 3549 7543 18762 6895 44179 1880 835 5209 243277 723 23277 659 78127 6350 15623 312 1270 123 215 151 17609 50 288 32071
internal_value=4.16958e-05 -0.0540075 0.0540075 -0.0559586 0.0549747 0.0539869 -0.0539484 0.055283 -0.055124 -0.0550655 -0.0567532 0.0540744 0.0542867 0.053946 0.0550396 0.0540609 -0.0540555 0.0556849 0.0539383 -0.0548323 -0.055408 0.0555663 0.0551118 0.0540583 -0.0539247 -0.0569082 0.0540958 -0.0549774 0.054422 0.0540309 0.0540801 0.0556111 0.0549998 -0.0562918 -0.0556287 0.0540206 0.0541265 -0.0562644 0.0544538 0.0541091 -0.0541251 0.05392 -0.0540271 -0.055199 0.0553257 0.0541274 -0.0539155 -0.0561331 0.0539169 0.0541371 -0.0539523 0.053967 0.0539619 -0.0568097 0.054091 -0.0567918 0.0542601 -0.0565502 -0.0541024 -0.0566826 0.0540772 -0.0540458
internal_weight=29255.1 14616.2 14638.8 429.526 304.265 14334.6 14186.7 222.411 209.492 201.237 220.034 4566.39 274.079 9768.16 138.516 4292.32 2572.02 83.8942 9137.08 119.736 81.5008 67.9257 127.405 631.083 11614.7 164.71 486.514 77.8377 185.625 2648.75 460.837 65.4443 83.595 55.3234 39.6504 2187.91 388.384 53.3004 163.8 1643.57 745.369 5589.23 1826.65 41.8504 43.8101 1005.37 8710.43 26.8819 5255.01 81.8542 2904.25 3547.85 2921.29 99.934 59.58 92.4458 22.2743 8.25519 513.666 5.46744 57.8791 1031.88
internal_count=1076464 894337 182127 22942 10854 171273 871395 8363 13397 12955 9545 60298 7831 110975 4672 52467 190704 3691 95684 8364 4591 2757 4347 15291 680691 6865 12584 5068 6091 31936 10571 2670 2970 2680 2160 21365 10420 2591 5441 20531 58115 59642 132589 2431 1377 12752 490248 1327 52747 2491 190443 36042 29692 4201 1617 3889 874 442 39353 291 1558 76250
is_linear=0
shrinkage=0.05


Tree=20
num_leaves=63
num_cat=0
split_feature=26 1 13 30 0 0 18 13 36 0 0 0 18 0 18 0 18 36 13 0 1 4 12 4 1 36 10 10 17 3 12 0 0 17 30 21 10 10 36 20 10 34 31 10 11 0 8 2 21 30 18 10 14 12 13 1 21 12 4 4 10 12
split_gain=28465 49.7818 19.7606 18.8509 11.9033 4.89245 3.08908 2.33171 2.67531 2.2689 1.47008 1.00775 1.0884 0.820119 0.637179 0.627226 0.598354 0.445069 0.519418 0.361062 0.296274 0.28519 0.259092 0.243738 0.14874 0.147418 0.16572 0.127134 0.0950947 0.137065 0.11361 0.0743105 0.0609535 0.0575402 0.0529761 0.0512013 0.0469249 0.0442246 0.0387305 0.0300549 0.0296933 0.028334 0.0389656 0.0274423 0.0251695 0.0593471 0.0234924 0.0304487 0.0265799 0.0207793 0.0194426 0.0167798 0.0274699 0.0189902 0.0145674 0.0104844 0.0103874 0.00854572 0.0160492 0.0296542 0.00877174 0.0573652
threshold=1.0000000180025095e-35 10.500000000000002 1.0000000180025095e-35 1.0000000180025095e-35 17.500000000000004 6.5000000000000009 1.5000000000000002 1.0000000180025095e-35 0.37500001490116125 23.500000000000004 9.5000000000000018 13.500000000000002 1.5000000000000002 3.5000000000000004 1.5000000000000002 23.500000000000004 1.0000000180025095e-35 0.37500001490116125 1.0000000180025095e-35 42.500000000000007 34.500000000000007 0.14550264924764636 3.7467775344848637 0.99367088079452526 20.500000000000004 0.47500000894069677 1014.0000000000001 1200.5000000000002 3568.5000000000005 0.020619230344891552 191.27256774902347 52.500000000000007 2.5000000000000004 3706.5000000000005 1.0000000180025095e-35 -0.01398552907630801 339.50000000000006 385.50000000000006 0.47500000894069677 11.500000000000002 183.50000000000003 2.5000000000000004 1.0000000180025095e-35 315.50000000000006 0.057486834004521377 21.500000000000004 4.5000000000000009 0.014703196939080955 -0.0089330570772290212 1.0000000180025095e-35 2.5000000000000004 183.50000000000003 271.50000000000006 1.9788243770599367 1.0000000180025095e-35 10.500000000000002 -0.0011193854734301565 5.3359727859497079 0.91779279708862316 0.080128207802772536 377.00000000000006 412.69158935546881
decision_type=2 2 2 2 2 2 2 2 2 2 2 2 2 2 2 2 2 2 2 2 2 2 2 2 2 2 2 2 2 2 2 2 2 2 2 2 2 2 2 2 2 2 2 2 2 2 2 2 2 2 2 2 2 2 2 2 2 2 2 2 2 2
left_child=16 5 3 4 11 13 9 8 10 -6 23 22 -13 32 -12 -8 55 18 21 20 27 -15 -3 -7 33 26 -10 -18 31 37 -31 40 -2 51 36 -33 -35 -30 54 56 -26 42 -34 46 50 -46 47 -5 -48 -27 -45 53 -53 -4 -19 -1 -21 58 59 -9 -59 -62
right_child=1 2 24 43 6 7 15 57 25 -11 14 12 -14 17 -16 -17 19 38 -20 39 -22 -23 -24 -25 28 49 -28 -29 29 30 -32 35 41 34 -36 -37 -38 -39 -40 -41 -42 -43 -44 44 45 -47 48 -49 -50 -51 -52 52 -54 -55 -56 -57 -58 60 -60 -61 61 -63
leaf_value=-0.053523536880919889 0.053442150813381377 0.034857715898037676 0.05050550332273375 0.049437039076822384 0.036227399960769194 0.049048812711158074 0.043687293282514431 0.052883890369774089 0.051784770434342701 0.029866589588639966 0.045803878231628903 0.041147287211277625 0.047521529345482039 0.052270665994753253 0.049344821910704786 0.038167093968852844 -0.012299586897482437 0.052724022183188904 0.053368050645361501 -0.053747601070549024 0.026128541559714655 0.051054606923678018 0.045566499436405089 0.050439036265599681 0.052186971725873658 0.051971693448976668 0.047096137438763529 -0.050372317829313111 0.050562552891814043 0.045170539308472341 0.028797222216654889 0.038765587708120997 0.053017744919817124 0.051089285936802058 0.053305155097231882 0.048758069131422589 0.046798329287211629 0.043966571245711121 0.053440396838456673 -0.032424975237848062 0.050278436014173325 0.053484113496768938 0.052073774908683812 0.050991981716054319 0.044689747315571904 0.053247816502404038 0.052548962816456317 0.052204002036119392 0.050249157635658709 0.053111588961375002 0.053205266419503988 0.052459387840391163 0.050051719267974082 0.052947419564969317 0.053386897986323067 -0.053640392663036968 -0.04444369716799243 0.053181633356398111 0.053165225082083212 0.048760769708131452 0.046818049065835046 0.052931430910027624
leaf_weight=10423.968085916713 2249.1835944075137 5.7234513023868194 8.1758563527837378 10.483750801533459 313.64273890061304 623.42832554318011 88.000741770491004 11.041173752397301 503.20358682889491 253.50941778393462 453.96354154404253 427.35557750519365 79.413159612566233 774.37106855399907 176.41956628020853 123.92001840192825 0.59052435122430258 538.28385345637798 462.71213422529399 0.79881821339949954 0.37512190733104944 1277.5413895882666 429.82028695847839 637.84827844705433 80.522758524864912 46.423524878919125 19.579416655935347 0.34876948036253452 21.978548071347184 4.4954321831464759 1.3861330682411788 1.4667337825521816 1056.0908936541528 67.151126331649721 25.994136189110577 10.176173212006686 7.0393047910183659 2.8734790887683621 429.96980899199843 0.28996978560462583 27.285435755737126 274.48931483924389 121.94456584565341 157.7330665923655 4.7879226300865394 3.5114412177354097 17.905231171287596 192.63369580637664 42.112579243257642 288.03717324137688 10.588532846421002 98.780944406054914 13.461268078535793 303.98559779766947 97.965957798063755 2352.703832434956 0.48041679291054595 565.43556954525411 27.69480103906244 7.2076523080468169 4.0424010604619971 75.630710445344448
leaf_count=680682 26838 137 123 163 9096 9411 1495 139 7744 9447 8900 10227 1059 10139 2078 2955 56 8111 5435 81 33 17047 8392 9955 1427 676 371 32 412 92 48 45 12494 1097 342 221 141 61 5742 26 510 3742 1852 2449 85 47 270 2994 672 3742 126 1506 226 4315 1404 190596 49 7394 356 103 66 1104
internal_value=4.03847e-07 0.0504651 0.0445739 0.0422417 0.0398815 0.0520232 0.0353088 0.0504692 0.0498165 0.0333842 0.0487665 0.043662 0.0421462 0.0527572 0.0467948 0.0404594 -0.0535399 0.0522178 0.0518548 -0.0307663 -0.0114348 0.0515135 0.0454258 0.0497519 0.0520433 0.0521336 0.0516092 -0.0264364 0.0506559 0.0481755 0.0413118 0.0512941 0.0532791 0.0524405 0.0513627 0.0474993 0.0506822 0.0497999 0.0530738 -0.046959 0.0517039 0.0530266 0.05292 0.0514808 0.0509987 0.0483106 0.0518044 0.0520612 0.0509353 0.0529534 0.0511312 0.0526949 0.0521706 0.0528835 0.0528261 -0.0535451 -0.0502535 0.0530655 0.0524066 0.0512554 0.0531124 0.0526213
internal_weight=26338 13558.4 2835.91 2161.14 1721.39 10722.5 779.073 3439.96 2748.9 567.152 1891.66 942.312 506.769 7282.55 630.383 211.921 12779.6 3580.84 2514.62 2.88362 1.31442 2051.91 435.544 1261.28 674.773 857.244 522.783 0.939294 150.185 30.7336 5.88157 119.451 3701.71 524.588 100.185 11.6429 74.1904 24.852 1066.22 1.5692 107.808 1452.52 1178.04 439.756 176.621 8.29936 263.135 203.117 60.0178 334.461 168.322 424.404 112.242 312.161 636.25 12776.7 1.27924 691.052 45.9436 18.2488 645.109 79.6731
internal_count=1076578 205023 60180 49614 42808 144843 22993 52039 42877 18543 30344 19815 11286 92804 10978 4450 871555 47878 32621 277 121 27186 8529 19366 10566 12533 8115 88 2816 613 140 2203 44926 7750 1580 266 1238 473 15257 156 1937 18088 14346 6806 2707 132 4099 3157 942 4418 2575 6170 1732 4438 9515 871278 130 9162 598 242 8564 1170
is_linear=0
shrinkage=0.05


Tree=21
num_leaves=63
num_cat=0
split_feature=26 35 13 35 35 13 35 4 18 18 35 18 4 35 4 0 0 18 4 1 36 1 13 0 5 18 35 4 36 38 5 0 4 34 1 38 0 35 17 4 4 1 3 0 4 37 4 12 20 0 22 18 2 35 17 4 17 18 4 9 1 1
split_gain=25206.4 328.392 50.4079 42.0109 19.7874 18.7845 12.5727 7.23778 5.47601 4.49502 4.20452 3.92941 3.58399 3.36784 3.314 3.28813 2.59996 2.59171 2.59923 2.56064 1.68299 1.49753 1.22572 1.11296 0.911566 0.657363 0.599794 0.56344 0.526289 0.777975 0.513417 0.420047 0.390281 0.384292 0.603347 1.01898 0.361405 0.324221 0.311061 0.299097 0.267551 0.256591 0.307548 0.234894 0.210587 0.207835 0.161837 0.134796 0.125715 0.125155 0.109331 0.0781155 0.0744017 0.0660522 0.0827828 0.0880879 0.0633441 0.0580001 0.0324895 0.0607922 0.0114568 0.00953432
threshold=1.0000000180025095e-35 8.5000000000000018 1.0000000180025095e-35 3.5000000000000004 12.500000000000002 1.0000000180025095e-35 6.5000000000000009 0.94029703736305248 1.5000000000000002 1.5000000000000002 17.500000000000004 1.5000000000000002 0.064583335071802153 2.5000000000000004 0.90399384498596203 10.500000000000002 20.500000000000004 1.5000000000000002 0.95505049824714672 17.500000000000004 0.37500001490116125 9.5000000000000018 1.0000000180025095e-35 26.500000000000004 26.500000000000004 1.0000000180025095e-35 12.500000000000002 0.95683228969573986 0.37500001490116125 1.0000000180025095e-35 34.500000000000007 41.500000000000007 0.98528137803077709 1.5000000000000002 14.500000000000002 1.0000000180025095e-35 41.500000000000007 1.5000000000000002 3609.0000000000005 0.095454547554254546 0.97295320034027111 28.500000000000004 0.021719007752835754 44.500000000000007 0.94201681017875682 1.0000000180025095e-35 0.78416147828102123 3.7467775344848637 2.5000000000000004 11.500000000000002 0.72551456093788158 1.5000000000000002 0.033882126212120063 6.5000000000000009 5868.0000000000009 0.95875850319862377 5853.0000000000009 1.5000000000000002 0.90550595521926891 363.50000000000006 10.500000000000002 8.5000000000000018
decision_type=2 2 2 2 2 2 2 2 2 2 2 2 2 2 2 2 2 2 2 2 2 2 2 2 2 2 2 2 2 2 2 2 2 2 2 2 2 2 2 2 2 2 2 2 2 2 2 2 2 2 2 2 2 2 2 2 2 2 2 2 2 2
left_child=25 3 4 13 7 6 9 12 20 21 17 14 24 33 -8 -11 -13 18 -6 -14 -9 -5 28 -10 -3 60 38 39 29 -15 -29 -19 43 61 37 -36 40 -35 47 -12 -27 56 -43 46 50 -42 -28 -4 -46 -30 -40 -49 -38 58 57 -56 -34 -55 59 -7 -1 -2
right_child=1 2 26 5 10 53 11 8 23 15 27 16 19 22 -16 -17 -18 31 -20 -21 -22 -23 -24 -25 -26 36 32 30 49 -31 -32 -33 41 34 35 -37 52 -39 44 -41 45 42 -44 -45 48 -47 -48 51 -50 -51 -52 -53 -54 54 55 -57 -58 -59 -60 -61 -62 -63
leaf_value=-0.053170416636621878 0.053187376319295314 -0.0023420645350290159 0.0322632703884254 0.042389885651274675 -0.017131841769440725 0.052004854543070224 0.023544715956567073 0.01781880406303632 -0.034276448263602009 -0.0015694666782120961 -0.015424327508929584 -0.022587196550358773 -0.014502465838451668 0.048857992055425084 0.036432907645906169 0.034074269902217465 0.022996990552525378 -0.042888400617845129 6.1624867119589583e-05 0.0080188441016164191 0.03974152822091561 0.046635826853928843 0.052763741419394022 -0.0016818090585287463 0.017924323592370579 -0.043295679844337215 0.016589188568892632 -0.018529343616971363 0.051546346787239378 0.042729278579574259 -0.032887289051300839 -0.01308963268776797 0.044221954245789452 0.052966977662593132 0.052236377678173712 0.045358946957030938 -0.029538520595736417 0.051888685168567886 0.010781503613154218 -0.038356416088594567 -0.018339163595150015 0.038433411302661757 0.0077201347431184487 -0.0027164930498034447 0.046187259670037673 0.031841917193810902 0.036156687518188929 0.04876037108792166 0.031184327567251272 0.049225943093481599 0.032896313224272854 0.03987066267263914 -0.053398793299707516 0.051672462904611985 0.037216219705870607 0.050063248092962281 0.027911811811892562 0.045877771168213538 0.052701052682974418 0.04717892491075279 -0.053298200858451245 0.053361337592246871
leaf_weight=9353.0361755909398 3751.4105332586914 7.3796795234084156 1.3493592906743277 564.95691522583365 35.111222991719842 77.964696845039725 80.159074536524713 121.21798977348953 5.2989644017070514 7.4941425994038573 1.6080337343737472 5.589205149561165 45.015155395492911 529.5648482888937 132.03492885734886 47.358563262969255 7.1038877302780747 5.9810400875285259 58.782642273698002 17.538664469495416 9.4359899107366783 328.36973929591477 312.53749101795256 5.1782427728176117 22.360458375886083 0.36937398323789172 1.696842554956677 18.453429201617841 202.53109713643789 57.3923594718799 9.3967163646593672 1.4740719124674795 12.956511314027011 3067.4383785054088 185.83088616095483 75.838023527525365 0.50101687479764201 902.14846036024392 0.81458842195570325 12.283084158785639 0.3948160489089787 2.5801436956971879 1.191471993923187 0.68193262442946423 5.6481653861701488 0.43222701689228415 2.8009629203006625 46.101017164997756 1.8548154160380361 81.493911370635033 1.7803727984428404 2.6111319307237855 0.93913574749603868 81.9376972746104 2.1711709871888152 3.4616470616310835 0.623960589058698 4.5584928318858138 317.66988041810691 7.1217739749699822 2158.9819577136077 996.95121875219047
leaf_count=680716 41891 368 55 18307 2259 1395 3313 5800 327 295 118 282 2465 13728 5447 1603 315 447 3618 882 335 10134 4519 292 999 36 85 1522 4472 1633 764 106 564 33799 1965 1484 55 16854 35 1004 41 143 67 43 202 40 128 1284 89 1452 67 83 104 1687 66 86 33 110 5081 174 190847 10518
internal_value=-3.32747e-05 0.0497675 0.00828223 0.0513777 0.000518792 0.044023 0.0405766 0.00949316 0.0166131 0.0430975 -0.0141212 0.0299478 -0.00139422 0.0525847 0.0315642 0.0292045 0.00292471 -0.0086208 -0.0063678 -0.008188 0.0194021 0.0439506 0.0500776 -0.0181669 0.0128954 -0.0531887 0.0436312 -0.0274764 0.0491137 0.0482587 -0.0233738 -0.0369964 0.036673 0.0529151 0.0525686 0.0502431 -0.0282253 0.0527219 0.0462373 -0.0357018 -0.00791526 0.0402684 0.0287309 0.0246287 0.038232 0.00788634 0.0287747 0.047852 0.0424784 0.0508806 0.0259542 0.0482839 -0.045098 0.0521924 0.0509846 0.0451114 0.0434726 0.0513671 0.0524686 0.0516009 -0.0531944 0.0532239
internal_weight=23805 12290.3 459.207 11831.1 376.515 1667.95 1173.07 233.425 141.131 948.179 143.09 224.887 92.294 10163.1 212.194 54.8527 12.6931 101.349 93.8939 62.5538 130.654 893.327 1183.52 10.4772 29.7401 11514.7 82.6913 41.7413 870.982 586.957 27.8501 7.45511 22.5318 8979.62 4231.26 261.669 2.63657 3969.59 60.1595 13.8911 1.19642 17.3521 3.77162 5.17974 10.0979 0.827043 4.49781 50.0615 7.50298 284.025 2.59496 48.7121 1.44015 494.885 92.129 5.63282 13.5805 86.4962 402.756 85.0865 11512 4748.36
internal_count=1076633 204794 24184 180610 21306 48295 39696 11468 6754 30339 9838 9357 4714 132315 8760 1898 597 6430 5877 3347 6135 28441 25804 619 1367 871839 2878 3408 21285 15361 2286 553 1063 106511 54102 3449 276 50653 1815 1122 117 807 210 256 393 81 213 1422 291 5924 102 1367 159 8599 1949 152 597 1797 6650 1569 871563 52409
is_linear=0
shrinkage=0.05


Tree=22
num_leaves=63
num_cat=0
split_feature=19 26 35 35 0 13 0 13 35 35 35 0 0 30 4 0 0 35 35 13 35 35 4 35 13 0 35 35 35 13 18 4 4 0 4 30 4 4 4 4 19 0 0 0 4 13 13 18 35 18 4 35 0 0 0 2 0 0 17 35 13 35
split_gain=24136.4 0.786547 0.10347 0.0747806 0.0285598 0.0215721 0.0115092 0.00665725 0.00626222 0.00591124 0.00568749 0.00459346 0.00391261 0.00237897 0.00143821 0.00139855 0.00137913 0.00110462 0.00108039 0.00131432 0.00105746 0.00104183 0.00103535 0.000793164 0.000857876 0.000753224 0.000605769 0.000564068 0.000549247 0.00050756 0.000500996 0.000469185 0.00046674 0.000460386 0.000438913 0.000391824 0.000365107 0.00034985 0.000858305 0.000341169 0.000320542 0.000317828 0.000305763 0.000305732 0.000268156 0.000234332 0.00019913 0.000183929 0.000178713 0.000171972 0.000157363 0.000153208 0.000149503 0.000148395 0.000146293 0.000143185 0.000131151 0.000119389 0.000132019 0.000112523 9.85055e-05 9.79257e-05
threshold=6.5000000000000009 1.0000000180025095e-35 8.5000000000000018 8.5000000000000018 8.5000000000000018 1.0000000180025095e-35 12.500000000000002 1.0000000180025095e-35 6.5000000000000009 12.500000000000002 12.500000000000002 14.500000000000002 4.5000000000000009 1.0000000180025095e-35 0.9607692062854768 19.500000000000004 6.5000000000000009 16.500000000000004 6.5000000000000009 1.0000000180025095e-35 3.5000000000000004 16.500000000000004 0.9529346525669099 3.5000000000000004 1.0000000180025095e-35 23.500000000000004 10.500000000000002 10.500000000000002 6.5000000000000009 1.0000000180025095e-35 1.5000000000000002 0.99367088079452526 1.0000000180025095e-35 2.5000000000000004 0.064583335071802153 1.0000000180025095e-35 0.95505049824714672 0.99367088079452526 0.1132478639483452 0.95180022716522228 3.5000000000000004 11.500000000000002 9.5000000000000018 26.500000000000004 0.95505049824714672 1.0000000180025095e-35 1.0000000180025095e-35 1.5000000000000002 3.5000000000000004 1.5000000000000002 0.99367088079452526 7.5000000000000009 20.500000000000004 3.5000000000000004 10.500000000000002 0.042966762557625778 16.500000000000004 50.500000000000007 3523.0000000000005 6.5000000000000009 1.0000000180025095e-35 6.5000000000000009
decision_type=2 2 2 2 2 2 2 2 2 2 2 2 2 2 2 2 2 2 2 2 2 2 2 2 2 2 2 2 2 2 2 2 2 2 2 2 2 2 2 2 2 2 2 2 2 2 2 2 2 2 2 2 2 2 2 2 2 2 2 2 2 2
left_child=3 6 8 4 12 9 16 10 20 13 14 18 33 22 32 56 53 36 31 50 -3 35 34 37 28 30 -24 -16 -25 39 45 54 -4 -1 -5 44 -12 38 -14 51 60 -33 -18 55 -11 -13 49 -41 -35 -22 -20 -10 -7 -2 -6 -17 -8 58 -9 -32 -27 -42
right_child=1 2 7 5 11 52 15 57 29 21 17 25 23 -15 27 43 42 -19 19 -21 46 -23 26 24 -26 40 -28 -29 -30 -31 59 41 -34 48 -36 -37 -38 -39 -40 47 61 -43 -44 -45 -46 -47 -48 -49 -50 -51 -52 -53 -54 -55 -56 -57 -58 -59 -60 -61 -62 -63
leaf_value=0.052835747946392599 -0.052835907194815859 -0.056288035939937212 -0.054632234909699019 0.053973154215421565 0.05301303201685658 0.052993034948099219 -0.052950862691656164 -0.056044667005071595 -0.055453278572382081 0.054649211543298687 -0.053973255580458485 0.053154737817385937 0.052903401425759868 0.053157660367722639 -0.054902965940548103 -0.053036217940071552 -0.052873679584082761 -0.053769067040458397 0.053379416863760715 0.052895080168237185 -0.056031530682995878 0.054924337002856795 0.053769599723408515 0.053011479713489157 0.052867097216168224 0.053178540902440334 0.054052621790939885 -0.05455687180013024 0.05324506246473925 -0.056271151635862326 0.053052290936513827 0.052965520272042294 -0.054253552557502839 0.052867370548865193 0.054301863399228822 0.053480587320135525 -0.054249440915176299 0.052902123607503598 0.052988542694598906 -0.05564112166241484 0.053228566743291933 0.053020332072517509 -0.052907705778479322 -0.053089028021497155 0.054353462561989613 0.053092407943116843 -0.056397869303649123 -0.055256373267992355 0.052951333569253405 -0.055829447283531945 0.053228926297108473 -0.05520074150593475 0.053142341172136259 -0.052852002716269456 0.053055400565614155 -0.052955244622216416 -0.05298802526584543 -0.055233274396223248 -0.05557885364482025 0.053352945738613537 0.053115258464300374 0.053354335951222354
leaf_weight=1776.413222938776 2910.3146595321596 60.15794699639082 10.556073503568767 16.530982350930572 382.04371406883001 39.89657645765692 793.22288673277944 4.1409327527508131 11.036000756546855 10.900360018014906 20.939325124956667 429.37243938818574 710.34619196690619 9.5622408129274827 24.00711758993566 316.32736493367702 1732.6773509662598 37.04619273589924 28.003323392942548 30.334461161866784 75.060643872246146 13.559644114226101 52.350489610806108 311.85513724945486 105.53194515965879 150.57908426271752 29.594202945008874 23.101802218705416 27.375923968851566 1.9492752607911814 301.81960167735815 710.16716886684299 35.5075001148507 2181.372553575784 26.331177246756852 1.0929976506158698 27.924281994812191 1381.9786676242948 507.47571686096489 20.247715010307733 153.61796212662011 421.41453016735613 1066.6995719131082 310.57147654425353 25.818225169088691 232.41432783287019 3.3172334115952244 3.6691395975649348 65.271592056378722 12.245277187786995 45.751018207520247 13.176450299099088 28.919212304055691 2819.2147721825168 436.54425372928381 65.983290826901793 338.81699709873646 0.81916159763932217 2.4042238527908921 3.1444511301815501 103.94291121233255 17.211063844151795
leaf_count=26955 222436 2694 664 639 6094 1300 74615 221 592 490 1628 9884 9718 355 1435 30803 149253 3315 1094 748 3440 923 2251 10612 2545 3294 1351 1501 1153 91 3984 11514 2464 32842 988 53 2055 19102 7214 1043 2569 6720 96242 31385 1355 2760 144 211 2106 594 1893 728 1146 227742 6851 6357 32554 60 135 112 1223 580
internal_value=6.75565e-05 -0.052965 -0.0551772 0.0529652 0.0529447 0.053812 -0.0528823 -0.054329 -0.0559646 0.0540921 -0.0542684 0.0530627 0.0528871 0.0539177 -0.054539 -0.0529962 -0.0528579 -0.053975 0.0530152 0.0531721 -0.0561255 0.0545483 0.053976 0.0529299 0.0529916 0.0531328 0.0538718 -0.0547332 0.0530303 -0.0554802 0.0531084 0.0530068 -0.0543403 0.0528548 0.0541751 0.0544135 -0.0541311 0.0529193 0.0529389 -0.0554482 0.0531883 0.0529859 -0.0528866 -0.0530522 0.0544413 0.0531328 -0.0560176 -0.0555821 0.0528698 -0.0560032 0.0532861 -0.0553158 0.0530558 -0.0528438 0.0530356 -0.0530222 -0.052962 -0.0558023 -0.0558736 0.0530554 0.0531527 0.0532412
internal_weight=21509.7 10741.1 387.306 10768.5 10514 254.556 10353.8 186.447 200.86 185.74 179.082 3446.36 7067.62 134.369 93.1725 1824.92 8528.91 85.9098 2054.26 104.089 150.781 51.3712 124.807 3044.56 444.763 1392.1 81.9447 47.1089 339.231 50.0786 966.751 1950.17 46.0636 4023.06 42.8622 37.8116 48.8636 2599.8 1217.82 48.1293 425.351 1131.58 2799.38 692.882 36.7186 661.787 90.6232 23.9169 2246.64 87.3059 73.7543 24.2125 68.8158 5729.53 818.588 382.311 1132.04 7.36432 6.54516 304.964 254.522 170.829
internal_count=1076820 894402 23015 182418 171567 10851 871387 13478 9537 8405 13062 59320 112247 5584 6064 175714 695673 6998 34914 3735 6872 2821 5229 50344 14310 24406 3602 2936 11765 2665 16740 31179 3128 61903 1627 1898 3683 36034 16932 2574 7666 18234 245495 68545 1845 12644 4178 1254 34948 4034 2987 1320 2446 450178 12945 37160 107169 416 356 4096 4517 3149
is_linear=0
shrinkage=0.05


Tree=23
num_leaves=63
num_cat=0
split_feature=19 26 35 35 1 1 35 35 35 1 1 36 1 1 35 35 35 35 11 35 19 1 0 0 35 35 19 11 0 19 10 1 10 11 1 19 35 36 17 35 10 17 35 1 9 11 35 18 20 35 9 36 18 17 0 1 0 20 0 34 11 10
split_gain=21395.3 0.565487 0.0740072 0.0542536 0.0203895 0.00929093 0.00449169 0.00419456 0.00411256 0.00359088 0.00250335 0.00118797 0.00107258 0.00105302 0.000848285 0.000769987 0.000686241 0.000657431 0.000628644 0.000574217 0.000511272 0.000461325 0.000364561 0.000363425 0.000349394 0.000334358 0.000304523 0.000291449 0.000291311 0.000239824 0.000237716 0.000234332 0.000228067 0.000243463 0.000214053 0.000197536 0.000193267 0.000188053 0.00015865 0.000152758 0.0001526 0.000148097 0.000146351 0.000142182 0.000138792 0.000136096 0.000125192 0.000123574 0.00011823 0.000115739 0.000109775 0.00010483 0.000104132 0.000103984 0.000103406 0.000103042 0.000102344 9.35529e-05 9.1955e-05 8.82471e-05 8.44012e-05 8.05369e-05
threshold=6.5000000000000009 1.0000000180025095e-35 8.5000000000000018 8.5000000000000018 8.5000000000000018 11.500000000000002 6.5000000000000009 12.500000000000002 12.500000000000002 4.5000000000000009 13.500000000000002 0.37500001490116125 6.5000000000000009 17.500000000000004 16.500000000000004 3.5000000000000004 6.5000000000000009 6.5000000000000009 0.033427551388740546 17.500000000000004 12.500000000000002 2.5000000000000004 23.500000000000004 11.500000000000002 10.500000000000002 3.5000000000000004 11.500000000000002 0.033272970467805869 7.5000000000000009 12.500000000000002 97.500000000000014 9.5000000000000018 190.50000000000003 0.024612561799585823 25.500000000000004 3.5000000000000004 6.5000000000000009 0.37500001490116125 1518.5000000000002 10.500000000000002 190.50000000000003 1910.5000000000002 3.5000000000000004 3.5000000000000004 540.50000000000011 0.033427551388740546 10.500000000000002 1.5000000000000002 1.5000000000000002 7.5000000000000009 2.5000000000000004 0.37500001490116125 1.5000000000000002 1650.5000000000002 20.500000000000004 14.500000000000002 10.500000000000002 1.5000000000000002 3.5000000000000004 1.5000000000000002 0.033279810100793845 1148.0000000000002
decision_type=2 2 2 2 2 2 2 2 2 2 2 2 2 2 2 2 2 2 2 2 2 2 2 2 2 2 2 2 2 2 2 2 2 2 2 2 2 2 2 2 2 2 2 2 2 2 2 2 2 2 2 2 2 2 2 2 2 2 2 2 2 2
left_child=3 5 6 4 9 12 15 11 20 21 16 18 43 55 26 -3 23 25 32 27 37 -1 36 -6 59 28 -10 40 -11 -16 41 -14 33 -5 -15 -24 57 46 -32 -34 50 -20 58 -2 53 -21 -4 49 -25 -8 -9 -27 -17 -29 -49 -7 -54 -12 -23 -22 -18 -13
right_child=1 2 8 7 10 13 47 19 14 17 22 61 31 34 29 52 60 -19 30 45 24 42 35 48 -26 51 -28 44 -30 -31 38 -33 39 -35 -36 -37 -38 -39 -40 -41 -42 -43 -44 -45 -46 -47 -48 54 -50 -51 -52 -53 56 -55 -56 -57 -58 -59 -60 -61 -62 -63
leaf_value=0.052552437514228903 -0.052551855802331252 -0.055640127097797046 -0.054401213581577748 0.053437564031505319 0.052693257287825646 -0.05266437159379142 -0.055036957001061274 0.053077947740680836 -0.054009440324083807 0.052622499405490165 0.052826557076175812 0.052805105189808757 -0.052590181959464521 -0.052742630738585421 -0.053681512472526643 -0.055418885119090981 0.052903066880018904 0.052828935714916682 0.053028537030011362 0.054207783669669635 -0.054141855297512642 0.05257262148586242 0.052837252023221738 0.05277502916773813 -0.053926608038291829 0.052695940253083329 -0.053703451546499192 0.05340413685609105 0.052659296399339951 -0.053374071079924451 0.053520678455169446 -0.052625700877345208 0.05344188891894374 0.053230636131649828 -0.052811258479179696 0.052911819111773534 0.05289772924628651 -0.054936426324542834 0.053245625832952163 0.05366600421000535 0.053954933265254669 0.053276142092516632 0.052656430167454908 -0.052567877147245416 0.053912682238591636 0.053869563931616155 -0.054165782773706386 -0.054531030432070297 0.052730789324647864 -0.054866743706844023 0.053738407903599378 0.052635431896774991 -0.055009912322573545 0.053638150174670156 -0.054990792923528702 -0.052698415103928233 -0.055348958797223659 0.052784608553421042 0.052593677573243174 -0.054472537598992656 0.052806362241915296 0.053302979554928832
leaf_weight=1740.8732613921165 2864.9840241032653 54.017462687566876 12.2816633861512 35.705692460760474 712.53942547738552 627.81919331476092 19.323402508161962 0.65227187145501986 10.590615719091145 1607.8997092656791 192.33133359160274 12.307839720509943 1588.7115168618038 362.41501060081646 8.3235458270646614 70.052950887940824 50.759687474928796 47.82366007566452 20.010618733242158 7.6268359855748695 31.635961139574647 916.66112631000578 222.11788416095078 209.09345397725701 29.111311631277204 333.06863395683467 35.01204927964136 10.231778739020234 808.22457776963711 26.661060884129256 6.5362861864268771 656.13490713806823 22.496085604652762 23.616392206400633 165.51235272502527 147.99218798056245 52.199699522927403 1.1951867295429099 26.488511115778238 11.485020015388725 10.356948455795644 8.6493357792496663 73.234088638797402 2680.3551837578416 2.4469451112672678 4.8757490492425859 10.452135060913859 3.4663350768387309 543.77006585989147 20.669659228995442 17.745035617612302 91.175637975335121 3.099641699343918 8.8556714793667179 1.889688587747514 344.09577139420435 7.8949524285271764 430.21570676006377 1193.7800184618682 2.1549507919698945 40.617462249472737 0.86965342517942268
leaf_count=29848 246836 2727 843 1525 12636 65918 1118 33 874 24727 3576 473 154002 39446 829 3592 2073 1999 765 570 2206 15885 4393 4051 2171 11866 2892 539 12156 2570 295 66417 1010 958 18741 3034 1911 75 1131 539 568 371 2632 243663 141 362 781 230 9094 1230 936 2910 170 504 115 36632 427 7574 19572 158 1495 44
internal_value=2.00977e-05 -0.0526675 -0.0546468 0.0526668 0.0526482 -0.0525933 -0.0553493 0.0534239 -0.0538897 0.0526028 0.0527673 0.0532937 -0.0525714 -0.0527073 -0.0536324 -0.0554939 0.0527271 0.0526451 0.0533325 0.0537726 -0.0541284 0.0525716 0.0528272 0.0527189 -0.0540536 0.052642 -0.0537745 0.0536972 0.0526348 -0.0534472 0.0532086 -0.0526006 0.0534143 0.0533552 -0.0527641 0.0528671 0.0528053 -0.0543251 0.0533001 0.0535176 0.0538014 0.0531033 0.0525869 -0.0525596 0.0535582 0.0540759 -0.054293 -0.0549188 0.0527431 -0.054949 0.053715 0.0526829 -0.0553964 0.0535127 -0.0546932 -0.0526764 -0.0552534 0.0527976 0.0525845 -0.0541629 0.0528601 0.052838
internal_weight=19283.2 9637.86 347.833 9645.33 9414.38 9290.03 180.414 230.957 167.418 6812.74 2601.64 168.165 7790.19 1499.84 80.5873 135.065 1556.78 2888.19 154.988 62.7912 86.8312 3924.55 1044.86 1465.4 62.9022 2840.37 45.6027 50.2887 2416.12 34.9846 61.6848 2244.85 93.3032 59.3221 527.927 370.11 674.747 23.929 33.0248 33.9811 28.7543 28.66 2183.68 5545.34 21.5344 12.5026 22.7338 45.3491 752.864 39.9931 18.3973 424.244 81.0475 19.0875 5.35602 971.915 10.9946 622.547 2110.44 33.7909 91.3771 13.1775
internal_count=1076859 894663 23008 182196 171432 871655 9609 10764 13399 121595 49837 7111 710918 160737 7165 6916 29349 53658 6594 3653 6234 67937 20488 25781 4535 51659 3766 2721 36883 3399 2562 220419 4032 2483 58187 7427 13061 1699 1426 1549 1537 1136 38089 490499 1184 932 1624 2693 13145 2348 969 14776 4189 1043 345 102550 597 11150 35457 2364 3568 517
is_linear=0
shrinkage=0.05


Tree=24
num_leaves=63
num_cat=0
split_feature=26 1 13 30 0 0 30 13 18 0 0 0 0 18 36 13 18 0 4 18 9 4 4 1 0 36 13 17 17 9 0 0 34 30 9 13 34 30 0 4 30 22 22 18 9 3 9 2 22 8 20 22 13 9 8 22 9 34 30 1 34 36
split_gain=17599 41.4573 25.7546 25.9802 12.3403 4.23289 2.51678 3.54359 1.92285 1.62179 1.05948 1.02001 0.987862 1.23017 0.770616 0.908349 0.743005 0.709244 0.4133 0.343986 0.256273 0.236739 0.189278 0.172845 0.13333 0.115539 0.104064 0.0894838 0.0741928 0.0729575 0.0726756 0.118421 0.0617369 0.0579224 0.0784693 0.046977 0.0418359 0.0376623 0.0351591 0.0380782 0.0339883 0.0363954 0.0316945 0.0373094 0.0278363 0.0258044 0.0217847 0.021285 0.0245589 0.0210772 0.0205694 0.0168005 0.0167834 0.0167051 0.0160206 0.0154339 0.0143016 0.00938647 0.00674971 0.00673494 0.00613274 0.0175351
threshold=1.0000000180025095e-35 10.500000000000002 1.0000000180025095e-35 1.0000000180025095e-35 17.500000000000004 7.5000000000000009 1.0000000180025095e-35 1.0000000180025095e-35 1.5000000000000002 22.500000000000004 4.5000000000000009 9.5000000000000018 13.500000000000002 1.5000000000000002 0.37500001490116125 1.0000000180025095e-35 1.5000000000000002 25.500000000000004 0.13961039483547213 1.0000000180025095e-35 247.50000000000003 0.064583335071802153 0.99367088079452526 2.5000000000000004 31.500000000000004 0.37500001490116125 1.0000000180025095e-35 1773.5000000000002 3706.5000000000005 225.50000000000003 46.500000000000007 58.500000000000007 2.5000000000000004 1.0000000180025095e-35 402.50000000000006 1.0000000180025095e-35 2.5000000000000004 1.0000000180025095e-35 43.500000000000007 0.99367088079452526 1.0000000180025095e-35 0.96739768981933605 0.86396625638008129 1.5000000000000002 2.5000000000000004 0.0052196539472788581 4.5000000000000009 0.014703196939080955 0.56245964765548717 3.5000000000000004 1.5000000000000002 0.71042510867118847 1.0000000180025095e-35 218.50000000000003 2.5000000000000004 0.91487058997154247 388.50000000000006 2.5000000000000004 1.0000000180025095e-35 11.500000000000002 1.5000000000000002 0.37500001490116125
decision_type=2 2 2 2 2 2 2 2 2 2 2 2 2 2 2 2 2 2 2 2 2 2 2 2 2 2 2 2 2 2 2 2 2 2 2 2 2 2 2 2 2 2 2 2 2 2 2 2 2 2 2 2 2 2 2 2 2 2 2 2 2 2
left_child=19 5 3 4 12 10 7 11 9 -6 23 22 21 -14 15 18 -13 -10 -12 59 27 -3 -7 60 28 26 -25 -21 44 40 37 -32 35 34 -30 50 52 -31 39 -22 41 -26 47 45 49 -44 51 48 -5 -4 -8 -9 -16 -46 -40 -45 -49 -27 -38 -1 -2 -62
right_child=1 2 24 42 8 6 32 46 17 -11 14 16 13 -15 36 -17 -18 -19 -20 20 38 -23 -24 25 29 57 -28 -29 33 30 31 -33 -34 -35 -36 -37 58 -39 54 -41 -42 -43 43 55 53 -47 -48 56 -50 -51 -52 -53 -54 -55 -56 -57 -58 -59 -60 -61 61 -63
leaf_value=-0.052314859922830616 0.052288215508540542 0.044528722528632658 0.050368913083167356 0.042869920593588573 0.030306801059817763 0.046066059209166899 0.049625054436142985 0.047811372902553655 0.03784073236600527 0.02349837325808329 0.050292052923062151 0.042299837689014977 0.036301786447554697 0.044890255315237111 0.051072023705744367 0.052051009350503177 0.047034970006599813 0.030135197785815627 0.048196684357586728 0.020555112966199506 -0.048426912840219327 0.040998872877578856 0.047991771775433983 0.050940599252296492 0.047448353473220392 0.051803109345758748 0.052205314081401104 -0.022248995937201626 0.049712449110123846 0.045612314988942457 0.026445702848487036 0.048015138886018167 0.051957226853931185 0.051939496617838754 0.043620395910851199 0.052118087214686207 0.051774623637831321 0.052010191281098676 -0.052514497768250651 -0.024134838259163426 0.052400522342012992 0.050286895205006447 0.044961689527529512 0.048575046990467108 0.051729676066492918 0.049469112210762813 0.051826062232584826 0.051238142392082298 0.050029743190388935 0.044867995538549095 0.050776480360224745 0.05112017694593865 0.052054594867063847 0.051020488351673332 -0.037645013443344227 0.051099366736136465 0.05023903407355295 0.052230943492916765 0.052203905280703428 -0.052436466136160813 0.051717433997718089 0.052254329358714595
leaf_weight=6963.9459765451029 819.49898040108383 62.297283540479839 5.2432334814220658 1.7551694335415948 168.78701760526747 247.11819433514029 49.205115330405533 5.8309745518490699 61.868927785661072 181.54388364078477 364.20448553469032 282.50118369422853 261.46646170224994 49.603812358342111 234.34358499851078 303.43578165583313 117.22108103428036 57.725664425175637 665.08205096423626 0.25062132207676713 0.2581084845587609 199.98391897883266 263.83712085802108 912.77056616358459 18.817677532322705 213.13209744170308 197.91873257420957 0.23809734266251326 64.830252842977643 8.3214122615754587 1.1810786146670573 1.37970520183444 222.98346472438425 26.979159430600703 5.755050675943493 58.483762495219707 144.32149382866919 3.1790109369903794 0.63765821559354663 0.43019363190978765 9.7125020078383368 28.239258754998446 3.2620826391503206 6.7644200650975099 320.96631332905963 119.28300462570041 298.76308993250132 109.40691326931119 3.7708287294954062 2.6072284122928977 183.20126461051404 11.215121852234004 53.355245906859636 112.01508860290051 0.25302342837676406 57.750593873672187 53.251664555631578 321.7169897519052 250.5043332260102 1361.1122798034921 220.66302166879177 489.29573146253824
leaf_count=711256 14476 1821 102 38 8018 6201 1185 107 1908 10497 8176 9471 10325 1060 5132 5096 2376 2542 16284 29 34 6623 7016 18852 463 4653 3402 31 1284 215 47 34 3455 393 183 1076 2637 60 95 57 159 591 83 110 4978 2520 5048 2016 71 57 3594 195 1056 2024 33 918 999 5938 4126 160573 4910 10274
internal_value=-2.91626e-05 0.0486949 0.0423683 0.0386306 0.034654 0.0505277 0.0483938 0.047163 0.0286474 0.0267786 0.0512432 0.0455804 0.0395771 0.0376713 0.0503466 0.0496469 0.0436884 0.0341214 0.0489381 -0.0523297 -0.0319385 0.0418373 0.0470604 0.0518124 0.0509483 0.0514567 0.051166 -0.000298489 0.0512166 0.048909 0.0456846 0.0380669 0.0513313 0.0499689 0.0492157 0.0508514 0.0517128 0.0473809 -0.0417315 -0.0332442 0.0497076 0.0491518 0.0503093 0.0498615 0.0514927 0.0493491 0.0517269 0.0508074 0.0477556 0.048542 0.0505327 0.0499883 0.0512542 0.0515462 -0.0482904 0.0508347 0.0509111 0.0520605 0.052047 -0.0523347 0.052195 0.0520875
internal_weight=17265.5 8938.35 2007.75 1398.52 1043.28 6930.6 1740.36 1226.49 469.925 350.331 5190.24 910.678 573.351 311.07 2015.25 1332.72 399.722 119.595 1029.29 8327.13 2.0677 262.281 510.955 3175 609.227 1645.54 1110.69 0.488719 538.396 70.8306 14.0612 2.56078 513.874 97.5645 70.5853 290.89 682.525 11.5004 1.57898 0.688302 56.7694 47.0569 355.245 187.06 440.832 122.545 315.809 168.185 5.526 7.85046 232.406 17.0461 287.699 432.981 0.890682 64.515 162.659 534.849 394.826 8325.06 1529.46 709.959
internal_count=1076983 204875 60139 49549 42794 144736 39724 30414 22965 18515 105012 25064 19829 11385 42507 29556 11847 4450 24460 872108 279 8444 13217 62505 10590 32845 22254 60 9021 1569 356 81 9310 1860 1467 5855 12951 275 219 91 1213 1054 6755 3631 7161 2603 5350 3124 109 159 4779 302 6188 7002 128 1028 3015 10591 6763 871829 29660 15184
is_linear=0
shrinkage=0.05


Tree=25
num_leaves=63
num_cat=0
split_feature=19 26 35 1 35 13 1 1 13 35 35 35 1 30 1 1 0 4 35 35 35 35 1 4 0 30 13 13 4 4 13 35 35 36 1 13 36 4 13 35 35 34 4 1 4 4 35 13 0 13 4 1 1 30 1 18 35 35 13 35 17 0
split_gain=16962 0.497628 0.0547835 0.0337026 0.0174787 0.0103416 0.00701767 0.00420808 0.00397105 0.00336165 0.00321749 0.00258748 0.00197149 0.00114906 0.000818316 0.000803842 0.00078534 0.00070592 0.000585468 0.000570184 0.000457708 0.0004543 0.000432924 0.000374044 0.000367937 0.0003459 0.000323957 0.000306033 0.000253793 0.000227158 0.000208091 0.000388547 0.000198306 0.000187534 0.000182741 0.000176576 0.000259804 0.000174236 0.000158951 0.000246951 0.000158663 0.000155595 0.00015458 0.000147596 0.000139842 0.000427585 0.000137866 0.000122587 0.000116544 0.00011453 0.000114385 0.000104611 0.000101904 0.000101261 8.8475e-05 8.7926e-05 8.05672e-05 7.76086e-05 7.16642e-05 0.000167539 7.14588e-05 7.54843e-05
threshold=6.5000000000000009 1.0000000180025095e-35 8.5000000000000018 9.5000000000000018 8.5000000000000018 1.0000000180025095e-35 11.500000000000002 4.5000000000000009 1.0000000180025095e-35 6.5000000000000009 12.500000000000002 12.500000000000002 13.500000000000002 1.0000000180025095e-35 17.500000000000004 6.5000000000000009 7.5000000000000009 0.9607692062854768 16.500000000000004 3.5000000000000004 7.5000000000000009 16.500000000000004 2.5000000000000004 0.9529346525669099 23.500000000000004 1.0000000180025095e-35 1.0000000180025095e-35 1.0000000180025095e-35 1.0000000180025095e-35 0.99367088079452526 1.0000000180025095e-35 6.5000000000000009 4.5000000000000009 0.37500001490116125 9.5000000000000018 1.0000000180025095e-35 0.37500001490116125 0.95505049824714672 1.0000000180025095e-35 6.5000000000000009 3.5000000000000004 1.5000000000000002 0.95180022716522228 25.500000000000004 0.99367088079452526 0.13961039483547213 8.5000000000000018 1.0000000180025095e-35 3.5000000000000004 1.0000000180025095e-35 0.080128207802772536 3.5000000000000004 19.500000000000004 1.0000000180025095e-35 13.500000000000002 1.5000000000000002 7.5000000000000009 3.5000000000000004 1.0000000180025095e-35 3.5000000000000004 2515.0000000000005 51.500000000000007
decision_type=2 2 2 2 2 2 2 2 2 2 2 2 2 2 2 2 2 2 2 2 2 2 2 2 2 2 2 2 2 2 2 2 2 2 2 2 2 2 2 2 2 2 2 2 2 2 2 2 2 2 2 2 2 2 2 2 2 2 2 2 2 2
left_child=3 6 9 7 12 11 15 22 10 19 17 13 30 23 54 51 44 28 37 -3 29 33 -1 -6 38 -19 46 42 -4 50 31 41 -32 -13 -17 36 -26 -12 39 -14 -40 -5 56 -16 45 57 -22 53 -24 -31 -18 -2 -7 -21 -8 -44 -11 -9 59 -46 61 -10
right_child=1 2 8 4 5 52 14 16 60 27 18 21 24 -15 43 34 20 25 -20 47 26 -23 48 -25 35 -27 -28 -29 -30 49 32 -33 -34 -35 -36 -37 -38 -39 40 -41 -42 -43 55 -45 58 -47 -48 -49 -50 -51 -52 -53 -54 -55 -56 -57 -58 -59 -60 -61 -62 -63
leaf_value=0.052070399794357826 -0.052069948453604901 -0.055047037339220721 -0.053716721312108896 0.052299728796941163 0.053104548296924452 0.052197721661709731 -0.052171352172538467 0.052131821880428801 -0.054905924032469459 -0.054369216218731392 -0.053171269548116851 0.053314451034656846 0.05235872757790852 0.05232510131108184 -0.052254233388747143 -0.052106707534438218 0.052200274700575915 -0.053764359866444948 -0.053000316290094156 -0.054795565929003642 0.052442064045241966 0.053675981792315898 0.052092780949461584 0.052891823354003213 0.052501843621491046 -0.05486718822417197 0.052116717417785258 -0.055074168851377017 -0.053407500398997047 0.05219962339686926 0.052257410851392218 0.052436570218694162 0.052158656220753399 0.052541320358285494 -0.052141398704777998 0.052372124134314357 0.052383458126247277 -0.053383385129400843 0.052350706750467407 0.052515309308248548 0.052259931520717812 0.052248471485244211 -0.054505932395883375 -0.05231652992686478 0.052135772312468256 0.052218757635729231 0.052748312043631423 -0.055160742057953488 0.052119075449400011 0.052156727851596751 0.052252052211006629 -0.05208537599532094 0.05233803606196942 -0.055015612018844307 -0.052204579018814805 -0.054216285223527449 -0.054165796832360683 0.052187026873883803 0.052116678914341033 0.052210603193967281 -0.05446924326740004 -0.054254180042039669
leaf_weight=1357.6127966288477 2254.1368624428287 47.802143963985145 8.6378383263945562 319.48481868207455 31.595366155728698 35.993721817620099 374.75285269506276 408.90152618102729 3.4922554912045589 9.0755552714690566 17.130228993017226 27.883945816662166 335.87316033430398 7.5885135987773529 301.01825593179092 1288.061739997007 178.73913176823407 37.30895908549428 30.860534328501672 65.632085660472512 13.703506672754889 10.583156080450861 723.07744759321213 59.730756676755846 103.7840378168039 0.72482073027640481 6.5960778081789604 1.5566619848832477 28.627229944802821 472.06335919070989 224.1932611707598 40.206761915236712 65.741181200370193 0.80705980118363996 538.2371114352718 124.25406467635185 83.733633087947965 22.263800730463117 122.83800067938864 27.221592961810529 79.156893042847514 275.92342817503959 16.270227265544239 138.97690932033584 419.8618039470166 271.99775072652847 5.0216080145910373 2.6292495317757121 1010.0588429812342 232.12595222238451 264.52749078720808 2143.8809394841082 20.202641357667744 5.6807906143367282 430.49206978268921 3.1230295151472083 10.498196623288095 75.403881317935884 255.70255426876247 91.012747143395245 2.2190706478431821 0.50902031827718008
leaf_count=29648 246704 2690 669 8957 1554 1412 47549 7697 225 601 1633 1792 8755 343 39389 154060 4062 2887 3327 3796 778 921 15822 3395 3785 45 247 89 2466 12467 2983 2099 1342 49 66562 1927 1678 2007 1543 1454 1332 5747 1036 18803 9151 5946 267 142 22259 3802 5846 243415 966 320 55317 221 723 3405 4260 4367 155 44
internal_value=-1.43523e-06 -0.0521927 -0.0541425 0.0521925 0.0523696 0.0528201 -0.0521107 0.0521314 -0.0534596 -0.0547812 -0.0534068 0.0530526 0.052321 0.0529163 -0.0522191 -0.052089 0.052177 -0.0536338 -0.0531634 -0.0549125 0.0522078 0.053396 0.0520915 0.0529654 0.0523747 -0.0537854 0.052418 -0.0543867 -0.0534792 0.0522031 0.0522701 0.0522861 0.052235 0.0532927 -0.0521169 0.0524183 0.052449 -0.0532911 0.0523507 0.0523705 0.0523151 0.052276 -0.0543592 -0.0522739 0.0521533 0.0521686 0.0525242 -0.0548255 0.0521081 0.0521855 0.0522312 -0.0520775 0.0522482 -0.0548131 -0.0521891 -0.0544593 -0.0542601 0.0521404 0.0521383 0.0521491 -0.0546968 -0.054823
internal_weight=15566.8 7783.6 314.042 7783.2 1996.8 194.385 7469.56 5786.41 151.774 162.268 145.553 138.189 1802.41 98.9146 1245.24 6224.32 2695.66 75.2988 70.2546 121.744 1172.78 39.2742 3090.75 91.3261 876.861 38.0338 25.3212 40.5237 37.2651 1147.46 925.549 635.615 289.934 28.691 1826.3 311.772 187.518 39.394 565.09 363.095 201.995 595.408 38.967 439.995 1522.88 756.303 18.7251 73.9421 1733.14 704.189 443.267 4398.02 56.1964 71.3129 805.245 19.3933 19.5738 484.305 766.577 510.875 6.22035 4.00128
internal_count=1076933 894875 23076 182058 52034 10432 871799 130024 13458 9618 13034 8054 41602 5292 161058 710741 62295 6067 6967 6948 27469 2762 67729 4949 20474 2932 1292 2670 3135 26177 21128 16803 4325 1841 220622 7390 5463 3640 13084 10209 2875 14704 2581 58192 34826 17048 1045 4258 38081 16269 9908 490119 2378 4116 102866 1257 1324 11102 17778 13518 424 269
is_linear=0
shrinkage=0.05


Tree=26
num_leaves=63
num_cat=0
split_feature=19 18 1 1 36 1 1 1 13 1 13 36 1 18 0 34 13 34 1 1 0 19 1 19 1 1 19 30 1 13 34 34 1 0 1 31 18 0 0 36 0 1 18 1 1 12 13 1 0 13 1 0 34 17 1 19 5 13 30 8 1 3
split_gain=15023.9 0.350474 0.0243352 0.0179906 0.0104081 0.00507291 0.00327514 0.00301779 0.00299858 0.00230102 0.00211453 0.00261693 0.00158711 0.00079439 0.000762948 0.000685257 0.00061252 0.00088035 0.000586745 0.000580672 0.000578432 0.000419697 0.000288016 0.000285093 0.000255668 0.000250259 0.000194185 0.000162745 0.000132445 0.000128684 0.000116566 0.000115657 0.000107727 9.6886e-05 8.664e-05 8.6457e-05 8.56159e-05 8.31067e-05 8.24269e-05 7.72579e-05 7.63902e-05 7.53746e-05 7.46594e-05 7.45429e-05 6.8782e-05 6.80018e-05 6.49499e-05 6.3854e-05 5.8255e-05 5.81488e-05 4.88665e-05 4.70854e-05 4.38042e-05 3.89939e-05 3.51044e-05 3.25002e-05 3.24786e-05 3.08252e-05 3.26621e-05 2.98127e-05 2.72197e-05 2.45438e-05
threshold=6.5000000000000009 1.0000000180025095e-35 9.5000000000000018 10.500000000000002 0.32500000298023229 11.500000000000002 14.500000000000002 4.5000000000000009 1.0000000180025095e-35 17.500000000000004 1.0000000180025095e-35 0.32500000298023229 8.5000000000000018 1.5000000000000002 22.500000000000004 1.5000000000000002 1.0000000180025095e-35 1.5000000000000002 17.500000000000004 6.5000000000000009 7.5000000000000009 16.500000000000004 2.5000000000000004 16.500000000000004 12.500000000000002 6.5000000000000009 13.500000000000002 1.0000000180025095e-35 9.5000000000000018 1.0000000180025095e-35 1.5000000000000002 1.5000000000000002 25.500000000000004 24.500000000000004 29.500000000000004 1.0000000180025095e-35 1.5000000000000002 22.500000000000004 11.500000000000002 0.37500001490116125 3.5000000000000004 9.5000000000000018 1.5000000000000002 3.5000000000000004 11.500000000000002 1558.380798339844 1.0000000180025095e-35 13.500000000000002 5.5000000000000009 1.0000000180025095e-35 8.5000000000000018 24.500000000000004 1.5000000000000002 2031.5000000000002 8.5000000000000018 3.5000000000000004 33.500000000000007 1.0000000180025095e-35 1.0000000180025095e-35 3.5000000000000004 4.5000000000000009 0.020254764705896381
decision_type=2 2 2 2 2 2 2 2 2 2 2 2 2 2 2 2 2 2 2 2 2 2 2 2 2 2 2 2 2 2 2 2 2 2 2 2 2 2 2 2 2 2 2 2 2 2 2 2 2 2 2 2 2 2 2 2 2 2 2 2 2 2
left_child=2 5 7 12 8 19 16 22 9 21 11 13 25 14 -8 26 17 24 47 43 48 -5 -1 -11 42 52 46 35 -21 31 49 50 56 -15 53 45 -26 -12 -19 -13 -24 -28 -4 -2 -18 -6 -14 -7 -9 -27 -22 -41 60 -10 -33 -39 -20 58 -50 -40 -3 -34
right_child=1 3 6 4 27 18 10 20 34 23 37 39 15 33 -16 -17 44 38 32 28 29 -23 40 -25 36 30 41 -29 -30 -31 -32 54 61 -35 -36 -37 -38 55 59 51 -42 -43 -44 -45 -46 -47 -48 -49 57 -51 -52 -53 -54 -55 -56 -57 -58 -59 -60 -61 -62 -63
leaf_value=0.051865612333317518 -0.0518652168240369 -0.054460260265553929 0.052132986989048974 -0.053505645219127762 -0.053916397678085752 -0.051956281006574657 0.052333110849345089 0.05192461854588179 -0.054483347185547884 -0.053067263214230026 0.052075444752313807 0.052220460649450906 -0.053969289714351887 0.052114497797852113 0.052513559554475064 -0.054390514723324596 0.051993700711569092 0.051994719971282626 -0.052044042272857374 -0.051898200987125435 0.052005774407205288 -0.053266816351626139 0.051885133998374945 -0.052854781563763178 0.052227856814035849 -0.0541678394906836 -0.053828919837218263 -0.054489591439776774 -0.051929340930889106 0.051960246837226803 -0.054423472026916012 0.051970275310007578 -0.052100253134647626 0.052251003849833812 -0.053915307270131343 -0.054263067274463742 0.052105222697456599 0.052110753804645318 0.052038955948497945 0.052097082687686758 0.051907684333264287 -0.053621251193040058 0.052053270386394512 -0.051879017963974872 0.052040098560235143 -0.054384149316359681 -0.054439968953921371 -0.051986012633865097 0.051958854382414335 -0.054605370057197601 0.052043375746775949 0.052150601359434501 -0.054503363491985382 -0.054199323060608699 0.05200463334426704 0.052160640721050013 -0.052008731010863229 0.051930193601229302 0.051934906177879769 0.05207825367659568 -0.054361516996203618 -0.052050811160929439
leaf_weight=1200.0328288618475 2000.7405947330408 10.49568439088762 253.01806474756449 30.869911308865994 3.5893450784497025 337.57048059627414 144.42191744130105 459.06988215912133 3.1942663844674817 30.062278583180159 141.43952351389453 21.203471542336047 7.4194649113342184 22.61569207534194 98.547609123401344 6.4883521394804111 152.37428991217166 85.774842129088938 166.19082781346515 1155.3080483125523 253.29751370009035 45.520072024315596 644.85512686893344 33.24332066392526 102.73636458255351 21.529137552715845 8.4334405418485403 6.8979114433750501 484.72358122328296 291.55846148449928 6.5285108946263781 273.94909123145044 89.328836099710315 30.567838468588889 1.2742203273810444 16.569191677495837 16.520844388753176 84.589072775561363 136.59735269006342 99.342161516658962 899.28035519830883 9.0671717068180442 33.228924996219575 1914.745265847072 167.8829726614058 0.99169745203107584 0.81328139454126347 388.33442744845524 479.52303512953222 0.7871540579944839 131.14181398507208 70.096121829934418 13.140422028489409 1.9438249757513402 102.03344160411507 53.168496879283339 107.07543792296201 219.28923641238362 202.50160115212202 74.630043137818575 20.831311284564435 34.910617335233837
leaf_count=29638 247022 646 9322 2654 293 47449 6302 11569 218 3170 2688 995 538 581 5302 428 2693 2116 24233 154003 8746 4098 15863 3647 4122 1461 632 467 66585 5417 417 6413 13250 1203 114 1237 455 1768 3394 2352 22277 728 874 243567 3015 75 53 55177 14586 48 4417 1604 812 141 2423 1220 15230 4160 4472 1798 1317 5239
internal_value=-4.96613e-05 -0.0519746 0.051975 -0.0537086 -0.0533965 -0.051902 0.0521339 0.0519199 -0.0532271 -0.0531786 0.0522121 0.052275 -0.0542238 0.052368 0.0524063 -0.0539313 0.0520753 0.0521015 -0.0519989 -0.0518824 0.0519606 -0.0533633 0.051884 -0.0529557 0.0521494 -0.0543523 -0.0538155 -0.0542787 -0.0519074 0.0519885 -0.0542376 0.0519993 -0.0520478 0.052193 -0.0542844 -0.0542099 0.0522109 0.0521024 0.0520361 0.0521305 0.0518983 -0.0537213 0.0521237 -0.051872 0.052018 -0.0540177 -0.0540158 -0.0519722 0.0519391 -0.0541833 0.0520186 0.0521192 -0.0544267 -0.0543759 0.0519796 0.05213 -0.0520302 0.0519465 0.0519517 0.0520528 -0.0543946 -0.0520864
internal_weight=13903.9 6958.62 6945.29 279.69 174.156 6678.93 1788.76 5156.53 146.108 139.696 765.992 486.795 105.534 296.153 242.97 32.2217 1022.76 702.506 1123.41 5555.52 2412.36 76.39 2744.17 63.3056 405.504 73.3122 25.7334 28.0481 1640.03 1051.98 28.8448 760.422 397.506 53.1835 6.41231 21.1502 119.257 279.197 297.002 190.642 1544.14 17.5006 286.247 3915.49 320.257 4.58104 8.23275 725.905 1360.38 22.3163 384.439 169.438 44.4674 5.13809 375.983 137.758 273.266 901.314 682.025 211.227 31.327 124.239
internal_count=1076734 894949 181785 23194 16114 871755 51804 129981 14042 13569 24015 18339 7080 13388 11604 2379 27789 22081 160578 711177 62203 6752 67778 6817 14773 4701 1951 2072 220588 27416 1926 21999 57952 1784 473 1605 4577 5676 7308 4951 38140 1360 10196 490589 5708 368 591 102626 34787 1509 13163 3956 2775 359 8836 2988 39463 23218 19058 5192 1963 18489
is_linear=0
shrinkage=0.05


Tree=27
num_leaves=63
num_cat=0
split_feature=19 26 35 1 35 13 1 13 1 35 35 35 1 30 1 1 35 35 13 35 35 1 30 1 35 13 35 13 35 36 13 35 35 35 36 34 1 1 13 35 1 1 1 1 18 30 30 1 30 1 17 1 13 30 30 35 1 13 20 30 1 35
split_gain=13346 0.255015 0.0282316 0.0174851 0.00964309 0.00557366 0.00369456 0.00214338 0.00210685 0.00171468 0.00163696 0.00142337 0.00106691 0.000644292 0.000432614 0.000418815 0.000392059 0.000311519 0.00029198 0.000288197 0.000252289 0.000246514 0.000230416 0.000208445 0.000183208 0.000176558 0.000163812 0.000157973 0.000240931 0.000145329 0.000134255 0.000241869 0.000122952 0.000118601 0.000113337 8.67896e-05 8.34459e-05 7.75408e-05 6.32726e-05 6.07944e-05 6.05063e-05 5.67749e-05 5.6696e-05 5.35656e-05 5.06292e-05 5.00423e-05 4.66188e-05 4.61137e-05 4.54331e-05 3.72173e-05 3.59508e-05 3.38454e-05 3.26827e-05 3.24789e-05 2.96648e-05 2.87271e-05 2.4498e-05 2.33814e-05 2.32072e-05 2.30985e-05 2.19692e-05 2.18855e-05
threshold=6.5000000000000009 1.0000000180025095e-35 8.5000000000000018 9.5000000000000018 8.5000000000000018 1.0000000180025095e-35 11.500000000000002 1.0000000180025095e-35 4.5000000000000009 6.5000000000000009 12.500000000000002 12.500000000000002 14.500000000000002 1.0000000180025095e-35 17.500000000000004 7.5000000000000009 6.5000000000000009 16.500000000000004 1.0000000180025095e-35 3.5000000000000004 16.500000000000004 7.5000000000000009 1.0000000180025095e-35 2.5000000000000004 10.500000000000002 1.0000000180025095e-35 10.500000000000002 1.0000000180025095e-35 6.5000000000000009 0.37500001490116125 1.0000000180025095e-35 6.5000000000000009 8.5000000000000018 4.5000000000000009 0.37500001490116125 1.5000000000000002 4.5000000000000009 25.500000000000004 1.0000000180025095e-35 4.5000000000000009 9.5000000000000018 5.5000000000000009 19.500000000000004 11.500000000000002 1.5000000000000002 1.0000000180025095e-35 1.0000000180025095e-35 13.500000000000002 1.0000000180025095e-35 3.5000000000000004 2515.0000000000005 29.500000000000004 1.0000000180025095e-35 1.0000000180025095e-35 1.0000000180025095e-35 4.5000000000000009 20.500000000000004 1.0000000180025095e-35 1.5000000000000002 1.0000000180025095e-35 21.500000000000004 18.500000000000004
decision_type=2 2 2 2 2 2 2 2 2 2 2 2 2 2 2 2 2 2 2 2 2 2 2 2 2 2 2 2 2 2 2 2 2 2 2 2 2 2 2 2 2 2 2 2 2 2 2 2 2 2 2 2 2 2 2 2 2 2 2 2 2 2
left_child=3 6 9 8 12 11 15 10 23 19 22 13 30 26 47 36 21 -12 32 54 34 41 24 -1 -4 44 -6 28 29 -14 31 35 59 43 -13 -5 -2 58 45 56 -17 -10 -7 -32 48 -21 -30 -8 -11 -25 51 -9 -23 -33 -3 -54 -29 -43 -16 -18 -41 -19
right_child=1 2 7 4 5 42 14 50 16 25 17 20 27 -15 37 40 18 61 -20 38 -22 52 -24 49 -26 -27 -28 39 46 -31 33 53 -34 -35 -36 -37 -38 -39 -40 60 -42 57 -44 -45 -46 -47 -48 -49 -50 -51 -52 -53 55 -55 -56 -57 -58 -59 -60 -61 -62 -63
leaf_value=0.051681763452094735 -0.051683634532970237 -0.054055479731093148 -0.053009550956476137 0.051868936473486983 0.052347177447415731 0.051782705436509695 -0.05176315254233143 -0.053982888156900603 0.051739606904389258 -0.053535064691211748 -0.052667800062307694 0.052685903241842247 0.051968100644403228 0.051887089685420322 -0.05181496439296715 -0.051714818765685094 0.051955589399019231 -0.052494162895878271 0.051706269423927781 -0.053875258226619496 0.05297569610509311 0.051796605967128241 -0.053730872982362024 0.051703301220833713 -0.052831731775027008 -0.054092070022832756 0.052500523983536385 0.051899139514454955 0.052111204216227475 0.051902153883754625 0.051808777099637743 0.051997834592039743 0.052226840815205747 0.051756586547227784 0.052055373156540567 0.051829293133250499 -0.051698728000508988 -0.051879530782705241 -0.054168880001035584 0.051833890765546987 -0.051739082216688818 0.051764197195756305 0.051897900522920141 0.05185919162798959 -0.053349944970391354 -0.054053250413320091 0.051924744368682274 -0.051789714763354713 -0.053869545758950255 0.051719798503890059 -0.053613956809579658 -0.053618848517328489 0.051778243373799132 0.051849815421593531 -0.054169416789662354 0.051713869574858323 0.051938986835876888 0.051745801845471187 -0.051845679588140674 0.051824010084441798 0.05189619729228831 -0.052397310517219554
leaf_weight=1065.2207585014403 2419.1949164830148 31.098133112303913 31.210627857595682 296.97542330063879 46.358270144090056 29.194233543239534 305.16289896098897 2.5281345564872022 579.59940028563142 26.406383428722627 31.891618067864329 23.662873232271526 198.39524916745722 6.5392615064047268 127.97908371593803 626.35500244516879 30.374689781107008 9.1718645314686018 14.054128365591167 51.235088120214641 9.0757470591925067 444.29695620853454 0.90531657636165519 709.01364771649241 27.0304224640131 1.4340845774859179 27.895040617324412 96.096867192536592 26.409997097682211 144.30855959374458 103.04471736773849 33.489097787998617 4.2329360246658316 63.451212158426642 0.73482349328696628 258.00083645433187 1473.4806489916518 114.4429430833552 2.0952188391238442 38.910154744051397 435.65592305688187 689.26589877530932 16.844041074626148 107.81650470290333 3.6595686394721261 4.2786683402955523 3.839556533843278 351.7200898763258 1.0558345839381207 660.20354412309825 1.7920501912012694 0.85419925767928351 150.12774731870741 4.1671436754986635 6.9984858259558669 19.592295685783029 64.435730937868357 230.51048801280558 118.38388924021274 3.7468454269692293 22.230869034770876 16.021532945800573
leaf_count=29723 337779 2239 3072 10318 2985 1393 47566 198 16331 2184 3656 1835 7645 354 21703 93742 2114 1170 612 3764 956 13513 74 19612 2838 103 1896 1526 1775 3443 1719 2159 277 1573 54 6621 213364 18804 144 898 66544 21317 961 1722 328 306 220 55365 81 18444 155 82 2629 239 490 614 1073 4762 17650 246 559 2159
internal_value=2.15436e-07 -0.0517802 -0.0533458 0.05178 0.0519212 0.0522893 -0.0517148 -0.0527993 0.0517303 -0.0538631 -0.052755 0.0524765 0.0518808 0.0523629 -0.0518015 -0.0516969 0.0517661 -0.052564 0.0519012 -0.0539697 0.0527506 0.0517628 -0.0529393 0.0516984 -0.052927 -0.0535496 0.0524048 0.0519324 0.0519523 0.0519403 0.0518454 0.0518588 0.0519727 0.0518165 0.0526669 0.0518505 -0.0516893 -0.0518455 -0.0538992 0.051899 -0.0517248 0.0517519 0.0518249 0.0518346 -0.0535246 -0.053889 0.0520875 -0.0517774 -0.0535479 0.0517113 -0.053795 -0.053891 0.0517895 0.0519815 -0.0540764 0.0517708 0.0519151 0.0517596 -0.0518297 0.0519411 0.0518565 -0.0524326
internal_weight=12444.2 6222.04 249.667 6222.12 1621.88 160.304 5972.38 121.406 4600.24 128.261 116.231 114.266 1461.57 80.7926 1017.69 4954.69 2165.8 57.085 52.4086 95.7056 33.4734 2113.39 59.1464 2434.44 58.2411 32.5559 74.2533 594.627 372.953 342.704 866.945 592.633 38.3545 274.312 24.3977 554.976 3892.68 360.806 57.609 221.674 1062.01 1499.38 46.0383 210.861 31.1218 55.5138 30.2496 656.883 27.4622 1369.22 5.17438 3.38233 614.017 37.6562 38.0966 169.72 160.533 919.776 246.363 34.1215 61.141 25.1934
internal_count=1077678 895560 23043 182118 51924 10434 872517 13404 130194 9639 12969 8080 41490 5235 161088 711429 62415 6985 3249 6943 2845 59166 5984 67779 5910 2696 4881 17139 13083 11088 24351 19337 2637 5014 1889 16939 551143 58157 4214 4056 160286 42410 2354 3441 2593 4070 1995 102931 2265 38056 435 280 16756 2398 2729 3243 2599 26079 39353 2360 1457 3329
is_linear=0
shrinkage=0.05


Tree=28
num_leaves=63
num_cat=0
split_feature=19 26 35 35 1 13 1 13 35 35 0 35 1 30 1 1 4 35 35 35 4 0 0 30 13 0 1 35 4 13 35 4 4 13 35 36 13 36 4 35 13 4 4 1 4 1 4 35 4 1 13 35 1 35 30 18 1 35 13 35 0 17
split_gain=11830.4 0.181587 0.020247 0.0126561 0.00732375 0.00417787 0.00268921 0.00149145 0.0012494 0.00120067 0.0010952 0.00108506 0.00105718 0.000481484 0.00031449 0.000301878 0.000254996 0.00022682 0.000208203 0.000177679 0.000169793 0.000168948 0.000151397 0.000121404 0.000116544 0.000109887 0.000106439 0.000104702 9.68428e-05 8.98361e-05 9.96975e-05 8.80896e-05 7.97367e-05 7.72357e-05 0.00010032 7.49517e-05 6.86129e-05 0.000111204 6.60225e-05 6.43004e-05 8.47923e-05 6.04509e-05 0.000164899 5.96368e-05 5.76677e-05 5.73934e-05 5.65813e-05 5.06885e-05 4.86605e-05 4.37071e-05 4.31783e-05 4.2951e-05 4.00358e-05 3.96302e-05 3.55424e-05 3.517e-05 3.31131e-05 3.01649e-05 3.00317e-05 2.25734e-05 2.19222e-05 2.84985e-05
threshold=6.5000000000000009 1.0000000180025095e-35 8.5000000000000018 8.5000000000000018 8.5000000000000018 1.0000000180025095e-35 11.500000000000002 1.0000000180025095e-35 6.5000000000000009 12.500000000000002 4.5000000000000009 12.500000000000002 13.500000000000002 1.0000000180025095e-35 17.500000000000004 7.5000000000000009 0.9595918357372285 16.500000000000004 3.5000000000000004 16.500000000000004 0.9529346525669099 7.5000000000000009 23.500000000000004 1.0000000180025095e-35 1.0000000180025095e-35 11.500000000000002 2.5000000000000004 10.500000000000002 1.0000000180025095e-35 1.0000000180025095e-35 6.5000000000000009 0.064583335071802153 0.81365740299224865 1.0000000180025095e-35 6.5000000000000009 0.37500001490116125 1.0000000180025095e-35 0.37500001490116125 0.95505049824714672 6.5000000000000009 1.0000000180025095e-35 0.99367088079452526 0.13961039483547213 4.5000000000000009 0.95180022716522228 25.500000000000004 0.93649193644523632 4.5000000000000009 0.95505049824714672 9.5000000000000018 1.0000000180025095e-35 6.5000000000000009 18.500000000000004 3.5000000000000004 1.0000000180025095e-35 1.5000000000000002 13.500000000000002 7.5000000000000009 1.0000000180025095e-35 3.5000000000000004 53.500000000000007 3523.0000000000005
decision_type=2 2 2 2 2 2 2 2 2 2 2 2 2 2 2 2 2 2 2 2 2 2 2 2 2 2 2 2 2 2 2 2 2 2 2 2 2 2 2 2 2 2 2 2 2 2 2 2 2 2 2 2 2 2 2 2 2 2 2 2 2 2
left_child=3 6 8 4 10 11 15 9 18 16 26 13 25 20 56 43 28 38 -3 35 31 41 29 -18 44 32 -1 -22 -4 30 -14 -5 51 34 -27 48 37 -24 -11 46 -41 42 -12 -2 57 -16 -23 -35 -13 -17 54 -6 -7 -31 -20 -46 -8 -10 -34 -43 61 -9
right_child=1 2 7 5 12 52 14 60 24 17 21 19 22 -15 45 49 23 -19 50 -21 27 39 36 -25 -26 33 -28 -29 -30 53 -32 -33 58 47 -36 -37 -38 -39 -40 40 -42 59 -44 -45 55 -47 -48 -49 -50 -51 -52 -53 -54 -55 -56 -57 -58 -59 -60 -61 -62 -63
leaf_value=0.051516736680630108 -0.051518281581907799 -0.053668473088269546 -0.05270984881875538 0.05214326346299715 0.05165087197194989 0.05160407518469079 -0.05158993664494204 -0.053552284029969172 -0.053180779938834681 -0.05231437929240821 0.051563575377881338 0.0525347860383098 0.051722986192061983 0.051699444294583174 -0.051649670593863842 -0.05154622999387231 -0.052741250842744183 -0.052190128481069735 -0.053486296901390874 0.052680693828197768 0.052047656571175549 0.051621880630375122 0.051826651960317952 -0.053556728251978908 -0.053675873473194559 0.051672470558988826 0.051540025748760154 0.052203164472100105 -0.052482399747170921 0.051704235176414461 0.05183879695733349 0.052338927112175193 0.05162550168010252 0.051652070626838825 0.051785844260764768 0.051848277977418714 0.051731048244069315 0.051736715517589127 -0.05246757891524665 0.051751328794985445 0.051534234028081549 0.051557672799337262 0.051618460859878972 -0.051531808738024112 -0.053278268176577985 -0.05169485074003765 0.051589359107508816 0.05158350027228769 0.052371113688773042 -0.051568014126423214 -0.053748411700636045 0.051768760473684797 0.051702447844529958 0.051651429319806721 -0.053644814777422362 -0.053060934764646711 -0.051613716466373007 -0.05303397936712867 0.051589637030414019 0.051582146534794288 -0.053071015313866043 -0.053278818282654843
leaf_weight=936.56102489680052 2152.0613076500595 33.43372038193047 6.1171339983120587 9.0881081325933355 182.21121312770993 26.413463133852929 273.12079340941273 2.5129021294414988 6.4009018288925326 12.349495679605754 373.27662906702608 6.5211938512511631 244.72669609775767 6.1270912140607825 222.48752405424602 557.92173716984689 26.446402001194659 22.718040504958481 44.915352251380682 7.9948045145720235 29.344322551041842 208.12419925164431 77.897588685154915 0.46441938728094001 1.1953432001173485 298.3403442800045 1030.354382770136 17.150159846991301 19.918956507463008 89.024711655452847 20.110549950972199 15.671891733538358 171.06815274432302 124.39914373122156 20.877440297044814 0.58727004984393616 90.434958273079246 61.511311248410493 16.334579299204051 15.507565344683828 6.335226039402186 561.54829366318882 216.06068945955485 1311.2161780414172 11.748272860422729 102.7569401001092 374.22350605204701 34.404985859058797 14.956124159973115 392.06098383665085 1.7960004238411773 8.0684014651924354 16.9993637050502 59.129880184307694 3.8383340211585155 2.2119656233116993 315.50653380411677 7.7196238413453102 88.600791607052088 113.21428363397717 0.42473512375727285 1.5344408811070023
leaf_count=29544 338696 2704 669 615 5430 1385 47327 225 600 1634 12027 495 8701 375 39377 93233 2877 3329 3723 935 2196 6412 3855 40 97 10223 32284 1350 2415 1545 1442 1019 6490 2290 1470 47 1892 1671 2030 1204 304 15627 6720 212683 1055 18677 11624 994 1349 66663 139 523 1083 1351 310 219 55123 754 1913 6032 50 146
internal_value=3.55657e-05 -0.0516048 -0.0530057 0.0516048 0.0515922 0.0520565 -0.0515464 -0.0525186 -0.0534736 -0.0524803 0.051555 0.0522238 0.0516832 0.0521248 -0.0516245 -0.0515303 -0.0526474 -0.0523081 -0.0535717 0.0524787 0.0521613 0.0515824 0.0517324 -0.0527553 -0.0531924 0.051649 0.0515289 0.052105 -0.0525358 0.0517143 0.0517318 0.0522671 0.0516313 0.0516657 0.0516799 0.0524056 0.051765 0.051787 -0.0524016 0.0516041 0.0516884 0.051572 0.0515837 -0.0515234 -0.0531718 -0.0516639 0.051601 0.0516372 0.0524208 -0.0515552 -0.0535076 0.0516559 0.0516426 0.0516832 -0.0534988 -0.0532438 -0.0516027 -0.0531005 0.0516133 0.0515618 -0.0534127 -0.0534486
internal_weight=11106.1 5549.21 222.081 5556.87 5406.01 150.854 5327.13 108.821 113.26 104.349 3835.21 107.441 1570.81 77.3816 913.872 4413.26 52.9469 51.4021 83.9834 30.0594 71.2545 1868.29 642.836 26.9108 29.2761 927.97 1966.92 46.4945 26.0361 412.992 264.837 24.76 449.949 478.022 319.218 22.0646 229.844 139.409 28.6841 604.19 21.8428 1264.1 589.337 3463.28 28.0808 325.244 582.348 158.804 21.4773 949.983 50.5497 190.28 43.4128 148.155 48.7537 13.9602 588.627 14.1205 259.669 674.763 4.47208 4.04734
internal_count=1077212 894795 23016 182417 171568 10849 871779 13415 9601 12994 121778 8381 49790 5555 160504 711275 6001 6993 6876 2826 5180 59950 20457 2917 2725 29333 61828 3546 3084 13039 10143 1634 14356 14977 11693 1891 7418 5526 3664 19544 1508 40406 18747 551379 2628 58054 18036 3284 1844 159896 4172 5953 2468 2896 4033 1274 102450 1354 8403 21659 421 371
is_linear=0
shrinkage=0.05


Tree=29
num_leaves=63
num_cat=0
split_feature=19 26 35 35 1 1 35 35 0 35 1 4 1 1 4 35 30 35 0 0 4 0 30 9 35 1 30 35 19 19 4 19 11 4 19 4 35 1 4 4 1 4 35 4 4 1 20 0 9 30 11 11 1 30 9 35 35 18 35 11 35 18
split_gain=10472.6 0.130727 0.014556 0.0092124 0.005244 0.00194791 0.000868915 0.000851207 0.000788281 0.000743901 0.000735031 0.000257847 0.000225019 0.000217211 0.000196699 0.000173084 0.000143309 0.000142039 0.000111769 0.000109958 9.58408e-05 8.24804e-05 8.20642e-05 7.85897e-05 7.65911e-05 7.491e-05 7.44749e-05 6.46035e-05 6.36586e-05 5.79729e-05 5.35951e-05 5.22529e-05 5.19398e-05 5.17469e-05 4.65452e-05 4.48968e-05 4.41024e-05 4.27877e-05 4.21096e-05 0.000115724 3.97894e-05 3.84174e-05 3.63005e-05 3.58292e-05 3.55512e-05 3.1424e-05 3.0592e-05 2.9957e-05 2.9683e-05 2.73252e-05 2.57133e-05 2.50245e-05 2.39211e-05 2.3544e-05 2.34307e-05 2.31489e-05 2.27265e-05 2.15179e-05 2.14774e-05 2.1233e-05 2.09543e-05 1.88018e-05
threshold=6.5000000000000009 1.0000000180025095e-35 8.5000000000000018 8.5000000000000018 8.5000000000000018 11.500000000000002 6.5000000000000009 12.500000000000002 4.5000000000000009 12.500000000000002 13.500000000000002 0.94519516825675975 17.500000000000004 7.5000000000000009 0.9626135826110841 16.500000000000004 1.0000000180025095e-35 3.5000000000000004 7.5000000000000009 23.500000000000004 0.98528137803077709 11.500000000000002 1.0000000180025095e-35 247.50000000000003 10.500000000000002 2.5000000000000004 1.0000000180025095e-35 16.500000000000004 11.500000000000002 11.500000000000002 0.064583335071802153 12.500000000000002 0.024709895253181461 0.90550595521926891 3.5000000000000004 0.94935896992683422 6.5000000000000009 4.5000000000000009 0.99367088079452526 0.13961039483547213 25.500000000000004 0.95505049824714672 6.5000000000000009 0.99367088079452526 0.8086080551147462 9.5000000000000018 1.5000000000000002 17.500000000000004 203.50000000000003 1.0000000180025095e-35 0.024759654887020591 0.033419212326407439 13.500000000000002 1.0000000180025095e-35 203.50000000000003 10.500000000000002 7.5000000000000009 1.5000000000000002 16.500000000000004 0.024612561799585823 1.5000000000000002 1.5000000000000002
decision_type=2 2 2 2 2 2 2 2 2 2 2 2 2 2 2 2 2 2 2 2 2 2 2 2 2 2 2 2 2 2 2 2 2 2 2 2 2 2 2 2 2 2 2 2 2 2 2 2 2 2 2 2 2 2 2 2 2 2 2 2 2 2
left_child=3 5 6 4 8 13 17 14 25 11 21 26 52 37 30 28 23 -3 38 44 58 33 24 32 -16 -1 54 48 -9 -17 -4 -32 -13 42 -21 56 43 -2 39 -10 -14 -30 -6 -20 49 -15 60 -46 50 -12 -22 -29 -7 61 59 -25 -8 -37 -11 -5 -23 -19
right_child=1 2 7 9 10 12 35 15 18 20 19 16 40 45 22 29 -18 53 36 34 27 46 -24 55 -26 -27 -28 51 41 -31 31 -33 -34 -35 -36 57 -38 -39 -40 -41 -42 -43 -44 -45 47 -47 -48 -49 -50 -51 -52 -53 -54 -55 -56 -57 -58 -59 -60 -61 -62 -63
leaf_value=0.051368216640885533 -0.051369622353184985 -0.053299462766560814 -0.052451505043170137 0.05195018436979755 0.051485503221837405 -0.051434170368354043 -0.05288255650653112 -0.052346283550235975 0.051410624268780215 0.052131055663355956 0.051583734982083698 0.051795357388226188 -0.051487705953054665 -0.0513947444179014 -0.052589320203288215 -0.052178562294102018 0.051481430215668915 -0.053161139853251965 0.051460634091953977 0.051570972601058265 0.052000245015354274 0.051560737424389526 -0.053174078735165699 0.051788725071325849 -0.052412820735800662 0.051388969531397911 0.051601935355308173 0.052194458308762286 -0.052086563708353621 -0.051971556536102963 -0.052412393213451626 -0.052224838977468893 0.051674126645626997 0.051454164744757315 0.051619735758557939 -0.052971516071439788 0.051520638544202892 -0.051381765050715456 0.051409130421085386 0.051459424997148465 -0.05152736941404229 -0.052222741826955424 0.051593686158866919 0.05143336836111348 0.051514517742693437 -0.051414262961291625 0.051494091255807117 0.051549177744963905 0.052021697244453637 0.051531665583064247 0.051841098699562493 0.052009214678166195 -0.051455476551559548 -0.053283198202831041 0.051988879373600728 0.051896969330857745 -0.05274923539262312 -0.052799451284178005 0.052297256522898933 0.051841840516204468 0.05151216056530105 -0.053063033349178383
leaf_weight=827.57902242057025 1906.30432280479 29.402930086478591 5.5750058148987618 8.4755529016256421 179.14548736345023 245.55544711835682 6.0272731664590538 6.114151127170774 330.20396814309061 8.1325219008140248 80.595563325565308 12.591825748328118 200.41656248364598 501.0150689240545 12.435342788230633 4.2342882365919676 5.394470759201794 36.077603346668184 187.92312266584486 123.10302278096788 3.7901579160243326 29.120509984903038 0.46286666486412187 13.621241051703693 12.154081242624668 916.26408069208264 1.896425203885882 4.3885095929726949 9.2280989079736173 16.807387352455407 5.0737263159826442 13.8531748089008 29.61431131279096 213.2520410027355 81.225171111058444 11.030737646389751 19.030846061185002 1171.2194425023627 595.81661997456104 192.18831489048898 92.374033750966191 11.803645342588425 8.1049734102562052 335.76455801911652 109.95256340689957 350.44445488392375 302.50864582927898 143.97421002201736 7.4788590068928888 36.656017555855215 7.6829592767171562 3.1187877459451556 284.21647250535898 3.4816287234425536 9.620289874263106 7.7492129299789658 6.8059574319049716 2.1753336805850276 2.5543557908385983 9.6947935367934388 93.415087813511491 5.6481995275244108
leaf_count=29499 338245 2684 681 594 5993 47314 631 850 11888 681 3102 975 39365 93619 1447 686 331 3340 6446 4338 356 694 45 1100 1517 32261 135 547 1354 2711 665 1884 2050 7674 3018 1108 1458 213017 21530 6692 18590 1629 576 11708 3886 66467 10082 5180 715 894 690 378 55142 317 685 634 743 238 294 636 4031 547
internal_value=-4.32167e-05 -0.0514476 -0.0527051 0.0514476 0.0514361 -0.0513951 -0.0531271 -0.0522705 0.0514026 0.0518537 0.0515175 0.0517819 -0.051465 -0.0513804 -0.052416 -0.0521208 0.0517289 -0.0532139 0.0514273 0.0515609 0.0520444 0.0514873 -0.0525145 0.0517499 -0.0525021 0.0513791 0.0519051 0.0519934 -0.0522043 -0.0520132 -0.0523153 -0.0522751 0.0517103 0.051471 0.0515904 -0.0528785 0.0514459 -0.0513742 0.0514182 0.0514286 -0.0515002 -0.052163 0.0514902 0.0514432 0.0515447 -0.0514028 0.0515026 0.0515342 0.0519442 0.0515675 0.0518937 0.0521175 -0.0514456 -0.0531583 0.0519258 0.051828 -0.0528119 -0.0529432 0.0521708 0.0518924 0.0515237 -0.0531479
internal_weight=9891.57 4949.94 198.391 4941.63 4805.82 4751.55 100.65 97.7418 3404.77 135.804 1401.05 98.6581 822.563 3928.98 49.5542 48.1876 68.9711 74.6104 1660.93 575.507 37.1462 825.547 25.0523 63.5766 24.5894 1743.84 29.6871 26.4593 27.1459 21.0417 24.5019 18.9269 42.2061 400.503 204.328 26.0393 542.719 3077.52 1118.21 522.392 292.791 21.0317 187.25 523.688 371.178 851.46 425.044 253.927 18.952 117.252 11.4731 7.5073 529.772 45.2074 27.7906 21.3705 12.8332 13.2061 10.6869 18.1703 122.536 41.7258
internal_count=1076587 894836 23077 181751 170950 871759 9608 13469 121482 10801 49468 7140 160411 711348 6239 7230 5090 6888 59722 20418 3661 29050 3009 4759 2964 61760 2050 2686 3833 3397 3230 2549 3025 14243 7356 2720 19612 551262 40110 18580 57955 2983 6569 18154 13062 160086 14807 9066 1761 3996 1046 925 102456 4204 1915 1734 1374 1346 975 1230 4725 3887
is_linear=0
shrinkage=0.05


Tree=30
num_leaves=63
num_cat=0
split_feature=18 35 13 35 13 35 35 35 4 18 18 18 18 30 35 4 4 0 0 4 0 13 30 0 35 30 18 18 35 0 5 4 38 1 30 34 0 12 9 17 20 29 1 2 35 0 7 17 4 4 35 18 9 17 36 34 9 4 4 17 9 20
split_gain=8562.33 133.48 21.1675 16.5478 8.91205 8.89914 5.16091 2.70636 2.38315 1.95103 1.62 1.40845 1.34853 1.31112 1.29777 1.25098 1.23484 1.2321 1.0918 1.06972 0.964242 0.629688 0.60842 0.474222 0.37696 0.373637 0.338391 0.313898 0.318775 0.283901 0.280074 0.216147 0.204228 1.01017 0.92643 0.213405 0.164231 0.140562 0.135278 0.102333 0.110753 0.100277 0.143358 0.094594 0.0905247 0.0898984 0.0731912 0.0691228 0.0427487 0.038753 0.0353215 0.0514104 0.0832041 0.0359399 0.0277994 0.0272929 0.0145172 0.0198852 0.00635134 0.00495351 0.00485705 0.00467665
threshold=1.0000000180025095e-35 8.5000000000000018 1.0000000180025095e-35 3.5000000000000004 1.0000000180025095e-35 11.500000000000002 6.5000000000000009 16.500000000000004 0.92052632570266735 1.5000000000000002 1.5000000000000002 1.5000000000000002 1.5000000000000002 1.0000000180025095e-35 2.5000000000000004 0.95683228969573986 0.92052632570266735 18.500000000000004 12.500000000000002 0.064583335071802153 18.500000000000004 1.0000000180025095e-35 1.0000000180025095e-35 23.500000000000004 12.500000000000002 1.0000000180025095e-35 1.5000000000000002 1.5000000000000002 18.500000000000004 38.500000000000007 26.500000000000004 0.98528137803077709 1.0000000180025095e-35 14.500000000000002 1.0000000180025095e-35 2.5000000000000004 31.500000000000004 3.7467775344848637 300.50000000000006 3609.0000000000005 2.5000000000000004 1.0000000180025095e-35 12.500000000000002 0.043204238638281829 17.500000000000004 65.000000000000014 1.5000000000000002 3706.5000000000005 0.73508772253990184 0.94519516825675975 6.5000000000000009 1.5000000000000002 203.50000000000003 5886.0000000000009 0.47500000894069677 1.5000000000000002 361.50000000000006 0.90550595521926891 0.80277779698371898 4344.5000000000009 531.50000000000011 2.5000000000000004
decision_type=2 2 2 2 2 2 2 2 2 2 2 2 2 2 2 2 2 2 2 2 2 2 2 2 2 2 2 2 2 2 2 2 2 2 2 2 2 2 2 2 2 2 2 2 2 2 2 2 2 2 2 2 2 2 2 2 2 2 2 2 2 2
left_child=-1 3 5 14 6 8 9 11 19 13 22 15 16 -5 32 -7 -8 -14 -11 30 -21 25 -10 -12 37 26 -16 28 -9 -13 -3 38 41 35 -35 -34 47 46 44 48 -41 55 -43 -38 -26 -29 59 -33 -39 -48 56 53 -53 -52 -27 -2 58 -58 -6 -4 -23 -62
right_child=1 2 24 4 50 7 12 27 10 18 23 29 17 -15 21 -17 -18 -19 -20 20 -22 60 -24 -25 31 54 -28 45 -30 -31 -32 36 33 34 -36 -37 43 39 -40 40 -42 42 -44 -45 -46 -47 49 -49 -50 -51 51 52 -54 -55 -56 -57 57 -59 -60 -61 61 -63
leaf_value=-0.051258958235856168 0.051282329190634315 0.00029316863974954507 0.043670403015182019 0.040344635509588271 0.049986545249872172 -0.012237850705180154 0.022119770285076286 -0.015273628142166238 0.019593764389497614 0.0076181385545245096 -0.034939823604653253 -0.039300734783639595 -0.029939778294795601 0.047875127074253294 0.046344630008900323 0.0031603026560989875 0.034109243361696004 0.019851124911467129 0.032985878574890416 -0.012860343529103299 0.0092563394112512003 0.050893079806830825 0.041777401396517047 0.0011758724938070214 0.031544802741758853 0.048817299338503775 0.038581688594252019 -0.045551169489507638 -0.027432673599987818 -0.0094121331347907372 0.018694498700870251 0.044514341802829427 0.048937199907234476 0.031827213026528002 0.049322841647375763 0.050984395879488636 0.032888253425388668 0.039739491721056501 -0.0049504155153097537 0.042929632457914702 0.023271523995756525 0.04985292746573583 0.040838715232457669 0.01139721741136941 0.0065685571361892015 -0.01327401491857827 0.0035130206561484936 0.030312891406132469 0.047232887040399671 0.028132308795141572 0.049728251002411621 0.047231775903898855 0.025600833729778196 0.043459088560841824 0.050535805947828284 0.050911232122268051 0.0459665269063637 0.050018407176514193 0.050809917974347633 0.035341181000829169 0.049913384017115502 0.045448139587364884
leaf_weight=4234.5113924704492 1632.9244740908034 2.7522022561170152 0.38850438175723201 291.1443918873556 28.007992534898221 21.455162967555225 34.687197577906772 8.8032253151759559 46.187725412892178 5.5770598165690926 1.4675293420441442 3.3440019739791742 1.7754183197394002 72.118578748311847 223.79180200328119 34.24078285205178 56.386045466642827 4.1390607568901032 17.711681450949982 13.88266160618514 7.640436259796842 142.67017376236618 3.312523510772734 2.38789963722229 1.6365571785718183 55.446149602532387 14.977533284574745 2.0468579553999002 13.904683297267182 1.0420955943409351 8.3157322853803617 4.8888661982491612 160.39523105695844 14.003778388723733 16.460197969805449 616.93854023888707 1.8019683468155565 2.0905790235847297 0.42401913087815035 2.5830534826964135 0.99152191239409138 25.850647985003892 5.3180664363317183 0.71526080183684815 0.46611520927399386 0.24114002007991064 0.30036427220329642 1.0389138804748652 21.24567693984136 0.34166541090235114 39.272855955641717 1.7610201453790062 0.59469139436259855 2.4274193271994582 40.885619657114148 711.28949387487955 3.7619867885950962 15.52001274889335 143.02140669012442 0.33023006655275822 3.7101496206596485 0.69646175950765599
leaf_count=871428 52461 306 31 24210 1076 2888 3345 1391 4852 521 203 534 214 4399 15486 4328 5426 412 1408 1722 833 4321 247 291 155 3256 1013 382 2467 150 823 420 7747 998 548 20687 198 122 50 205 107 886 244 88 60 44 32 103 1257 34 1714 89 42 139 1491 23204 207 706 4591 30 177 32
internal_value=2.78377e-05 0.0473062 0.00839122 0.0491729 0.0422312 0.000791952 0.0383528 -0.0106716 0.0121397 0.0409402 0.0186468 -0.00491967 0.0280403 0.0418397 0.0505325 -0.00277137 0.0295428 0.00490481 0.026911 0.00148667 -0.00500919 0.0481152 0.0210783 -0.0125712 0.0415093 0.0469182 0.0458577 -0.0244975 -0.0227189 -0.0321995 0.0141187 0.0336429 0.0508987 0.0502119 0.0412804 0.050562 0.0374816 0.0445621 0.0208128 0.0453549 0.0374768 0.0511323 0.0483149 0.0267817 0.0260081 -0.0421494 0.0288837 0.0420254 0.0465616 0.0166145 0.0502331 0.0489574 0.0417711 0.0493633 0.0495467 0.0511697 0.0505285 0.0492279 0.0506751 0.0398435 0.0508426 0.0492077
internal_weight=8828.04 4593.53 210.268 4383.27 717.907 171.025 483.539 85.0779 85.9467 386.552 53.3557 60.082 96.9877 363.263 3665.36 55.6959 91.0732 5.91448 23.2887 32.591 21.5231 482.178 49.5002 3.85543 39.2433 335.101 238.769 24.9959 22.7079 4.3861 11.0679 10.9717 3183.18 807.798 30.464 777.334 8.44501 28.2716 2.52669 26.9108 3.57458 2375.38 31.1687 2.51723 2.10267 2.288 1.36076 5.92778 23.3363 0.64203 234.367 44.056 2.35571 41.7003 96.3318 2344.21 190.311 19.282 171.029 0.718734 147.077 4.40661
internal_count=1076831 205403 24353 181050 48499 21461 39935 12184 9277 30538 5593 7900 9397 28609 132551 7216 8771 626 1929 3684 2555 25776 5099 494 2892 21246 16499 4284 3858 684 1129 1074 106775 29980 1546 28434 809 1818 265 1691 312 76795 1130 286 215 426 127 523 1379 66 8564 1984 131 1853 4747 75665 6580 913 5667 61 4530 209
is_linear=0
shrinkage=0.05


Tree=31
num_leaves=63
num_cat=0
split_feature=19 26 35 35 1 13 1 13 35 35 0 35 1 30 1 35 4 1 35 35 0 4 0 13 35 36 0 4 1 4 4 18 4 4 19 4 4 4 13 35 1 18 4 1 20 35 35 35 30 1 1 0 0 0 13 1 35 13 1 17 30 35
split_gain=8288.96 0.10125 0.0119231 0.00691007 0.00396891 0.00219678 0.00150413 0.000926306 0.000771507 0.000674771 0.000644539 0.000639442 0.000522471 0.000183053 0.000181223 0.00017095 0.000159398 0.000156505 0.000136322 0.000135245 9.34386e-05 8.98466e-05 8.27015e-05 7.21043e-05 6.81309e-05 6.65811e-05 6.0343e-05 5.98565e-05 5.91776e-05 5.02135e-05 4.8036e-05 4.36185e-05 4.71266e-05 4.24711e-05 4.17459e-05 4.10468e-05 3.89774e-05 0.000105829 3.4618e-05 5.14067e-05 3.40223e-05 3.39551e-05 3.39263e-05 3.01999e-05 2.75169e-05 2.72775e-05 2.62617e-05 2.53799e-05 2.45114e-05 2.3005e-05 2.27385e-05 2.25321e-05 2.1326e-05 2.00947e-05 1.94579e-05 1.91152e-05 1.8279e-05 1.64758e-05 1.5266e-05 1.51804e-05 1.43795e-05 1.39949e-05
threshold=6.5000000000000009 1.0000000180025095e-35 8.5000000000000018 8.5000000000000018 8.5000000000000018 1.0000000180025095e-35 11.500000000000002 1.0000000180025095e-35 6.5000000000000009 12.500000000000002 4.5000000000000009 11.500000000000002 13.500000000000002 1.0000000180025095e-35 17.500000000000004 16.500000000000004 0.9607692062854768 7.5000000000000009 16.500000000000004 3.5000000000000004 7.5000000000000009 0.95401689410209667 23.500000000000004 1.0000000180025095e-35 10.500000000000002 0.37500001490116125 11.500000000000002 1.0000000180025095e-35 2.5000000000000004 0.90550595521926891 0.95505049824714672 1.5000000000000002 0.91485509276390087 0.064583335071802153 3.5000000000000004 0.95505049824714672 0.99367088079452526 0.13961039483547213 1.0000000180025095e-35 6.5000000000000009 25.500000000000004 1.5000000000000002 0.99367088079452526 4.5000000000000009 1.5000000000000002 3.5000000000000004 6.5000000000000009 6.5000000000000009 1.0000000180025095e-35 18.500000000000004 9.5000000000000018 10.500000000000002 20.500000000000004 17.500000000000004 1.0000000180025095e-35 13.500000000000002 1.5000000000000002 1.0000000180025095e-35 28.500000000000004 1990.0000000000002 1.0000000180025095e-35 6.5000000000000009
decision_type=2 2 2 2 2 2 2 2 2 2 2 2 2 2 2 2 2 2 2 2 2 2 2 2 2 2 2 2 2 2 2 2 2 2 2 2 2 2 2 2 2 2 2 2 2 2 2 2 2 2 2 2 2 2 2 2 2 2 2 2 2 2
left_child=3 6 8 4 10 11 17 9 19 16 28 13 26 21 55 25 27 43 35 60 36 33 38 31 -18 30 29 -4 -1 46 -13 32 -10 -5 54 -11 37 -12 39 -14 -16 48 47 -2 56 -40 -6 -22 -21 -7 -19 -43 -33 -23 -24 -8 -28 -36 59 -9 -3 -46
right_child=1 2 7 5 12 49 14 58 23 18 20 15 22 -15 40 -17 24 50 -20 41 42 53 34 -25 -26 -27 44 -29 -30 -31 -32 52 -34 -35 57 -37 -38 -39 45 -41 -42 51 -44 -45 61 -47 -48 -49 -50 -51 -52 -53 -54 -55 -56 -57 -58 -59 -60 -61 -62 -63
leaf_value=0.051115138045521362 -0.051116231176590504 -0.052941951703126613 -0.052115444430983759 0.051622626735808086 0.051234120645567288 0.051189331919904379 -0.051178319841927625 -0.052881253065243196 -0.052459353148408265 -0.05177134988652185 0.051157621113987334 0.051947474479740421 0.051291400321820335 0.051279393992079869 -0.051231021057782482 0.052119979294477529 -0.052245599000563449 -0.051140073494054819 -0.051662243191123829 -0.052819892750811628 0.051209379680326794 0.051543845616980333 0.051328047711927553 -0.052968923094471099 -0.052063886861460018 0.051405213915593231 0.051308719365901034 -0.05190933475347928 0.051135928375075836 0.051199061530313034 0.051798685907195142 -0.05220963183136771 -0.052617392552836512 0.051788770160212917 0.051378507545746813 -0.051909582921236166 0.051155939657025688 0.051209560200226371 0.051284115263821844 0.051388116554092034 -0.051271372686952421 -0.052531733685616602 0.051183601434313858 -0.051127702296969474 0.051235738641946749 0.051232870158486592 0.051335571705173902 0.051331935166197697 -0.052979747278098059 0.051277023663833937 -0.051158613781063067 -0.052759114168012766 -0.052517123868104837 0.051627240124764689 0.051283483208872951 -0.051199462150151476 0.051257941981166989 0.051326450483732335 -0.052545891775605549 -0.052643342044098151 -0.053038400680445408 0.051289040354791426
leaf_weight=649.15865667723119 1498.9494773806073 21.532118077855561 4.600278063677254 6.2519249501638141 142.78806664189324 19.324261717032645 198.66886575962417 1.6803180300630627 9.4349201200530004 9.3820833335630596 265.31674602907151 7.9132622452452841 179.51372241647914 4.04305475950241 163.6790809314698 6.3389679989777497 10.534067141823472 400.73185322014615 17.127452654298395 31.98011493915692 149.87413072166964 17.323502950370315 59.235397003125399 0.9013883750885715 10.108370214700697 0.88908575242385168 23.134616791270673 15.035644944757221 724.02056614495814 172.5333226067014 17.248701669508591 1.6321788132190698 9.4335102192126215 9.9974859934300166 43.907614124473184 12.558967247605324 476.49710568040609 155.58833048306406 64.534745888784528 14.877875058911739 76.723326902836561 1.4768895441666234 278.46364802261814 929.59395179268904 231.83260429278016 43.453270467929542 6.6772695179097346 4.3469216246157876 2.5924458578228942 12.201250462792812 281.57481619319879 4.153921524528414 0.86150014027953137 12.389695813879369 41.762982451822609 231.46811369992793 75.776889837812632 23.246623636223376 0.86432343116030086 1.1156756579875944 4.7097184620797625 13.005700203590093
leaf_count=29472 337835 2231 657 551 5954 1380 47292 185 1167 1653 11966 734 8665 334 39413 927 1428 93428 3343 3361 6439 1667 3188 92 1488 92 694 2445 32256 7705 1919 227 1083 830 2334 2044 21642 6779 1533 1426 18790 174 12722 212446 9054 1364 585 417 263 1079 66331 454 104 1285 1166 55325 4083 699 115 132 472 1063
internal_value=2.01926e-06 -0.0511951 -0.0523826 0.0511945 0.0511831 0.0515782 -0.0511412 -0.0519519 -0.0527856 -0.051916 0.0511501 0.051714 0.0512615 0.0516019 -0.0512091 0.0518871 -0.0520596 -0.0511266 -0.051768 -0.052871 0.0511749 0.0516303 0.0513018 -0.0525309 -0.0521566 0.0518305 0.051233 -0.0519576 0.0511261 0.0512174 0.0518455 -0.0525124 -0.0525384 0.0517248 0.0513299 -0.0518505 0.0511657 0.0511768 0.0512862 0.0512988 -0.0512439 -0.0528133 0.051194 -0.0511206 0.0512476 0.0512635 0.0512387 0.0512128 -0.0528319 0.0512233 -0.0511477 -0.0526995 -0.0523159 0.0515786 0.0513096 -0.0511897 0.0512698 0.0513605 -0.0527295 -0.0527863 -0.0529593 0.0512386
internal_weight=7906.57 3953.11 171.716 3953.47 3839.55 113.921 3781.39 83.0072 88.7087 79.3469 2703.27 82.3957 1136.28 50.0057 670.539 32.39 40.2784 3110.85 39.0685 66.4452 1330.09 45.9626 470.532 22.2635 20.6424 26.051 665.748 19.6359 1373.18 321.999 25.162 21.3621 18.8684 16.2494 168.153 21.9411 897.402 420.905 302.38 194.392 240.402 40.2034 432.685 2428.54 343.75 107.988 149.465 154.221 34.5726 31.5255 682.307 5.63081 2.49368 29.7132 100.998 430.137 98.9115 67.1542 3.66032 2.79599 26.2418 244.838
internal_count=1075982 893978 23118 182004 171206 10798 870860 13490 9628 13058 121693 8339 49513 4667 160820 3672 6018 710040 7040 6955 59965 4333 20375 2673 2916 2745 29138 3102 61728 14244 2653 2581 2250 1381 7387 3697 40387 18745 12988 10091 58203 4252 19578 550281 14894 2897 6539 6856 3624 2459 159759 628 331 2952 4354 102617 4777 3033 432 317 2703 10117
is_linear=0
shrinkage=0.05


Tree=32
num_leaves=63
num_cat=0
split_feature=19 26 35 35 1 13 1 13 35 35 0 35 1 1 30 35 4 1 35 35 4 0 0 13 30 36 0 4 1 13 35 4 4 4 4 4 4 4 1 35 35 13 1 13 4 13 35 35 1 30 1 1 0 35 13 35 35 30 0 17 0 35
split_gain=7353.33 0.0716717 0.00846672 0.00500274 0.00282251 0.0015871 0.00108833 0.000648116 0.000544145 0.000485808 0.000460914 0.000458724 0.000395253 0.000132116 0.000131687 0.000119597 0.000116623 0.000114021 9.81476e-05 9.73724e-05 6.71413e-05 6.37122e-05 5.72527e-05 5.22777e-05 5.18845e-05 5.11543e-05 4.80873e-05 4.51713e-05 4.47711e-05 3.71958e-05 5.60017e-05 3.49427e-05 3.04392e-05 3.02783e-05 2.9702e-05 2.91822e-05 2.63887e-05 7.39458e-05 2.42869e-05 2.26396e-05 2.23237e-05 3.23344e-05 2.17379e-05 2.07546e-05 1.88457e-05 1.85802e-05 3.66375e-05 2.49272e-05 1.68155e-05 1.60334e-05 1.58481e-05 1.42137e-05 1.39515e-05 1.33342e-05 1.32584e-05 1.43961e-05 1.17898e-05 1.12168e-05 1.09386e-05 1.28387e-05 1.03084e-05 9.69726e-06
threshold=6.5000000000000009 1.0000000180025095e-35 8.5000000000000018 8.5000000000000018 8.5000000000000018 1.0000000180025095e-35 11.500000000000002 1.0000000180025095e-35 6.5000000000000009 12.500000000000002 4.5000000000000009 11.500000000000002 13.500000000000002 17.500000000000004 1.0000000180025095e-35 16.500000000000004 0.95683228969573986 7.5000000000000009 16.500000000000004 3.5000000000000004 0.95401689410209667 7.5000000000000009 17.500000000000004 1.0000000180025095e-35 1.0000000180025095e-35 0.37500001490116125 11.500000000000002 1.0000000180025095e-35 2.5000000000000004 1.0000000180025095e-35 6.5000000000000009 0.95505049824714672 0.99367088079452526 0.064583335071802153 0.95505049824714672 0.95180022716522228 0.99367088079452526 0.49193547666072851 25.500000000000004 6.5000000000000009 6.5000000000000009 1.0000000180025095e-35 4.5000000000000009 1.0000000180025095e-35 0.99367088079452526 1.0000000180025095e-35 6.5000000000000009 4.5000000000000009 9.5000000000000018 1.0000000180025095e-35 18.500000000000004 13.500000000000002 17.500000000000004 3.5000000000000004 1.0000000180025095e-35 6.5000000000000009 3.5000000000000004 1.0000000180025095e-35 51.500000000000007 3523.0000000000005 3.5000000000000004 7.5000000000000009
decision_type=2 2 2 2 2 2 2 2 2 2 2 2 2 2 2 2 2 2 2 2 2 2 2 2 2 2 2 2 2 2 2 2 2 2 2 2 2 2 2 2 2 2 2 2 2 2 2 2 2 2 2 2 2 2 2 2 2 2 2 2 2 2
left_child=3 6 8 4 10 11 17 9 19 16 28 14 26 51 20 25 27 42 34 57 33 36 54 35 -18 31 32 -4 -1 30 -24 -13 39 -5 -11 61 37 -12 -15 -6 44 -42 -2 49 -23 46 -28 -47 -19 -21 -7 -8 -22 -31 55 -14 -56 -3 59 -9 -30 -10
right_child=1 2 7 5 12 50 13 58 23 18 21 15 22 38 -16 -17 24 48 -20 43 52 40 29 -25 -26 -27 45 -29 60 53 -32 -33 -34 -35 -36 -37 -38 -39 -40 -41 41 -43 -44 -45 -46 47 -48 -49 -50 -51 -52 -53 -54 -55 56 -57 -58 -59 -60 -61 -62 -63
leaf_value=0.05100665081468525 -0.051007753037765252 -0.052650709197271439 -0.051908679451730992 0.051465124518405937 0.05110943501635018 0.051073783038405457 -0.051063437489206047 -0.052568382471344335 -0.052258207948481121 -0.051597604884240977 0.051050273312874983 0.051758450165578375 0.051152067987263287 -0.051111173956001212 0.051149577594044364 0.051908116957287136 -0.05193349958846865 -0.051029227055153108 -0.051498622025371601 -0.052517272363255055 0.051393490134537395 0.051090070628143781 0.051192242561217488 -0.052676948895560828 -0.052555386483318201 0.051260597955441606 0.051128217158538429 -0.051719843400936841 0.051019446610289947 0.05117857484986648 0.05129181135190633 0.051623767904344989 0.051081243876910626 0.051614287936391716 -0.05172321762333934 -0.052327519527507332 0.051044108165110749 0.051103714852013427 -0.051147220204689814 0.051208803014881746 0.051188564850854358 0.05101960035430584 -0.051018068372031523 -0.052737453895875912 0.051066563894402943 0.051120398228782407 0.051213202966938702 0.051060046472066162 -0.051046082621851632 -0.052647405080387802 0.05115109611142702 -0.051082666413209479 0.051467143953943223 0.051143743279914833 0.051144747874834751 0.051230244228604151 0.051090712630050716 -0.052741338064839084 -0.052182474876137135 -0.052351241220351535 0.051032122701852145 -0.052156191095089656
leaf_weight=575.32038928940892 1331.0007443351205 18.716518914327029 4.1523367767222252 5.4679903187789014 132.41387870209292 17.030837567988787 178.86623636027798 1.7826686850748954 4.2906443146057462 8.2873156499117613 286.70869495021179 7.0287901535630306 77.607514942064881 147.29925804119557 3.4478265093639484 5.6793196473736307 18.008089359849695 358.46633097203448 15.134856884134932 31.085333433933556 15.513566210400315 133.24019086407498 166.97508442541584 0.80371113494038482 0.34175890684127708 0.80552466795779665 194.27596837375313 13.344202300067989 316.99832822848111 66.53660214971751 15.426657731877638 15.296527073252946 150.40413598157465 9.0046256757341308 10.890229108510539 9.3807538389228284 427.8502828408964 83.60312080476433 68.442615524632856 5.991483482066541 9.8132433537393791 3.9798056692816308 828.72823785524815 1.2159247659146775 236.79844293603674 82.539048119913787 13.567163858097045 21.583354111295193 251.97558830166236 2.5620542429387561 10.852081149816511 207.69560103979893 10.979806262999771 46.80450875358656 25.938232575077564 6.3724606265313914 16.526555141899735 4.175800616387277 0.33219741191714991 1.1012643594294784 324.62643677927554 5.0960951400920749
leaf_count=29511 338229 2188 670 536 6168 1354 47524 223 589 1640 14472 720 4075 39486 317 922 2872 93654 3293 3732 1664 6451 9204 92 42 93 10226 2442 15833 1795 1678 1899 7514 834 1984 1235 21797 4123 18622 594 1155 295 212720 134 11583 2336 1430 978 66378 298 1044 55357 1263 1715 671 670 576 474 54 149 16277 730
internal_value=-1.0906e-06 -0.051078 -0.0521448 0.0510783 0.051068 0.0514249 -0.0510303 -0.0517601 -0.0525099 -0.0517283 0.0510384 0.0515471 0.0511376 -0.0510913 0.0514463 0.0517025 -0.051857 -0.0510171 -0.0515938 -0.0525871 0.0514713 0.0510606 0.0511746 -0.0522821 -0.0519451 0.051652 0.0511115 -0.0517647 0.0510168 0.0511867 0.0512007 0.0516662 0.0510968 0.0515579 -0.0516689 -0.0522652 0.0510526 0.0510623 -0.0511226 0.0511137 0.0510774 0.0511398 -0.0510117 -0.0525345 0.051075 0.0511251 0.0511338 0.0511079 -0.0510362 -0.0525272 0.0511039 -0.0510738 0.051424 0.0511642 0.0511465 0.051158 0.0511237 -0.0526672 -0.0524542 -0.0524855 0.0510259 -0.0522028
internal_weight=7046.18 3523.18 150.702 3523.01 3421.9 101.107 3372.47 73.3749 77.3268 70.1588 2398.94 73.224 1022.96 602.304 44.4138 28.8102 35.8464 2770.17 34.3124 57.7556 40.966 1181.99 422.188 19.5712 18.3498 23.1308 600.775 17.4965 1216.95 295.743 182.402 22.3253 288.809 14.4726 19.1775 18.7675 798.162 370.312 215.742 138.405 383.832 13.793 2159.73 34.8633 370.039 311.966 207.843 104.122 610.442 33.6474 27.8829 386.562 26.4934 113.341 126.445 83.98 42.4648 22.8923 3.21613 2.88393 641.625 9.38674
internal_count=1076584 894811 22841 181773 171127 10646 871970 13369 9472 12943 121497 8248 49630 160989 4614 3634 6026 710981 6917 6826 4297 59876 20384 2646 2914 2712 29246 3112 61621 14392 10882 2619 14276 1370 3624 2554 40392 18595 58108 6762 19484 1450 550949 4164 18034 14970 11656 3314 160032 4030 2398 102881 2927 3510 5992 4745 1247 2662 426 372 32110 1319
is_linear=0
shrinkage=0.05


Tree=33
num_leaves=63
num_cat=0
split_feature=19 26 35 35 1 13 1 13 35 35 35 0 1 30 1 35 1 35 35 0 30 13 0 35 36 0 1 18 19 13 35 1 35 13 18 1 35 35 13 13 35 35 1 1 30 0 35 0 30 0 1 13 17 35 35 30 35 13 20 0 19 18
split_gain=6521.27 0.0521916 0.0061755 0.00372253 0.00204438 0.0011924 0.00078927 0.000468634 0.000395366 0.000349065 0.000339496 0.000325289 0.000275991 9.61074e-05 9.52763e-05 9.13322e-05 8.20274e-05 7.20422e-05 7.06162e-05 4.63166e-05 4.37009e-05 4.33689e-05 3.91281e-05 3.7664e-05 3.62134e-05 3.04123e-05 2.97712e-05 2.1834e-05 1.96037e-05 1.83805e-05 2.71259e-05 1.83625e-05 1.72856e-05 2.24797e-05 1.69241e-05 1.56248e-05 1.54226e-05 1.40361e-05 3.07845e-05 1.37062e-05 2.72294e-05 1.79169e-05 1.2024e-05 1.16909e-05 1.15583e-05 1.13369e-05 1.09583e-05 1.08374e-05 1.05679e-05 1.04641e-05 1.03996e-05 9.71782e-06 9.16725e-06 8.91862e-06 8.78235e-06 8.04584e-06 7.98573e-06 6.86208e-06 6.61706e-06 6.35731e-06 6.00633e-06 5.71906e-06
threshold=6.5000000000000009 1.0000000180025095e-35 8.5000000000000018 8.5000000000000018 8.5000000000000018 1.0000000180025095e-35 11.500000000000002 1.0000000180025095e-35 6.5000000000000009 12.500000000000002 11.500000000000002 4.5000000000000009 13.500000000000002 1.0000000180025095e-35 17.500000000000004 16.500000000000004 7.5000000000000009 16.500000000000004 3.5000000000000004 7.5000000000000009 1.0000000180025095e-35 1.0000000180025095e-35 23.500000000000004 10.500000000000002 0.37500001490116125 11.500000000000002 2.5000000000000004 1.5000000000000002 3.5000000000000004 1.0000000180025095e-35 6.5000000000000009 25.500000000000004 6.5000000000000009 1.0000000180025095e-35 1.5000000000000002 4.5000000000000009 3.5000000000000004 6.5000000000000009 1.0000000180025095e-35 1.0000000180025095e-35 6.5000000000000009 4.5000000000000009 9.5000000000000018 18.500000000000004 1.0000000180025095e-35 20.500000000000004 10.500000000000002 10.500000000000002 1.0000000180025095e-35 5.5000000000000009 13.500000000000002 1.0000000180025095e-35 3523.0000000000005 12.500000000000002 12.500000000000002 1.0000000180025095e-35 6.5000000000000009 1.0000000180025095e-35 2.5000000000000004 3.5000000000000004 4.5000000000000009 1.5000000000000002
decision_type=2 2 2 2 2 2 2 2 2 2 2 2 2 2 2 2 2 2 2 2 2 2 2 2 2 2 2 2 2 2 2 2 2 2 2 2 2 2 2 2 2 2 2 2 2 2 2 2 2 2 2 2 2 2 2 2 2 2 2 2 2 2
left_child=3 6 8 4 11 10 16 9 18 20 13 26 25 46 50 24 35 61 55 49 23 27 29 -4 54 37 -1 48 51 30 -14 -16 60 -34 44 -2 -31 58 -39 40 -27 -41 -18 -7 -20 -29 -5 -36 -10 -13 -8 -24 53 -9 -12 -3 -51 -30 -6 -28 -21 -11
right_child=1 2 7 5 12 43 14 52 21 17 15 19 22 -15 31 -17 42 -19 34 32 -22 -23 28 -25 -26 39 59 45 57 36 -32 -33 33 -35 47 -37 -38 38 -40 41 -42 -43 -44 -45 -46 -47 -48 -49 -50 56 -52 -53 -54 -55 -56 -57 -58 -59 -60 -61 -62 -63
leaf_value=0.050909222395908421 -0.050910010573782298 -0.052389944996750919 -0.051718433385607401 0.051313265604067793 0.050993605184619921 0.050969931663272905 -0.050960157646206067 -0.05238840907033724 -0.052054125746028003 -0.051516346844918903 0.051457479881018509 0.050941964038309209 0.051051490101295588 0.051041506149867667 -0.051002749592491604 0.051723503783279057 -0.050929314561743003 -0.05135308395120828 -0.05229094219610253 0.050965491969781986 -0.052148080125293511 -0.052414892908965421 0.051079909768151167 -0.051608495879616627 0.051136705631941004 0.051017739182728165 0.050920503020989688 -0.051797546439311809 0.051117033058360128 0.05104582332858059 0.051129216372717001 -0.05103575405316696 0.051072174855056177 0.050921289675314479 -0.052065448538427275 -0.050919284634296902 0.051002886655992764 0.051081624100387413 0.050927281559318666 0.051010851881688891 0.051095261607966992 0.050957217125101019 -0.050944394891502744 0.051038865972438924 -0.052417209057210978 -0.052042832521136756 0.051377199151842058 -0.052242461827740443 -0.052256817702681993 0.050953848681336726 -0.050977554389115325 0.051044835395366465 -0.052088666692423652 -0.052170546754156458 0.051526015141975384 -0.052471100230430501 0.051021612482767001 0.051079730726610033 0.050975611268628686 0.050931040459231386 0.050980052325079933 -0.051421181911339459
leaf_weight=508.41273432597518 1178.7574255338404 16.926445732824508 16.792642724700279 28.452060144860297 169.3020423934795 15.680578578729184 159.91394682531245 0.91793056624010139 14.253096249420199 15.530337514588615 7.1694684603717276 265.29981774836779 144.93509942828678 3.1693398554343721 131.6623329652939 5.2201252239756277 318.37504002614878 13.673943707952274 24.84906278364361 225.59061686322093 0.48015150055289169 0.81911077164113422 47.118459807010368 14.533040955895556 0.70091393613256414 173.3753649671562 282.25806893501431 1.274744930211454 35.363561419537291 53.154891090467572 12.167418024037032 61.982982698362321 8.9107807874679548 3.4143951535224906 1.1947518959641446 738.83312875102274 34.480987932067364 11.160823276266454 4.5469302879646412 71.2193873077631 12.119003664236514 19.927509298548102 226.01575864106417 10.120082159992306 1.9549884535372246 0.74718851875513781 8.7676765725482237 3.1297553014010191 0.67344887368381101 438.57659766543657 185.619073479902 33.997108390554786 0.98581182584166516 0.96213749796152115 13.431405747774987 3.7264298233203581 4.3912237202748647 18.927690001670271 73.174880058970302 290.39383988687769 103.24287545774132 1.7573875924572337
leaf_count=29454 337682 2237 3101 3294 8985 1387 47503 122 2163 3250 864 14997 8747 323 39336 951 93240 3328 3328 12071 71 106 3160 2845 89 10174 15928 225 2310 1574 1441 18792 1172 291 178 213051 1373 1372 303 2268 1422 1016 66616 1083 253 115 1052 435 94 24695 55211 1176 153 152 1819 478 538 700 3668 16391 5908 406
internal_value=1.48258e-05 -0.0509737 -0.0519348 0.0509736 0.0509641 0.0512857 -0.0509304 -0.0515869 -0.0522631 -0.0515583 0.0513971 0.0509373 0.0510266 0.0513058 -0.0509852 0.0515361 -0.0509184 -0.0514388 -0.0523329 0.0509571 -0.0516747 -0.0520596 0.0510592 -0.0516674 0.0514901 0.0510035 0.050918 -0.0520424 0.0510808 0.0510473 0.0510575 -0.0510133 0.0509722 0.0510304 -0.0522853 -0.0509136 0.0510289 0.0509911 0.0510369 0.051015 0.0510228 0.0509991 -0.0509356 0.050997 -0.0523002 -0.0518882 0.0513283 -0.0521936 -0.0520633 0.0509498 -0.0509695 0.0510652 -0.0522122 -0.0522769 0.0515022 -0.0524046 0.0509545 0.051104 0.0509882 0.0509258 0.0509701 -0.0515067
internal_weight=6274.52 3136.34 135.182 3138.17 3045.46 92.7117 3001.16 65.6334 69.549 62.7675 66.911 2130.49 914.971 40.3891 539.178 26.5219 2461.98 30.9617 51.7814 1049.43 31.8058 17.7676 380.145 31.3257 21.3018 534.826 1081.06 16.9485 135.407 244.738 157.103 193.645 341.159 12.3252 31.1286 1917.59 87.6359 258.185 15.7078 276.641 185.494 91.1469 544.391 25.8007 26.8041 2.02193 37.2197 4.32451 14.9265 708.268 345.533 81.1156 2.86588 1.88007 20.6009 20.6529 442.968 54.2913 242.477 572.652 328.833 17.2877
internal_count=1076467 894471 23040 181996 171134 10862 871431 13428 9612 13001 8392 121445 49689 4669 160842 3723 710589 6984 6909 59672 6017 2703 20481 5946 2772 29208 61773 2597 7346 13135 10188 58128 19442 1463 4194 550733 2947 14328 1675 14880 11596 3284 159856 2470 3581 340 4346 613 2257 40230 102714 4336 427 274 2683 2715 25233 3010 12653 32319 17979 3656
is_linear=0
shrinkage=0.05


Tree=34
num_leaves=63
num_cat=0
split_feature=19 26 35 35 1 13 1 13 35 35 35 1 1 30 1 35 4 1 35 35 4 1 13 1 30 36 35 4 13 35 13 4 1 4 36 4 18 4 4 1 13 35 35 35 18 1 35 1 30 1 4 13 1 4 35 17 1 4 30 35 1 1
split_gain=5775.81 0.0370942 0.0043998 0.00270171 0.00146888 0.00085049 0.000570425 0.000348339 0.000288455 0.000252235 0.000244682 0.000228331 0.000205996 6.88485e-05 6.88475e-05 6.38675e-05 6.12264e-05 5.9313e-05 5.28853e-05 4.92101e-05 3.48214e-05 3.03795e-05 3.02029e-05 2.754e-05 2.6974e-05 2.62315e-05 2.3038e-05 2.26685e-05 2.1705e-05 3.67115e-05 2.13032e-05 1.92285e-05 1.64725e-05 1.63062e-05 1.61162e-05 1.541e-05 1.51857e-05 1.7802e-05 1.26858e-05 1.25507e-05 1.24883e-05 2.49184e-05 1.58204e-05 1.21506e-05 1.18145e-05 1.12962e-05 8.87223e-06 8.83058e-06 8.55138e-06 8.16245e-06 7.99203e-06 7.81362e-06 7.52351e-06 7.2195e-06 6.92225e-06 6.28497e-06 6.26232e-06 5.58843e-06 5.54499e-06 5.16857e-06 5.09306e-06 4.58496e-06
threshold=6.5000000000000009 1.0000000180025095e-35 8.5000000000000018 8.5000000000000018 8.5000000000000018 1.0000000180025095e-35 11.500000000000002 1.0000000180025095e-35 6.5000000000000009 12.500000000000002 11.500000000000002 4.5000000000000009 14.500000000000002 1.0000000180025095e-35 17.500000000000004 16.500000000000004 0.9595918357372285 7.5000000000000009 16.500000000000004 3.5000000000000004 0.95401689410209667 2.5000000000000004 1.0000000180025095e-35 10.500000000000002 1.0000000180025095e-35 0.37500001490116125 6.5000000000000009 1.0000000180025095e-35 1.0000000180025095e-35 6.5000000000000009 1.0000000180025095e-35 0.95505049824714672 6.5000000000000009 0.064583335071802153 0.37500001490116125 0.95505049824714672 1.5000000000000002 0.92724865674972545 0.99367088079452526 25.500000000000004 1.0000000180025095e-35 6.5000000000000009 4.5000000000000009 6.5000000000000009 1.5000000000000002 4.5000000000000009 4.5000000000000009 9.5000000000000018 1.0000000180025095e-35 18.500000000000004 0.99367088079452526 1.0000000180025095e-35 13.500000000000002 0.92052632570266735 10.500000000000002 3523.0000000000005 3.5000000000000004 0.9321839213371278 1.0000000180025095e-35 12.500000000000002 8.5000000000000018 15.500000000000002
decision_type=2 2 2 2 2 2 2 2 2 2 2 2 2 2 2 2 2 2 2 2 2 2 2 2 2 2 2 2 2 2 2 2 2 2 2 2 2 2 2 2 2 2 2 2 2 2 2 2 2 2 2 2 2 2 2 2 2 2 2 2 2 2
left_child=3 6 8 4 11 10 17 9 19 16 13 21 23 20 52 25 27 45 35 58 33 -1 36 38 -18 31 32 -4 29 34 -28 -12 53 -5 -14 -11 37 -10 43 -16 41 -25 -42 -6 48 -2 -30 -19 -21 -7 -34 -40 -8 -13 -22 59 -23 -31 -3 -9 -46 -38
right_child=1 2 7 5 12 49 14 55 22 18 15 26 28 -15 39 -17 24 47 -20 44 54 56 -24 40 -26 -27 30 -29 46 57 -32 -33 50 -35 -36 -37 61 -39 51 -41 42 -43 -44 -45 60 -47 -48 -49 -50 -51 -52 -53 -54 -55 -56 -57 -58 -59 -60 -61 -62 -63
leaf_value=0.050821039809618308 -0.050821904714241965 -0.052155153375396474 -0.051553046439466989 0.051192932168823618 0.050905439575181267 0.050875783025900789 -0.050867058164661062 -0.052153652056744541 -0.051802086810571482 -0.051302119039007589 0.051431506151136855 0.050865336228945734 0.050978188505321466 0.050943101193673623 -0.050905587615598658 0.051554251301975711 -0.051574622990508412 -0.050839264816623687 -0.05122189419789689 -0.052066129706777278 0.051145003062322648 0.050833243084797856 -0.052174481298392354 0.050920922702188121 -0.052085991971267481 0.051011505692023298 0.050964069370696689 -0.051401601346906189 0.050951932969848651 0.051088646568865727 0.050831308397342005 0.051321588797177735 0.050881672425904759 0.051315678091646083 0.050946311572047001 -0.051403722689849302 -0.05164263166647666 -0.051918203386979084 0.05089448153404752 -0.050934424243238186 0.050915023753011025 0.05099020841849166 0.050866886496399644 0.050990985077887331 -0.051904045844349322 -0.050830275794190631 0.050919187683760539 -0.050852944183893245 -0.052181456701403464 0.050937725808848949 0.050866250500356869 0.050869412252864669 -0.050882704015721564 0.050853063335027274 0.05121090743922882 -0.051896535789689148 0.050843488621680324 0.051024447965903108 -0.052227169025931136 -0.051977573826731863 -0.052024870681388002 -0.051818332918271384
leaf_weight=454.64129938464612 1045.3664679878857 14.986203181091698 3.2163024800829598 4.3667168179526907 100.36381710832939 13.824547127820553 143.27470145770349 0.80675486382096939 6.8244436718523449 6.4308479635510603 5.7660583665128877 221.44561894051731 94.484301753342152 2.8641006578691295 117.9543582877377 4.525161844212561 14.09439501701854 284.55128703056835 12.305631127906961 21.402262234129019 16.251263305079195 308.73650859575719 0.70763977570459324 182.68609792226925 0.26268534269183952 0.57066604285500844 10.848300256300716 10.661345701199023 75.651830382179469 5.1482855593785617 4.188221209216862 12.836460611550137 150.33695166464895 7.1130829893518239 68.321909621590748 8.8918197592720389 1.1492331903427846 6.3929020995274186 90.77837843587622 55.480611477862112 73.245217082090676 13.969243189785628 22.25446821609512 4.3299781717360011 1.4173560324124985 655.84411763702519 28.470906264148653 201.53452501411084 1.737883293069898 8.6436207112856192 190.40657731844112 47.265360885765404 165.69416805147193 261.1232358017005 5.2785107125528148 0.86368210380896915 288.52387886820361 9.9245868695434183 3.2531537199392906 0.86217470141127706 2.2675122306682169 0.54851958993822325
leaf_count=29742 337624 2236 655 529 5928 1369 47577 121 1208 1602 736 14013 7593 327 39381 918 2844 93471 3344 3244 2216 19657 103 11911 40 79 1611 2467 2587 633 393 1967 9226 814 3475 2037 225 1047 6581 18767 2538 1817 1186 551 235 212581 1451 66527 254 1051 11690 2046 55095 16772 741 149 18375 1400 471 151 355 97
internal_value=3.75398e-06 -0.0508789 -0.0517423 0.0508791 0.0508705 0.0511617 -0.0508404 -0.0514325 -0.0520405 -0.0514065 0.0512606 0.0508463 0.0509265 0.0511783 -0.0508896 0.0513853 -0.0515116 -0.0508295 -0.0512991 -0.0521046 0.0511987 0.0508308 -0.0518553 0.0509083 -0.051584 0.0513454 0.0508658 -0.0514367 0.0509611 0.0509717 0.0509271 0.0513557 0.0508646 0.051269 0.0509648 -0.0513611 -0.0518402 -0.0518582 0.0508959 -0.0509148 0.0509186 0.0509258 0.0509038 0.050909 -0.0520615 -0.0508251 0.050943 -0.0508449 -0.0520748 0.0508996 0.0508731 0.0508859 -0.0508754 0.0508587 0.0511612 -0.052006 0.0508382 0.0510464 -0.052168 -0.0520627 -0.0519784 -0.0516994
internal_weight=5577.97 2788.78 119.083 2789.19 2707.14 82.0402 2669.7 58.3956 60.6871 55.863 59.572 1890.25 816.894 35.8737 482.404 23.6983 28.2347 2187.3 27.6283 45.0644 33.0096 1051.9 15.6227 534.893 14.3571 19.1732 838.349 13.8776 282.002 177.879 15.0365 18.6025 823.312 11.4798 162.806 15.3227 14.9151 13.2173 242.738 173.435 292.155 196.655 95.4997 104.694 26.825 1701.21 104.123 486.086 23.1401 22.4682 340.744 138.044 308.969 482.569 21.5298 2.53261 597.26 15.0729 18.2394 1.66893 3.68487 1.69775
internal_count=1075831 893908 22885 181923 171176 10747 871023 13410 9475 12989 8327 121479 49697 4627 160820 3700 6006 710203 6983 6795 4300 67774 2680 32558 2884 2782 53705 3122 17139 13101 2004 2703 51701 1343 11068 3639 2577 2255 15106 58148 17452 13728 3724 6479 4088 550205 4038 159998 3498 2420 20916 8627 102672 30785 2957 421 38032 2033 2707 272 590 322
is_linear=0
shrinkage=0.05


Tree=35
num_leaves=63
num_cat=0
split_feature=19 26 35 35 1 13 1 13 35 35 35 0 1 1 36 35 4 1 35 35 4 0 0 36 13 35 0 1 4 4 4 18 4 4 4 13 35 4 4 4 13 35 1 18 35 13 35 1 35 35 35 1 1 13 0 0 1 0 13 13 1 13
split_gain=5128.04 0.0269499 0.00319243 0.00196318 0.00103927 0.000622471 0.00041844 0.000256159 0.000209008 0.000183842 0.000179695 0.000172098 0.000146943 5.1036e-05 5.06071e-05 4.89334e-05 4.38433e-05 4.30505e-05 3.73869e-05 3.63994e-05 2.52277e-05 2.30976e-05 1.98592e-05 1.93977e-05 1.88877e-05 1.71315e-05 1.64833e-05 1.60711e-05 1.57287e-05 1.29023e-05 1.18348e-05 1.16614e-05 1.27689e-05 1.12588e-05 1.09208e-05 1.04937e-05 1.52242e-05 1.02704e-05 2.79694e-05 9.92454e-06 9.73404e-06 1.3396e-05 9.38224e-06 8.82642e-06 8.70278e-06 8.54208e-06 1.53392e-05 8.08293e-06 7.95824e-06 7.01794e-06 6.6208e-06 6.36093e-06 6.22767e-06 5.91212e-06 5.67832e-06 5.67229e-06 5.43861e-06 5.38647e-06 3.92267e-06 3.88385e-06 3.87058e-06 3.48689e-06
threshold=6.5000000000000009 1.0000000180025095e-35 8.5000000000000018 8.5000000000000018 8.5000000000000018 1.0000000180025095e-35 11.500000000000002 1.0000000180025095e-35 6.5000000000000009 12.500000000000002 11.500000000000002 4.5000000000000009 13.500000000000002 17.500000000000004 0.37500001490116125 16.500000000000004 0.9607692062854768 7.5000000000000009 16.500000000000004 3.5000000000000004 0.95401689410209667 7.5000000000000009 22.500000000000004 0.37500001490116125 1.0000000180025095e-35 10.500000000000002 11.500000000000002 2.5000000000000004 1.0000000180025095e-35 0.95505049824714672 0.064583335071802153 1.5000000000000002 0.92724865674972545 0.95505049824714672 0.90550595521926891 1.0000000180025095e-35 6.5000000000000009 0.99367088079452526 0.13961039483547213 0.99367088079452526 1.0000000180025095e-35 6.5000000000000009 25.500000000000004 1.5000000000000002 6.5000000000000009 1.0000000180025095e-35 6.5000000000000009 4.5000000000000009 4.5000000000000009 3.5000000000000004 6.5000000000000009 9.5000000000000018 18.500000000000004 1.0000000180025095e-35 17.500000000000004 10.500000000000002 13.500000000000002 20.500000000000004 1.0000000180025095e-35 1.0000000180025095e-35 29.500000000000004 1.0000000180025095e-35
decision_type=2 2 2 2 2 2 2 2 2 2 2 2 2 2 2 2 2 2 2 2 2 2 2 2 2 2 2 2 2 2 2 2 2 2 2 2 2 2 2 2 2 2 2 2 2 2 2 2 2 2 2 2 2 2 2 2 2 2 2 2 2 2
left_child=3 6 8 4 11 10 17 9 19 16 14 27 26 56 20 23 28 47 33 -3 30 37 40 29 31 -18 34 -1 -4 -12 -5 32 -10 -11 44 36 -24 38 -13 50 41 -14 -15 53 -6 46 -28 -2 -47 -42 -23 -19 -7 -21 -22 -45 -8 -33 -36 -41 -9 -39
right_child=1 2 7 5 12 52 13 60 24 18 15 21 22 42 -16 -17 25 51 -20 43 54 39 35 -25 -26 -27 45 -29 -30 -31 -32 57 -34 -35 58 -37 -38 61 -40 59 49 -43 -44 55 -46 48 -48 -49 -50 -51 -52 -53 -54 -55 -56 -57 -58 -59 -60 -61 -62 -63
leaf_value=0.050741580125864043 -0.050742466519046604 -0.051956486258136404 -0.051400305852062081 0.051077646683863991 0.050816264522179022 0.050790519390246897 -0.050783314999296517 -0.051847589513046258 -0.051627631478965666 -0.05117521773692732 0.051289829025593217 0.050769881706282896 0.050856239361510951 -0.050818269358149426 0.050865355091894673 0.05140496145961243 -0.051485513552724883 -0.050758137755475823 -0.051102947775410128 -0.051866758053296838 0.051025878212985779 0.050803671064268835 0.050883408947371291 0.050931103391351679 -0.051962721127894178 -0.051370352465124905 0.050829393066871592 0.050755362257014325 -0.051265659842203187 0.051193774278379567 0.051187206183560312 -0.051463291557963455 -0.051732029641421463 -0.051266669105371414 0.050803177840980818 0.050860293255208591 0.050962350685357399 0.050772503047542307 0.050803803704966378 0.050790901573532714 0.05085026115604533 0.05091917076564615 -0.050844644942769572 -0.05168090899582533 0.050889740231784421 0.050821295937230941 0.050893884821159266 -0.050749969409067744 0.050780664082197238 0.050816495385392374 0.050884247407652232 -0.050770430880858669 0.050847408169974045 -0.052008017278947744 0.05108129245659622 -0.05182520424891951 -0.050797370164921918 -0.051661608558252782 0.050783258163034965 0.050774894895035942 -0.051691033249839861 0.050760989945113688
leaf_weight=400.15876775979996 929.381791919237 16.297437375411391 2.8178648513276139 3.9799748058430868 90.688227497041225 12.520117826759817 128.14625946152955 1.7620292080100619 6.0251333168707735 5.930286595597865 5.0501065321732392 165.37442234717309 109.33479092177004 105.72237582923844 2.9340231746900818 4.1374525097198775 6.549915311858058 253.87178231170401 10.866151363821698 20.009773797355599 11.156530749984087 92.352449864149094 65.664836420677602 0.5882096579298367 0.54164559207856733 6.3702686007600278 137.97905966779217 448.70006282441318 9.4181171474046987 11.360196439083666 6.4750774533022195 0.99979350366629727 5.6996046928688884 7.7817558334209025 72.384028387255967 46.404702988918871 6.7337647608947 204.85030101239681 96.064122120384127 119.29178360383958 39.076185630634427 9.1651915535330755 49.50414761796128 0.94499864801764433 4.2174675720743826 57.401935582980514 9.8803147776052338 584.86230017442722 15.253309076651929 25.385481257457286 2.6217566719278684 179.7243926259689 7.8127212362596756 0.76918562408536573 7.8939394955523303 2.4386253762058914 148.68378853611648 0.5207200818695128 37.528576205484569 55.540816488210112 0.50879869773052622 96.860647181514651
leaf_count=29527 338322 2731 648 540 5982 1387 47606 316 1201 1656 717 11935 8225 39416 385 936 1432 93572 3306 3423 1668 6350 5043 91 89 1497 10158 32170 2450 1957 829 225 1052 2003 5986 2072 1017 16578 6743 9763 1438 1356 18675 180 581 2308 1449 213124 976 1271 397 66485 1049 122 1263 429 55271 102 1784 2947 107 5166
internal_value=-3.397e-05 -0.050794 -0.0515731 0.0507941 0.0507863 0.0510479 -0.0507592 -0.0512932 -0.0518415 -0.0512695 0.0511373 0.0507647 0.0508363 -0.0508037 0.0510634 0.0512508 -0.0513645 -0.0507493 -0.0511722 -0.0518987 0.0510831 0.0507809 0.0508629 0.0512132 -0.0516733 -0.0514287 0.0508173 0.0507489 -0.0512967 0.0512233 0.0511455 -0.0516615 -0.0516784 -0.0512271 0.0508071 0.0508789 0.0508908 0.0507751 0.0507823 0.0507929 0.0508526 0.0508611 -0.0508267 -0.0518598 0.0508195 0.0508268 0.0508337 -0.0507454 0.0508128 0.050837 0.0508059 -0.0507632 0.0508124 -0.051872 0.0510488 -0.0517849 -0.0507909 -0.0515312 0.0507964 0.0507858 -0.0518125 0.0507688
internal_weight=4968.97 2486.15 106.252 2482.82 2408.91 73.9083 2379.9 52.0052 54.2469 49.7344 53.5755 1681.82 727.098 432.057 32.4395 21.136 25.1562 1947.84 24.5782 40.46 29.5055 832.956 301.765 16.9985 13.7869 12.9202 425.333 848.859 12.236 16.4103 10.4551 13.2453 11.7247 13.712 204.818 118.803 72.3986 563.149 261.439 269.807 182.962 118.5 155.227 24.1626 94.9057 220.515 147.859 1514.24 72.6552 64.4617 94.9742 433.596 20.3328 20.779 19.0505 3.38362 276.83 1.52051 109.913 174.833 2.27083 301.711
internal_count=1077484 895440 22969 182044 171222 10822 872471 13415 9554 12992 8386 121576 49646 160968 4685 3701 6027 711503 6965 6885 4300 59879 20422 2765 2669 2929 29224 61697 3098 2674 1369 2580 2253 3659 14333 8132 6060 40422 18678 19457 12290 9581 58091 4154 6563 14891 11607 551446 3284 2709 6747 160057 2436 3545 2931 609 102877 327 7770 12710 423 21744
is_linear=0
shrinkage=0.05


Tree=36
num_leaves=63
num_cat=0
split_feature=19 26 35 35 1 13 1 13 35 35 35 1 1 30 1 35 4 1 35 35 4 1 13 30 36 35 13 35 4 13 1 4 4 1 4 18 4 1 1 18 35 1 4 35 13 35 35 1 1 30 4 1 4 1 35 13 4 30 1 1 1 12
split_gain=4549.52 0.0195019 0.00230723 0.00142301 0.000756165 0.00045558 0.000302478 0.000185134 0.000147875 0.000133773 0.000129145 0.000117156 0.000105998 3.8368e-05 3.67217e-05 3.44652e-05 3.21514e-05 3.12249e-05 2.74006e-05 2.57392e-05 1.90982e-05 1.62769e-05 1.50884e-05 1.41686e-05 1.34236e-05 1.28076e-05 1.27261e-05 2.16052e-05 1.1558e-05 1.12056e-05 1.01762e-05 9.38509e-06 8.56467e-06 8.34971e-06 8.30636e-06 8.16952e-06 9.02542e-06 8.05105e-06 6.77176e-06 6.37262e-06 6.19946e-06 5.82716e-06 5.64574e-06 6.44627e-06 4.85631e-06 1.11601e-05 5.65389e-06 4.79175e-06 4.6619e-06 4.32721e-06 4.22351e-06 3.95812e-06 3.90619e-06 3.6118e-06 3.53751e-06 3.52267e-06 3.39208e-06 2.9313e-06 2.87749e-06 2.83232e-06 2.76223e-06 2.44783e-06
threshold=6.5000000000000009 1.0000000180025095e-35 8.5000000000000018 8.5000000000000018 8.5000000000000018 1.0000000180025095e-35 11.500000000000002 1.0000000180025095e-35 6.5000000000000009 12.500000000000002 11.500000000000002 4.5000000000000009 13.500000000000002 1.0000000180025095e-35 17.500000000000004 16.500000000000004 0.9595918357372285 7.5000000000000009 16.500000000000004 3.5000000000000004 0.9529346525669099 2.5000000000000004 1.0000000180025095e-35 1.0000000180025095e-35 0.37500001490116125 6.5000000000000009 1.0000000180025095e-35 6.5000000000000009 1.0000000180025095e-35 1.0000000180025095e-35 10.500000000000002 0.95505049824714672 0.064583335071802153 20.500000000000004 0.95505049824714672 1.5000000000000002 0.95180022716522228 6.5000000000000009 25.500000000000004 1.5000000000000002 4.5000000000000009 4.5000000000000009 0.99367088079452526 6.5000000000000009 1.0000000180025095e-35 6.5000000000000009 4.5000000000000009 18.500000000000004 9.5000000000000018 1.0000000180025095e-35 0.99367088079452526 13.500000000000002 0.99367088079452526 3.5000000000000004 10.500000000000002 1.0000000180025095e-35 0.91779279708862316 1.0000000180025095e-35 19.500000000000004 29.500000000000004 8.5000000000000018 10.050561904907228
decision_type=2 2 2 2 2 2 2 2 2 2 2 2 2 2 2 2 2 2 2 2 2 2 2 2 2 2 2 2 2 2 2 2 2 2 2 2 2 2 2 2 2 2 2 2 2 2 2 2 2 2 2 2 2 2 2 2 2 2 2 2 2 2
left_child=3 6 8 4 11 10 17 9 19 16 13 21 30 20 51 24 28 41 34 57 32 -1 35 -18 31 37 27 33 -4 -27 42 -12 -5 -14 -11 36 -10 50 -16 49 -28 -2 43 -6 45 -32 -46 -7 -19 -21 -13 -8 -39 -23 -22 -44 -29 -3 -42 61 -41 -9
right_child=1 2 7 5 12 47 14 59 22 18 15 25 26 -15 38 -17 23 48 -20 39 54 53 -24 -25 -26 29 40 56 -30 -31 44 -33 -34 -35 -36 -37 -38 52 -40 60 58 -43 55 -45 46 -47 -48 -49 -50 -51 -52 -53 -54 -55 -56 -57 -58 -59 -60 -61 -62 -63
leaf_value=0.050670062585080139 -0.050670816503191052 -0.051753854615380596 -0.051263842040576185 0.050972646803855819 0.050737171445811052 0.050713470326562864 -0.050707618560774465 -0.05153968177332055 -0.051470991324646699 -0.051060512948373486 0.051164311086237493 0.050706456982090677 0.050774554410817088 0.050768742746712059 -0.050739024286438887 0.051266661571216024 -0.051282834212956409 -0.050684926412380642 -0.050995541430178329 -0.051682126435360444 0.050933495961097364 0.050680024534468807 -0.051771661404254078 -0.051684530443689702 0.050844705827428331 0.050787199053468568 0.050772711157924026 0.050881158236522631 -0.051141761400489233 0.05067819805828222 0.050748045828955417 0.051077671355824229 0.051071699990006748 0.05079974037290922 -0.051143761342470999 -0.051386498182594179 -0.051563595487715289 0.050718782798254272 -0.050762710681408134 -0.051548658083083801 0.050731206329126505 -0.050677581430713853 0.050729030084890152 0.050807974525516053 0.050743187696748751 0.050806412649400418 0.050706903315348231 0.050766184587643259 -0.050696064682486768 -0.051773795709515451 0.050695916164559318 -0.050720319889757275 0.050706664754832424 0.050688762551074011 0.050985803059472659 0.050710038765797827 0.050829228270816568 -0.05181271902278977 0.050763579631666868 -0.051520890620607177 -0.051647406845129154 -0.05169104725824674
leaf_weight=355.22264826064929 823.20787227735855 11.643142980057744 2.5302107646130034 3.4607663466595167 79.769654771778733 11.386268278583886 114.17780618229881 0.3384861559607083 5.4497925650794006 5.2710189586505312 4.4981655147857955 174.9748719506897 110.51719332486391 2.3964265361428252 94.478871252387762 3.6344855291536069 11.117817430989815 225.9853352883365 9.7830273951403779 17.292651924770333 13.015752760926263 246.28341367421672 0.53690216830000359 0.22393995733000416 0.51619370421394783 8.7005486688576621 71.577631218591705 4.7303114444948706 8.2942980539519322 3.2343544494360676 117.78452208824456 10.244032630231231 5.9073848922271281 46.860570509219542 6.9435884533450007 1.3841987063642598 5.0872956956736743 118.96960720978677 44.334236376802437 1.1240906328894191 16.123383244499568 519.02676742093172 74.168774185702205 3.3497221083380273 47.259252517018467 8.8018257415387762 13.892073229188098 6.9377244733041143 160.78159282309934 1.3909066291525949 207.99643871793523 132.54137557826471 150.78729265276343 227.50158876925707 4.3002638826146713 36.401539281010628 9.3809441737830639 2.5843658321537069 11.952401313465087 0.4818146820180117 1.9139361162669954 1.2664010371081529
leaf_count=29589 337893 2219 655 526 5925 1405 47505 74 1223 1650 713 14051 9285 341 39409 913 2842 93545 3330 3340 2222 19841 99 44 92 1626 3068 721 2438 381 9679 1959 844 4050 2007 332 1058 9178 18685 237 974 212613 6769 534 2052 1438 938 1055 66708 259 16855 55143 11669 18355 753 2006 1626 478 741 114 380 253
internal_value=3.83601e-05 -0.0507174 -0.0514195 0.0507174 0.0507103 0.0509455 -0.050686 -0.051167 -0.0516608 -0.0511452 0.0510265 0.0506907 0.0507552 0.0509604 -0.050726 0.0511283 -0.0512319 -0.050677 -0.0510579 -0.0517123 0.0509776 0.0506782 -0.0515124 -0.0512908 0.0510953 0.0507063 0.0507791 0.0507874 -0.0511703 0.0507577 0.0507382 0.0511041 0.0510351 0.0507821 -0.0511078 -0.0515007 -0.0515157 0.0507054 -0.0507466 -0.051678 0.0507649 -0.0506734 0.0507302 0.05074 0.0507465 0.0507521 0.0507349 0.0507334 -0.0506896 -0.051689 0.0507007 -0.0507144 0.050712 0.0506842 0.0509465 0.0507228 0.0508466 -0.0517645 0.050745 -0.0516272 -0.0516109 -0.0516591
internal_weight=4421.73 2209.19 94.6579 2212.54 2146.24 66.2975 2114.53 46.2506 48.4073 44.1639 47.9735 1493.67 652.57 29.0806 385.532 18.8929 22.1663 1729 21.9976 35.9491 26.6842 829.008 12.4582 11.3418 15.2584 664.663 271.142 171.489 10.8245 11.9349 381.427 14.7422 9.36815 157.378 12.2146 11.9213 10.5371 652.728 138.813 21.7216 99.6534 1342.23 193.69 83.1194 187.738 126.586 61.1513 18.324 386.767 18.6836 382.971 246.719 269.757 473.785 17.316 110.57 14.1113 14.2275 28.0758 2.0867 3.03803 1.60489
internal_count=1076707 894533 23032 182174 171351 10823 871501 13407 9625 12966 8363 121545 49806 4686 160742 3677 5979 710759 6987 6913 4345 67785 2712 2886 2764 53760 20465 15682 3093 2007 29341 2672 1370 13335 3657 2613 2281 51753 58094 4216 4783 550506 15234 6459 14107 11117 2990 2460 160253 3599 30906 102648 20847 38196 2975 8775 2347 2697 1715 441 617 327
is_linear=0
shrinkage=0.05


Tree=37
num_leaves=63
num_cat=0
split_feature=26 35 13 35 35 13 35 35 18 4 13 18 35 4 35 4 4 18 30 30 0 38 0 18 4 35 18 35 1 8 34 1 30 1 3 0 12 3 30 35 35 4 35 7 4 4 1 18 4 35 1 0 5 0 21 4 35 9 9 18 9 9
split_gain=3693.67 58.9973 8.55728 7.93491 3.94164 3.77311 1.58346 1.32626 1.20055 1.35319 0.870227 0.704494 0.656408 0.587863 0.526862 0.445643 0.515839 0.476399 0.406129 0.397696 0.366562 0.350101 0.333229 0.238185 0.193045 0.185703 0.168535 0.149036 0.147332 0.118984 0.0997192 0.17823 0.632272 0.097705 0.0971563 0.084489 0.0775249 0.0737605 0.0680292 0.0649986 0.0636398 0.0551665 0.0494076 0.0481262 0.0428752 0.0415983 0.0328846 0.0251261 0.0200642 0.0180684 0.0174645 0.0505097 0.013338 0.0116595 0.0113513 0.0107985 0.0114349 0.013638 0.00874884 0.00794304 0.017591 0.00641693
threshold=1.0000000180025095e-35 8.5000000000000018 1.0000000180025095e-35 4.5000000000000009 13.500000000000002 1.0000000180025095e-35 2.5000000000000004 6.5000000000000009 1.5000000000000002 0.92052632570266735 1.0000000180025095e-35 1.5000000000000002 16.500000000000004 0.064583335071802153 10.500000000000002 0.90550595521926891 0.095454547554254546 1.5000000000000002 1.0000000180025095e-35 1.0000000180025095e-35 16.500000000000004 1.0000000180025095e-35 33.500000000000007 1.5000000000000002 0.95683228969573986 15.500000000000002 1.0000000180025095e-35 19.500000000000004 32.500000000000007 3.5000000000000004 1.5000000000000002 14.500000000000002 1.0000000180025095e-35 27.500000000000004 0.0073531283996999272 38.500000000000007 3.7467775344848637 0.022528007626533512 1.0000000180025095e-35 11.500000000000002 1.5000000000000002 0.74133810400962841 11.500000000000002 1.5000000000000002 0.91779279708862316 0.98528137803077709 35.500000000000007 1.5000000000000002 0.99367088079452526 3.5000000000000004 31.500000000000004 41.500000000000007 43.500000000000007 19.500000000000004 -0.0011193854734301565 0.8086080551147462 7.5000000000000009 18.500000000000004 363.50000000000006 1.5000000000000002 188.50000000000003 531.50000000000011
decision_type=2 2 2 2 2 2 2 2 2 2 2 2 2 2 2 2 2 2 2 2 2 2 2 2 2 2 2 2 2 2 2 2 2 2 2 2 2 2 2 2 2 2 2 2 2 2 2 2 2 2 2 2 2 2 2 2 2 2 2 2 2 2
left_child=26 3 4 6 8 7 30 11 9 13 19 18 23 -3 -11 16 -9 -17 -5 21 -13 -8 29 24 -6 36 -1 28 -14 -10 -2 40 -33 44 -29 -25 43 45 50 -24 -32 42 -38 53 -27 -35 -39 -43 -45 -21 -28 -52 -46 -4 -53 56 58 -58 -7 -57 -61 -12
right_child=1 2 25 5 12 55 10 15 22 14 61 20 27 -15 -16 17 -18 -19 -20 49 -22 -23 39 35 -26 33 38 34 -30 -31 31 32 -34 37 -36 -37 41 46 -40 -41 -42 47 -44 48 52 -47 -48 -49 -50 -51 51 54 -54 -55 -56 59 57 -59 -60 60 -62 -63
leaf_value=-0.050619853064314484 0.050633452696473402 0.013232052959870254 0.046835475439815755 0.037293463755245081 -0.013137074154722437 0.048672104936600777 0.044407831835838033 0.030750676084699592 -0.02059585085277596 0.023414094225452098 0.050241052164739779 0.0030204641442014516 -0.021136841131618438 -0.0051438515303276304 0.010834610658318207 0.032947395809129962 0.013174046522777837 0.0081910102729661847 0.046284513083629658 0.048776395827121732 0.03006028614880862 0.037896970508914933 0.01441601249574493 -0.042981552850824722 -1.9643058677421945e-05 0.01027555136419381 -0.050756744848886863 0.0043291440513283505 0.00012736435090500515 -0.043655633192908709 0.050300449723990386 0.035187197459848905 0.049649093781982116 0.0026860690796390069 -0.030609648024379543 -0.0097891413206001813 0.039308708028484879 -0.027440026388886221 0.0089680304324892962 -0.011431155761778194 0.049129688783103441 0.044363707912044741 0.018038363025261541 0.0017899720866796538 0.041383439984868473 0.031428122305819581 0.0077189374056790654 0.034390662801751869 0.024091052145429448 0.046870854115739116 -0.00012683832124990848 -0.048864193851283676 0.028083413905958199 0.031440300457409115 -0.027707445192389615 0.049627987216207134 0.030972865838254007 0.045559884451601272 0.042782744069017081 0.049313634821032473 0.041391303132286311 0.047806118323120594
leaf_weight=1879.8496899164747 725.51368971029297 6.4685902250930694 0.23210338479839521 70.377479981980287 4.4939373796805739 8.0860709026455826 150.16754652862437 7.4607582099270102 1.8917072750627992 17.34390395344235 103.60782758891582 1.9553547636605788 5.5288268610602227 13.303119108313693 16.004296109080315 26.639926377683881 9.4762678435072285 2.0961954633239648 15.288192596286533 42.815379268489778 3.4912194516509771 23.938344334019348 0.70562898367643334 0.58301015896722752 7.462121311458759 0.15166268846951347 0.10458352963905682 0.20694253384135652 0.95534502156078804 0.79426186345517624 477.46580939786509 9.3475923899095488 39.471250902162865 0.17650919966399659 5.1669716414762661 0.28565227147191763 0.95567164616658995 0.12171442131511867 0.1231810679892078 0.37117464817129076 153.35428427648731 12.884758740779942 0.38219987717457116 0.16015608329325914 0.89510709000751376 0.43893799628131092 0.1466213611420244 0.66410275106318373 0.27240198734216392 17.53480869741179 0.11539220332633704 0.14940811472479254 0.23879582551307976 0.26159547315910459 0.11013470019679517 48.671199593693018 0.20355985360220152 0.75286178104579449 0.68393769953399974 2.6045919416937973 0.95855815452523518 2.7783394004218271
leaf_count=870822 52345 1408 42 13297 1306 723 23778 1486 541 3637 7220 396 1878 3416 3806 5426 1967 457 2057 4820 625 4014 165 214 2061 35 50 66 311 249 33713 1289 2139 45 1957 87 130 32 51 106 17009 1866 68 37 201 110 42 107 56 2460 49 79 48 48 52 4181 36 109 87 205 104 308
internal_value=-3.66363e-05 0.0464849 0.00894178 0.0484066 0.00205856 0.0389403 0.0494842 0.0343036 0.00929896 0.0112322 0.0464269 0.0377894 -0.0146273 0.000868082 0.017377 0.0273498 0.0209166 0.0311415 0.038898 0.044725 0.0203528 0.0435126 -0.0179936 -0.00678679 -0.00495011 0.0401632 -0.0506114 -0.0231069 -0.0180039 -0.0274148 0.0502258 0.0497906 0.04688 0.0264449 -0.0292642 -0.0320665 0.0420451 0.013647 -0.0241754 0.00550648 0.0500158 0.0429184 0.0332322 0.02801 0.035243 0.023185 -0.00822882 0.0438749 0.015834 0.0482227 -0.0326895 -0.0276498 0.0385825 0.0386781 -0.0398865 0.0491763 0.0476467 0.0424553 0.0482128 0.0494612 0.0471824 0.0501775
internal_weight=3924.74 2044.29 99.5478 1944.74 81.5655 198.746 1745.99 136.785 56.8827 53.1199 340.842 91.1122 24.6828 19.7717 33.3482 45.6731 16.937 28.7361 85.6657 234.456 5.44657 174.106 3.76277 12.8247 11.9561 17.9823 1880.45 11.8581 6.48417 2.68597 1405.15 679.639 48.8188 2.16935 5.37391 0.868662 15.813 0.883783 0.6027 1.0768 630.82 14.8867 1.33787 0.926257 1.28557 0.615447 0.268336 13.5489 0.432558 60.3502 0.479519 0.374935 1.1339 0.493699 0.259543 61.9608 9.72643 0.956422 8.77001 52.2343 3.56315 106.386
internal_count=1075429 204326 24075 180251 21208 31156 149095 25711 13328 12267 42600 16375 7880 4824 7443 9336 3453 5883 15354 35072 1021 27792 1061 3668 3367 2867 871103 4212 2189 790 106495 54150 3428 513 2023 301 2354 229 281 271 50722 2171 198 183 284 155 74 1973 93 7280 230 180 249 90 131 5445 955 145 810 4490 309 7528
is_linear=0
shrinkage=0.05


Tree=38
num_leaves=63
num_cat=0
split_feature=19 26 1 1 34 1 13 1 0 1 13 36 1 18 0 34 1 0 13 34 1 19 19 1 0 19 1 4 18 30 4 4 4 34 1 4 1 0 13 13 1 31 34 0 1 0 12 1 13 36 1 1 0 17 4 0 4 20 34 4 8 13
split_gain=3605.12 0.0148369 0.000993139 0.000788632 0.000514745 0.000223738 0.00014982 0.000136857 0.000127281 9.50792e-05 8.89733e-05 9.78238e-05 7.51196e-05 3.16246e-05 3.49938e-05 3.07097e-05 2.82533e-05 2.57225e-05 2.44803e-05 3.39744e-05 2.19074e-05 2.0227e-05 1.35609e-05 1.29296e-05 1.1419e-05 1.08365e-05 9.49428e-06 9.31956e-06 9.15184e-06 7.87764e-06 6.49881e-06 6.49386e-06 1.69396e-05 6.35109e-06 5.0951e-06 4.72922e-06 4.09523e-06 4.07964e-06 4.03448e-06 3.78583e-06 3.76449e-06 3.65849e-06 3.56213e-06 3.30712e-06 3.28585e-06 3.27955e-06 3.26685e-06 3.03422e-06 2.86666e-06 2.72916e-06 2.42284e-06 2.14256e-06 2.09215e-06 2.09211e-06 2.05339e-06 1.91247e-06 1.82465e-06 1.63601e-06 1.62154e-06 1.38451e-06 1.35263e-06 1.33264e-06
threshold=6.5000000000000009 1.0000000180025095e-35 9.5000000000000018 10.500000000000002 1.5000000000000002 11.500000000000002 1.0000000180025095e-35 14.500000000000002 4.5000000000000009 16.500000000000004 1.0000000180025095e-35 0.32500000298023229 8.5000000000000018 1.5000000000000002 21.500000000000004 1.5000000000000002 17.500000000000004 7.5000000000000009 1.0000000180025095e-35 1.5000000000000002 7.5000000000000009 16.500000000000004 16.500000000000004 6.5000000000000009 12.500000000000002 13.500000000000002 2.5000000000000004 0.99367088079452526 1.5000000000000002 1.0000000180025095e-35 0.93649193644523632 0.99367088079452526 0.13961039483547213 1.5000000000000002 25.500000000000004 0.31698563694953924 4.5000000000000009 30.500000000000004 1.0000000180025095e-35 1.0000000180025095e-35 29.500000000000004 1.0000000180025095e-35 1.5000000000000002 11.500000000000002 9.5000000000000018 22.500000000000004 1558.380798339844 13.500000000000002 1.0000000180025095e-35 0.37500001490116125 3.5000000000000004 11.500000000000002 23.500000000000004 1948.5000000000002 0.49193547666072851 3.5000000000000004 0.78679654002189647 1.5000000000000002 1.5000000000000002 0.99367088079452526 3.5000000000000004 1.0000000180025095e-35
decision_type=2 2 2 2 2 2 2 2 2 2 2 2 2 2 2 2 2 2 2 2 2 2 2 2 2 2 2 2 2 2 2 2 2 2 2 2 2 2 2 2 2 2 2 2 2 2 2 2 2 2 2 2 2 2 2 2 2 2 2 2 2 2
left_child=2 5 8 12 6 20 9 18 26 21 11 13 23 14 -9 25 47 31 19 24 36 -5 -11 50 59 39 -1 35 -26 41 -27 32 -10 48 57 -19 -2 -15 42 -14 53 46 -29 -21 -22 56 -6 -7 -25 -13 -3 -20 -51 -8 -34 -28 -12 -18 -52 -4 -45 -33
right_child=1 3 7 4 29 16 40 10 17 22 45 49 15 37 -16 -17 34 27 51 43 44 -23 -24 33 28 30 55 38 -30 -31 -32 61 54 -35 -36 -37 -38 -39 -40 -41 -42 -43 -44 60 -46 -47 -48 -49 -50 52 58 -53 -54 -55 -56 -57 -58 -59 -60 -61 -62 -63
leaf_value=0.05054761653870548 -0.050548189861000459 -0.051587145060617526 0.050650025764360312 -0.051181055593580542 -0.05134207355820547 -0.050583035436372083 -0.051563983969838412 0.050722830102043197 0.050573207207403471 -0.051006860103390429 0.050653177535216434 0.050685186062221159 -0.051357983979870694 0.050658901469316356 0.05079296712726164 -0.051518583889266271 -0.050606687621889725 0.050598975788275657 0.050601114679576856 0.05060039302046844 -0.050561448524629127 -0.051076755975297664 -0.05092539727933354 -0.051428503456483268 0.050684712823628811 -0.051200910656046178 0.05055630019420905 0.050604667720439471 0.050635948095478181 -0.05156700117099984 -0.051315748890435199 0.050574603892693332 0.05059350955877287 -0.051538222820058127 -0.050636611082348681 0.050620433942399394 -0.050554561135918274 0.050713929673705416 0.050579532083414161 -0.051568907913466328 -0.051342682548254193 -0.051476281991845299 0.050587328032112411 0.05061707425459977 -0.05057192998543153 0.050652023899340426 -0.051527733127834929 -0.050595447543254138 -0.051618303182959485 0.050639661815200271 -0.051517545070179784 0.050616871505046158 0.050661236285298554 -0.051446734344069059 0.050611409513494202 0.050564085793950046 0.050626027618118179 -0.050621338320857225 -0.051561758341126834 0.050634069671070175 0.050633251298162874 0.05056601024105109
leaf_weight=278.74068839428946 649.39161272521596 2.136387931648648 29.822966165374964 7.8883819668553796 1.0504767226520906 91.366856753011234 0.98516016919165739 38.937294453149661 116.51646105688997 9.8699902243679372 7.7181565412320188 6.1185912538785479 2.2266039117239411 10.664132816717027 32.736327887279913 1.8719471718650309 39.272621789132245 51.092667792458087 40.214319422375411 22.938769708853215 179.35423618857749 11.317684282548724 10.590168893220836 6.178691811161114 46.131944904569536 2.8753228986170134 154.33159956522286 58.844852806068957 12.156821504235266 2.1714490379672498 2.155546200228855 145.24016038421541 25.836018129950389 1.9251241241581736 36.028023047372699 51.618069944204763 412.36875818250701 4.9230291240382931 54.789315023226663 0.23521343735046674 0.37465433683246363 5.1314894140232354 59.635388342430815 35.64702221006155 128.2334378734231 38.231525480514392 0.30594440666027356 106.78251447970979 0.2055599340237676 24.380616784328595 8.0756934301462007 46.544344808440655 20.844175664940849 0.61981907649897039 42.176342048216611 161.33248513285071 31.224231482483447 37.014128446695395 2.7902985690161577 24.984643526142463 20.269112748326734 65.437787777744234
leaf_count=29508 338253 458 3488 2309 280 47471 215 5745 11896 3472 491 1025 555 1042 5856 417 21661 5142 2736 2160 93298 3580 3942 1445 6694 829 15783 7814 1182 476 550 16487 2590 421 18710 5115 213148 715 4115 50 102 1213 5769 3317 66592 2993 71 55252 42 2144 1766 3109 1726 145 4146 16465 2224 17777 605 3467 1834 5085
internal_value=-1.02378e-05 -0.0505946 0.0505947 -0.0512557 -0.0511338 -0.0505628 -0.0510609 0.0506548 0.0505712 -0.0510397 0.0506846 0.0507086 -0.0514555 0.0507408 0.0507549 -0.0513374 -0.0506011 0.0505861 0.0506316 0.0506416 -0.0505541 -0.0511196 -0.0509647 -0.0515073 0.0506591 -0.0512922 0.0505543 0.0505978 0.0506745 -0.0514846 -0.0512501 0.0505779 0.0505848 -0.0514586 -0.0506211 0.0506098 -0.0505507 0.0506763 0.0505908 -0.0513781 -0.0514854 -0.051457 0.0505959 0.0506164 -0.0505658 0.0506416 -0.0513839 -0.0505897 -0.0514346 0.0506538 -0.0515385 0.0506096 0.0506496 -0.0515187 0.0506046 0.0505603 0.0506314 -0.0506138 -0.0515289 0.0506428 0.0506229 0.0505719
internal_weight=3520.87 1760.79 1760.08 80.9816 50.3052 1679.81 41.6459 494.488 1265.59 39.6662 215.778 138.604 30.6764 87.2608 71.6736 9.36463 310.464 671.187 278.71 191.951 1369.35 19.2061 20.4602 21.3118 113.096 7.49269 594.405 275.98 58.2888 8.65936 5.03087 395.207 184.529 8.30938 112.315 102.711 1061.76 15.5872 173.27 2.46182 1.97963 6.48791 118.48 78.8549 307.588 77.1739 1.35642 198.149 6.38425 51.3434 13.0024 86.7587 45.2248 1.60498 68.0124 315.664 38.9424 76.2868 10.866 54.8076 55.9161 210.678
internal_count=1076968 895105 181863 22943 15805 872162 13765 51948 129915 13303 23961 18253 7138 13358 11601 2401 160871 68159 27987 22142 711291 5889 7414 4737 14831 1984 61756 27955 7876 2040 1379 40204 18632 1908 58148 10257 551401 1757 17698 605 462 1564 13583 7311 159890 5708 351 102723 1487 4895 2829 5845 3870 360 6736 32248 2715 39438 2371 6955 5151 21572
is_linear=0
shrinkage=0.05


Tree=39
num_leaves=63
num_cat=0
split_feature=19 18 35 35 1 13 1 13 35 35 35 0 1 36 1 30 35 1 35 35 13 0 0 30 35 35 1 0 18 19 18 1 36 1 35 13 20 13 35 1 1 35 13 1 1 17 30 13 18 0 13 35 35 30 35 0 33 35 0 35 35 7
split_gain=3194.09 0.0106329 0.00129784 0.000754337 0.000416344 0.000237487 0.000161257 0.000107002 8.95437e-05 7.16157e-05 6.90208e-05 6.82071e-05 5.51464e-05 3.46513e-05 2.03486e-05 1.80617e-05 1.61327e-05 1.59507e-05 1.55509e-05 1.46355e-05 1.0567e-05 9.76767e-06 8.16127e-06 8.06523e-06 8.04104e-06 7.17928e-06 6.69392e-06 6.03184e-06 5.80414e-06 5.72302e-06 4.94035e-06 3.34961e-06 3.29979e-06 2.94885e-06 2.83466e-06 4.65609e-06 2.81187e-06 2.76649e-06 2.61052e-06 2.52201e-06 2.37148e-06 2.37008e-06 6.17066e-06 2.34578e-06 2.17444e-06 1.91207e-06 1.90894e-06 1.8863e-06 1.82015e-06 1.81667e-06 1.74912e-06 2.1016e-06 2.07031e-06 1.7104e-06 1.5696e-06 1.47125e-06 1.42863e-06 1.42243e-06 1.41985e-06 1.35085e-06 1.26466e-06 1.20557e-06
threshold=6.5000000000000009 1.0000000180025095e-35 8.5000000000000018 8.5000000000000018 8.5000000000000018 1.0000000180025095e-35 11.500000000000002 1.0000000180025095e-35 6.5000000000000009 12.500000000000002 12.500000000000002 4.5000000000000009 13.500000000000002 0.22500000149011615 17.500000000000004 1.0000000180025095e-35 16.500000000000004 7.5000000000000009 3.5000000000000004 16.500000000000004 1.0000000180025095e-35 7.5000000000000009 17.500000000000004 1.0000000180025095e-35 10.500000000000002 10.500000000000002 2.5000000000000004 11.500000000000002 1.5000000000000002 3.5000000000000004 1.5000000000000002 25.500000000000004 0.37500001490116125 4.5000000000000009 6.5000000000000009 1.0000000180025095e-35 1.5000000000000002 1.0000000180025095e-35 1.5000000000000002 19.500000000000004 9.5000000000000018 6.5000000000000009 1.0000000180025095e-35 29.500000000000004 13.500000000000002 1990.0000000000002 1.0000000180025095e-35 1.0000000180025095e-35 1.5000000000000002 5.5000000000000009 1.0000000180025095e-35 6.5000000000000009 3.5000000000000004 1.0000000180025095e-35 6.5000000000000009 20.500000000000004 1.0000000180025095e-35 11.500000000000002 3.5000000000000004 6.5000000000000009 18.500000000000004 1.5000000000000002
decision_type=2 2 2 2 2 2 2 2 2 2 2 2 2 2 2 2 2 2 2 2 2 2 2 2 2 2 2 2 2 2 2 2 2 2 2 2 2 2 2 2 2 2 2 2 2 2 2 2 2 2 2 2 2 2 2 2 2 2 2 2 2 2
left_child=3 6 8 4 11 10 17 9 13 23 15 26 27 -3 44 24 48 33 46 32 28 49 50 25 -5 -4 -1 41 53 47 -20 -16 -12 -2 61 -36 38 -31 -29 -7 -19 56 -43 45 -8 -9 -15 -24 -11 -13 51 -14 -52 -10 -51 -30 -6 -26 -28 -38 -21 -23
right_child=1 2 7 5 12 39 14 43 20 16 19 21 22 18 31 -17 -18 40 30 60 -22 34 29 -25 57 -27 58 36 55 37 -32 -33 -34 -35 35 -37 59 -39 -40 -41 -42 42 -44 -45 -46 -47 -48 -49 -50 54 52 -53 -54 -55 -56 -57 -58 -59 -60 -61 -62 -63
leaf_value=0.050495034487668011 -0.050495471052342637 -0.050650041878132879 -0.050990015050790274 0.050741818833715938 0.05054847826931478 0.050534204881903612 -0.050526940612065641 -0.051391138978982731 -0.051198852532788011 -0.050868030259153631 0.050874336030331972 0.0505171460461614 0.05057775779558054 -0.051418627421179225 -0.050554899421582193 0.050596114435618782 -0.050761117983641427 -0.050507483123404986 -0.051362952992249147 0.050968165058223797 -0.051443244083552289 0.050531276323332722 0.05059521836357439 -0.051235178712378454 0.050784384041278843 -0.05092379998501817 0.050502706554272164 0.050596862272261289 -0.051036789002585597 0.050617655847961955 -0.051283896402669851 -0.050574574644411653 0.050669765107602377 -0.050501214183360878 0.050595696884724609 0.050502042655383508 0.050557200827127807 0.050594253173515485 0.050567086785247552 0.050579562465978938 -0.05051692070912505 0.05060153061332541 0.050505808182215131 -0.051199164589548977 -0.050538054641500574 -0.051260851346134464 -0.051472361668058214 0.050579738211943386 -0.050794103586174894 0.050524151939866258 0.050575864684112071 0.050621041550341528 0.050542309511227901 -0.051310592493181477 0.05056676426771 -0.051158499806858104 0.050532257573349906 0.050825499313159377 0.0505098253170072 0.050582701310696213 0.051035208570782559 0.050539917467157983
leaf_weight=246.49970700219274 574.9682403113693 0.16234712116420524 8.7346744146198088 15.151596754556527 106.55099894921295 8.6574621930485574 81.753181256703101 0.78226785408332833 7.6108881961554253 8.2895635028835386 7.5014564377488551 131.54686797573231 35.721639243187383 9.1446626306278649 67.835277490550652 1.7252156649483357 7.305218424415215 159.78361975355074 14.417662761057729 1.3858990869484844 0.42850382975302714 91.067853707587346 48.410199197940528 0.26863392256200214 4.7744492888450605 7.7043674781452856 137.59413984557614 9.7135564005002362 0.69337048777379073 36.988072848878801 2.2900433447211972 31.759688642807305 0.20244345976971079 365.64884840196464 4.6232319506816557 1.8614366229157893 93.832492660265416 19.174464027862996 30.396845452021807 4.744062674115411 114.09396541689057 5.8794046561233682 2.3591963110957295 0.36092974920757104 95.323695218074135 0.43999350350350142 2.0174870779737821 33.157442359719425 0.9255838955286898 217.57461401843466 11.746552861761304 3.0433317408896974 7.5522710599470875 0.35860514303203661 2.1827041534706941 0.38681401300709695 15.55619848356582 3.7604298489168286 142.67584142554551 5.4976501418277612 1.4283273314358664 72.494927164865658
leaf_count=29435 337382 98 3072 3298 11210 1507 47605 195 2171 3285 1857 15058 4054 2247 39267 365 3386 93358 3582 410 101 9954 6194 77 1058 2865 15852 717 231 4755 608 18463 52 212509 1185 308 9033 1362 4038 983 66508 1385 315 111 55286 121 479 2168 411 24622 679 675 592 95 531 117 1428 844 16385 1058 511 7963
internal_value=-7.29595e-06 -0.0505374 -0.0511294 0.0505375 0.0505312 0.0507299 -0.0505086 -0.0509096 -0.0513335 -0.0508904 0.0507969 0.0505137 0.0505706 -0.0513784 -0.0505431 0.0507523 -0.0508166 -0.0505008 -0.0513826 0.0509046 -0.0512006 0.0505266 0.0505908 -0.0509634 0.0507637 -0.050959 0.050501 0.0505559 -0.0511891 0.0505974 -0.0513521 -0.0505612 0.050869 -0.0504977 0.0505364 0.0505688 0.0505631 0.0506097 0.0505743 0.0505503 -0.0505114 0.0505482 0.0505741 -0.0513112 -0.0505329 -0.0513442 -0.0514283 0.0505889 -0.0508606 0.0505218 0.050575 0.0505812 0.0505627 -0.0512039 0.0505246 -0.0510804 0.0505464 0.0508025 0.0505063 0.0505586 0.0510022 0.0505351
internal_weight=3126.52 1563.49 72.3216 1563.03 1513.7 49.3313 1491.17 34.8112 37.5104 33.228 35.9298 1048.12 465.58 28.0322 276.672 25.4117 16.5204 1214.49 27.8699 10.5181 9.47818 521.352 195.794 16.7077 23.6865 16.439 526.77 269.786 9.04968 137.73 16.7077 99.595 7.7039 940.617 170.047 6.48467 139.441 56.1625 40.1104 13.4015 273.878 130.346 8.2386 1.58319 177.077 1.22226 11.1621 81.5676 9.21515 351.304 58.0638 38.765 19.2988 7.96949 219.757 1.08018 122.107 8.53488 280.27 99.3301 2.81423 163.563
internal_count=1075471 893630 23252 181841 170956 10885 870378 13523 9729 13096 8395 121293 49663 7014 160621 5565 7082 709757 6916 2830 2715 59621 20479 6014 5200 5937 61672 29184 2614 14479 4190 57730 1909 549891 19410 1493 14846 6117 4755 2490 159866 14338 1700 427 102891 316 2726 8362 3696 40211 6000 4729 1271 2266 25153 348 12638 1902 32237 10091 921 17917
is_linear=0
shrinkage=0.05


Tree=40
num_leaves=63
num_cat=0
split_feature=19 26 35 35 1 13 1 13 35 35 35 0 1 1 30 4 35 35 1 35 4 13 0 0 35 4 4 35 1 19 0 4 4 4 4 4 4 13 1 4 13 1 13 35 35 30 35 4 1 1 36 1 30 13 1 4 4 17 4 13 0 35
split_gain=2837.74 0.00773014 0.000951504 0.000545172 0.000300071 0.000171651 0.00011805 7.39532e-05 6.54057e-05 5.27863e-05 5.02551e-05 4.95974e-05 3.96621e-05 1.49871e-05 1.39401e-05 1.34845e-05 1.20157e-05 1.16039e-05 1.15226e-05 1.12602e-05 9.35488e-06 7.24461e-06 6.82611e-06 5.88868e-06 5.50438e-06 5.22289e-06 5.21108e-06 4.8155e-06 4.67524e-06 4.35321e-06 4.26726e-06 4.07994e-06 3.83062e-06 3.2569e-06 3.09422e-06 8.62446e-06 3.02116e-06 2.71456e-06 2.68073e-06 2.44083e-06 2.38142e-06 2.13438e-06 2.06936e-06 3.63393e-06 2.53945e-06 1.9616e-06 1.7986e-06 1.76675e-06 1.73945e-06 1.72971e-06 1.63243e-06 1.62923e-06 1.50398e-06 1.46886e-06 1.42653e-06 1.36497e-06 1.26005e-06 1.21528e-06 1.17975e-06 1.1092e-06 9.83453e-07 9.6071e-07
threshold=6.5000000000000009 1.0000000180025095e-35 8.5000000000000018 8.5000000000000018 8.5000000000000018 1.0000000180025095e-35 11.500000000000002 1.0000000180025095e-35 6.5000000000000009 12.500000000000002 12.500000000000002 4.5000000000000009 13.500000000000002 17.500000000000004 1.0000000180025095e-35 0.9595918357372285 3.5000000000000004 16.500000000000004 7.5000000000000009 16.500000000000004 0.9506097435951234 1.0000000180025095e-35 7.5000000000000009 17.500000000000004 10.500000000000002 1.0000000180025095e-35 0.064583335071802153 10.500000000000002 2.5000000000000004 3.5000000000000004 11.500000000000002 0.88730159401893627 0.95180022716522228 0.95505049824714672 0.99367088079452526 0.13961039483547213 0.95505049824714672 1.0000000180025095e-35 25.500000000000004 0.99367088079452526 1.0000000180025095e-35 4.5000000000000009 1.0000000180025095e-35 6.5000000000000009 4.5000000000000009 1.0000000180025095e-35 6.5000000000000009 0.26969698071479803 9.5000000000000018 18.500000000000004 0.37500001490116125 14.500000000000002 1.0000000180025095e-35 1.0000000180025095e-35 28.500000000000004 0.064583335071802153 1.0000000180025095e-35 1990.0000000000002 0.92724865674972545 1.0000000180025095e-35 3.5000000000000004 18.500000000000004
decision_type=2 2 2 2 2 2 2 2 2 2 2 2 2 2 2 2 2 2 2 2 2 2 2 2 2 2 2 2 2 2 2 2 2 2 2 2 2 2 2 2 2 2 2 2 2 2 2 2 2 2 2 2 2 2 2 2 2 2 2 2 2 2
left_child=3 6 8 4 11 10 18 9 16 15 14 28 30 51 20 25 52 33 41 36 26 32 34 58 -17 -4 -5 -22 -1 53 31 46 55 -11 35 -13 56 45 -15 47 -31 -2 43 -32 -44 -18 -6 -24 -20 -7 -38 -8 -3 -25 57 -10 -12 -9 -14 -41 -30 -21
right_child=1 2 7 5 12 49 13 54 21 17 19 22 23 38 -16 24 37 -19 48 61 27 -23 39 29 -26 -27 -28 -29 60 40 42 -33 -34 -35 -36 -37 50 -39 -40 59 -42 -43 44 -45 -46 -47 -48 -49 -50 -51 -52 -53 -54 -55 -56 -57 -58 -59 -60 -61 -62 -63
leaf_value=0.050447475730509152 -0.050447875938667092 -0.051283884204902756 -0.05089869529034044 0.050680641966892703 0.050503943556757226 0.050481798701383578 -0.050477938987338516 -0.051252266088551879 -0.051092122970623814 -0.050740277516030122 0.050772594804083929 0.050467712569751771 0.05052815430285823 -0.050501407515506892 0.050536041354481254 -0.050959677388946883 -0.051212402024993602 -0.050687154029245722 -0.050458673452341722 0.050876909144239313 0.050642589607814231 -0.051301119354333097 0.05048376195041844 0.050537563667184607 -0.05087486942972639 -0.050798780631048063 0.050767816120350799 0.050704224195483351 0.050454272590911578 0.050558677016599475 0.050510299259431436 0.050487043065484176 -0.051113075477802687 -0.050804433912948435 0.050466997560262586 0.05049301630201132 0.050766248762019239 -0.051331489548527953 -0.05051994145714115 0.050483471698597987 0.050535723648378675 -0.050453055557700181 0.050505743444621644 0.050551867773255356 0.050475012279099056 -0.051281356101075662 0.050549700064017211 0.050501990561624278 -0.050467237937375745 0.050520845140429482 0.050577327944976838 -0.050488549823650024 -0.051334077055235995 0.050523194840522791 -0.051093672182827878 -0.051026194576995046 0.05085783733501327 -0.051141158861141234 0.05051274968887727 0.050472054882565093 0.050460553280519939 0.050938237140722077
leaf_weight=218.89458043221384 511.41541661811061 8.0099705250468105 1.7220731452107481 2.7085558043327262 48.101515031419694 7.1529911619145405 100.92053001566092 0.62197631108574458 1.0758486115373638 3.4158841988537443 0.60696827084757243 91.980759245809168 21.432714455062523 60.315717729274184 1.5696189597947512 3.9172153832623735 13.165769099723542 6.3402076503261915 142.39957969920943 1.2871207285206767 8.4147029013838601 0.3841240834444769 25.725276537938043 43.338152189389803 3.7399524016072974 5.4389994270168245 4.6702589225023985 5.0836300728842625 121.73467933456413 32.852175348089077 79.083067184546962 65.269167257007211 4.0510941902175546 4.6999790058471262 167.19450789899565 53.123313653981313 4.5155212737154216 0.54512006812729019 28.838066594093107 68.099036223720759 17.225030818255618 325.46705276379362 32.381740005221218 5.6320225540548554 8.4835215634666366 1.1190768124070025 2.248045021435245 27.504436439601704 101.57400096970377 4.6998778532724828 0.11731532518751908 56.389928046322893 1.8342031356878585 30.166014821501449 0.36861563357524563 2.9048755548428744 1.5171518395654855 0.40726304054260254 29.585031223716214 30.940547339152545 127.71852468512952 1.2673492365283889
leaf_count=29432 337965 2208 666 621 5647 1377 65876 177 343 1621 144 11854 2470 39146 366 1421 3747 3293 93479 423 2182 102 3320 6191 1474 2420 988 1340 15824 4719 10230 8126 1256 2035 21631 6727 1339 141 18779 9793 1355 212752 2302 1417 975 306 539 3447 66469 1089 36 36626 488 2225 125 994 367 125 3485 2957 16481 510
internal_value=2.25495e-05 -0.0504856 -0.0510234 0.0504857 0.05048 0.0506597 -0.0504598 -0.0508228 -0.0512094 -0.0508058 0.0507203 0.0504643 0.0505154 -0.050491 0.0506797 -0.0508721 -0.0512504 -0.0507378 -0.0504527 0.0508179 0.0506905 -0.051089 0.0504759 0.0505335 -0.0509183 -0.0508228 0.0507358 0.0506658 0.0504528 0.0505394 0.0505022 0.0504953 -0.0510788 -0.0507774 0.0504716 0.050477 0.0507841 -0.051222 -0.0505074 0.0504845 0.0505508 -0.0504499 0.0505086 0.0505131 0.0504994 -0.0512178 0.050506 0.0504932 -0.0504622 0.0504973 0.0507615 -0.0504817 -0.0512932 0.0505317 -0.0511781 -0.051044 0.0508335 -0.0512083 0.0505192 0.0504799 0.0504575 0.0509073
internal_weight=2783.41 1391.08 63.7622 1392.32 1348.71 43.6111 1327.32 30.6722 33.0901 29.2743 31.7582 932.916 415.798 246.464 22.4468 14.8182 24.6741 14.4561 1080.86 9.31143 20.8771 8.41594 464.568 174.599 7.65717 7.16107 7.37881 13.4983 468.348 123.581 241.199 115.619 8.03182 8.11586 312.299 145.104 6.75696 14.83 89.1538 152.269 50.0772 836.882 125.58 84.7151 40.8653 14.2848 50.3496 53.2297 243.974 11.8529 4.63284 157.31 9.84417 73.5042 1.39785 3.98072 2.12412 1.02924 51.0177 99.0396 249.453 2.55447
internal_count=1075963 894034 22942 181929 171147 10782 871092 13357 9585 12930 8316 121466 49681 160427 5497 5981 6890 6949 710665 2819 5131 2695 59729 20445 2895 3086 1609 3522 61737 14490 29236 14312 2593 3656 40212 18581 1886 4194 57925 19517 6074 550717 14924 11647 3277 4053 6186 6767 159948 2466 1375 102502 2696 8416 427 1337 511 302 5955 12750 32305 933
is_linear=0
shrinkage=0.05


Tree=41
num_leaves=63
num_cat=0
split_feature=19 18 35 35 1 13 1 13 35 35 35 1 1 36 35 1 4 35 1 35 36 4 1 13 4 35 1 4 35 4 13 18 4 13 35 18 4 1 36 19 4 1 4 1 13 35 35 35 35 1 4 1 35 1 1 1 4 1 4 12 13 35
split_gain=2517.41 0.00553257 0.000675235 0.000404632 0.000213745 0.000124745 8.51821e-05 5.56129e-05 4.65022e-05 3.7889e-05 3.74226e-05 3.4984e-05 2.81162e-05 1.64003e-05 1.13363e-05 1.04479e-05 9.85832e-06 8.39903e-06 8.30553e-06 8.12929e-06 7.72483e-06 5.77231e-06 4.72597e-06 4.62043e-06 3.80412e-06 3.75914e-06 3.64184e-06 3.29508e-06 3.1212e-06 3.04582e-06 2.93936e-06 2.79058e-06 3.21071e-06 2.65414e-06 5.40392e-06 2.64327e-06 2.3321e-06 2.22894e-06 2.03288e-06 1.91155e-06 1.85685e-06 1.85179e-06 1.81226e-06 1.54561e-06 1.53082e-06 3.51641e-06 2.41644e-06 1.48151e-06 1.31096e-06 1.31031e-06 1.26352e-06 1.2435e-06 1.14587e-06 1.1432e-06 1.0669e-06 1.05872e-06 1.03943e-06 9.12785e-07 8.87292e-07 7.50032e-07 7.46593e-07 7.04569e-07
threshold=6.5000000000000009 1.0000000180025095e-35 8.5000000000000018 8.5000000000000018 8.5000000000000018 1.0000000180025095e-35 11.500000000000002 1.0000000180025095e-35 6.5000000000000009 11.500000000000002 12.500000000000002 4.5000000000000009 14.500000000000002 0.22500000149011615 16.500000000000004 17.500000000000004 0.9626135826110841 16.500000000000004 7.5000000000000009 3.5000000000000004 0.37500001490116125 0.94201681017875682 2.5000000000000004 1.0000000180025095e-35 1.0000000180025095e-35 10.500000000000002 10.500000000000002 0.95505049824714672 6.5000000000000009 0.064583335071802153 1.0000000180025095e-35 1.5000000000000002 0.99367088079452526 1.0000000180025095e-35 6.5000000000000009 1.5000000000000002 0.95505049824714672 6.5000000000000009 0.37500001490116125 3.5000000000000004 1.0000000180025095e-35 25.500000000000004 0.99367088079452526 4.5000000000000009 1.0000000180025095e-35 6.5000000000000009 4.5000000000000009 6.5000000000000009 5.5000000000000009 18.500000000000004 0.92052632570266735 9.5000000000000018 10.500000000000002 14.500000000000002 29.500000000000004 3.5000000000000004 0.99367088079452526 32.500000000000007 0.92422503232955944 5.3359727859497079 1.0000000180025095e-35 18.500000000000004
decision_type=2 2 2 2 2 2 2 2 2 2 2 2 2 2 2 2 2 2 2 2 2 2 2 2 2 2 2 2 2 2 2 2 2 2 2 2 2 2 2 2 2 2 2 2 2 2 2 2 2 2 2 2 2 2 2 2 2 2 2 2 2 2
left_child=3 6 8 4 11 9 18 10 13 20 16 22 26 -3 27 53 24 36 43 57 21 29 -1 31 -4 -18 42 40 37 -5 -30 32 -10 34 39 -21 -12 50 -29 -14 -11 -17 47 -2 45 -28 -46 -6 -35 -7 -13 -20 -23 -8 59 -24 -39 -15 -36 -9 -44 -16
right_child=1 2 7 5 12 49 15 54 23 14 17 28 33 19 61 41 25 -19 51 35 -22 52 55 -25 -26 -27 44 38 30 -31 -32 -33 -34 48 58 -37 -38 56 -40 -41 -42 -43 60 -45 46 -47 -48 -49 -50 -51 -52 -53 -54 -55 -56 -57 -58 -59 -60 -61 -62 -63
leaf_value=0.050404549300907736 -0.050404886677304223 -0.050524990747414934 -0.050811635599761013 0.05060886503977674 0.050454115334981987 0.05043545456534132 -0.050432146585198637 -0.050994900877791662 -0.050948968363693239 0.050677538007570667 -0.050669152049338362 0.050431372719092572 0.050478833026704861 -0.051167291049040803 0.050792125001150906 -0.050452979042704051 -0.050864054931502437 -0.050621493399844564 -0.050414619747514135 -0.051111928627554731 0.050492087955976844 0.050581288505803429 0.050411726219876489 -0.051171393695575676 -0.050720683417585212 -0.050789898160114949 0.050461855917221056 0.050680570536255132 0.050484645887921821 0.050684777980741461 0.050409803319456631 -0.050882556179801919 -0.051020274050369664 0.050478737478039604 0.050555980811254557 -0.05104672942725777 -0.050726704327662991 0.050439772477051892 0.05050294845106712 0.050495039371930034 0.050765338376025773 -0.05046935317806564 0.050446783874637337 -0.050409561026946159 0.05045964541875482 0.050500135587054212 0.050431181933177582 0.050498852013071749 0.050457120130742827 0.050471810717962064 0.050423624170445706 -0.050422290001347125 0.050620126669864478 -0.050441542636751761 -0.050977331580383589 0.050418094054049234 0.050431434868946669 -0.051045430669136388 0.050518649619347544 -0.051109925153798474 0.050435130019268672 0.050846992776520474
leaf_weight=196.21798399602994 454.66794892161852 0.11333392083179816 1.4998945449478975 2.1789942679461136 44.778137318557128 6.3990294552640972 89.993355777405668 0.17087017255835124 3.3246088022133327 0.8463207101449356 3.0243367633083817 96.368142854655161 42.472006551572122 8.6389721508603543 1.181364320800639 53.906077545834705 3.5314609268680215 5.699567548930645 126.92326705058804 11.141002897173164 1.419300103560089 7.4200301087694243 134.48083715606481 0.30239957896992553 4.923394703422673 3.3113705348223448 81.505989151075482 6.1913680479628965 4.9488749753218135 3.3570087717380375 1.7850911822170017 0.77928545797476534 3.0061216783942655 39.668472742196172 2.4583515868289387 1.8066001007100556 4.21113199100364 66.345614150632173 0.16538947366643686 31.832163701648824 2.0874418168095872 25.404384266992565 41.50986377033405 289.41885227052262 32.266140198800713 6.4759990451857439 9.6976787098683399 1.9304065487813193 8.5196162506472302 4.0448934390442446 115.87010219716467 90.528947864135262 2.5524261143291369 50.559414482035208 0.264080136315897 126.8381595867686 85.624576109461486 0.15645089885220009 4.5150820680428296 0.83083176356740296 20.545199018437415 1.1592374445172025
leaf_count=29744 338442 87 653 559 5951 1379 65895 62 1251 224 1614 13957 6284 2673 436 39182 1455 3321 93580 3532 374 2159 19694 91 2478 1475 11838 1973 1612 792 379 319 1038 3053 636 610 2053 9173 56 4771 545 18535 6643 212735 2466 1810 1158 534 1038 1046 16853 66508 750 36825 104 18350 11791 65 1358 270 2035 524
internal_value=-5.05198e-05 -0.0504388 -0.0509211 0.0504389 0.0504338 0.0505974 -0.0504156 -0.050743 -0.0510882 0.0506515 -0.0507274 0.0504197 0.0504655 -0.0511249 0.050721 -0.0504437 -0.0507864 -0.0506669 -0.0504092 -0.051128 0.0506037 0.050614 0.0504104 -0.05098 -0.0507419 -0.0508282 0.0504553 0.0506962 0.0504311 0.0506549 0.0504648 -0.0509718 -0.0509828 0.0504842 0.0504897 -0.0511028 -0.0507026 0.0504305 0.0506759 0.0504858 0.05074 -0.0504582 0.0504485 -0.0504067 0.0504609 0.0504647 0.0504531 0.050456 0.0504749 0.0504495 0.0504271 -0.0504178 0.0505912 -0.0504355 -0.0510667 0.0504148 0.0504351 -0.0511651 0.0505318 -0.0510903 0.0504429 0.0508193
internal_weight=2473.8 1238.14 56.7357 1235.66 1196.65 39.0028 1181.4 27.4669 29.2688 28.5589 26.2012 828.479 368.175 21.8564 11.6311 219.863 13.2661 12.935 961.539 21.743 16.9278 15.5085 457.537 7.41242 6.42329 6.84283 238.709 9.29052 370.942 5.536 6.73397 7.11002 6.33073 129.466 81.2776 12.9476 7.23547 364.208 6.35676 74.3042 2.93376 79.3105 108.764 744.087 129.946 87.982 41.9638 46.7085 48.1881 10.4439 212.238 217.452 9.97246 140.553 1.26578 261.319 151.97 8.79542 6.97343 1.0017 62.0551 2.3406
internal_count=1076798 894853 23151 181945 171128 10817 871702 13485 9666 8392 13049 121553 49575 6967 3758 160437 6061 6988 711265 6880 4634 4260 67788 2699 3131 2930 32435 2798 53765 1351 1991 2608 2289 17140 13049 4142 3667 51774 2029 11055 769 57717 15163 551177 17272 13648 3624 6485 4091 2425 30810 160088 2909 102720 436 38044 20964 2738 1994 332 8678 960
is_linear=0
shrinkage=0.05


Tree=42
num_leaves=63
num_cat=0
split_feature=19 18 35 35 1 13 1 13 35 35 35 0 1 36 1 30 4 1 35 35 35 4 13 0 0 35 4 4 35 1 0 19 18 4 18 4 4 4 4 4 4 13 1 1 13 35 35 35 4 1 1 36 1 1 30 13 17 4 4 13 0 35
split_gain=2236.82 0.00402508 0.000493291 0.000288064 0.000154514 8.98376e-05 6.19199e-05 3.99333e-05 3.37978e-05 2.69565e-05 2.69026e-05 2.5768e-05 2.08126e-05 1.27024e-05 7.80641e-06 7.5318e-06 6.94625e-06 6.06224e-06 5.97442e-06 5.95646e-06 5.83165e-06 4.82416e-06 4.01973e-06 3.66013e-06 3.25992e-06 2.72972e-06 2.71172e-06 2.70406e-06 2.50807e-06 2.47553e-06 2.36283e-06 2.1204e-06 2.06038e-06 2.45029e-06 2.02313e-06 1.828e-06 4.71967e-06 1.78791e-06 1.68463e-06 1.65117e-06 1.445e-06 1.37799e-06 1.36577e-06 1.122e-06 1.0876e-06 2.07119e-06 1.3018e-06 1.04262e-06 1.02052e-06 9.35468e-07 9.16406e-07 8.5249e-07 8.43894e-07 8.24183e-07 8.04705e-07 6.50102e-07 6.19757e-07 6.07765e-07 5.84259e-07 5.61908e-07 5.26727e-07 5.25018e-07
threshold=6.5000000000000009 1.0000000180025095e-35 8.5000000000000018 8.5000000000000018 8.5000000000000018 1.0000000180025095e-35 11.500000000000002 1.0000000180025095e-35 6.5000000000000009 12.500000000000002 12.500000000000002 4.5000000000000009 13.500000000000002 0.22500000149011615 17.500000000000004 1.0000000180025095e-35 0.9626135826110841 7.5000000000000009 3.5000000000000004 16.500000000000004 16.500000000000004 0.9529346525669099 1.0000000180025095e-35 7.5000000000000009 17.500000000000004 10.500000000000002 0.064583335071802153 1.0000000180025095e-35 10.500000000000002 2.5000000000000004 11.500000000000002 3.5000000000000004 1.5000000000000002 0.91485509276390087 1.5000000000000002 0.99367088079452526 0.13961039483547213 0.90550595521926891 0.95505049824714672 0.95505049824714672 0.99367088079452526 1.0000000180025095e-35 25.500000000000004 4.5000000000000009 1.0000000180025095e-35 6.5000000000000009 4.5000000000000009 6.5000000000000009 0.44722221791744238 19.500000000000004 9.5000000000000018 0.37500001490116125 13.500000000000002 29.500000000000004 1.0000000180025095e-35 1.0000000180025095e-35 1910.5000000000002 1.0000000180025095e-35 0.9321839213371278 1.0000000180025095e-35 20.500000000000004 18.500000000000004
decision_type=2 2 2 2 2 2 2 2 2 2 2 2 2 2 2 2 2 2 2 2 2 2 2 2 2 2 2 2 2 2 2 2 2 2 2 2 2 2 2 2 2 2 2 2 2 2 2 2 2 2 2 2 2 2 2 2 2 2 2 2 2 2
left_child=3 6 8 4 11 10 17 9 13 16 15 29 30 -3 52 21 27 43 54 38 39 26 32 35 58 -18 -5 -4 -23 -1 37 55 33 -10 -20 36 -13 47 -11 57 48 -33 -16 -2 45 -32 -46 -6 -25 -7 -19 -41 -8 56 -15 -26 -9 -12 -14 -42 -34 -22
right_child=1 2 7 5 12 49 14 53 22 19 20 23 24 18 42 -17 25 50 34 -21 61 28 -24 40 31 -27 -28 -29 -30 -31 44 41 60 -35 -36 -37 -38 -39 -40 51 59 -43 -44 -45 46 -47 -48 -49 -50 -51 -52 -53 -54 -55 -56 -57 -58 -59 -60 -61 -62 -63
leaf_value=0.050365740054347685 -0.050366061163805986 -0.050478672513456814 -0.050732808287924917 0.050556184988602107 0.05040998501783759 0.05039441431457993 -0.050389181010215438 -0.051024941986634244 -0.050854626403104987 -0.050604368294511183 0.050631825082343901 0.05038216510095659 0.050430347514523625 -0.051045487528875569 -0.050409623406823173 0.050438039669146451 -0.050780843284200461 -0.050374860175082581 -0.051004799519444734 -0.05056155345965703 0.050716005975288726 0.050524993525479428 -0.051064970254879966 0.050396640869062204 0.050438689106817938 -0.050713258260672113 0.050625881256344096 -0.050651728864562741 0.050574780080579834 0.050373950641667858 0.050416512305912722 0.050456071677979664 -0.050764950756850252 -0.05092054852726479 -0.050943382958331229 0.050381323109205525 0.050403148612351956 0.050397657972587197 -0.050656007336831489 0.050625947459356974 0.050394742697296373 0.050436345986512671 -0.05042449588268532 -0.050370283904929362 0.050412899622055453 0.05045128886074654 0.050388331990199924 0.050447873065884975 0.05041223381577295 0.050427571425879926 -0.050381843165249664 0.050473399563689063 -0.050397416561931585 -0.050888687231033014 -0.051086680923040154 0.0504279130034243 -0.050936477271146509 0.050700337484143522 0.050418314297176296 0.050385534060402686 -0.050851000289152792 0.050767027574336467
leaf_weight=172.47193688037805 403.60974170960253 0.10923728288617596 1.342002867255365 2.2291237509343853 40.197143752360716 6.0489048990420979 57.707028839970008 0.50420667428988852 2.7889563156059003 2.7493300079368037 0.44034291268326242 72.245001456234604 17.93089936976321 6.351130087219647 48.30816448351834 1.2832170649198804 3.0448752291849814 112.57876386801945 10.064786130678838 5.0505111594684422 1.0342884737765419 6.710894490359351 0.29982658009976138 24.4226641706191 34.411851254000794 2.9332968996022828 3.7324012569151819 4.3996991411549971 4.0600202770438045 196.27905867435038 62.889024268370122 25.941630283836275 0.44562449038494367 2.8500972192850895 1.5469874176196743 132.06981324707158 42.598507838090882 49.168891078326851 3.7115059772622772 3.5211027282057334 53.637651330325752 13.440948173985815 22.685535988945048 257.77192028285936 25.74335650424473 4.594169220305047 6.8207078417763105 1.9016683173831541 18.397674239939079 3.2811135251540691 80.635986644425429 0.094029091298580059 67.479413644061424 0.26334822340868413 1.4576520367991177 23.590371851110831 0.32597689749673009 1.221956974128261 23.060944402706809 23.968476192094386 0.29594572883797809 0.98379023582674552
leaf_count=29469 338235 93 657 646 5929 1482 47452 180 1189 1652 130 11839 2569 2246 39406 377 1413 93296 3601 3309 431 2192 101 3955 6214 1472 998 2489 1349 32260 10249 4742 213 1109 592 21663 6789 7718 2039 1306 9771 1352 18538 213075 2293 1459 995 569 2908 958 66501 36 55204 115 498 2184 126 371 3421 2909 128 495
internal_value=-2.03055e-05 -0.0503968 -0.0508326 0.0503968 0.0503922 0.0505387 -0.0503758 -0.0506705 -0.0509831 -0.0506566 0.0505876 0.0503794 0.0504206 -0.0510163 -0.0504011 0.0505548 -0.05071 -0.05037 -0.0510194 -0.0506022 0.0506686 0.0505637 -0.050886 0.0503888 0.0504354 -0.0507477 0.0505998 -0.0506707 0.0505438 0.0503701 0.05041 0.0504404 -0.0508776 -0.0508879 -0.0509966 0.0503853 0.0503899 0.0504041 -0.050634 0.0506409 0.050396 0.0504493 -0.0504144 -0.0503677 0.0504153 0.0504189 0.0504078 0.0504117 0.0504033 0.0504061 -0.0503778 0.050622 -0.0503936 -0.0509658 -0.0510532 0.0504343 -0.0509902 0.0506822 0.0504236 0.0503919 -0.0507993 0.0507409
internal_weight=2201.74 1101.31 50.535 1100.42 1065.78 34.6412 1050.78 24.3248 26.2102 23.2312 25.3112 736.091 329.692 19.5298 196.18 18.0157 11.7199 854.596 19.4206 11.5113 7.29551 16.7324 6.68045 367.34 138.377 5.97817 5.96153 5.7417 10.7709 368.751 191.315 97.3848 6.38062 5.63905 11.6118 246.913 114.844 91.2677 6.46084 5.27743 120.426 39.3826 70.9937 661.382 100.047 67.4832 32.5641 42.0988 42.8203 9.33002 193.215 3.61513 125.186 1.09353 7.80878 58.0022 0.830184 1.6623 40.9918 77.6061 0.74157 2.01808
internal_count=1076957 894929 23222 182028 171257 10771 871707 13452 9770 13031 8331 121563 49694 7030 160600 5562 6031 711107 6937 7000 2769 5185 2740 59834 20482 2885 1644 3146 3541 61729 29212 14492 2639 2298 4193 40291 18628 14216 3691 1843 19543 6094 57944 551310 14996 11708 3288 6498 6863 2440 159797 1342 102656 421 2744 8398 306 501 5990 12680 341 926
is_linear=0
shrinkage=0.05


Tree=43
num_leaves=63
num_cat=0
split_feature=19 18 35 35 1 1 35 35 0 35 1 36 4 1 4 35 1 35 35 4 0 35 30 0 0 1 19 4 4 18 19 4 19 19 18 11 30 18 4 4 4 4 1 35 1 4 9 20 11 18 35 4 11 14 1 11 1 30 1 35 4 4
split_gain=1984.24 0.00290701 0.000354095 0.000212858 0.000109914 4.49583e-05 2.40482e-05 2.0199e-05 1.8654e-05 1.75851e-05 1.51964e-05 9.57206e-06 7.129e-06 5.59399e-06 5.569e-06 4.68096e-06 4.4194e-06 4.26961e-06 3.41319e-06 2.75247e-06 2.66546e-06 2.14388e-06 2.08384e-06 1.99283e-06 1.95455e-06 1.83287e-06 1.79485e-06 1.61303e-06 1.58751e-06 1.49229e-06 1.47297e-06 1.41468e-06 1.41124e-06 1.38677e-06 1.30307e-06 1.29687e-06 1.21562e-06 1.19447e-06 1.06474e-06 9.95087e-07 3.17674e-06 9.72769e-07 9.65921e-07 9.12431e-07 8.07331e-07 8.01768e-07 7.68114e-07 7.65664e-07 7.62394e-07 7.43058e-07 7.41464e-07 7.1956e-07 8.18398e-07 7.09614e-07 6.77243e-07 6.47181e-07 6.19366e-07 5.72476e-07 5.72015e-07 4.46991e-07 4.11679e-07 4.11069e-07
threshold=6.5000000000000009 1.0000000180025095e-35 8.5000000000000018 8.5000000000000018 8.5000000000000018 11.500000000000002 6.5000000000000009 12.500000000000002 4.5000000000000009 12.500000000000002 13.500000000000002 0.22500000149011615 0.94201681017875682 17.500000000000004 0.95401689410209667 16.500000000000004 7.5000000000000009 3.5000000000000004 16.500000000000004 0.95180022716522228 7.5000000000000009 10.500000000000002 1.0000000180025095e-35 11.500000000000002 17.500000000000004 2.5000000000000004 11.500000000000002 0.94935896992683422 0.064583335071802153 1.5000000000000002 3.5000000000000004 0.88730159401893627 12.500000000000002 11.500000000000002 1.5000000000000002 0.033461561426520355 1.0000000180025095e-35 1.5000000000000002 0.99367088079452526 0.99367088079452526 0.13961039483547213 0.95505049824714672 25.500000000000004 10.500000000000002 4.5000000000000009 0.44722221791744238 262.50000000000006 1.5000000000000002 0.033411188051104553 1.5000000000000002 6.5000000000000009 1.0000000180025095e-35 0.033287264406681068 261.50000000000006 9.5000000000000018 0.024709895253181461 14.500000000000002 1.0000000180025095e-35 21.500000000000004 1.5000000000000002 0.064583335071802153 0.9321839213371278
decision_type=2 2 2 2 2 2 2 2 2 2 2 2 2 2 2 2 2 2 2 2 2 2 2 2 2 2 2 2 2 2 2 2 2 2 2 2 2 2 2 2 2 2 2 2 2 2 2 2 2 2 2 2 2 2 2 2 2 2 2 2 2 2
left_child=3 5 6 4 8 16 11 14 25 12 23 -3 36 56 28 26 44 57 19 -11 39 37 35 31 61 -1 -9 60 -4 -19 -26 50 -17 -30 -29 43 51 -16 45 40 -10 -28 -15 -14 -2 -22 55 59 -20 -23 -6 -5 -53 -37 -18 -21 -7 -13 -32 -25 -8 -12
right_child=1 2 7 9 10 13 27 15 20 18 24 17 22 42 21 32 54 29 48 46 38 49 -24 47 30 -27 41 34 33 -31 58 -33 -34 -35 -36 53 -38 -39 -40 -41 -42 -43 -44 -45 -46 -47 -48 -49 -50 -51 -52 52 -54 -55 -56 -57 -58 -59 -60 -61 -62 -63
leaf_value=0.050330587611458144 -0.050330984838712449 -0.050430412266581306 -0.050666316700411246 0.050488310016162247 0.050370526695977282 -0.050353153113794985 -0.050805635171593061 -0.050636141498280621 0.050345213164196989 0.050581866734250962 0.050389567154383898 -0.050943967173404006 0.050450210267951615 -0.050370320267887139 -0.050730137349623894 -0.050568850621153238 -0.050338927734100494 -0.05090771435310551 0.050621774363197418 0.050527131478099778 0.050358366595354059 -0.050667262331742915 0.050374245076854431 0.050395063073632188 0.050391990444166659 0.050338090866139662 -0.050546128399002535 -0.050839909096826834 -0.050658383364740316 -0.050853275933667147 0.05040040996158817 0.050358789245765589 -0.050504876904171395 -0.050586282595434698 -0.050747498314685779 0.050412704680374454 0.050422281833765993 -0.050635190109774512 0.050354254172817185 0.050345185085797842 0.050363485976566924 -0.050592187627639035 -0.050383581546590867 0.050484975374084785 -0.050334786886894078 0.050373033781882209 0.050538771239240811 0.050372465374205401 0.050563966863486215 -0.050592171454340785 0.05040557726100886 0.050541904707583241 0.050497352591314361 0.050447370275273962 -0.050345290000811296 0.050478927099856456 -0.05036091347067443 -0.050981240180688774 0.050413689214594631 0.05037915583346423 -0.050762170526338052 0.050378778285091887
leaf_weight=152.36961699603125 358.0696066718665 0.10027800756507232 1.2513159349327923 2.125916847493504 33.59012263128534 71.546321858011652 0.73218606563750599 1.4253522742656057 64.677888609934598 1.7777502597309629 15.598703125142491 5.6439080712734748 5.0854090485954639 42.840637197776232 2.5980143842170951 1.1405043547274543 100.35105923353694 8.8456530325929617 1.4519798374967652 1.0374534338479864 21.687470437143929 2.3747603406081912 0.96937731071375388 5.7213868880644467 52.121095999958925 174.71803009975702 2.0392447644262557 2.5182615341036585 0.84857529372675333 1.4677560931304459 22.24540928134229 46.143669084296562 3.5310043832287192 3.1151485876180236 0.44957270281156514 2.5896477582282378 0.40036542073357839 0.37965006247395638 69.247255272581242 117.25383091205731 37.620448661502451 2.618090282427147 20.208491671830416 3.0011849697912112 228.86432926834095 16.335492807207629 1.4474512105225583 63.454461456043646 0.93935897911433119 0.38251537771429855 1.5797910699620832 2.5502526930067688 1.7300532215740529 3.4336941714282148 71.721733244368806 2.1174115112517029 40.134162373840809 1.260188042593654 12.762038857326841 19.358735569287091 2.1285376635496505 20.342760654399171
leaf_count=29298 337877 96 689 673 5576 65994 335 864 11900 602 2540 2257 1749 39177 1310 810 93456 3571 729 417 3947 1299 300 677 8437 32251 1371 1096 502 632 3860 8142 2578 1994 224 807 132 223 12610 21638 6756 1612 18504 1041 212770 2888 588 10169 477 240 534 740 495 1164 66449 821 36773 486 2188 4044 1041 3413
internal_value=-2.83773e-05 -0.0503587 -0.0507519 0.0503586 0.0503544 -0.0503398 -0.0508879 -0.0506068 0.050343 0.0504883 0.0503799 -0.0509175 0.0504643 -0.0503627 -0.0506546 -0.0505581 -0.0503345 -0.0509203 0.0505481 0.050529 0.0503515 -0.0506886 0.0504452 0.0503702 0.0503933 0.0503346 -0.050587 -0.0508001 -0.0506172 -0.0509 0.0503973 0.0503645 -0.0505205 -0.0506017 -0.0508259 0.05045 0.0505068 -0.050718 0.0503579 0.0503483 0.0503519 -0.050572 -0.0503746 0.0504631 -0.0503325 0.0503647 0.0505086 0.0503754 0.0505991 -0.0506568 0.0503721 0.0505121 0.0505239 0.0504325 -0.0503416 0.0504948 -0.0503559 -0.0509508 0.0504053 0.0503828 -0.0507733 0.0503835
internal_weight=1956.07 978.587 44.8505 977.486 946.828 933.736 23.1463 21.7042 653.91 30.6573 292.918 17.3178 21.8859 174.73 10.95 10.7542 759.007 17.2175 8.77141 6.38007 326.822 5.73494 15.0793 169.848 123.07 327.088 6.08269 5.82856 5.21504 10.3134 87.1285 81.3136 4.67151 3.96372 2.96783 14.1099 6.80659 2.97766 107.27 219.552 102.298 4.65734 63.0491 8.08659 586.934 38.023 4.60232 88.5346 2.39134 2.75728 35.1699 6.40622 4.28031 6.02334 172.073 3.15486 111.68 6.9041 35.0074 25.0801 2.86072 35.9415
internal_count=1075833 894230 23230 181603 170868 871000 9738 13492 121288 10735 49580 7042 7101 160448 6257 7235 710552 6946 3634 2428 59739 3072 5061 29142 20438 61549 3847 2696 3185 4203 14485 14252 3388 2496 1320 4761 2040 1533 19445 40294 18656 2983 57681 2790 550647 6835 1826 14890 1206 1539 6110 1908 1235 1971 159905 1238 102767 2743 6048 4721 1376 5953
is_linear=0
shrinkage=0.05


Tree=44
num_leaves=63
num_cat=0
split_feature=19 26 1 1 34 1 13 1 1 1 13 36 1 34 13 34 18 1 0 0 1 19 1 19 1 0 19 30 4 34 4 18 1 4 4 0 0 13 1 4 1 13 0 1 31 12 1 34 36 13 0 0 1 0 4 0 17 4 13 5 36 34
split_gain=1763.21 0.00211998 0.00014288 0.000113975 7.42542e-05 3.28874e-05 2.21188e-05 1.97005e-05 1.79109e-05 1.42201e-05 1.23663e-05 1.47421e-05 1.05822e-05 4.87883e-06 4.87226e-06 6.15444e-06 4.83697e-06 4.17826e-06 3.67588e-06 3.22923e-06 3.18675e-06 2.74774e-06 2.52418e-06 1.89985e-06 1.77893e-06 1.77331e-06 1.32105e-06 1.17595e-06 1.10306e-06 9.55754e-07 8.94599e-07 7.68344e-07 7.62408e-07 6.34313e-07 2.20368e-06 6.26627e-07 6.20727e-07 6.08085e-07 5.88475e-07 5.81323e-07 5.54908e-07 5.35433e-07 4.9295e-07 4.82478e-07 4.74927e-07 4.95128e-07 4.60567e-07 4.45936e-07 4.4302e-07 4.20496e-07 3.91446e-07 3.81215e-07 3.44258e-07 3.22726e-07 3.10285e-07 2.91412e-07 2.76596e-07 2.47943e-07 2.32238e-07 2.18899e-07 2.11612e-07 1.97501e-07
threshold=6.5000000000000009 1.0000000180025095e-35 9.5000000000000018 10.500000000000002 1.5000000000000002 11.500000000000002 1.0000000180025095e-35 15.500000000000002 4.5000000000000009 16.500000000000004 1.0000000180025095e-35 0.32500000298023229 8.5000000000000018 1.5000000000000002 1.0000000180025095e-35 1.5000000000000002 1.5000000000000002 17.500000000000004 21.500000000000004 7.5000000000000009 7.5000000000000009 16.500000000000004 12.500000000000002 16.500000000000004 6.5000000000000009 3.5000000000000004 12.500000000000002 1.0000000180025095e-35 0.99367088079452526 1.5000000000000002 0.99367088079452526 1.5000000000000002 25.500000000000004 0.99367088079452526 0.13961039483547213 12.500000000000002 29.500000000000004 1.0000000180025095e-35 4.5000000000000009 0.31698563694953924 29.500000000000004 1.0000000180025095e-35 11.500000000000002 9.5000000000000018 1.0000000180025095e-35 1558.380798339844 14.500000000000002 1.5000000000000002 0.37500001490116125 1.0000000180025095e-35 2.5000000000000004 14.500000000000002 4.5000000000000009 23.500000000000004 0.56832298636436474 22.500000000000004 1948.5000000000002 0.85584416985511791 1.0000000180025095e-35 33.500000000000007 0.37500001490116125 1.5000000000000002
decision_type=2 2 2 2 2 2 2 2 2 2 2 2 2 2 2 2 2 2 2 2 2 2 2 2 2 2 2 2 2 2 2 2 2 2 2 2 2 2 2 2 2 2 2 2 2 2 2 2 2 2 2 2 2 2 2 2 2 2 2 2 2 2
left_child=2 5 8 12 6 20 9 14 25 21 11 16 24 26 15 22 18 46 -9 33 38 -5 42 -11 52 50 41 44 39 49 -28 -24 59 34 -10 -17 -18 47 -2 -21 56 -14 -4 -22 45 -6 -7 -30 -13 -26 -1 57 -3 -50 -36 -12 -8 -16 60 -19 -35 -54
right_child=1 3 7 4 27 17 40 10 19 23 55 48 13 -15 51 35 36 32 -20 28 43 -23 31 -25 29 -27 30 -29 37 -31 -32 -33 -34 58 54 -37 -38 -39 -40 -41 -42 -43 -44 -45 -46 -47 -48 -49 53 -51 -52 -53 61 -55 -56 -57 -58 -59 -60 -61 -62 -63
leaf_value=0.050298793618337168 -0.050299285950958721 -0.05085114228717267 0.050347605367013173 -0.050641228336119115 -0.050730011553076527 -0.050319234558853634 -0.050846549792032861 0.050397903136975668 0.050312736520442429 -0.050546264903101934 0.050345248814902245 0.050376461040022191 -0.05073613193008112 -0.050829101437280366 0.050336758052030299 0.050329631538642838 0.050357965489183858 -0.050337811206771645 0.050433381297180169 0.050326462289779376 -0.050306458656428382 -0.050586425018906866 0.050377836713644812 -0.050502971565210775 -0.050776278265320919 0.050308380897509108 -0.050655536917417733 -0.05084977419778422 0.050329828171628815 -0.050837888301912305 -0.05071542695192463 0.05035223451548379 -0.050347223682479639 0.050316842143971911 0.050324314018438343 0.050341931914248031 0.050388906384546711 0.050316307991994602 -0.050302726918390175 0.050337187557821843 -0.050730356156265734 -0.050853114154613382 0.050358825965599478 -0.050312152592773267 -0.050799352761103492 -0.050831109518236273 -0.050326315274844408 0.050320959985862404 0.050347381284902709 -0.0508797635994672 0.050303209129871407 0.050338069179463867 -0.050820486664168031 0.050360210948042827 0.050334573167248632 0.050354693359446159 -0.050786337917539739 0.050326196103117574 0.050308872232708857 -0.050330079097862003 0.050310659894816825 -0.050846406046045602
leaf_weight=123.67820956162177 318.43847257382004 2.3617651797831041 18.04647870361805 3.8830787283368409 0.53862069069873486 63.982753316638991 0.49885328765958437 13.410879850387575 53.480473005562089 4.8662708441843305 14.503381265327333 2.51419626886491 0.941489711054601 0.94011569349095214 7.4258811646141138 17.2184019156266 4.0613469018135211 23.453478946525138 16.025078386650421 24.901373742730357 89.206148784316611 5.5651166641619145 20.734043615055274 5.2874611728475385 2.9360906719230124 112.32383657270111 1.4321830385597414 1.0723671042360363 28.832283566356637 0.92081572418101121 1.1043259917059913 3.4128609050530931 18.15965666907141 35.750222102389671 13.925344667164611 25.972241474315524 2.6976645939284936 26.621920512523502 203.75823371054139 25.645649518817663 0.19922260974999517 0.10915547050535679 21.390602919389494 63.821501309401356 2.5603805478895083 0.15623765788041055 35.824135257862508 27.886079123942181 9.2610514651751163 0.10155766154639412 84.47864310303703 18.120282968506217 2.9366531746927653 10.413055580458602 15.656678047263993 18.69575922191143 0.30879572336561978 22.072985666804016 27.460956260911189 15.012726599059532 22.586612122366205 0.98029263550415624
leaf_count=26832 338100 1062 4519 2328 293 66224 224 4088 11061 3462 2025 852 484 431 1016 3227 787 24167 5754 5095 93320 3597 5871 3974 1421 23292 850 484 7721 416 580 659 18667 9334 2818 4798 761 4027 212953 5136 108 48 5720 66396 1238 74 36861 5458 1616 43 17684 2481 1338 1703 3120 2905 147 2982 4225 15289 4227 442
internal_value=-6.22739e-05 -0.0503243 0.0503243 -0.0506813 -0.0506161 -0.0503073 -0.0505765 0.0503566 0.0503116 -0.0505648 0.0503749 0.0503888 -0.0507914 -0.0507277 0.0503457 0.0503516 0.0504085 -0.0503279 0.0504172 0.0503203 -0.0503025 -0.0506089 0.0503615 -0.0505237 -0.0508195 0.0503033 -0.0507011 -0.0508044 0.0503261 -0.0507933 -0.0506816 0.0503742 -0.0503388 0.0503157 0.0503188 0.050337 0.0503703 0.0503225 -0.0503006 0.0503319 -0.0508051 -0.0507483 0.0503537 -0.0503088 -0.0507894 -0.0507527 -0.0503218 0.0503255 0.0503567 -0.0507797 0.0503006 0.0503324 -0.0508361 0.0503542 0.0503297 0.0503506 -0.0508235 0.0503289 0.0503127 -0.0503348 0.0503144 -0.050827
internal_weight=1740.56 871.358 869.204 39.7008 24.9364 831.657 20.6088 245.976 623.228 19.6019 91.5824 58.3833 14.7644 4.52727 154.394 106.775 36.195 156.433 29.436 302.748 675.224 9.4482 63.584 10.1537 10.2372 320.481 3.58715 4.32761 133.887 3.95846 2.53651 24.1469 56.6259 168.86 83.0625 43.1906 6.75901 83.3403 522.197 50.547 1.00687 1.05065 39.4371 153.028 3.25524 0.694858 99.8069 56.7184 22.1883 3.03765 208.157 47.6191 6.27871 19.6741 29.582 33.1991 0.807649 29.4989 85.7978 38.4662 58.3368 3.91695
internal_count=1076815 895021 181794 23044 15929 871977 13840 51764 130030 13361 20491 15561 7115 2393 31273 24794 11390 161208 9842 62222 710769 5925 16769 7436 4722 67808 1962 2089 27437 1880 1430 6530 58123 34785 16999 8025 1548 17206 551053 10231 479 532 10239 159716 1605 367 103085 13179 4171 1464 44516 6479 2842 3319 5938 4930 371 3998 17786 39456 13561 1780
is_linear=0
shrinkage=0.05


Tree=45
num_leaves=63
num_cat=0
split_feature=19 26 35 35 0 13 0 13 35 35 35 0 0 0 4 30 35 35 35 0 4 4 0 13 35 4 4 35 0 19 0 4 18 35 18 13 4 4 4 0 4 4 18 0 35 0 30 20 0 0 36 0 4 30 13 2 0 0 13 35 9 17
split_gain=1567.54 0.00153426 0.000189437 0.000111188 5.67741e-05 3.51456e-05 2.16766e-05 1.4325e-05 1.31921e-05 1.07362e-05 1.04088e-05 9.50791e-06 7.47768e-06 2.87762e-06 2.75281e-06 2.73005e-06 2.37325e-06 2.3666e-06 2.27815e-06 2.19634e-06 1.91247e-06 1.41764e-06 1.36272e-06 1.33598e-06 1.1927e-06 1.06872e-06 1.01682e-06 9.74761e-07 8.93815e-07 8.90039e-07 8.88319e-07 7.91407e-07 7.60816e-07 7.47312e-07 7.40136e-07 7.24916e-07 6.67497e-07 6.4959e-07 6.2881e-07 6.04007e-07 5.4752e-07 1.6282e-06 5.22979e-07 5.16042e-07 4.92176e-07 4.35885e-07 4.15523e-07 3.91297e-07 3.61235e-07 3.2026e-07 3.15049e-07 3.05202e-07 2.89206e-07 2.81519e-07 2.7848e-07 2.71326e-07 2.71169e-07 2.70558e-07 2.37555e-07 2.32585e-07 2.61354e-07 2.3902e-07
threshold=6.5000000000000009 1.0000000180025095e-35 8.5000000000000018 8.5000000000000018 9.5000000000000018 1.0000000180025095e-35 12.500000000000002 1.0000000180025095e-35 6.5000000000000009 12.500000000000002 12.500000000000002 4.5000000000000009 17.500000000000004 19.500000000000004 0.95505049824714672 1.0000000180025095e-35 16.500000000000004 3.5000000000000004 16.500000000000004 7.5000000000000009 0.9506097435951234 0.89699381589889537 7.5000000000000009 1.0000000180025095e-35 10.500000000000002 0.064583335071802153 1.0000000180025095e-35 10.500000000000002 2.5000000000000004 3.5000000000000004 11.500000000000002 0.95180022716522228 1.5000000000000002 6.5000000000000009 1.5000000000000002 1.0000000180025095e-35 0.99367088079452526 0.95505049824714672 0.95505049824714672 26.500000000000004 0.99367088079452526 0.49193547666072851 1.5000000000000002 24.500000000000004 6.5000000000000009 12.500000000000002 1.0000000180025095e-35 1.5000000000000002 9.5000000000000018 20.500000000000004 0.37500001490116125 4.5000000000000009 0.080128207802772536 1.0000000180025095e-35 1.0000000180025095e-35 0.042966762557625778 10.500000000000002 16.500000000000004 1.0000000180025095e-35 12.500000000000002 2.5000000000000004 3609.0000000000005
decision_type=2 2 2 2 2 2 2 2 2 2 2 2 2 2 2 2 2 2 2 2 2 2 2 2 2 2 2 2 2 2 2 2 2 2 2 2 2 2 2 2 2 2 2 2 2 2 2 2 2 2 2 2 2 2 2 2 2 2 2 2 2 2
left_child=3 6 8 4 11 10 19 9 17 14 15 28 21 57 26 20 37 53 38 51 25 33 40 31 -16 -5 -4 -22 -1 42 -23 52 -33 45 46 -35 44 -11 -12 55 41 -13 58 54 -24 -6 -19 -32 -21 -7 -40 -2 -10 -3 -31 -15 -36 -8 -14 60 -9 -62
right_child=1 2 7 5 12 49 13 59 23 16 18 22 29 39 24 -17 -18 34 -20 48 27 30 36 -25 -26 -27 -28 -29 -30 43 47 32 -34 35 56 -37 -38 -39 50 -41 -42 -43 -44 -45 -46 -47 -48 -49 -50 -51 -52 -53 -54 -55 -56 -57 -58 -59 -60 -61 61 -63
leaf_value=0.050270214300239507 -0.050270550341212243 -0.05077336182623246 -0.050541906990518838 0.050410453070689899 0.050304721454485252 0.050290653002693766 -0.050287383815070676 -0.050628729291221003 -0.050657782539133701 -0.050447019700813826 0.05050444503700291 0.050283930709428118 0.050326162070601636 -0.050300731781789655 -0.050579447452148346 0.050323994095610169 -0.050414773806278415 -0.050738603877453284 0.05054711575798642 -0.050276065510924256 0.050387713614023125 0.050294165845417162 0.050296766013656173 -0.050783278917295144 -0.050526732575551431 0.050463326495224031 -0.050482019067719888 0.050424749483665487 0.050276164283812146 0.050328105801552774 0.050310124436012842 -0.050682930542443008 -0.050600449956130847 0.050347633353894333 -0.050657747429030446 0.050289823891145218 0.050288710556092645 -0.050485467584271748 0.050462696529737644 -0.050308762207347327 0.050282144008502672 0.050300885217410364 0.050311233572130909 0.050336738779645555 0.050329400760807753 0.050313688732526965 -0.0507852050390733 0.050301423928078487 -0.050280802042433938 0.050312850551332 0.050347909842347383 -0.050273282859804071 -0.050617578749183184 -0.050803017514122431 0.050314781158862343 -0.050288552971496897 -0.050713193697830089 -0.05029325230732621 0.050317040177880169 -0.050681396091129718 -0.050785088651093914 -0.050696209017033783
leaf_weight=109.7569879766088 257.08338910504244 4.400856145774017 0.92722521757241905 1.5083092617569525 30.245377592276782 3.817271016072481 64.153083801036701 0.048580052098258331 0.61976601777132545 1.8933065745513866 1.1464289882569567 62.586329920915887 17.133978922560345 26.755444204609375 2.2235403946833685 0.85547306569060388 3.5722942401189357 6.4806574532994983 1.4661312637035733 78.68601840332849 4.7319072851678357 37.548876456334256 33.110824296250939 0.19588015205226827 2.0737473980407231 2.6086404976667836 3.0084073494654149 2.8446490463102236 148.5400690647075 11.960312162060296 17.897692593978718 1.9109129221178593 0.32750346744433034 2.3345003939466547 0.30126799514982827 0.70637307781726111 46.492831720388494 2.6172299842583016 2.5384233095683162 27.225355393602513 93.161137263872661 18.301123653887771 16.481726906378753 13.363727154850492 1.1970837966073293 24.552456925157458 0.51646651490591455 46.491482759593055 82.416450757766142 2.8292823129449971 0.061218823771923669 169.60487764782738 1.6075835905503479 0.97812682494986791 5.8338983284775159 5.5160548880812703 0.82266425364650786 28.306142698740587 12.233114632370418 0.37685844523366541 0.20949549903161824 0.11839084234088659
leaf_count=26811 307621 2223 651 617 6269 1315 74669 30 361 1617 489 14490 4808 30727 1463 355 3313 3337 954 92546 2184 8370 7157 95 1482 985 2432 1327 34797 3105 4270 1052 208 1004 176 176 10763 2039 1334 31292 21691 4168 2887 2873 557 4883 254 9557 96434 1140 34 199451 1003 478 824 6434 439 32811 1695 221 102 64
internal_value=-2.08032e-05 -0.0502932 -0.0506156 0.0502932 0.0502897 0.0503982 -0.0502779 -0.050496 -0.050728 -0.0504862 0.0504349 0.0502804 0.05031 -0.0502947 -0.0505263 0.0504102 -0.0504452 -0.050753 0.0504943 -0.0502735 0.0504165 0.0503038 0.0502872 -0.0506555 -0.050554 0.050444 -0.0504961 0.0504016 0.0502736 0.0503228 0.0503003 -0.0506499 -0.0506709 0.0503101 -0.050736 0.0503342 0.0502926 -0.0504693 0.0504736 -0.0503033 0.0502848 0.0502878 0.0503184 0.0503293 0.0502979 0.0503087 -0.050742 0.0503038 -0.0502785 0.0503001 0.05046 -0.0502716 -0.0506288 -0.0507788 0.0503237 -0.0502987 -0.0506983 -0.0502892 0.0503224 -0.0507092 -0.050737 -0.050753
internal_weight=1549.32 774.978 35.2308 774.338 749.93 24.4077 739.747 17.0691 18.1617 16.3158 17.7612 513.146 236.784 151.956 8.23292 12.549 8.08283 13.5 5.2122 587.791 11.6935 159.777 254.849 4.66165 4.29729 4.11695 3.93563 7.57656 258.297 77.0068 101.938 4.46577 2.23842 57.8387 8.12106 3.04087 80.8007 4.51054 3.74607 59.4969 174.049 80.8875 45.8488 31.1579 34.3079 54.7978 6.99712 64.3892 161.102 6.64655 2.59964 426.688 2.22735 5.37898 17.7942 32.2715 1.12393 92.4592 29.3671 0.753325 0.376466 0.327886
internal_count=1076914 895025 23040 181889 171155 10734 871985 13414 9626 12997 8279 120434 50721 175933 6028 5468 6969 6907 2811 696052 5113 34529 58826 2719 2945 1602 3083 3511 61608 16192 22197 2624 1260 12332 4206 1180 18477 3656 1857 68453 40349 18658 9390 6802 7714 11152 3591 13827 188980 2455 1368 507072 1364 2701 3929 37161 615 107480 6503 417 196 166
is_linear=0
shrinkage=0.05


Tree=46
num_leaves=63
num_cat=0
split_feature=18 1 13 30 0 0 13 36 36 0 0 0 36 13 12 4 18 4 9 30 9 1 0 36 13 17 9 30 9 3 33 34 0 36 30 22 14 9 11 0 12 8 10 12 1 21 34 13 12 17 21 3 34 34 36 10 9 17 11 30 1 1
split_gain=1270.82 4.01957 2.67079 2.59347 0.860954 0.571343 0.421235 0.59901 0.177493 0.149566 0.121162 0.118884 0.0910186 0.115135 0.0618485 0.0572582 0.0564754 0.0492799 0.0450152 0.0310565 0.0285268 0.018024 0.0144967 0.0131924 0.0128313 0.0121122 0.011606 0.020032 0.0107638 0.0099918 0.00922728 0.00694407 0.00666607 0.00457108 0.00456391 0.00437542 0.00422043 0.00415953 0.00472168 0.00758107 0.00399351 0.00488668 0.00399423 0.00385166 0.00288291 0.00264941 0.00192206 0.00186991 0.00161662 0.00233298 0.00169678 0.00122754 0.00114642 0.00078458 0.00217331 0.000631165 0.00696779 0.00052993 0.000276085 0.000256244 1.72572e-05 2.15871e-06
threshold=1.0000000180025095e-35 11.500000000000002 1.0000000180025095e-35 1.0000000180025095e-35 17.500000000000004 7.5000000000000009 1.0000000180025095e-35 0.37500001490116125 0.22500000149011615 23.500000000000004 10.500000000000002 4.5000000000000009 0.37500001490116125 1.0000000180025095e-35 6.7631232738494882 0.13961039483547213 1.5000000000000002 0.064583335071802153 2.5000000000000004 1.0000000180025095e-35 2.5000000000000004 2.5000000000000004 43.500000000000007 0.37500001490116125 1.0000000180025095e-35 3706.5000000000005 402.50000000000006 1.0000000180025095e-35 203.50000000000003 0.021719007752835754 1.0000000180025095e-35 2.5000000000000004 43.500000000000007 0.47500000894069677 1.0000000180025095e-35 0.61856913566589367 253.50000000000003 374.50000000000006 0.057486834004521377 21.500000000000004 1.9788243770599367 3.5000000000000004 183.50000000000003 5.3359727859497079 39.500000000000007 -0.018488578498363491 1.5000000000000002 1.0000000180025095e-35 5.3359727859497079 2031.5000000000002 -0.0054140994325280181 0.019927882589399818 2.5000000000000004 1.5000000000000002 0.37500001490116125 377.00000000000006 438.50000000000006 5886.0000000000009 0.01060215011239052 1.0000000180025095e-35 11.500000000000002 17.500000000000004
decision_type=2 2 2 2 2 2 2 2 2 2 2 2 2 2 2 2 2 2 2 2 2 2 2 2 2 2 2 2 2 2 2 2 2 2 2 2 2 2 2 2 2 2 2 2 2 2 2 2 2 2 2 2 2 2 2 2 2 2 2 2 2 2
left_child=60 5 3 4 14 11 7 10 32 -10 18 21 13 15 20 -13 -12 -16 -7 30 -3 53 25 24 -23 40 34 -28 35 36 -9 -21 -6 47 -27 -24 -30 48 44 -40 41 -4 -42 45 -39 -8 -37 -14 49 -5 -50 -47 -25 -2 -55 57 -57 -45 -15 -35 -1 -62
right_child=1 2 22 37 8 6 43 19 9 -11 16 12 33 58 17 -17 -18 -19 -20 31 -22 23 28 52 -26 26 27 -29 29 -31 -32 -33 -34 59 -36 46 -38 38 39 -41 42 -43 -44 55 -46 51 -48 -49 50 -51 -52 -53 -54 54 -56 56 -58 -59 -60 -61 61 -63
leaf_value=-0.050247375347616974 0.050244079099656724 0.0017618529203766078 0.047796934941742565 0.049066729698160783 -0.019371516152133943 0.014167638964389849 0.042257178175250487 0.042094436903586198 0.02849055933971191 0.02269314835277764 0.037275440450906548 0.047817300547994865 0.048947647647249369 0.048693633917122579 0.040014880886338325 0.04499601102926927 0.0424781752853041 0.035157311691344888 0.042798039588231841 0.048289889849403078 0.026974535389239735 0.048559819482896761 0.038597109613301046 0.049627716329699728 0.05014275481617473 0.046953682806144648 0.034824273928483675 0.048821180276863801 0.049120662364249904 0.024583188288246845 0.046311273121841329 0.04959662028948051 -0.041362246781445934 0.049633150260731847 0.049871902350432248 0.045933695083582991 0.036985732322634628 0.047289459294944498 0.036200724391752079 0.048295377356398411 0.049370902583492443 0.037529905084302123 0.048206601298330855 0.049826982964797623 0.040535978394207729 0.048671489382557817 0.049866101158597478 0.049959578761396027 0.04885859693323906 0.042190947165519715 0.047836982646756294 0.045535065142972092 0.050166420250353706 0.04947952970432231 0.050193602537931328 0.03881467560997609 0.04952285837582774 0.049000485004225589 0.049901133019687113 0.050115770492450855 -0.05026312880447923 -0.050276877701058188
leaf_weight=533.99397518535261 57.841236456297338 0.12609112012432788 0.40212046646047284 0.23080050456338241 0.0643655369640318 0.13767040037782763 0.20236010686494443 1.7074963973718684 21.837970644177403 22.67833614727715 20.603776184783786 28.381079710205086 26.086052874685269 0.48235173535067843 6.323334530752617 49.090005969861522 6.9840289514395399 29.956352110079024 49.924873832904268 22.594663528027013 1.0176330039394086 66.142944088671356 0.17270032683154513 16.07765325717628 15.874880880000999 5.9115151175647025 0.50255565915722378 0.52024233248084784 0.12231977249030013 0.11396510392660275 5.4001789879985154 18.483747690683231 0.074173696979414672 3.189562693587507 1.7324514045612884 1.1732521337107753 0.17297311604488641 10.163963789527765 0.2571832730900504 0.26110183505807072 28.725366965576541 0.16282172582577914 9.9065587986260635 35.648034887970425 0.16051681997487399 2.10913866572082 0.42268343409523357 5.5335961773525915 7.2904693078016924 0.26504030881915241 9.184794413973572 0.3661169969709589 25.603638080181554 15.399810174480079 34.588088443269953 0.15700884023681183 4.6834494810318574 2.0510177543619639 25.448668362922035 19.971032742410898 78.796065964008449 44.770851942826994
leaf_count=710800 14420 78 83 62 76 65 49 581 10465 12560 8513 8155 6915 95 2193 16313 2071 12208 17244 5481 470 18883 56 4656 3426 1283 182 91 32 47 1543 3207 102 666 273 300 50 2046 76 46 4885 53 1932 6413 43 441 71 1294 1411 75 1926 78 5995 4912 10265 59 997 366 4929 4101 102536 57850
internal_value=1.24583e-05 0.0458728 0.0388808 0.0345206 0.0300492 0.047867 0.045458 0.0439707 0.0253613 0.0255371 0.0412531 0.0489244 0.0478678 0.0469948 0.0356431 0.0460296 0.0385925 0.036004 0.0427193 0.0483499 0.0241949 0.0496462 0.0484558 0.0492343 0.0488662 0.0486373 0.0469458 0.0419437 0.0444662 0.0371589 0.0452983 0.0488779 -0.0311453 0.0495156 0.0476151 0.0461571 0.0420124 0.0477157 0.0469507 0.0422938 0.0490113 0.0448379 0.0490723 0.0495972 0.0471845 0.0477579 0.0469752 0.0491247 0.0482044 0.0453914 0.0482891 0.0482076 0.0499586 0.0501187 0.0499736 0.049713 0.0491755 0.049782 0.0498787 0.0500493 -0.0502513 -0.0502681
internal_weight=1378.26 720.698 159.934 109.892 82.0783 560.764 171.054 125.836 44.6548 44.5163 77.6503 389.711 158.182 103.402 37.4234 77.4711 27.5878 36.2797 50.0625 48.1861 1.14372 231.528 50.0415 123.699 82.0178 47.8636 8.66676 1.0228 2.17789 0.409258 7.10768 41.0784 0.138539 54.7802 7.64397 1.76864 0.295293 27.8139 10.8428 0.518285 39.1969 0.564942 38.6319 45.2171 10.3245 2.67762 1.59594 31.6196 16.9711 0.495841 16.4753 2.47526 41.6813 107.829 49.9879 42.5395 4.84046 37.6991 25.931 23.1606 657.561 123.567
internal_count=1076494 205308 53175 43837 38152 152133 47108 38705 23203 23025 27893 105025 42468 29492 14949 24468 10584 14401 17309 10812 548 62557 9338 32960 22309 8782 1829 273 556 129 2124 8688 178 12976 1556 427 82 5685 2211 122 6953 136 6817 8403 2089 568 371 8209 3474 137 3337 519 10651 29597 15177 7835 1056 6779 5024 4767 871186 160386
is_linear=0
shrinkage=0.05


Tree=47
num_leaves=63
num_cat=0
split_feature=19 18 35 1 35 13 1 13 0 35 35 35 1 36 0 1 4 30 35 35 1 35 13 4 1 4 4 18 13 36 0 18 4 18 0 4 4 35 4 4 13 35 13 35 4 4 1 36 1 35 30 35 1 1 17 1 1 0 13 0 36 4
split_gain=1251.15 0.00123924 0.00013689 8.15627e-05 3.06811e-05 2.1466e-05 1.62899e-05 1.22068e-05 1.07182e-05 9.37266e-06 7.60825e-06 5.56113e-06 5.40949e-06 3.69051e-06 2.28735e-06 2.03096e-06 1.78689e-06 1.68191e-06 1.65667e-06 1.63158e-06 1.59857e-06 1.33464e-06 1.10454e-06 9.59981e-07 7.94058e-07 7.90905e-07 7.73009e-07 7.68023e-07 7.55033e-07 1.1635e-06 5.97332e-07 5.75705e-07 6.01433e-07 5.62327e-07 5.43453e-07 5.18491e-07 1.4046e-06 4.63043e-07 4.47668e-07 4.44383e-07 3.8256e-07 5.0105e-07 3.55759e-07 5.51772e-07 3.42161e-07 3.40091e-07 3.39307e-07 3.31139e-07 3.05892e-07 2.97192e-07 2.91757e-07 2.90605e-07 2.85165e-07 2.247e-07 2.37358e-07 2.23523e-07 2.10404e-07 1.97937e-07 1.76328e-07 1.71495e-07 1.67373e-07 1.5826e-07
threshold=6.5000000000000009 1.0000000180025095e-35 8.5000000000000018 9.5000000000000018 8.5000000000000018 1.0000000180025095e-35 11.500000000000002 1.0000000180025095e-35 4.5000000000000009 6.5000000000000009 12.500000000000002 12.500000000000002 14.500000000000002 0.22500000149011615 7.5000000000000009 17.500000000000004 0.9626135826110841 1.0000000180025095e-35 16.500000000000004 3.5000000000000004 7.5000000000000009 16.500000000000004 1.0000000180025095e-35 0.94201681017875682 2.5000000000000004 0.99367088079452526 1.0000000180025095e-35 1.5000000000000002 1.0000000180025095e-35 0.37500001490116125 12.500000000000002 1.5000000000000002 0.99367088079452526 1.5000000000000002 23.500000000000004 0.99367088079452526 0.27525253593921667 7.5000000000000009 0.31698563694953924 0.95505049824714672 1.0000000180025095e-35 4.5000000000000009 1.0000000180025095e-35 6.5000000000000009 0.95505049824714672 0.99367088079452526 25.500000000000004 0.32500000298023229 4.5000000000000009 4.5000000000000009 1.0000000180025095e-35 4.5000000000000009 19.500000000000004 29.500000000000004 1990.0000000000002 9.5000000000000018 14.500000000000002 23.500000000000004 1.0000000180025095e-35 11.500000000000002 0.37500001490116125 0.49193547666072851
decision_type=2 2 2 2 2 2 2 2 2 2 2 2 2 2 2 2 2 2 2 2 2 2 2 2 2 2 2 2 2 2 2 2 2 2 2 2 2 2 2 2 2 2 2 2 2 2 2 2 2 2 2 2 2 2 2 2 2 2 2 2 2 2
left_child=3 6 9 8 12 11 20 10 24 13 16 17 30 -3 35 56 26 23 39 50 48 44 31 -6 -1 37 -4 -18 29 34 45 32 -11 -21 -14 36 -10 38 -16 -12 47 -42 43 -27 -13 -5 -17 -32 -2 -30 -15 -44 -7 54 -9 -22 -8 -31 60 -47 -37 -38
right_child=1 2 7 4 5 52 15 53 14 22 18 21 28 19 25 46 27 -19 -20 33 55 -23 -24 -25 -26 42 -28 -29 49 57 40 -33 -34 -35 -36 58 61 -39 -40 -41 41 -43 51 -45 -46 59 -48 -49 -50 -51 -52 -53 -54 -55 -56 -57 -58 -59 -60 -61 -62 -63
leaf_value=0.050221364826153886 -0.050221518694849067 -0.050301345664362389 -0.050486831649833835 0.050258247332470897 0.05037256170307354 0.050240961416200908 -0.05023834244156853 -0.050688439890932614 0.050234398179016315 -0.050568959461508516 -0.050399137186641733 0.050421717677929689 0.050281745619697428 -0.050694292905907691 0.05024558247743896 -0.050251263779399695 -0.050503776465933618 0.050268984892214791 -0.050369953061043499 -0.050668011094319822 -0.050227654016708138 0.050460005533028145 -0.050711191260577396 0.050338570702896872 0.050227605743649428 0.050243954995686041 -0.050431937894866996 -0.050436681532052989 0.05027320274686975 0.050265529764519416 0.050269722791921295 -0.050528712192728364 -0.0506109898509364 -0.050626805433300018 0.050296854825088069 0.05023769743937781 0.050243367166582925 0.050295954066673712 0.050256737231644123 -0.050432631813985565 0.050260409663918218 0.050240154074128233 0.050240267641639913 0.050268637667662347 0.050385245933775372 0.050245882486005346 -0.050261060166257178 0.0502596242850663 -0.05022447276782397 0.050261061291344278 -0.050725986990610705 0.050225308983416955 0.050264304922620365 -0.050596601571528649 -0.050618896475184055 -0.050232247751019289 -0.05024401344575951 0.050276536738073196 0.050229844017690754 0.050255019353311892 0.050231890578976195 0.050253016533985395
leaf_weight=95.803842065157369 223.61261944836588 0.065513940178795305 0.8393502030521599 20.566738252178766 3.1880763067747466 3.5443953688372849 45.430996493203565 0.34373612760100591 43.866000004578382 1.7865622219396751 1.7196406215080058 0.92649003723636214 15.369988531281708 3.9179801080026646 17.682766529382206 27.478919431130635 3.1523781776195396 0.68134486133931282 3.1187469916185364 6.2024467657902278 63.339507424301701 1.1335078910924492 0.17281142040155817 5.9611691887257621 108.90574004477821 38.120958725572564 2.7183324664947577 0.49325215810677026 18.205169324122839 9.0480816311319376 16.933411492151208 0.44825769803719584 1.6255901429103687 0.95552531705470745 9.7119489163742383 27.036691062967293 5.9858100011479136 0.58889967133290966 18.305951444082893 2.3346822819439694 12.863679993548432 4.0031211986206463 16.869249345152642 2.4071795404888681 2.1021636531222612 13.738778737257235 13.030343807360621 15.592822256730868 144.10789170651697 6.9695619229460126 0.89129648183006782 4.0206761632580301 2.0737394542666152 0.16329536715056747 0.19080395577475429 45.505420294502983 25.556622706761118 7.4453379467013283 24.359396656625904 8.2014597920933738 22.936338069033809 14.647125788964329
leaf_count=29537 337695 94 666 5471 1519 1431 65908 196 12823 1233 1674 483 5602 2256 4915 39294 2417 344 3308 3609 93543 906 94 3395 32104 12116 2497 443 2650 2077 6175 335 1027 595 3787 10972 1722 341 5081 2081 1959 904 3027 1530 1359 3719 18595 3850 213313 1436 492 1112 958 113 121 66667 36749 1637 5120 2172 5690 4149
internal_value=2.41496e-05 -0.0502446 -0.0505519 0.0502446 0.0502731 0.0503321 -0.0502283 -0.0504437 0.0502331 -0.0506535 -0.0504338 0.0503653 0.0502658 -0.0506756 0.0502403 -0.0502455 -0.0504701 0.0503448 -0.0503974 -0.0506776 -0.0502243 0.0504137 -0.0505875 0.0503504 0.0502247 0.0502462 -0.0504449 -0.0504947 0.0502767 0.0502808 0.050258 -0.050582 -0.050589 -0.0506625 0.0502876 0.0502362 0.0502395 0.050252 0.0502513 -0.0504184 0.0502617 0.0502556 0.0502427 0.0502454 0.0503964 0.0502536 -0.0502544 0.0502649 -0.0502227 0.0502698 -0.0507002 0.0502374 0.0502496 -0.0506479 -0.0506636 -0.0502296 -0.0502404 0.0502705 0.0502333 0.0502493 0.050235 0.0502502
internal_weight=1239 619.203 31.1402 619.798 178.261 19.6109 588.062 15.0742 441.537 16.066 14.3764 13.9928 158.65 12.0328 236.827 111.497 7.20331 9.83059 7.17307 11.9672 476.565 4.16216 4.03322 9.14925 204.71 97.9957 3.55768 3.64563 66.7501 41.5754 91.9 3.86041 3.41215 7.15797 25.0819 138.831 64.4989 36.5776 35.9887 4.05432 49.393 16.8668 61.4181 40.5281 3.02865 42.507 40.5093 32.5262 367.721 25.1747 4.80928 20.8899 5.61813 0.697835 0.53454 108.845 70.9876 16.4934 74.3324 21.9402 49.973 20.6329
internal_count=1077088 895015 23251 182073 51834 10395 871764 13516 130239 9735 13086 8006 41439 7046 68598 160546 6023 5258 7063 6952 711218 2748 2689 4914 61641 28122 3163 2860 17189 13103 24250 2595 2260 4204 9389 40476 18694 10337 9996 3755 12888 2863 17785 13646 1842 11362 57889 10025 551008 4086 2748 4139 2389 430 317 160210 102657 3714 21782 5891 16662 5871
is_linear=0
shrinkage=0.05


Tree=48
num_leaves=63
num_cat=0
split_feature=18 35 13 35 35 13 35 4 18 18 30 35 35 4 0 0 18 4 13 0 35 31 35 5 35 30 35 0 31 0 31 30 10 4 0 0 4 9 17 9 9 34 36 14 35 7 4 22 18 21 36 4 9 14 35 9 35 18 9 5 2 21
split_gain=1005.28 19.0216 3.68267 1.96847 1.76529 1.16655 0.386871 0.353101 0.349939 0.287564 0.278868 0.236719 0.218051 0.183106 0.196765 0.172815 0.160571 0.144582 0.121638 0.11564 0.115054 0.0989391 0.0918408 0.0805378 0.0762785 0.0614581 0.0566018 0.0557025 0.0484551 0.0407411 0.153084 0.16906 0.0484257 0.0333727 0.0273603 0.0268128 0.0267776 0.0248535 0.0158368 0.0187742 0.0136999 0.0131165 0.0201987 0.0129253 0.0128493 0.0125889 0.0124564 0.0113526 0.00982823 0.00641047 0.00559669 0.00365928 0.00885213 0.00832541 0.0029328 0.00270924 0.00204024 0.00213566 0.000958108 0.000781592 0.000715485 0.000603064
threshold=1.0000000180025095e-35 7.5000000000000009 1.0000000180025095e-35 3.5000000000000004 11.500000000000002 1.0000000180025095e-35 15.500000000000002 0.92052632570266735 1.5000000000000002 1.5000000000000002 1.0000000180025095e-35 2.5000000000000004 5.5000000000000009 0.064583335071802153 16.500000000000004 12.500000000000002 1.5000000000000002 0.95505049824714672 1.0000000180025095e-35 28.500000000000004 9.5000000000000018 1.0000000180025095e-35 12.500000000000002 26.500000000000004 18.500000000000004 1.0000000180025095e-35 5.5000000000000009 58.500000000000007 1.0000000180025095e-35 14.500000000000002 1.0000000180025095e-35 1.0000000180025095e-35 1445.5000000000002 0.81016731262207042 29.500000000000004 41.500000000000007 0.95683228969573986 4.5000000000000009 3609.0000000000005 431.50000000000006 199.50000000000003 1.5000000000000002 0.37500001490116125 261.50000000000006 16.500000000000004 1.5000000000000002 0.79539507627487194 1.4751618504524233 1.5000000000000002 0.0034695102367550139 0.47500000894069677 0.90550595521926891 402.50000000000006 271.50000000000006 9.5000000000000018 8.5000000000000018 6.5000000000000009 1.5000000000000002 531.50000000000011 27.500000000000004 0.050831506028771407 -0.018488578498363491
decision_type=2 2 2 2 2 2 2 2 2 2 2 2 2 2 2 2 2 2 2 2 2 2 2 2 2 2 2 2 2 2 2 2 2 2 2 2 2 2 2 2 2 2 2 2 2 2 2 2 2 2 2 2 2 2 2 2 2 2 2 2 2 2
left_child=-1 3 4 11 7 8 16 13 10 20 12 29 -5 23 -15 26 17 -6 25 -11 -9 -17 37 -3 27 28 -10 -8 -13 41 32 -32 -31 44 -18 43 -26 45 48 -40 -37 -2 -43 -35 49 54 -47 -12 -39 -24 -27 52 55 -54 -4 -7 60 -58 61 -60 -53 -20
right_child=1 2 22 5 6 51 24 9 15 19 47 18 -14 14 -16 21 34 -19 58 -21 -22 -23 33 -25 36 50 -28 -29 -30 30 31 -33 -34 35 -36 40 -38 38 39 -41 -42 42 -44 -45 -46 46 -48 -49 -50 -51 -52 56 53 -55 -56 -57 57 -59 59 -61 -62 -63
leaf_value=-0.050206453308961702 0.050208540048382037 0.0016035591988802585 0.044489013948717626 0.038832939339853996 -0.0099826721156436506 0.046015956302487553 -0.016304589197757419 0.026019729545621168 0.0082332141748546386 -0.023255346423394312 0.04602466396941117 0.044566243490220897 0.031487182287570255 -0.0094325466027154817 0.011391178243093505 0.032120210296087831 -0.03957488155191332 0.0043062402583361114 0.048657209372074718 0.01453774827661853 0.015544067726755793 0.008252997411381191 0.0093830190984332956 0.021624626589566539 -0.035544753552818435 0.0470357388094369 -0.024812957166505747 0.02737795067859396 0.03901692179198249 0.049800040212134869 0.032930946188727009 0.048327932366251075 0.032060117031125941 0.040556111426164991 -0.017494583103119889 0.024833285724800702 -0.023898589646352077 0.046649943412256804 0.041348534191809318 0.016813098716450356 -0.0039835616276968286 0.048491342214242825 0.049864539513256055 0.03031981293094654 -0.012333967720691787 0.00085885421875409344 0.030700523263889296 0.040132172427411891 0.03676644167035098 0.031146951037976531 0.049205686413082372 0.049681737766744137 0.045001255944152524 0.02911913056269344 0.032250987862127149 0.049034384819636054 0.048473746849739763 0.042223435717233804 0.049651204003244936 0.045965007591463387 0.048771993044667436 0.04983031027622925
leaf_weight=523.21254227153258 175.39431260002311 0.6873418280156377 0.13259441393893023 30.249763168190839 2.8584373405319621 0.87053571199067192 2.491285293071996 6.447571165947009 0.61805428762454484 0.51658525387756604 9.3554878082941251 26.108114898670468 15.168013321148463 2.6289638748858124 1.995472057838924 2.384885204257444 0.28882459248416115 4.6506590804201551 1.1680473302258239 0.33280099471448921 4.4164810658839997 0.53087011573370535 0.07901911449152943 1.8658351804479023 0.72309425281127926 7.455183044774456 0.16394947317894548 0.075181454303674289 4.6315068022813639 35.849716700671706 3.1464376731310031 4.1137695468496531 0.38886412879219179 0.80796472495421745 0.27282349020242691 0.184218681883067 1.5549086750252172 5.1223733189981431 0.81047106222831633 0.086266642902046442 0.053142157092224807 33.481121180928312 133.78282200335525 0.49874838959658518 0.043958700785879046 0.050603493175003678 0.11318516003666446 0.89566104300320226 0.26452144945505995 0.059168873936869204 4.9407674251124263 18.551406468497596 0.38692320202244435 0.10488063225056976 0.077609418891370296 5.0905849412083626 2.7849336918443437 0.1437216824851929 0.27028858999255945 0.30728709034156054 2.4462153535569078 17.65117075049784
leaf_count=871518 48007 502 56 18552 2478 276 2499 4397 421 439 4322 13908 9962 2110 1396 1358 315 3781 287 256 3150 335 52 1232 843 3315 123 65 2600 7609 1472 927 170 460 264 145 1808 1870 404 52 42 12772 35811 321 36 37 61 487 119 35 1450 4348 153 46 43 1338 838 56 89 114 682 4009
internal_value=1.79024e-05 0.0454325 0.0122505 0.0479092 0.00447986 0.0411494 -0.00976635 0.0142195 0.0370716 0.0195706 0.038061 0.0492613 0.0363797 0.00548694 -0.000446983 0.0221769 -0.00306181 -0.00113302 0.0464074 -0.0084475 0.0217611 0.0277747 0.0417304 0.0162347 -0.0209359 0.0449286 0.00130498 -0.015025 0.0437301 0.0497235 0.048282 0.0416552 0.0496097 0.0314532 -0.0288493 0.0338409 -0.0275954 0.0443952 0.0451405 0.0389882 0.0183815 0.0499064 0.0495897 0.0366491 0.0112117 0.031873 0.0214808 0.0455098 0.0461646 0.0187018 0.0479006 0.0491183 0.0480617 0.0416143 0.0399706 0.0485936 0.0494033 0.048167 0.0496959 0.04769 0.0495758 0.0497575
internal_weight=1101.84 578.625 40.1901 538.435 31.8063 89.7459 12.9152 18.8911 59.3667 11.7134 55.6689 448.689 45.4178 7.17761 4.62444 3.69776 8.07074 7.5091 62.5324 0.849386 10.8641 2.91576 8.38385 2.55318 4.84447 43.1356 0.782004 2.56647 30.7396 386.157 43.4988 7.26021 36.2386 1.72622 0.561648 1.54407 2.278 6.65762 6.28363 0.896738 0.237361 342.658 167.264 1.30671 0.182147 0.373992 0.163789 10.2511 5.38689 0.138188 12.396 30.3792 6.45292 0.491804 0.210204 5.96112 23.9263 2.92866 19.3968 0.577576 20.9976 18.8192
internal_count=1076623 205105 29268 175837 25535 43297 12053 13482 35560 8242 33323 132540 28514 5240 3506 2237 6838 6259 25772 695 7547 1693 3733 1734 5215 21273 544 2564 16508 106768 10178 2399 7779 1091 579 968 2651 2642 2445 456 187 96590 48583 781 123 197 98 4809 1989 87 4765 7737 1813 199 99 1614 5924 894 4499 203 5030 4296
is_linear=0
shrinkage=0.05


Tree=49
num_leaves=63
num_cat=0
split_feature=19 26 1 1 34 1 1 1 1 1 19 19 34 36 1 1 1 1 19 1 1 30 34 4 8 19 1 1 34 18 19 4 4 4 4 4 1 4 19 19 1 1 34 1 18 18 31 9 1 1 18 4 10 22 30 18 18 19 1 4 2 20
split_gain=996.895 0.000919885 5.97864e-05 4.7368e-05 3.01779e-05 1.17808e-05 8.11741e-06 7.89991e-06 4.99252e-06 4.46555e-06 2.74695e-06 2.23884e-06 2.12027e-06 2.06667e-06 1.54757e-06 1.20117e-06 1.17554e-06 1.10684e-06 9.21806e-07 8.97283e-07 8.34168e-07 7.64268e-07 7.26634e-07 7.03202e-07 6.35274e-07 6.11073e-07 5.29136e-07 5.00074e-07 4.97833e-07 4.01735e-07 3.99746e-07 3.92354e-07 3.6057e-07 1.56856e-06 3.34886e-07 2.80455e-07 2.7621e-07 2.63907e-07 2.56841e-07 2.52076e-07 2.08288e-07 1.88459e-07 1.87588e-07 1.87449e-07 1.65848e-07 1.55886e-07 1.5479e-07 1.63753e-07 1.54259e-07 1.51783e-07 1.43326e-07 1.28751e-07 1.43354e-07 1.22741e-07 1.2716e-07 1.21116e-07 1.20426e-07 1.19833e-07 1.06741e-07 9.90984e-08 8.87079e-08 7.89004e-08
threshold=6.5000000000000009 1.0000000180025095e-35 9.5000000000000018 10.500000000000002 1.5000000000000002 11.500000000000002 4.5000000000000009 14.500000000000002 16.500000000000004 8.5000000000000018 12.500000000000002 12.500000000000002 1.5000000000000002 0.32500000298023229 17.500000000000004 19.500000000000004 7.5000000000000009 7.5000000000000009 3.5000000000000004 2.5000000000000004 6.5000000000000009 1.0000000180025095e-35 1.5000000000000002 0.95505049824714672 3.5000000000000004 12.500000000000002 20.500000000000004 11.500000000000002 1.5000000000000002 1.5000000000000002 4.5000000000000009 0.99367088079452526 0.93649193644523632 0.21583850681781772 0.99367088079452526 0.91485509276390087 25.500000000000004 0.31698563694953924 9.5000000000000018 8.5000000000000018 4.5000000000000009 3.5000000000000004 1.5000000000000002 11.500000000000002 1.5000000000000002 1.5000000000000002 1.0000000180025095e-35 2140.5000000000005 9.5000000000000018 13.500000000000002 1.0000000180025095e-35 0.94935896992683422 165.50000000000003 1.6596800684928896 1.0000000180025095e-35 1.5000000000000002 1.5000000000000002 3.5000000000000004 5.5000000000000009 0.44722221791744238 0.048735406249761588 1.5000000000000002
decision_type=2 2 2 2 2 2 2 2 2 2 2 2 2 2 2 2 2 2 2 2 2 2 2 2 2 2 2 2 2 2 2 2 2 2 2 2 2 2 2 2 2 2 2 2 2 2 2 2 2 2 2 2 2 2 2 2 2 2 2 2 2 2
left_child=2 5 6 9 8 17 19 22 11 20 39 38 25 15 49 30 32 40 29 -1 42 46 27 -13 -20 -11 -12 35 55 -17 44 37 33 -8 -27 -4 61 -18 -5 -10 -2 -21 56 60 -9 -32 47 -6 -19 -7 -38 57 -53 54 -15 -22 -3 -29 -34 -35 -24 -16
right_child=1 3 7 4 21 14 16 13 10 12 26 23 -14 53 36 18 31 48 24 41 28 -23 43 -25 -26 34 -28 51 -30 -31 45 -33 58 59 -36 -37 50 -39 -40 -41 -42 -43 -44 -45 -46 -47 -48 -49 -50 -51 -52 52 -54 -55 -56 -57 -58 -59 -60 -61 -62 -63
leaf_value=0.050181312606965213 -0.050181362226135832 -0.050607312385787417 0.050225623011024949 -0.050504855621647061 -0.050530492877273361 -0.050196287569021461 0.050194637985635573 0.050240643840791493 -0.050441492152603518 -0.05054221984054437 -0.050374211555180751 -0.05040023634761908 -0.050604905617068201 0.050237977231228262 -0.050206652769117059 0.050255141301695797 0.050206650834185018 -0.05018708655214843 0.050293459152439025 0.050186393854348282 -0.050568057462900599 -0.050628771273357326 0.050209604275942447 -0.050438788715539688 0.050263176802105437 -0.050467791970810742 -0.050340029114183699 0.050228615596641692 -0.050614556026462081 0.050231591486503704 0.050256191942525646 0.050203125250903848 0.050192653244627031 0.050206680866653836 -0.050512984183118094 0.050214612585480517 -0.050218689752693696 0.050217477136150282 -0.050467159695282253 -0.050408136457545064 -0.05018410093167 0.050190685737549118 -0.050627525129495601 0.050218572233488024 0.050226715915254065 0.050236204947347096 -0.050576635894588842 -0.050607691231984248 -0.050191365141044122 -0.050201473926576694 -0.050270641260752126 0.050222680610631024 0.050232720677206959 0.050243957868484623 0.050228191517128477 -0.050525662328480631 -0.05056781125934099 0.050239404618095444 0.050196871708194805 0.050214886446099095 0.050223018696332999 -0.050212624518800056
leaf_weight=76.393060672678985 177.06659309778479 2.8138012833660491 9.9315615460509434 0.8807826658594422 0.38641919201472741 26.154413793759886 34.849432262708433 13.395968936267311 0.91190558538073707 0.70839254616294112 2.0008259212481763 2.2930567027651723 0.65348695288412262 4.2497700747626412 11.417079887352886 9.4646838562912325 11.871091303182768 50.417984062078176 2.512820345873477 52.804578690440394 1.9227930015185855 0.72953914490062732 14.135481377830731 2.442958403902594 5.5728017912479118 0.97188273310894147 2.6076503274380229 5.5942014141473919 0.64460089657222841 2.2394301595631978 5.7567692192969835 31.106500174442772 23.564907261054032 5.0634898610878762 0.70896388607798144 13.847507268423215 10.51203342658118 10.705073345568961 0.9279367165872825 1.4949995336355666 114.20030992742977 49.6061923581874 1.2669639139203352 15.3378503738204 2.5431163160246788 1.1746095799608154 1.7001411542878486 0.083544964785687625 36.186037436651532 30.626418835337972 0.13445867245900522 9.6966646285145526 5.6135130625916654 1.8067655829363491 15.16972338402411 0.18464277766179282 0.20715381018817414 4.7666023575002328 41.236778338206932 13.461784151731989 1.3501328906277184 10.728939388092838
leaf_count=29796 337777 1850 3705 721 308 47492 12739 5316 894 529 2165 2360 437 2111 21703 4215 4221 93568 1425 19664 1349 472 4256 2225 2368 864 3103 2007 424 698 2551 11304 8659 1821 554 5481 18598 3724 826 1559 212886 18305 829 4449 685 364 1210 57 66462 55066 221 3428 2435 479 3749 142 148 1857 15088 4770 409 17693
internal_value=4.24435e-05 -0.050204 0.050204 -0.0504904 -0.0504381 -0.0501878 0.0501929 0.0502311 -0.0504068 -0.0505757 -0.0503775 -0.0504382 -0.0505251 0.0502442 -0.0502041 0.0502506 0.0502006 -0.0501839 0.0502596 0.0501854 -0.0505976 -0.0505845 0.0502207 -0.0504201 0.0502726 -0.0505033 -0.0503549 0.0502244 -0.0505761 0.0502506 0.0502428 0.0502068 0.0501978 0.0502009 -0.0504869 0.0502192 -0.0502127 0.0502118 -0.0504855 -0.0504208 -0.0501824 0.0501885 -0.0506114 0.0502147 0.0502384 0.0502528 -0.0505696 -0.0505442 -0.0501889 -0.0501991 -0.0502193 0.0502293 0.0502264 0.0502315 0.0502303 -0.0505643 -0.0506046 0.0502336 0.0501953 0.0502126 0.0502108 -0.0502095
internal_weight=988.81 493.987 494.823 26.5424 16.4598 467.444 350.663 144.16 13.5601 10.0827 7.01538 6.54473 3.04273 63.8865 89.5733 42.6602 171.859 377.871 19.7897 178.804 7.03996 2.89964 80.2735 4.73602 8.08562 2.38924 4.60848 49.4501 2.75204 11.7041 22.8705 53.6827 118.176 53.3747 1.68085 23.7791 32.7925 22.5762 1.80872 2.40691 291.267 102.411 4.28792 30.8235 15.9391 6.93138 2.17011 0.469964 86.604 56.7808 10.6465 25.671 15.3102 21.2263 19.4195 2.10744 3.02096 10.3608 64.8017 18.5253 15.4856 22.146
internal_count=1076571 894492 182079 23026 15900 871466 130091 51988 13853 7126 7721 6132 2384 23961 160773 17622 62326 710693 8706 67765 4742 2047 28027 4585 3793 1947 5268 18913 1915 4913 8916 19249 43077 19330 1418 9186 58215 7945 1547 2453 550663 37969 2827 9114 6001 2915 1575 365 160030 102558 18819 9727 5863 6339 5860 1491 1998 3864 23747 6591 4665 39396
is_linear=0
shrinkage=0.05


end of trees

feature_importances:
Column_35=634
Column_1=517
Column_4=359
Column_13=279
Column_0=274
Column_30=181
Column_18=111
Column_19=95
Column_36=67
Column_34=65
Column_17=55
Column_9=53
Column_20=48
Column_26=39
Column_12=37
Column_11=33
Column_10=31
Column_5=24
Column_3=22
Column_31=21
Column_22=15
Column_8=14
Column_2=11
Column_14=11
Column_21=11
Column_25=8
Column_38=8
Column_7=7
Column_33=3
Column_16=2
Column_29=2
Column_6=1
Column_15=1
Column_24=1
Column_37=1

parameters:
[boosting: gbdt]
[objective: lambdarank]
[metric: map]
[tree_learner: serial]
[device_type: cpu]
[data_sample_strategy: bagging]
[data: ]
[valid: ]
[num_iterations: 50]
[learning_rate: 0.05]
[num_leaves: 63]
[num_threads: 4]
[seed: 42]
[deterministic: 0]
[force_col_wise: 0]
[force_row_wise: 0]
[histogram_pool_size: -1]
[max_depth: 7]
[min_data_in_leaf: 30]
[min_sum_hessian_in_leaf: 0.001]
[bagging_fraction: 0.8]
[pos_bagging_fraction: 1]
[neg_bagging_fraction: 1]
[bagging_freq: 1]
[bagging_seed: 400]
[bagging_by_query: 0]
[feature_fraction: 0.8]
[feature_fraction_bynode: 1]
[feature_fraction_seed: 30056]
[extra_trees: 0]
[extra_seed: 12879]
[early_stopping_round: 0]
[early_stopping_min_delta: 0]
[first_metric_only: 0]
[max_delta_step: 0]
[lambda_l1: 0]
[lambda_l2: 0]
[linear_lambda: 0]
[min_gain_to_split: 0]
[drop_rate: 0.1]
[max_drop: 50]
[skip_drop: 0.5]
[xgboost_dart_mode: 0]
[uniform_drop: 0]
[drop_seed: 17869]
[top_rate: 0.2]
[other_rate: 0.1]
[min_data_per_group: 100]
[max_cat_threshold: 32]
[cat_l2: 10]
[cat_smooth: 10]
[max_cat_to_onehot: 4]
[top_k: 20]
[monotone_constraints: ]
[monotone_constraints_method: basic]
[monotone_penalty: 0]
[feature_contri: ]
[forcedsplits_filename: ]
[refit_decay_rate: 0.9]
[cegb_tradeoff: 1]
[cegb_penalty_split: 0]
[cegb_penalty_feature_lazy: ]
[cegb_penalty_feature_coupled: ]
[path_smooth: 0]
[interaction_constraints: ]
[verbosity: -1]
[saved_feature_importance_type: 0]
[use_quantized_grad: 0]
[num_grad_quant_bins: 4]
[quant_train_renew_leaf: 0]
[stochastic_rounding: 1]
[linear_tree: 0]
[max_bin: 255]
[max_bin_by_feature: ]
[min_data_in_bin: 3]
[bin_construct_sample_cnt: 200000]
[data_random_seed: 175]
[is_enable_sparse: 1]
[enable_bundle: 1]
[use_missing: 1]
[zero_as_missing: 0]
[feature_pre_filter: 1]
[pre_partition: 0]
[two_round: 0]
[header: 0]
[label_column: ]
[weight_column: ]
[group_column: ]
[ignore_column: ]
[categorical_feature: ]
[forcedbins_filename: ]
[precise_float_parser: 0]
[parser_config_file: ]
[objective_seed: 16083]
[num_class: 1]
[is_unbalance: 0]
[scale_pos_weight: 1]
[sigmoid: 1]
[boost_from_average: 1]
[reg_sqrt: 0]
[alpha: 0.9]
[fair_c: 1]
[poisson_max_delta_step: 0.7]
[tweedie_variance_power: 1.5]
[lambdarank_truncation_level: 30]
[lambdarank_norm: 1]
[label_gain: ]
[lambdarank_position_bias_regularization: 0]
[eval_at: 12]
[multi_error_top_k: 1]
[auc_mu_weights: ]
[num_machines: 1]
[local_listen_port: 12400]
[time_out: 120]
[machine_list_filename: ]
[machines: ]
[gpu_platform_id: -1]
[gpu_device_id: -1]
[gpu_use_dp: 0]
[num_gpu: 1]

end of parameters

pandas_categorical:null
